PLU,DESCP,CATEGORY,SECTION,AVG_QTY_STRUK_MONTH_BEFORE,AVG_QTY_STRUK_MONTH_AFTER,AVG_QTY_STRUK_MONTH_GROWTH,AVG_STRUK_MONTH_BEFORE,AVG_STRUK_MONTH_AFTER,AVG_STRUK_MONTH_GROWTH,PURCHASE_FREQUENCY_BEFORE,PURCHASE_FREQUENCY_AFTER,PURCHASE_FREQUENCY_GROWTH,SPT_BEFORE,SPT_AFTER,SPT_GROWTH,SPB_BEFORE,SPB_AFTER,SPB_GROWTH,BUYER_COUNT_BEFORE,BUYER_COUNT_AFTER,BUYER_COUNT_GROWTH
466032,EXTRA JOSS ULTIMATE CAN 250ML,1111 - ENERGY DRINK,CHILLER,1.67,1.17,-0.2994,4.5,2.0,-0.5556,1.29,1.0,-0.2248,14167.0,9917.0,-0.3,18275.0,9917.0,-0.4573,7.0,6.0,-0.1429
137399,HEMAVITON ENERGY DRINK BTL150ML,1111 - ENERGY DRINK,CHILLER,1.26,1.19,-0.0556,9.5,5.33,-0.4389,1.27,1.14,-0.1024,8163.0,8056.0,-0.0131,10367.0,9184.0,-0.1141,15.0,14.0,-0.0667
6140,KRATINGDAENG BTL 150ML,1111 - ENERGY DRINK,CHILLER,1.0,1.29,0.29,6.5,5.67,-0.1277,1.08,1.0,-0.0741,6546.0,8453.0,0.2913,7070.0,8453.0,0.1956,12.0,17.0,0.4167
6157,KRATINGDAENG SUPER BTL 150ML,1111 - ENERGY DRINK,CHILLER,1.0,1.0,0.0,0.5,0.67,0.34,1.0,1.0,0.0,8100.0,8200.0,0.0123,8100.0,8200.0,0.0123,1.0,2.0,1.0
400060,M-150 ENERGY DRINK CAN 250ML,1111 - ENERGY DRINK,CHILLER,1.0,1.0,0.0,0.5,0.33,-0.34,1.0,1.0,0.0,8400.0,8500.0,0.0119,8400.0,8500.0,0.0119,1.0,1.0,0.0
6139,M-150 ENERGY DRINK BTL 150ML,1111 - ENERGY DRINK,CHILLER,1.0,1.33,0.33,0.5,1.0,1.0,1.0,1.0,0.0,6500.0,8733.0,0.3435,6500.0,8733.0,0.3435,1.0,3.0,2.0
262620,NEO HORMOVITON PASAK BUMI 150ML,1111 - ENERGY DRINK,CHILLER,1.08,1.07,-0.0093,6.0,4.67,-0.2217,1.0,1.0,0.0,7033.0,7136.0,0.0146,7033.0,7136.0,0.0146,12.0,14.0,0.1667
112898,RED BULL ENERGY DRINK CAN 250ML,1111 - ENERGY DRINK,CHILLER,1.0,1.0,0.0,0.5,0.33,-0.34,1.0,1.0,0.0,25000.0,26600.0,0.064,25000.0,26600.0,0.064,1.0,1.0,0.0
990146,RED BULL GOLD CAN 250ML,1111 - ENERGY DRINK,CHILLER,1.0,1.43,0.43,5.5,2.33,-0.5764,1.83,1.75,-0.0437,8900.0,12686.0,0.4254,16287.0,22200.0,0.3631,6.0,4.0,-0.3333
432876,A&W SARSAPARILA CAN 250ML,1112 - CARBONATED DRINK,CHILLER,1.17,1.0,-0.1453,3.0,2.0,-0.3333,1.2,1.2,0.0,7917.0,6883.0,-0.1306,9500.0,8260.0,-0.1305,5.0,5.0,0.0
459389,AMO SUSU SODA ORI PET 200ML,1112 - CARBONATED DRINK,CHILLER,,1.09,,,3.67,,,1.0,,,4909.0,,,4909.0,,,11.0,
459390,AMO SUSU SODA STR PET 200ML,1112 - CARBONATED DRINK,CHILLER,,1.0,,,5.33,,,1.07,,,4525.0,,,4842.0,,,15.0,
120555,BIG COLA PET 1L (F),1112 - CARBONATED DRINK,CHILLER,,1.0,,,0.33,,,1.0,,,9500.0,,,9500.0,,,1.0,
120556,BIG STRAWBERRY PET 1L (F),1112 - CARBONATED DRINK,CHILLER,,2.36,,,3.67,,,1.22,,,22400.0,,,27328.0,,,9.0,
448656,BIG RASA NIPIS MADU PET 350ML,1112 - CARBONATED DRINK,CHILLER,,1.13,,,13.0,,,1.05,,,4108.0,,,4313.0,,,37.0,
990027,BIG LEMON PET 1L (F),1112 - CARBONATED DRINK,CHILLER,,1.0,,,0.33,,,1.0,,,9500.0,,,9500.0,,,1.0,
435574,CHIFOREST SPRK PEACH PET 480ML,1112 - CARBONATED DRINK,CHILLER,1.12,1.0,-0.1071,4.0,4.67,0.1675,1.14,1.0,-0.1228,10550.0,9357.0,-0.1131,12027.0,9357.0,-0.222,7.0,14.0,1.0
435575,CHIFOREST SPRK LYCHEE PET480ML,1112 - CARBONATED DRINK,CHILLER,1.14,1.06,-0.0702,3.5,6.0,0.7143,1.0,1.12,0.12,10714.0,9761.0,-0.0889,10714.0,10932.0,0.0203,7.0,16.0,1.2857
443621,CHIFOREST SPRK GRAPE PET 480ML,1112 - CARBONATED DRINK,CHILLER,1.0,1.05,0.05,4.0,6.67,0.6675,1.0,1.11,0.11,9350.0,9770.0,0.0449,9350.0,10845.0,0.1599,8.0,18.0,1.25
466953,CHIFOREST SPRKBAMBOO GRPFR450ML,1112 - CARBONATED DRINK,CHILLER,1.25,1.14,-0.088,2.0,2.33,0.165,1.0,1.17,0.17,11500.0,10657.0,-0.0733,11500.0,12469.0,0.0843,4.0,6.0,0.5
109618,COCA COLA ZERO SUGAR CAN 250ML,1112 - CARBONATED DRINK,CHILLER,1.0,1.43,0.43,1.5,2.33,0.5533,1.5,1.17,-0.22,6800.0,9800.0,0.4412,10200.0,11466.0,0.1241,2.0,6.0,2.0
115701,COCA COLA PET 1L,1112 - CARBONATED DRINK,CHILLER,1.0,1.5,0.5,9.0,7.33,-0.1856,1.29,1.0,-0.2248,10300.0,15773.0,0.5314,13287.0,15773.0,0.1871,14.0,22.0,0.5714
436814,COCA COLA ZERO SUGAR PET 390ML,1112 - CARBONATED DRINK,CHILLER,1.33,1.0,-0.2481,6.0,3.33,-0.445,1.0,1.0,0.0,8000.0,6050.0,-0.2438,8000.0,6050.0,-0.2438,12.0,10.0,-0.1667
441517,COCA COLA ZERO PET 1L,1112 - CARBONATED DRINK,CHILLER,1.0,1.0,0.0,3.0,7.0,1.3333,1.0,1.11,0.11,10400.0,10500.0,0.0096,10400.0,11655.0,0.1207,6.0,19.0,2.1667
441892,CCDIBZR ALFAGIFTCRBNTD CAN250ML,1112 - CARBONATED DRINK,CHILLER,1.0,,,0.5,,,1.0,,,6200.0,,,6200.0,,,1.0,,
5937,COCA COLA PET 1.5L,1112 - CARBONATED DRINK,CHILLER,1.06,,,8.5,,,1.0,,,15847.0,,,15847.0,,,17.0,,
990090,COCA COLA PET 250ML,1112 - CARBONATED DRINK,CHILLER,1.21,1.33,0.0992,7.0,5.0,-0.2857,1.0,1.0,0.0,4307.0,4867.0,0.13,4307.0,4867.0,0.13,14.0,15.0,0.0714
990291,COCA COLA PET 390ML,1112 - CARBONATED DRINK,CHILLER,1.53,1.06,-0.3072,7.5,5.67,-0.244,1.07,1.0,-0.0654,9167.0,6353.0,-0.307,9809.0,6353.0,-0.3523,14.0,17.0,0.2143
115702,FANTA STROBERI PET 1L,1112 - CARBONATED DRINK,CHILLER,1.1,1.12,0.0182,26.0,14.0,-0.4615,1.18,1.17,-0.0085,11377.0,11824.0,0.0393,13425.0,13834.0,0.0305,44.0,36.0,-0.1818
404696,FANTA ORANGE PET 390ML,1112 - CARBONATED DRINK,CHILLER,4.0,,,0.5,,,1.0,,,24000.0,,,24000.0,,,1.0,,
413652,FANTA GRAPE PET 390ML,1112 - CARBONATED DRINK,CHILLER,1.0,1.0,0.0,2.0,2.0,0.0,1.0,1.0,0.0,6000.0,6117.0,0.0195,6000.0,6117.0,0.0195,4.0,6.0,0.5
442055,FANTA JERUK PET 1L,1112 - CARBONATED DRINK,CHILLER,1.0,1.13,0.13,7.0,5.0,-0.2857,1.0,1.15,0.15,10307.0,12013.0,0.1655,10307.0,13815.0,0.3404,14.0,13.0,-0.0714
465752,FANTA ZERO STRAWBERRY PET 390ML,1112 - CARBONATED DRINK,CHILLER,1.3,1.0,-0.2308,5.0,2.33,-0.534,1.0,1.0,0.0,7800.0,6100.0,-0.2179,7800.0,6100.0,-0.2179,10.0,7.0,-0.3
5940,FANTA STRAWBERRY PET 1.5L,1112 - CARBONATED DRINK,CHILLER,1.09,,,11.5,,,1.21,,,16248.0,,,19660.0,,,19.0,,
5940,FANTA STRAWBERRY PET 1.5L (F),1112 - CARBONATED DRINK,CHILLER,,12.0,,,0.33,,,1.0,,,190800.0,,,190800.0,,,1.0,
990092,FANTA STRAWBERRY PET 250ML,1112 - CARBONATED DRINK,CHILLER,1.5,,,5.0,,,1.0,,,5340.0,,,5340.0,,,10.0,,
990293,FANTA STRAWBERRY PET 390ML,1112 - CARBONATED DRINK,CHILLER,1.2,1.04,-0.1333,5.0,8.33,0.666,1.0,1.25,0.25,7000.0,6268.0,-0.1046,7000.0,7835.0,0.1193,10.0,20.0,1.0
465726,KENANGAN SPARKS PEACH CAN 250ML,1112 - CARBONATED DRINK,CHILLER,1.0,,,2.0,,,1.0,,,7300.0,,,7300.0,,,4.0,,
465727,KENANGAN SPARKS LYCHEE CAN250ML,1112 - CARBONATED DRINK,CHILLER,1.25,1.5,0.2,2.0,1.33,-0.335,1.0,1.0,0.0,9125.0,10950.0,0.2,9125.0,10950.0,0.2,4.0,4.0,0.0
438350,NIPIS MADU LIME SODA PET 330ML,1112 - CARBONATED DRINK,CHILLER,1.27,1.58,0.2441,45.5,43.67,-0.0402,1.18,1.19,0.0085,5090.0,6491.0,0.2752,6006.0,7724.0,0.286,77.0,110.0,0.4286
444499,CCDI BZR ALFAGIFT CARBNTD 1L,1112 - CARBONATED DRINK,CHILLER,1.0,,,8.5,,,1.21,,,10000.0,,,12100.0,,,14.0,,
892561,CCDI BZR ALFAGIFT WTRLYMN 425ML,1112 - CARBONATED DRINK,CHILLER,1.0,,,1.0,,,1.0,,,5000.0,,,5000.0,,,2.0,,
892564,CCDI BZR ALFAGIFT CARBNTD 390ML,1112 - CARBONATED DRINK,CHILLER,1.07,,,229.0,,,2.27,,,6180.0,,,14029.0,,,202.0,,
892567,CCDI BZR ALFAGIFT CARBNTD 1.5L,1112 - CARBONATED DRINK,CHILLER,1.05,,,182.5,,,2.27,,,15822.0,,,35916.0,,,161.0,,
115703,SPRITE LEMON PET 1L,1112 - CARBONATED DRINK,CHILLER,1.3,2.42,0.8615,22.0,18.33,-0.1668,1.1,1.25,0.1364,13052.0,25456.0,0.9504,14357.0,31820.0,1.2163,40.0,44.0,0.1
416388,SPRITE WATERLYMON PET 425ML,1112 - CARBONATED DRINK,CHILLER,1.09,1.22,0.1193,5.5,3.0,-0.4545,1.1,1.29,0.1727,5055.0,6289.0,0.2441,5560.0,8113.0,0.4592,10.0,7.0,-0.3
438541,SPRITE ZERO SUGAR PET 390ML,1112 - CARBONATED DRINK,CHILLER,1.1,1.06,-0.0364,10.0,6.0,-0.4,1.05,1.0,-0.0476,6600.0,6367.0,-0.0353,6930.0,6367.0,-0.0812,19.0,18.0,-0.0526
441518,SPRITE ZERO LEMON PET 1L,1112 - CARBONATED DRINK,CHILLER,1.0,1.11,0.11,2.0,11.67,4.835,1.0,1.13,0.13,10450.0,11709.0,0.1205,10450.0,13231.0,0.2661,4.0,31.0,6.75
5945,SPRITE PET 1.5L,1112 - CARBONATED DRINK,CHILLER,1.4,,,25.0,,,1.04,,,21244.0,,,22094.0,,,48.0,,
990091,SPRITE PET 250ML,1112 - CARBONATED DRINK,CHILLER,1.08,1.31,0.213,6.5,5.33,-0.18,1.08,1.0,-0.0741,3800.0,4788.0,0.26,4104.0,4788.0,0.1667,12.0,16.0,0.3333
990292,SPRITE PET 390ML,1112 - CARBONATED DRINK,CHILLER,1.19,1.38,0.1597,8.0,17.67,1.2088,1.0,1.04,0.04,7000.0,8349.0,0.1927,7000.0,8683.0,0.2404,16.0,51.0,2.1875
445392,TEBS ZERO SPARK LYCHEE PET300ML,1112 - CARBONATED DRINK,CHILLER,1.17,,,6.0,,,1.09,,,4550.0,,,4960.0,,,11.0,,
447620,ALFA AIR CLAIRINE8+ PET 450ML,1113 - MINERAL WATER,CHILLER,1.39,1.21,-0.1295,14.0,11.0,-0.2143,1.17,1.03,-0.1197,6439.0,5164.0,-0.198,7534.0,5319.0,-0.294,24.0,32.0,0.3333
432228,ALFA AIR MNRL DISNEY PET 330ML,1113 - MINERAL WATER,CHILLER,5.95,1.26,-0.7882,9.5,10.33,0.0874,1.0,1.24,0.24,11589.0,3084.0,-0.7339,11589.0,3824.0,-0.67,19.0,25.0,0.3158
438877,ALFAMART AIR MNRL PET 600ML,1113 - MINERAL WATER,CHILLER,2.9,1.2,-0.5862,80.5,33.67,-0.5817,1.18,2.15,0.822,6679.0,2614.0,-0.6086,7881.0,5620.0,-0.2869,136.0,47.0,-0.6544
438879,ALFAMART AIR MNRL PET 1500ML,1113 - MINERAL WATER,CHILLER,2.3,1.22,-0.4696,54.0,50.0,-0.0741,1.77,1.72,-0.0282,10532.0,5515.0,-0.4764,18642.0,9486.0,-0.4911,61.0,87.0,0.4262
440725,ALFA AIR MNRL DISNEY FT 450ML,1113 - MINERAL WATER,CHILLER,1.19,1.47,0.2353,15.5,20.67,0.3335,1.03,1.17,0.1359,4900.0,5105.0,0.0418,5047.0,5973.0,0.1835,30.0,53.0,0.7667
465668,ALFA AIR MNRL DISNEY PET 600ML,1113 - MINERAL WATER,CHILLER,1.76,1.38,-0.2159,10.5,32.33,2.079,1.05,1.54,0.4667,5157.0,3223.0,-0.375,5415.0,4963.0,-0.0835,20.0,63.0,2.15
125034,AQUA CLICKGO AIR MNRL PET 750ML,1113 - MINERAL WATER,CHILLER,1.1,1.01,-0.0818,14.5,22.67,0.5634,1.0,1.06,0.06,8303.0,7304.0,-0.1203,8303.0,7742.0,-0.0676,29.0,64.0,1.2069
142579,AQUA AIR MNRL PET 330ML,1113 - MINERAL WATER,CHILLER,5.17,1.6,-0.6905,9.0,6.67,-0.2589,1.5,1.0,-0.3333,12744.0,4950.0,-0.6116,19116.0,4950.0,-0.7411,12.0,20.0,0.6667
416538,AQUA AIR MNRL PET 1100ML,1113 - MINERAL WATER,CHILLER,1.0,1.33,0.33,0.5,1.0,1.0,1.0,1.5,0.5,9700.0,14533.0,0.4982,9700.0,21800.0,1.2474,1.0,2.0,1.0
5867,AQUA AIR MNRL PET 1500ML,1113 - MINERAL WATER,CHILLER,1.93,1.61,-0.1658,53.0,39.67,-0.2515,1.29,1.18,-0.0853,12967.0,10623.0,-0.1808,16727.0,12535.0,-0.2506,82.0,101.0,0.2317
5868,AQUA AIR MNRL PET 600ML,1113 - MINERAL WATER,CHILLER,1.87,1.88,0.0053,149.0,112.33,-0.2461,1.13,1.22,0.0796,7109.0,7011.0,-0.0138,8033.0,8553.0,0.0647,264.0,277.0,0.0492
466601,AQUVIVA AIR MNRL 700ML,1113 - MINERAL WATER,CHILLER,1.14,1.41,0.2368,94.0,65.0,-0.3085,1.12,1.2,0.0714,3984.0,4989.0,0.2523,4462.0,5987.0,0.3418,168.0,163.0,-0.0298
466602,AQUVIVA AIR MNRL 1600ML,1113 - MINERAL WATER,CHILLER,1.11,1.14,0.027,17.5,26.67,0.524,1.06,1.23,0.1604,7020.0,7281.0,0.0372,7441.0,8956.0,0.2036,33.0,65.0,0.9697
414936,CRYSTALIN AIR MNRL PET 600ML,1113 - MINERAL WATER,CHILLER,1.82,1.33,-0.2692,59.0,64.33,0.0903,1.17,1.21,0.0342,6169.0,4396.0,-0.2874,7218.0,5319.0,-0.2631,101.0,160.0,0.5842
429184,CRYSTALIN AIR MNRL PET 1500ML,1113 - MINERAL WATER,CHILLER,1.2,1.39,0.1583,10.0,10.33,0.033,1.0,1.07,0.07,7320.0,8461.0,0.1559,7320.0,9053.0,0.2367,20.0,29.0,0.45
443868,(CTN)CRYSTALIN AIR 24X330ML(OL),1113 - MINERAL WATER,CHILLER,1.67,,,1.5,,,1.0,,,68233.0,,,68233.0,,,3.0,,
449102,(CTN)CRYSTALIN AIR12X1500ML(OL),1113 - MINERAL WATER,CHILLER,1.0,,,0.5,,,1.0,,,52000.0,,,52000.0,,,1.0,,
424932,ETERNAL PLUS WTR PET 500ML,1113 - MINERAL WATER,CHILLER,1.08,1.58,0.463,12.0,4.0,-0.6667,3.43,1.33,-0.6122,10000.0,14750.0,0.475,34300.0,19618.0,-0.428,7.0,9.0,0.2857
403624,LE MINERALE AIR MNRL PET 330ML,1113 - MINERAL WATER,CHILLER,9.16,2.43,-0.7347,16.0,14.0,-0.125,1.19,1.08,-0.0924,29447.0,8381.0,-0.7154,35042.0,9051.0,-0.7417,27.0,39.0,0.4444
404759,LE MINERALE AIR MNRL PET 1500ML,1113 - MINERAL WATER,CHILLER,1.38,1.56,0.1304,84.5,66.67,-0.211,1.44,1.27,-0.1181,9269.0,10556.0,0.1388,13347.0,13406.0,0.0044,117.0,157.0,0.3419
990055,LE MINERALE AIR MNRL PET 600ML,1113 - MINERAL WATER,CHILLER,1.74,1.94,0.1149,231.0,165.0,-0.2857,1.24,1.2,-0.0323,6487.0,7383.0,0.1381,8044.0,8860.0,0.1014,373.0,411.0,0.1019
101642,NPL AIR MNRL PET 600ML,1113 - MINERAL WATER,CHILLER,1.46,1.46,0.0,103.0,91.33,-0.1133,1.25,1.22,-0.024,5131.0,5518.0,0.0754,6414.0,6732.0,0.0496,165.0,224.0,0.3576
101643,NPL AIR MNRL PET 1500ML,1113 - MINERAL WATER,CHILLER,2.36,1.31,-0.4449,28.0,21.33,-0.2382,1.4,1.52,0.0857,15793.0,8869.0,-0.4384,22110.0,13481.0,-0.3903,40.0,42.0,0.05
115008,PRIMA AIR MNRL PET 600ML,1113 - MINERAL WATER,CHILLER,2.97,1.75,-0.4108,16.5,22.33,0.3533,1.14,1.16,0.0175,8909.0,5196.0,-0.4168,10156.0,6027.0,-0.4066,29.0,58.0,1.0
427222,PRISTINE 8.6+ WTR PET 1500ML,1113 - MINERAL WATER,CHILLER,1.39,1.33,-0.0432,19.0,13.0,-0.3158,1.52,1.26,-0.1711,15179.0,14733.0,-0.0294,23072.0,18564.0,-0.1954,25.0,31.0,0.24
990150,PRISTINE 8.6+ WTR PET 400ML,1113 - MINERAL WATER,CHILLER,2.97,1.91,-0.3569,66.5,74.67,0.1229,1.25,1.28,0.024,11523.0,7769.0,-0.3258,14404.0,9944.0,-0.3096,106.0,175.0,0.6509
990223,SUPER O2 SPORT WTR PET 600ML,1113 - MINERAL WATER,CHILLER,1.14,1.64,0.4386,3.5,3.67,0.0486,1.0,1.1,0.1,13686.0,19582.0,0.4308,13686.0,21540.0,0.5739,7.0,10.0,0.4286
105082,VIT AIR MNRL PET 1500ML,1113 - MINERAL WATER,CHILLER,1.25,1.0,-0.2,2.0,0.67,-0.665,1.0,1.0,0.0,7750.0,6200.0,-0.2,7750.0,6200.0,-0.2,4.0,2.0,-0.5
426512,VIT AIR MNRL PET 550ML,1113 - MINERAL WATER,CHILLER,1.0,1.64,0.64,2.0,3.67,0.835,1.0,1.1,0.1,3500.0,5236.0,0.496,3500.0,5760.0,0.6457,4.0,10.0,1.5
427681,FIBE MINI BTL 100ML,1114 - ISOTONIC DRINK,CHILLER,1.29,1.07,-0.1705,7.0,4.67,-0.3329,1.08,1.0,-0.0741,9650.0,8121.0,-0.1584,10422.0,8121.0,-0.2208,13.0,14.0,0.0769
109392,HYDRO COCO ORIGINAL TP 250ML,1114 - ISOTONIC DRINK,CHILLER,1.18,1.26,0.0678,37.0,22.67,-0.3873,1.16,1.06,-0.0862,10166.0,11322.0,0.1137,11793.0,12001.0,0.0176,64.0,64.0,0.0
429018,HYDRO COCO ORI PET 1L,1114 - ISOTONIC DRINK,CHILLER,1.09,1.0,-0.0826,5.5,0.33,-0.94,1.0,1.0,0.0,28364.0,25500.0,-0.101,28364.0,25500.0,-0.101,11.0,1.0,-0.9091
430635,HYDRO COCO VITA-D TP 330ML,1114 - ISOTONIC DRINK,CHILLER,1.12,1.11,-0.0089,4.0,6.33,0.5825,1.0,1.0,0.0,14075.0,14389.0,0.0223,14075.0,14389.0,0.0223,8.0,19.0,1.375
990149,HYDRO COCO ORIGINAL PET 500ML,1114 - ISOTONIC DRINK,CHILLER,1.11,1.1,-0.009,38.0,24.33,-0.3597,1.33,1.12,-0.1579,17829.0,17608.0,-0.0124,23713.0,19721.0,-0.1683,57.0,65.0,0.1404
426128,ICHITAN THAI COCO PET 300ML,1114 - ISOTONIC DRINK,CHILLER,1.0,1.22,0.22,7.5,3.0,-0.6,1.36,1.12,-0.1765,7200.0,8933.0,0.2407,9792.0,10005.0,0.0218,11.0,8.0,-0.2727
459186,IF COCONUT WATER PET 350ML,1114 - ISOTONIC DRINK,CHILLER,,1.25,,,1.33,,,1.0,,,18750.0,,,18750.0,,,4.0,
401917,ISOPLUS ISOTONIK PET 350ML,1114 - ISOTONIC DRINK,CHILLER,1.06,1.12,0.0566,8.5,5.33,-0.3729,1.0,1.0,0.0,3788.0,4406.0,0.1631,3788.0,4406.0,0.1631,17.0,16.0,-0.0588
437245,ISOPLUS COCO PET 350ML,1114 - ISOTONIC DRINK,CHILLER,1.31,1.06,-0.1908,13.0,16.67,0.2823,1.08,1.35,0.25,4688.0,4310.0,-0.0806,5063.0,5818.0,0.1491,24.0,37.0,0.5417
413580,MIZONE ACTIV PET 500ML,1114 - ISOTONIC DRINK,CHILLER,2.19,1.09,-0.5023,8.0,10.67,0.3338,1.14,1.07,-0.0614,14012.0,7144.0,-0.4902,15974.0,7644.0,-0.5215,14.0,30.0,1.1429
413583,MIZONE MOOD UP PET 500ML,1114 - ISOTONIC DRINK,CHILLER,1.0,1.21,0.21,7.0,8.0,0.1429,1.0,1.0,0.0,6429.0,7871.0,0.2243,6429.0,7871.0,0.2243,14.0,24.0,0.7143
448668,MIZONE COCO PET 500ML,1114 - ISOTONIC DRINK,CHILLER,1.2,1.32,0.1,32.5,8.33,-0.7437,1.18,1.04,-0.1186,7798.0,8688.0,0.1141,9202.0,9036.0,-0.018,55.0,24.0,-0.5636
103092,POCARI SWEAT PET 500ML,1114 - ISOTONIC DRINK,CHILLER,1.13,1.15,0.0177,71.0,51.67,-0.2723,1.15,1.13,-0.0174,9344.0,9277.0,-0.0072,10746.0,10483.0,-0.0245,124.0,137.0,0.1048
109497,POCARI SWEAT PET 350ML,1114 - ISOTONIC DRINK,CHILLER,1.61,1.15,-0.2857,28.0,22.0,-0.2143,1.06,1.08,0.0189,11300.0,8203.0,-0.2741,11978.0,8859.0,-0.2604,53.0,61.0,0.1509
112996,POCARI SWEAT PET 2L,1114 - ISOTONIC DRINK,CHILLER,1.29,1.12,-0.1318,10.5,8.33,-0.2067,1.4,1.04,-0.2571,30329.0,27020.0,-0.1091,42461.0,28101.0,-0.3382,15.0,24.0,0.6
120432,POCARI SWEAT PET 900ML,1114 - ISOTONIC DRINK,CHILLER,1.0,1.0,0.0,12.5,15.67,0.2536,1.09,1.09,0.0,13748.0,13926.0,0.0129,14985.0,15179.0,0.0129,23.0,43.0,0.8696
423417,POCARI SWEAT ION WATER PET500ML,1114 - ISOTONIC DRINK,CHILLER,1.12,1.0,-0.1071,8.0,5.0,-0.375,1.0,1.0,0.0,9544.0,8627.0,-0.0961,9544.0,8627.0,-0.0961,16.0,15.0,-0.0625
5956,POCARI SWEAT CAN 330ML,1114 - ISOTONIC DRINK,CHILLER,2.0,1.0,-0.5,2.0,1.33,-0.335,1.0,1.0,0.0,13700.0,6900.0,-0.4964,13700.0,6900.0,-0.4964,4.0,4.0,0.0
801817,POCARI SWEAT ION WATER PET350ML,1114 - ISOTONIC DRINK,CHILLER,2.0,1.07,-0.465,2.5,4.67,0.868,1.0,1.08,0.08,15080.0,7571.0,-0.4979,15080.0,8177.0,-0.4578,5.0,13.0,1.6
447621,REGEN WATERMELON PET 450ML,1114 - ISOTONIC DRINK,CHILLER,1.0,,,4.5,,,1.0,,,14500.0,,,14500.0,,,9.0,,
447622,REGEN APPLE PET 450ML,1114 - ISOTONIC DRINK,CHILLER,1.12,,,4.0,,,1.0,,,16312.0,,,16312.0,,,8.0,,
447623,REGEN LEMON LIME PET 450ML,1114 - ISOTONIC DRINK,CHILLER,1.0,,,4.0,,,1.0,,,14500.0,,,14500.0,,,8.0,,
110126,YOU C1000 LEMON WATER PET 500ML,1114 - ISOTONIC DRINK,CHILLER,1.18,1.07,-0.0932,20.0,9.0,-0.55,1.29,1.23,-0.0465,10343.0,9381.0,-0.093,13342.0,11539.0,-0.1351,31.0,22.0,-0.2903
110127,YOU C1000 ORANGE WATER PET500ML,1114 - ISOTONIC DRINK,CHILLER,1.16,1.12,-0.0345,30.5,17.33,-0.4318,1.22,1.16,-0.0492,10187.0,9815.0,-0.0365,12428.0,11385.0,-0.0839,50.0,45.0,-0.1
120898,ADEM SARI CGKU LMN CAN 320ML,1115 - REMEDIES DRINK,CHILLER,1.13,1.32,0.1681,15.5,16.67,0.0755,1.03,1.11,0.0777,10516.0,12452.0,0.1841,10831.0,13822.0,0.2762,30.0,45.0,0.5
403397,ADEM SARI CGKU SPRK CAN320ML,1115 - REMEDIES DRINK,CHILLER,1.17,1.2,0.0256,12.0,17.0,0.4167,1.14,1.27,0.114,10883.0,11284.0,0.0368,12407.0,14331.0,0.1551,21.0,40.0,0.9048
431711,ADEM SARI CGKU MD LMN PET 350ML,1115 - REMEDIES DRINK,CHILLER,1.0,1.07,0.07,1.5,5.0,2.3333,1.0,1.07,0.07,9567.0,10193.0,0.0654,9567.0,10907.0,0.1401,3.0,14.0,3.6667
990007,ADEM SARI CGKU LMN PET 350ML,1115 - REMEDIES DRINK,CHILLER,1.15,1.07,-0.0696,10.0,13.67,0.367,1.11,1.08,-0.027,10720.0,10105.0,-0.0574,11899.0,10913.0,-0.0829,18.0,38.0,1.1111
441626,ALANG SARI JERUK NIPIS PET300ML,1115 - REMEDIES DRINK,CHILLER,1.35,,,8.5,,,1.06,,,11906.0,,,12620.0,,,16.0,,
101195,SINDE LRTN LECI CAN 320ML,1115 - REMEDIES DRINK,CHILLER,1.17,1.22,0.0427,24.0,20.0,-0.1667,1.14,1.2,0.0526,8921.0,10035.0,0.1249,10170.0,12042.0,0.1841,42.0,50.0,0.1905
131539,SINDE LRTN PET 500ML,1115 - REMEDIES DRINK,CHILLER,1.15,1.17,0.0174,16.5,13.67,-0.1715,1.06,1.08,0.0189,10224.0,11020.0,0.0779,10837.0,11902.0,0.0983,31.0,38.0,0.2258
404406,SINDE LRTN LEMON CAN 320ML,1115 - REMEDIES DRINK,CHILLER,1.29,,,3.5,,,1.0,,,9914.0,,,9914.0,,,7.0,,
432811,SINDE LRTN PET 350ML,1115 - REMEDIES DRINK,CHILLER,1.21,1.71,0.4132,7.0,11.67,0.6671,1.0,1.03,0.03,9600.0,13814.0,0.439,9600.0,14228.0,0.4821,14.0,34.0,1.4286
5271,SINDE LRTN JERUK CAN 320ML,1115 - REMEDIES DRINK,CHILLER,1.38,1.12,-0.1884,6.5,16.33,1.5123,1.0,1.07,0.07,10538.0,9251.0,-0.1221,10538.0,9899.0,-0.0606,13.0,46.0,2.5385
5272,SINDE LRTN MELON CAN 320ML,1115 - REMEDIES DRINK,CHILLER,1.0,1.17,0.17,7.0,9.67,0.3814,1.08,1.07,-0.0093,7886.0,9745.0,0.2357,8517.0,10427.0,0.2243,13.0,27.0,1.0769
76272,SINDE LRTN JAMBU CAN 320ML,1115 - REMEDIES DRINK,CHILLER,1.15,1.33,0.1565,10.0,8.0,-0.2,1.18,1.5,0.2712,8965.0,10904.0,0.2163,10579.0,16356.0,0.5461,17.0,16.0,-0.0588
113376,CAP PANDA LIANGTEA CAN310ML(RN),1115 - REMEDIES DRINK,CHILLER,1.0,,,1.0,,,2.0,,,7500.0,,,15000.0,,,1.0,,
402972,KINO LRTN COOLTOPIA CAN 320ML,1115 - REMEDIES DRINK,CHILLER,1.25,1.31,0.048,6.0,12.0,1.0,1.0,1.09,0.09,9508.0,10925.0,0.149,9508.0,11908.0,0.2524,12.0,33.0,1.75
118390,KINO LRTN LECI CAN 320ML,1115 - REMEDIES DRINK,CHILLER,1.18,1.23,0.0424,25.0,7.33,-0.7068,1.04,1.0,-0.0385,8926.0,9568.0,0.0719,9283.0,9568.0,0.0307,48.0,22.0,-0.5417
118392,KINO LRTN JAMBU CAN 320ML,1115 - REMEDIES DRINK,CHILLER,1.03,1.06,0.0291,15.5,5.33,-0.6561,1.0,1.0,0.0,7842.0,8212.0,0.0472,7842.0,8212.0,0.0472,31.0,16.0,-0.4839
118398,KINO LRTN PET 500ML,1115 - REMEDIES DRINK,CHILLER,1.33,1.22,-0.0827,21.5,9.0,-0.5814,1.1,1.04,-0.0545,11505.0,11119.0,-0.0336,12656.0,11564.0,-0.0863,39.0,26.0,-0.3333
123444,KINO LRTNANAK LECI CAN 238ML,1115 - REMEDIES DRINK,CHILLER,1.13,1.13,0.0,11.5,12.67,0.1017,1.1,1.12,0.0182,7878.0,8039.0,0.0204,8666.0,9004.0,0.039,21.0,34.0,0.619
123445,KINO LRTNANAK STR CAN 238ML,1115 - REMEDIES DRINK,CHILLER,1.11,1.1,-0.009,17.5,17.33,-0.0097,1.09,1.13,0.0367,7829.0,7815.0,-0.0018,8534.0,8831.0,0.0348,32.0,46.0,0.4375
441493,KINO LRTN PET 350ML,1115 - REMEDIES DRINK,CHILLER,1.46,1.47,0.0068,6.5,5.67,-0.1277,1.0,1.0,0.0,10931.0,11359.0,0.0392,10931.0,11359.0,0.0392,13.0,17.0,0.3077
232827,KIRANTI SDB ORANGE BTL 150ML,1115 - REMEDIES DRINK,CHILLER,1.21,1.29,0.0661,14.5,2.33,-0.8393,1.71,1.0,-0.4152,9941.0,10286.0,0.0347,16999.0,10286.0,-0.3949,17.0,7.0,-0.5882
465690,KIRANTI SDB LYCHEE BTL 150ML,1115 - REMEDIES DRINK,CHILLER,1.44,1.0,-0.3056,8.0,3.33,-0.5838,1.07,1.43,0.3364,11794.0,8400.0,-0.2878,12620.0,12012.0,-0.0482,15.0,7.0,-0.5333
6252,KIRANTI SDB ORIGINAL BTL 150ML,1115 - REMEDIES DRINK,CHILLER,1.35,1.37,0.0148,13.0,6.33,-0.5131,1.18,1.06,-0.1017,10269.0,10705.0,0.0425,12117.0,11347.0,-0.0635,22.0,18.0,-0.1818
120781,LASEGAR JERUK NIPIS CAN 320ML,1115 - REMEDIES DRINK,CHILLER,1.31,1.0,-0.2366,8.0,0.33,-0.9588,1.14,1.0,-0.1228,9931.0,8100.0,-0.1844,11321.0,8100.0,-0.2845,14.0,1.0,-0.9286
430916,LASEGAR TWST JERUK LMN CAN320ML,1115 - REMEDIES DRINK,CHILLER,1.8,2.73,0.5167,2.5,3.67,0.468,1.0,1.1,0.1,13680.0,22045.0,0.6115,13680.0,24250.0,0.7727,5.0,10.0,1.0
438117,LASEGAR TWST LECI LMN CAN 320ML,1115 - REMEDIES DRINK,CHILLER,2.0,,,1.0,,,1.0,,,15200.0,,,15200.0,,,2.0,,
452022,SIDOMUNCUL KUNYIT ASAM PET150ML,1115 - REMEDIES DRINK,CHILLER,,1.2,,,1.67,,,1.0,,,8640.0,,,8640.0,,,5.0,
425748,AMUNIZER VIT C1000 BTL 140ML,1116 - VITAMIN DRINK,CHILLER,1.36,1.25,-0.0809,5.5,1.33,-0.7582,1.57,1.0,-0.3631,12164.0,10900.0,-0.1039,19097.0,10900.0,-0.4292,7.0,4.0,-0.4286
447083,FITMEUP RLX PERSIK CML BTL160ML,1116 - VITAMIN DRINK,CHILLER,,1.33,,,2.0,,,1.0,,,12000.0,,,12000.0,,,6.0,
125161,HEMAVITON C1000 ORANGE CAN330ML,1116 - VITAMIN DRINK,CHILLER,1.38,1.11,-0.1957,6.5,6.33,-0.0262,1.18,1.12,-0.0508,10492.0,8400.0,-0.1994,12381.0,9408.0,-0.2401,11.0,17.0,0.5455
125626,HEMAVITON C1000 LEMON CAN 330ML,1116 - VITAMIN DRINK,CHILLER,1.05,1.0,-0.0476,9.5,6.0,-0.3684,1.19,1.2,0.0084,7995.0,7689.0,-0.0383,9514.0,9227.0,-0.0302,16.0,15.0,-0.0625
421449,HEMAVITON C1000 LS CAN 330ML,1116 - VITAMIN DRINK,CHILLER,1.38,1.41,0.0217,4.0,5.67,0.4175,1.0,1.31,0.31,10450.0,10735.0,0.0273,10450.0,14063.0,0.3457,8.0,13.0,0.625
410849,ORONAMIN C DRINK BTL 120ML,1116 - VITAMIN DRINK,CHILLER,1.3,1.38,0.0615,5.0,2.67,-0.466,2.5,1.0,-0.6,8970.0,9488.0,0.0577,22425.0,9488.0,-0.5769,4.0,8.0,1.0
103194,YOU C1000 ORANGE BTL 140ML,1116 - VITAMIN DRINK,CHILLER,1.36,1.88,0.3824,130.5,68.67,-0.4738,1.11,1.16,0.045,10520.0,14944.0,0.4205,11677.0,17335.0,0.4845,236.0,178.0,-0.2458
115674,YOU C1000 APPLE BTL 140ML,1116 - VITAMIN DRINK,CHILLER,1.16,1.23,0.0603,9.5,8.67,-0.0874,1.0,1.08,0.08,8942.0,9515.0,0.0641,8942.0,10276.0,0.1492,19.0,24.0,0.2632
234570,YOU C1000 LEMON BTL 140ML,1116 - VITAMIN DRINK,CHILLER,1.3,1.15,-0.1154,38.0,27.33,-0.2808,1.12,1.17,0.0446,10038.0,9037.0,-0.0997,11243.0,10573.0,-0.0596,68.0,70.0,0.0294
427925,YOU C1000 MANGO BTL 140ML,1116 - VITAMIN DRINK,CHILLER,1.18,1.16,-0.0169,33.0,19.0,-0.4242,1.14,1.12,-0.0175,9106.0,9168.0,0.0068,10381.0,10268.0,-0.0109,58.0,51.0,-0.1207
121486,HB YOG STRAWBERRY 180ML,1117 - YOGHURT BEVERAGE,CHILLER,1.0,,,1.0,,,1.0,,,12700.0,,,12700.0,,,2.0,,
465767,INDOMILK YOG BLUEBERRY PET 70G,1117 - YOGHURT BEVERAGE,CHILLER,,1.13,,,15.33,,,1.1,,,7348.0,,,8083.0,,,42.0,
465768,INDOMILK YOG STRAWBERRY PET 70G,1117 - YOGHURT BEVERAGE,CHILLER,,1.09,,,11.67,,,1.0,,,7057.0,,,7057.0,,,35.0,
408359,KIN YOG ORIGINAL PET 200ML,1117 - YOGHURT BEVERAGE,CHILLER,1.67,1.25,-0.2515,1.5,1.33,-0.1133,1.5,1.33,-0.1133,16500.0,12375.0,-0.25,24750.0,16459.0,-0.335,2.0,3.0,0.5
408360,KIN YOG STRAWBERRY PET 200ML,1117 - YOGHURT BEVERAGE,CHILLER,1.4,1.0,-0.2857,2.5,0.33,-0.868,1.25,1.0,-0.2,13860.0,9900.0,-0.2857,17325.0,9900.0,-0.4286,4.0,1.0,-0.75
410993,KIN YOG BLUEBERRY PET 200ML,1117 - YOGHURT BEVERAGE,CHILLER,1.5,1.0,-0.3333,2.0,2.33,0.165,1.33,1.0,-0.2481,14850.0,9900.0,-0.3333,19750.0,9900.0,-0.4987,3.0,7.0,1.3333
428421,KIN YOG BLACK PET 200ML,1117 - YOGHURT BEVERAGE,CHILLER,1.0,1.2,0.2,1.5,1.67,0.1133,1.0,1.0,0.0,9900.0,11880.0,0.2,9900.0,11880.0,0.2,3.0,5.0,0.6667
432667,KIN YOG SLIM BERRY PET 200ML,1117 - YOGHURT BEVERAGE,CHILLER,1.11,,,4.5,,,1.12,,,11000.0,,,12320.0,,,8.0,,
439902,KIN YOG MIXED BERIES PET 200ML,1117 - YOGHURT BEVERAGE,CHILLER,1.0,1.0,0.0,2.0,0.33,-0.835,1.0,1.0,0.0,9900.0,9900.0,0.0,9900.0,9900.0,0.0,4.0,1.0,-0.75
439903,KIN YOG MANGO PET 200ML,1117 - YOGHURT BEVERAGE,CHILLER,1.0,1.0,0.0,1.0,0.33,-0.67,1.0,1.0,0.0,9900.0,9900.0,0.0,9900.0,9900.0,0.0,2.0,1.0,-0.5
412212,BINTANG ZERO CAN 330ML,1118 - CARBONATED MALT,CHILLER,1.59,3.32,1.0881,8.5,8.33,-0.02,1.42,1.19,-0.162,14676.0,30868.0,1.1033,20840.0,36733.0,0.7626,12.0,21.0,0.75
412557,GREENSANDS LIME APPLE CAN 250ML,1118 - CARBONATED MALT,CHILLER,1.14,1.27,0.114,3.5,3.67,0.0486,1.0,1.0,0.0,7300.0,8355.0,0.1445,7300.0,8355.0,0.1445,7.0,11.0,0.5714
412559,GREENSANDS LEMON GRAPE CAN250ML,1118 - CARBONATED MALT,CHILLER,1.38,1.3,-0.058,4.0,3.33,-0.1675,1.0,1.0,0.0,8688.0,8450.0,-0.0274,8688.0,8450.0,-0.0274,8.0,10.0,0.25
412734,GREENSANDS LIME APPLE CAN 330ML,1118 - CARBONATED MALT,CHILLER,1.3,1.57,0.2077,5.0,2.33,-0.534,1.43,1.0,-0.3007,11430.0,13957.0,0.2211,16345.0,13957.0,-0.1461,7.0,7.0,0.0
444587,GROOVY ROOT BREW CAN 330ML,1118 - CARBONATED MALT,CHILLER,1.0,1.0,0.0,0.5,1.33,1.66,1.0,1.0,0.0,7900.0,8200.0,0.038,7900.0,8200.0,0.038,1.0,4.0,3.0
121738,CAP PANDA CINCAU CAN 310ML,1121 - DESSERT,CHILLER,1.12,1.17,0.0446,25.0,13.67,-0.4532,1.28,1.41,0.1016,8640.0,9132.0,0.0569,11059.0,12876.0,0.1643,39.0,29.0,-0.2564
430722,CAP PANDA CIN SELASIH CAN 310ML,1121 - DESSERT,CHILLER,1.4,1.14,-0.1857,10.0,7.33,-0.267,1.05,1.1,0.0476,10585.0,8559.0,-0.1914,11114.0,9415.0,-0.1529,19.0,20.0,0.0526
420975,DELMONTE BOBA COF CRML CAN240ML,1121 - DESSERT,CHILLER,1.0,1.0,0.0,2.5,0.33,-0.868,1.0,1.0,0.0,10860.0,10900.0,0.0037,10860.0,10900.0,0.0037,5.0,1.0,-0.8
420976,DELMONTE BOBA MT TARO CAN240ML,1121 - DESSERT,CHILLER,1.09,1.21,0.1101,16.5,8.0,-0.5152,1.74,1.14,-0.3448,11800.0,12838.0,0.088,20532.0,14635.0,-0.2872,19.0,21.0,0.1053
427377,DELMONTE BOBA RED VEL CAN 240ML,1121 - DESSERT,CHILLER,1.14,1.0,-0.1228,10.5,4.0,-0.619,1.11,1.2,0.0811,12400.0,10650.0,-0.1411,13764.0,12780.0,-0.0715,19.0,10.0,-0.4737
216468,YEOS CINCAU CAN 300ML,1121 - DESSERT,CHILLER,1.67,,,3.0,,,1.2,,,12167.0,,,14600.0,,,5.0,,
6042,ABC KACANG HIJAU TP 250ML,1151 - RTD JUICE,CHILLER,1.38,1.93,0.3986,24.0,9.0,-0.625,1.09,1.42,0.3028,7677.0,10659.0,0.3884,8368.0,15136.0,0.8088,44.0,19.0,-0.5682
190412,BUAVITA JUICE ORANGE TP 250ML,1151 - RTD JUICE,CHILLER,1.22,1.5,0.2295,4.5,4.67,0.0378,1.12,1.17,0.0446,11311.0,14229.0,0.258,12668.0,16648.0,0.3142,8.0,12.0,0.5
190413,BUAVITA JUICE GUAVA TP 250ML,1151 - RTD JUICE,CHILLER,1.17,1.85,0.5812,14.5,11.0,-0.2414,1.12,1.1,-0.0179,10952.0,16818.0,0.5356,12266.0,18500.0,0.5082,26.0,30.0,0.1538
190414,BUAVITA JUICE MANGO TP 245ML,1151 - RTD JUICE,CHILLER,1.0,1.39,0.39,6.0,6.0,0.0,1.2,1.06,-0.1167,9433.0,13167.0,0.3958,11320.0,13957.0,0.233,10.0,17.0,0.7
190416,BUAVITA JUICE LYCHE TP 245ML,1151 - RTD JUICE,CHILLER,1.0,1.3,0.3,4.0,7.67,0.9175,1.0,1.21,0.21,9475.0,12370.0,0.3055,9475.0,14968.0,0.5797,8.0,19.0,1.375
190417,BUAVITA JUICE APEL TP 250ML,1151 - RTD JUICE,CHILLER,1.0,1.17,0.17,2.0,2.0,0.0,1.0,1.2,0.2,9375.0,11050.0,0.1787,9375.0,13260.0,0.4144,4.0,5.0,0.25
400883,BUAVITA JUICE MANGO TP 1L,1151 - RTD JUICE,CHILLER,1.0,,,0.5,,,1.0,,,32900.0,,,32900.0,,,1.0,,
400884,BUAVITA JUICE GUAVA TP 1L,1151 - RTD JUICE,CHILLER,1.25,1.0,-0.2,2.0,1.0,-0.5,1.0,1.0,0.0,41125.0,32567.0,-0.2081,41125.0,32567.0,-0.2081,4.0,3.0,-0.25
437719,BUAVITA JUICE WHT PEACH TP250ML,1151 - RTD JUICE,CHILLER,1.0,,,0.5,,,1.0,,,11200.0,,,11200.0,,,1.0,,
459298,BUAVITA JUICE MUSCAT TP 245ML,1151 - RTD JUICE,CHILLER,,1.11,,,3.0,,,1.0,,,10111.0,,,10111.0,,,9.0,
459299,BUAVITA JUICE STR TP 245ML,1151 - RTD JUICE,CHILLER,,1.2,,,1.67,,,1.0,,,10920.0,,,10920.0,,,5.0,
441891,CCDIBZR ALFAGIFT NBOOST 300ML,1151 - RTD JUICE,CHILLER,1.14,,,238.0,,,2.12,,,8358.0,,,17719.0,,,225.0,,
121637,FLORIDINA ORANGE PET 350ML,1151 - RTD JUICE,CHILLER,1.17,1.06,-0.094,15.0,10.67,-0.2887,1.07,1.07,0.0,3957.0,4056.0,0.025,4234.0,4340.0,0.025,28.0,30.0,0.0714
425822,FLORIDINA ORANGE COCO PET 350ML,1151 - RTD JUICE,CHILLER,1.04,1.12,0.0769,79.5,13.67,-0.8281,1.61,1.08,-0.3292,3490.0,4276.0,0.2252,5619.0,4618.0,-0.1781,99.0,38.0,-0.6162
401403,COCOBIT SPLS COCO PET350ML (RN),1151 - RTD JUICE,CHILLER,1.0,,,0.5,,,1.0,,,7200.0,,,7200.0,,,1.0,,
990261,COCOBIT SPLASH LYCHEE PET 350ML,1151 - RTD JUICE,CHILLER,1.0,1.0,0.0,5.5,0.33,-0.94,1.1,1.0,-0.0909,7200.0,7200.0,0.0,7920.0,7200.0,-0.0909,10.0,1.0,-0.9
420710,ICHITAN THAI MGO COPET 300ML,1151 - RTD JUICE,CHILLER,1.22,1.06,-0.1311,4.5,6.0,0.3333,1.29,1.06,-0.1783,11244.0,9728.0,-0.1348,14505.0,10312.0,-0.2891,7.0,17.0,1.4286
110866,MM PULPY ORANGE PET 300ML,1151 - RTD JUICE,CHILLER,2.29,1.06,-0.5371,10.5,6.0,-0.4286,1.11,1.0,-0.0991,13867.0,7072.0,-0.49,15392.0,7072.0,-0.5405,19.0,18.0,-0.0526
115631,MM PULPY ORANGE PET 1L,1151 - RTD JUICE,CHILLER,1.5,1.33,-0.1133,5.0,2.0,-0.6,1.43,1.0,-0.3007,23610.0,21200.0,-0.1021,33762.0,21200.0,-0.3721,7.0,6.0,-0.1429
121826,MOGU-MOGU NDC LYCHEE PET 320ML,1151 - RTD JUICE,CHILLER,1.0,1.07,0.07,6.0,5.0,-0.1667,1.0,1.25,0.25,11900.0,12827.0,0.0779,11900.0,16034.0,0.3474,12.0,12.0,0.0
121827,MOGU-MOGU NDC STR PET 320ML,1151 - RTD JUICE,CHILLER,1.0,1.0,0.0,4.0,3.33,-0.1675,1.14,1.0,-0.1228,11900.0,12000.0,0.0084,13566.0,12000.0,-0.1154,7.0,10.0,0.4286
125089,MOGU-MOGU NDC MANGO PET 320ML,1151 - RTD JUICE,CHILLER,1.29,1.2,-0.0698,3.5,1.67,-0.5229,1.4,1.0,-0.2857,15300.0,14480.0,-0.0536,21420.0,14480.0,-0.324,5.0,5.0,0.0
125091,MOGU-MOGU NDC COCONUT PET 320ML,1151 - RTD JUICE,CHILLER,1.07,1.18,0.1028,7.0,5.67,-0.19,1.17,1.21,0.0342,12750.0,14118.0,0.1073,14918.0,17083.0,0.1451,12.0,14.0,0.1667
125092,MOGU-MOGU NDC GRAPE PET 320ML,1151 - RTD JUICE,CHILLER,1.0,1.14,0.14,3.0,2.33,-0.2233,1.0,1.17,0.17,11900.0,13686.0,0.1501,11900.0,16013.0,0.3456,6.0,6.0,0.0
405786,MOGU-MOGU NDC MELON PET 320ML,1151 - RTD JUICE,CHILLER,1.0,1.15,0.15,2.5,4.33,0.732,1.0,1.86,0.86,11900.0,13792.0,0.159,11900.0,25653.0,1.1557,5.0,7.0,0.4
466143,MOGU-MOGU NDC BCRNT PET 320ML,1151 - RTD JUICE,CHILLER,1.0,1.0,0.0,4.5,4.33,-0.0378,1.0,1.18,0.18,11900.0,11900.0,0.0,11900.0,14042.0,0.18,9.0,11.0,0.2222
435482,NUTRISARI SQZ ORANGE TP 200ML,1151 - RTD JUICE,CHILLER,1.33,,,6.0,,,1.09,,,11333.0,,,12353.0,,,11.0,,
466317,NUTRISARI LS JAMBU BIJI TP200ML,1151 - RTD JUICE,CHILLER,1.67,1.17,-0.2994,1.5,2.0,0.3333,1.5,1.0,-0.3333,14167.0,9917.0,-0.3,21250.0,9917.0,-0.5333,2.0,6.0,2.0
123537,NUTRIBOOST ORANGE PET 300ML,1151 - RTD JUICE,CHILLER,1.26,1.08,-0.1429,11.5,4.33,-0.6235,1.15,1.0,-0.1304,9457.0,8077.0,-0.1459,10876.0,8077.0,-0.2574,20.0,13.0,-0.35
123538,NUTRIBOOST STRAWBERRY PET 300ML,1151 - RTD JUICE,CHILLER,1.46,1.05,-0.2808,23.0,13.0,-0.4348,1.1,1.11,0.0091,10913.0,7885.0,-0.2775,12004.0,8752.0,-0.2709,42.0,35.0,-0.1667
415509,OLATTE PEAR CAN 240ML,1151 - RTD JUICE,CHILLER,1.23,,,6.5,,,1.0,,,14354.0,,,14354.0,,,13.0,,
415510,OLATTE PEACH CAN 240ML,1151 - RTD JUICE,CHILLER,1.25,1.0,-0.2,4.0,5.0,0.25,1.0,1.07,0.07,14450.0,11493.0,-0.2046,14450.0,12298.0,-0.1489,8.0,14.0,0.75
446918,OLATTE STRAWBERRY CAN 240ML,1151 - RTD JUICE,CHILLER,1.33,1.67,0.2556,4.5,3.0,-0.3333,1.0,1.12,0.12,15367.0,19289.0,0.2552,15367.0,21604.0,0.4059,9.0,8.0,-0.1111
400048,PORORO BLUEBERRY PET 235ML,1151 - RTD JUICE,CHILLER,1.02,1.13,0.1078,26.0,22.33,-0.1412,1.08,1.05,-0.0278,14767.0,16755.0,0.1346,15948.0,17593.0,0.1031,48.0,64.0,0.3333
413469,PORORO MANGO PET 235ML,1151 - RTD JUICE,CHILLER,1.0,1.0,0.0,14.5,8.0,-0.4483,1.0,1.2,0.2,14493.0,14842.0,0.0241,14493.0,17810.0,0.2289,29.0,20.0,-0.3103
429878,PORORO PEACH PET 235ML,1151 - RTD JUICE,CHILLER,1.12,1.0,-0.1071,8.5,3.33,-0.6082,1.13,1.0,-0.115,16359.0,14900.0,-0.0892,18486.0,14900.0,-0.194,15.0,10.0,-0.3333
990157,PORORO MILK PET 235ML,1151 - RTD JUICE,CHILLER,1.05,1.09,0.0381,29.5,26.33,-0.1075,1.18,1.25,0.0593,15264.0,16068.0,0.0527,18012.0,20085.0,0.1151,50.0,63.0,0.26
990158,PORORO STRAWBERRY PET 235ML,1151 - RTD JUICE,CHILLER,1.05,1.05,0.0,20.5,20.33,-0.0083,1.02,1.05,0.0294,15329.0,15536.0,0.0135,15636.0,16313.0,0.0433,40.0,58.0,0.45
892562,CCDI BZR ALFAGIFT PULPY 1L,1151 - RTD JUICE,CHILLER,1.0,,,90.0,,,1.7,,,14500.0,,,24650.0,,,106.0,,
892565,CCDI BZR ALFAGIFT PULPY 300ML,1151 - RTD JUICE,CHILLER,1.16,,,220.5,,,2.12,,,6514.0,,,13810.0,,,208.0,,
422422,SUNPRIDE JUICE PNPPLE CAN 220ML,1151 - RTD JUICE,CHILLER,1.0,1.0,0.0,3.0,0.33,-0.89,1.0,1.0,0.0,11900.0,11900.0,0.0,11900.0,11900.0,0.0,6.0,1.0,-0.8333
445395,SUNPRIDE JUICE GUAVA CAN 220ML,1151 - RTD JUICE,CHILLER,1.11,1.17,0.0541,4.5,2.0,-0.5556,1.0,1.0,0.0,13222.0,13883.0,0.05,13222.0,13883.0,0.05,9.0,6.0,-0.3333
449982,SUNPRIDE JUICE PNP APL CAN220ML,1151 - RTD JUICE,CHILLER,,1.14,,,2.33,,,1.0,,,13600.0,,,13600.0,,,7.0,
186412,ULTRA SARI ASAM ASLI 250ML(OL),1151 - RTD JUICE,CHILLER,2.0,,,0.5,,,1.0,,,14000.0,,,14000.0,,,1.0,,
192381,ULTRA SARI KACANG IJO TP 250ML,1151 - RTD JUICE,CHILLER,1.36,1.47,0.0809,18.0,11.33,-0.3706,1.38,1.17,-0.1522,7925.0,8594.0,0.0844,10936.0,10055.0,-0.0806,26.0,29.0,0.1154
403931,ULTRA SARI KACANG IJO TP 150ML,1151 - RTD JUICE,CHILLER,1.2,1.53,0.275,10.0,6.33,-0.367,1.43,1.27,-0.1119,4930.0,6189.0,0.2554,7050.0,7860.0,0.1149,14.0,15.0,0.0714
433972,BONTEH PET 330ML,1154 - RTD TEA,CHILLER,3.0,,,1.0,,,1.0,,,9600.0,,,9600.0,,,2.0,,
466951,CHIFOREST ICTEA GRPFR YUZU450ML,1154 - RTD TEA,CHILLER,,1.75,,,1.33,,,1.0,,,14825.0,,,14825.0,,,4.0,
466952,CHIFOREST ICTEA PEACH JSM 450ML,1154 - RTD TEA,CHILLER,,1.15,,,4.33,,,1.3,,,9808.0,,,12750.0,,,10.0,
103626,FRESTEA APEL PET 500ML,1154 - RTD TEA,CHILLER,1.5,1.0,-0.3333,7.0,1.33,-0.81,1.0,1.0,0.0,9629.0,7000.0,-0.273,9629.0,7000.0,-0.273,14.0,4.0,-0.7143
118714,FRESTEA G.TEA MADU PET 500ML,1154 - RTD TEA,CHILLER,1.71,1.0,-0.4152,3.5,0.67,-0.8086,1.0,1.0,0.0,10986.0,6750.0,-0.3856,10986.0,6750.0,-0.3856,7.0,2.0,-0.7143
400330,FRESTEA MADU PET 350ML,1154 - RTD TEA,CHILLER,1.17,5.0,3.2735,3.0,0.33,-0.89,1.0,1.0,0.0,5483.0,24000.0,3.3772,5483.0,24000.0,3.3772,6.0,1.0,-0.8333
402907,FRESTEA APEL PET 350ML,1154 - RTD TEA,CHILLER,1.0,,,0.5,,,1.0,,,4700.0,,,4700.0,,,1.0,,
402908,FRESTEA MARKISA PET 350ML,1154 - RTD TEA,CHILLER,1.75,3.0,0.7143,2.0,0.33,-0.835,1.0,1.0,0.0,8225.0,14400.0,0.7508,8225.0,14400.0,0.7508,4.0,1.0,-0.75
420830,FRESTEA JASMINE PET 1.5L,1154 - RTD TEA,CHILLER,1.0,1.0,0.0,2.0,0.33,-0.835,1.0,1.0,0.0,17000.0,17000.0,0.0,17000.0,17000.0,0.0,4.0,1.0,-0.75
420831,FRESTEA APEL PET 1.5L,1154 - RTD TEA,CHILLER,1.0,1.0,0.0,5.0,0.67,-0.866,1.43,1.0,-0.3007,17000.0,17000.0,0.0,24310.0,17000.0,-0.3007,7.0,2.0,-0.7143
446386,FRESTEA LEMON PET 350ML,1154 - RTD TEA,CHILLER,1.0,,,1.0,,,1.0,,,4700.0,,,4700.0,,,2.0,,
452244,FRESTEA BLACKCURRANT PET 500ML,1154 - RTD TEA,CHILLER,,1.14,,,4.67,,,1.17,,,7971.0,,,9326.0,,,12.0,
100995,FRUIT TEA APPLE PET 500ML,1154 - RTD TEA,CHILLER,1.0,1.09,0.09,1.0,3.67,2.67,1.0,1.0,0.0,7500.0,8055.0,0.074,7500.0,8055.0,0.074,2.0,11.0,4.5
100996,FRUIT TEA BLKCURRANT PET 500ML,1154 - RTD TEA,CHILLER,1.13,1.07,-0.0531,7.5,9.33,0.244,1.0,1.0,0.0,8580.0,8000.0,-0.0676,8580.0,8000.0,-0.0676,15.0,28.0,0.8667
100997,FRUIT TEA STRAWBERRY PET 500ML,1154 - RTD TEA,CHILLER,1.0,1.29,0.29,2.0,2.33,0.165,1.0,1.17,0.17,7300.0,9543.0,0.3073,7300.0,11165.0,0.5295,4.0,6.0,0.5
101225,FRUIT TEA X-TREME PET 500ML,1154 - RTD TEA,CHILLER,1.0,1.0,0.0,3.0,3.0,0.0,1.0,1.0,0.0,7467.0,7433.0,-0.0046,7467.0,7433.0,-0.0046,6.0,9.0,0.5
125289,FRUIT TEA FREEZE PET 500ML,1154 - RTD TEA,CHILLER,1.1,1.18,0.0727,5.0,5.67,0.134,1.0,1.13,0.13,8170.0,8665.0,0.0606,8170.0,9791.0,0.1984,10.0,15.0,0.5
400312,FRUIT TEA APPLE PET 350ML,1154 - RTD TEA,CHILLER,1.15,1.0,-0.1304,6.5,5.33,-0.18,1.0,1.0,0.0,4792.0,4250.0,-0.1131,4792.0,4250.0,-0.1131,13.0,16.0,0.2308
400313,FRUIT TEA BLKCURRANT PET 350ML,1154 - RTD TEA,CHILLER,1.01,1.23,0.2178,126.0,7.33,-0.9418,1.23,1.1,-0.1057,4185.0,5118.0,0.2229,5148.0,5630.0,0.0936,205.0,20.0,-0.9024
404812,FRUIT TEA FREEZE PET 350ML,1154 - RTD TEA,CHILLER,1.1,1.11,0.0091,10.0,6.0,-0.4,1.25,1.64,0.312,4455.0,4756.0,0.0676,5569.0,7800.0,0.4006,16.0,11.0,-0.3125
406879,FRUIT TEA MARKISA PET 350ML,1154 - RTD TEA,CHILLER,1.12,1.2,0.0714,4.0,1.67,-0.5825,1.0,1.0,0.0,4600.0,4940.0,0.0739,4600.0,4940.0,0.0739,8.0,5.0,-0.375
407002,FRUIT TEA LEMON PET 350ML,1154 - RTD TEA,CHILLER,1.12,1.0,-0.1071,4.0,2.0,-0.5,1.0,1.0,0.0,4613.0,4200.0,-0.0895,4613.0,4200.0,-0.0895,8.0,6.0,-0.25
432449,FRUIT TEA BLKCURRANT TP 250ML,1154 - RTD TEA,CHILLER,1.67,3.19,0.9102,3.0,12.0,3.0,1.0,1.16,0.16,6200.0,11181.0,0.8034,6200.0,12970.0,1.0919,6.0,31.0,4.1667
465868,FRUIT TEA BLEWAH PET 350ML,1154 - RTD TEA,CHILLER,1.25,,,2.0,,,1.0,,,4950.0,,,4950.0,,,4.0,,
125338,ICHI OCHA GREEN TEA PET 350ML,1154 - RTD TEA,CHILLER,2.15,3.11,0.4465,6.5,3.0,-0.5385,1.3,1.0,-0.2308,6892.0,10000.0,0.451,8960.0,10000.0,0.1161,10.0,9.0,-0.1
407263,ICHITAN THAI M.TEA PET 300ML,1154 - RTD TEA,CHILLER,1.05,1.45,0.381,19.0,13.33,-0.2984,1.19,1.18,-0.0084,9268.0,13433.0,0.4494,11029.0,15851.0,0.4372,32.0,34.0,0.0625
418146,ICHITAN THAI G.TEA PET 300ML,1154 - RTD TEA,CHILLER,1.21,1.16,-0.0413,16.5,14.33,-0.1315,1.06,1.1,0.0377,10661.0,10756.0,0.0089,11301.0,11832.0,0.047,31.0,39.0,0.2581
450856,ICHITAN MILKTEA CHEESE PET300ML,1154 - RTD TEA,CHILLER,,1.06,,,6.0,,,1.06,,,9728.0,,,10312.0,,,17.0,
465723,ICHITAN GT BLKCURRANT PET 280ML,1154 - RTD TEA,CHILLER,1.0,1.33,0.33,2.5,1.0,-0.6,1.0,1.0,0.0,4940.0,6533.0,0.3225,4940.0,6533.0,0.3225,5.0,3.0,-0.4
465724,ICHITAN GT APPLE PET 280ML,1154 - RTD TEA,CHILLER,1.0,1.0,0.0,2.5,0.33,-0.868,1.0,1.0,0.0,4940.0,4900.0,-0.0081,4940.0,4900.0,-0.0081,5.0,1.0,-0.8
465725,ICHITAN GT HON LEMON PET 280ML,1154 - RTD TEA,CHILLER,1.0,,,0.5,,,1.0,,,4900.0,,,4900.0,,,1.0,,
101382,NU GREEN TEA MADU PET 450ML,1154 - RTD TEA,CHILLER,1.3,1.17,-0.1,5.0,2.0,-0.6,1.11,1.0,-0.0991,9130.0,8050.0,-0.1183,10134.0,8050.0,-0.2056,9.0,6.0,-0.3333
120812,NU MILK TEA PET 330ML,1154 - RTD TEA,CHILLER,1.27,1.13,-0.1102,15.0,5.0,-0.6667,1.15,1.07,-0.0696,10420.0,9293.0,-0.1082,11983.0,9944.0,-0.1702,26.0,14.0,-0.4615
401853,NU TEH TARIK PET 330ML,1154 - RTD TEA,CHILLER,1.44,1.3,-0.0972,16.0,9.0,-0.4375,1.33,1.04,-0.218,11813.0,10756.0,-0.0895,15711.0,11186.0,-0.288,24.0,26.0,0.0833
407396,NU GREEN TEA MADU PET 330ML,1154 - RTD TEA,CHILLER,1.0,3.0,2.0,1.0,0.67,-0.33,1.0,1.0,0.0,4500.0,13550.0,2.0111,4500.0,13550.0,2.0111,2.0,2.0,0.0
425615,NU YOGURT TEA PET 450ML,1154 - RTD TEA,CHILLER,1.32,1.2,-0.0909,14.0,5.0,-0.6429,1.0,1.36,0.36,9196.0,8333.0,-0.0938,9196.0,11333.0,0.2324,28.0,11.0,-0.6071
433915,NU CHOCO HAZELTEA PET 330ML,1154 - RTD TEA,CHILLER,1.1,1.0,-0.0909,10.5,4.67,-0.5552,1.05,1.0,-0.0476,8981.0,8357.0,-0.0695,9430.0,8357.0,-0.1138,20.0,14.0,-0.3
459283,NU YOG TEA BERRY PET 450ML,1154 - RTD TEA,CHILLER,,1.0,,,2.0,,,1.5,,,6900.0,,,10350.0,,,4.0,
466117,NU ICE LYCHEE TEA PET 450ML,1154 - RTD TEA,CHILLER,1.22,1.75,0.4344,4.5,2.67,-0.4067,1.0,1.33,0.33,8433.0,12075.0,0.4319,8433.0,16060.0,0.9044,9.0,6.0,-0.3333
892560,CCDI BZR ALFAGIFT FRESHTEA 1.5L,1154 - RTD TEA,CHILLER,1.0,,,18.0,,,1.09,,,17000.0,,,18530.0,,,33.0,,
892563,CCDI BZR ALFAGIFT FRESTEA 500ML,1154 - RTD TEA,CHILLER,1.0,,,7.0,,,1.17,,,6400.0,,,7488.0,,,12.0,,
892566,CCDI BZR ALFAGIFT FRESTEA 350ML,1154 - RTD TEA,CHILLER,1.0,,,13.0,,,1.13,,,4500.0,,,5085.0,,,23.0,,
120333,PUCUK HARUM TEH PET 350ML,1154 - RTD TEA,CHILLER,1.86,1.77,-0.0484,59.0,47.67,-0.192,1.1,1.23,0.1182,6964.0,6755.0,-0.03,7660.0,8309.0,0.0847,107.0,116.0,0.0841
120334,PUCUK HARUM TEH PET 500ML,1154 - RTD TEA,CHILLER,1.06,1.33,0.2547,8.5,10.0,0.1765,1.13,1.03,-0.0885,7312.0,9263.0,0.2668,8263.0,9541.0,0.1547,15.0,29.0,0.9333
123643,PUCUK HARUM LS PET 500ML,1154 - RTD TEA,CHILLER,1.33,1.11,-0.1654,4.5,3.0,-0.3333,1.12,1.0,-0.1071,9300.0,7944.0,-0.1458,10416.0,7944.0,-0.2373,8.0,9.0,0.125
125134,PUCUK HARUM TEH LS PET 350ML,1154 - RTD TEA,CHILLER,1.25,1.2,-0.04,8.0,8.33,0.0413,1.14,1.04,-0.0877,4731.0,4600.0,-0.0277,5393.0,4784.0,-0.1129,14.0,24.0,0.7143
403822,PUCUK HARUM TEH PET 1.3L,1154 - RTD TEA,CHILLER,1.25,1.0,-0.2,2.0,1.67,-0.165,1.0,1.0,0.0,16650.0,13320.0,-0.2,16650.0,13320.0,-0.2,4.0,5.0,0.25
416175,PUCUK HARUM TEH PET 250ML,1154 - RTD TEA,CHILLER,1.27,1.33,0.0472,7.5,4.0,-0.4667,1.0,1.2,0.2,4433.0,4800.0,0.0828,4433.0,5760.0,0.2993,15.0,10.0,-0.3333
404369,S-TEE JASMINE PET 390ML,1154 - RTD TEA,CHILLER,1.26,1.92,0.5238,17.0,4.33,-0.7453,1.1,1.44,0.3091,4079.0,6577.0,0.6124,4487.0,9471.0,1.1108,31.0,9.0,-0.7097
425277,S-TEE JASMINE TP 200ML,1154 - RTD TEA,CHILLER,2.82,4.33,0.5355,5.5,4.0,-0.2727,1.22,1.0,-0.1803,7745.0,11700.0,0.5107,9449.0,11700.0,0.2382,9.0,12.0,0.3333
115977,SOSRO TEH BOTOL ORI PET 450ML,1154 - RTD TEA,CHILLER,1.43,1.18,-0.1748,7.0,7.33,0.0471,1.0,1.05,0.05,10036.0,8350.0,-0.168,10036.0,8768.0,-0.1263,14.0,21.0,0.5
158583,SOSRO TEH BOTOL ORI TP 250ML,1154 - RTD TEA,CHILLER,2.38,1.36,-0.4286,8.0,4.67,-0.4162,1.14,1.0,-0.1228,7788.0,4786.0,-0.3855,8878.0,4786.0,-0.4609,14.0,14.0,0.0
403990,SOSRO TEH BOTOL ORI PET 350ML,1154 - RTD TEA,CHILLER,1.09,1.44,0.3211,112.5,6.0,-0.9467,1.64,1.2,-0.2683,4247.0,5839.0,0.3749,6965.0,7007.0,0.006,137.0,15.0,-0.8905
407443,SOSRO TEH BOTOL TAWAR PET 350ML,1154 - RTD TEA,CHILLER,1.23,1.17,-0.0488,6.5,4.0,-0.3846,1.0,1.0,0.0,3918.0,4117.0,0.0508,3918.0,4117.0,0.0508,13.0,12.0,-0.0769
431474,SOSRO TEH BOTOL LS PET 350ML,1154 - RTD TEA,CHILLER,1.26,1.12,-0.1111,9.5,5.67,-0.4032,1.19,1.0,-0.1597,4926.0,4718.0,-0.0422,5862.0,4718.0,-0.1952,16.0,17.0,0.0625
444991,SOSRO TEH BOTOL ORI TP 300ML,1154 - RTD TEA,CHILLER,3.1,5.1,0.6452,72.0,17.33,-0.7593,1.09,1.04,-0.0459,11256.0,18085.0,0.6067,12269.0,18808.0,0.533,132.0,50.0,-0.6212
101230,TEBS TEA COOLER CAN 330ML,1154 - RTD TEA,CHILLER,2.0,,,4.0,,,1.14,,,11550.0,,,13167.0,,,7.0,,
118265,TEBS TEA COOLER PET 500ML,1154 - RTD TEA,CHILLER,1.0,1.0,0.0,5.5,4.67,-0.1509,1.1,1.4,0.2727,8318.0,8307.0,-0.0013,9150.0,11630.0,0.271,10.0,10.0,0.0
990034,TEH GELAS PET 350ML,1154 - RTD TEA,CHILLER,3.3,2.2,-0.3333,5.0,5.0,0.0,1.0,1.0,0.0,10890.0,7267.0,-0.3327,10890.0,7267.0,-0.3327,10.0,15.0,0.5
125159,ULTRA TEH KOTAK LS TP 300ML,1154 - RTD TEA,CHILLER,1.25,1.22,-0.024,4.0,3.0,-0.25,1.0,1.0,0.0,5150.0,5178.0,0.0054,5150.0,5178.0,0.0054,8.0,9.0,0.125
410515,ULTRA TEH KTK LEMON TP 300ML,1154 - RTD TEA,CHILLER,1.43,1.5,0.049,3.5,1.33,-0.62,1.75,1.0,-0.4286,5886.0,6250.0,0.0618,10300.0,6250.0,-0.3932,4.0,4.0,0.0
412772,ULTRA TEH KTK BCRNT TP300ML,1154 - RTD TEA,CHILLER,1.22,1.1,-0.0984,4.5,6.67,0.4822,1.12,1.05,-0.0625,5111.0,4675.0,-0.0853,5724.0,4909.0,-0.1424,8.0,19.0,1.375
438691,ULTRA TEHKOTAK APL300ML (RN),1154 - RTD TEA,CHILLER,1.0,,,2.0,,,1.0,,,4175.0,,,4175.0,,,4.0,,
444254,ULTRA TEH KOTAK MANGGA300ML,1154 - RTD TEA,CHILLER,1.0,,,2.0,,,1.0,,,4100.0,,,4100.0,,,4.0,,
444255,ULTRA TEH KTK LECI TP 300ML,1154 - RTD TEA,CHILLER,1.0,1.12,0.12,3.5,5.33,0.5229,1.0,1.07,0.07,4086.0,4781.0,0.1701,4086.0,5116.0,0.2521,7.0,15.0,1.1429
6246,ULTRA TEH KTK JASM TP 300ML,1154 - RTD TEA,CHILLER,1.69,1.58,-0.0651,17.5,11.0,-0.3714,1.3,1.14,-0.1231,6889.0,6712.0,-0.0257,8956.0,7652.0,-0.1456,27.0,29.0,0.0741
400552,ABC MILK COFFEE PET 200ML,1156 - RTD COFFEE,CHILLER,1.09,1.15,0.055,23.5,25.0,0.0638,1.07,1.15,0.0748,4883.0,5229.0,0.0709,5225.0,6013.0,0.1508,44.0,65.0,0.4773
990276,ABC CHOCOMALT COFEE PET 200ML,1156 - RTD COFFEE,CHILLER,1.1,1.11,0.0091,25.5,18.33,-0.2812,1.13,1.06,-0.0619,4955.0,5040.0,0.0172,5599.0,5342.0,-0.0459,45.0,52.0,0.1556
441148,CAFFINO MILKY ESPRESSO PET200ML,1156 - RTD COFFEE,CHILLER,1.0,,,0.5,,,1.0,,,7900.0,,,7900.0,,,1.0,,
441149,CAFFINO OAT CAPPUCCINO PET200ML,1156 - RTD COFFEE,CHILLER,1.2,1.0,-0.1667,2.5,2.67,0.068,1.0,1.0,0.0,9440.0,7900.0,-0.1631,9440.0,7900.0,-0.1631,5.0,8.0,0.6
448839,CAFFINO MARIE LATTE PET 200ML,1156 - RTD COFFEE,CHILLER,,1.5,,,1.33,,,1.0,,,11850.0,,,11850.0,,,4.0,
448840,CAFFINO SPANISH LATTE PET 200ML,1156 - RTD COFFEE,CHILLER,1.0,1.0,0.0,1.0,1.33,0.33,1.0,1.0,0.0,7900.0,7900.0,0.0,7900.0,7900.0,0.0,2.0,4.0,1.0
425636,F&N KOPI SODA CAN 325ML,1156 - RTD COFFEE,CHILLER,,1.0,,,1.33,,,1.0,,,7950.0,,,7950.0,,,4.0,
466607,FOXBUD COFOAT CPCINO PET240ML,1156 - RTD COFFEE,CHILLER,,1.0,,,1.33,,,1.0,,,15900.0,,,15900.0,,,4.0,
466608,FOXBUD COFOAT AREN LTE PET240ML,1156 - RTD COFFEE,CHILLER,,1.0,,,1.0,,,1.0,,,15900.0,,,15900.0,,,3.0,
466609,FOXBUD COFOAT CRMLMCTO PET240ML,1156 - RTD COFFEE,CHILLER,,1.12,,,2.67,,,1.14,,,17888.0,,,20392.0,,,7.0,
410190,GOLDA COFFEE LATTE PET 200ML,1156 - RTD COFFEE,CHILLER,1.13,1.1,-0.0265,35.5,22.67,-0.3614,1.13,1.08,-0.0442,4857.0,4609.0,-0.0511,5488.0,4978.0,-0.0929,63.0,63.0,0.0
432393,GOLDA CAPPUCCINO PET 200ML,1156 - RTD COFFEE,CHILLER,1.28,1.22,-0.0469,43.5,42.67,-0.0191,1.18,1.25,0.0593,5494.0,5088.0,-0.0739,6483.0,6360.0,-0.019,74.0,102.0,0.3784
123235,GOOD DAY TIRAMISUBLISS PET250ML,1156 - RTD COFFEE,CHILLER,1.1,1.07,-0.0273,10.5,5.0,-0.5238,1.05,1.0,-0.0476,8348.0,8127.0,-0.0265,8765.0,8127.0,-0.0728,20.0,15.0,-0.25
123236,GOOD DAY FUN MOCACINNO PET250ML,1156 - RTD COFFEE,CHILLER,1.0,1.08,0.08,9.0,8.67,-0.0367,1.06,1.13,0.066,7578.0,8219.0,0.0846,8033.0,9287.0,0.1561,17.0,23.0,0.3529
405141,GOOD DAY CAPPUCCINO PET 250ML,1156 - RTD COFFEE,CHILLER,1.02,1.24,0.2157,27.0,17.0,-0.3704,1.15,1.02,-0.113,7739.0,9437.0,0.2194,8900.0,9626.0,0.0816,47.0,50.0,0.0638
440558,GOOD DAY GRVY COOKIES PET250ML,1156 - RTD COFFEE,CHILLER,1.0,1.0,0.0,2.0,3.33,0.665,1.0,1.25,0.25,7600.0,7620.0,0.0026,7600.0,9525.0,0.2533,4.0,8.0,1.0
990083,GOOD DAY AVOCADO PET 250ML,1156 - RTD COFFEE,CHILLER,1.0,1.06,0.06,7.0,5.33,-0.2386,1.17,1.14,-0.0256,7643.0,8119.0,0.0623,8942.0,9256.0,0.0351,12.0,14.0,0.1667
448870,HY BTS COF CAPPUCCINO PET 250ML,1156 - RTD COFFEE,CHILLER,1.0,1.0,0.0,5.0,2.0,-0.6,1.0,1.0,0.0,9500.0,9500.0,0.0,9500.0,9500.0,0.0,10.0,6.0,-0.4
448871,HY BTS COF TIRAMISU PET 250ML,1156 - RTD COFFEE,CHILLER,1.0,1.38,0.38,3.5,2.67,-0.2371,1.0,1.0,0.0,9500.0,13062.0,0.3749,9500.0,13062.0,0.3749,7.0,8.0,0.1429
448076,HYDRO COCO LATTE CAN 220ML,1156 - RTD COFFEE,CHILLER,,1.0,,,1.0,,,1.0,,,16500.0,,,16500.0,,,3.0,
413446,ICHITAN THAI COFFE PET 300ML,1156 - RTD COFFEE,CHILLER,1.0,1.2,0.2,4.0,1.67,-0.5825,1.14,1.0,-0.1228,9200.0,11080.0,0.2043,10488.0,11080.0,0.0564,7.0,5.0,-0.2857
440529,ICHITAN THAI SALTCRML PET 300ML,1156 - RTD COFFEE,CHILLER,1.18,1.0,-0.1525,5.5,3.0,-0.4545,1.0,1.0,0.0,10873.0,9222.0,-0.1518,10873.0,9222.0,-0.1518,11.0,9.0,-0.1818
411550,KAPAL API SIGN PET 200ML,1156 - RTD COFFEE,CHILLER,1.24,1.08,-0.129,10.5,8.0,-0.2381,1.11,1.0,-0.0991,7452.0,6642.0,-0.1087,8272.0,6642.0,-0.1971,19.0,24.0,0.2632
429873,KAPAL API SIGN STRONG PET 200ML,1156 - RTD COFFEE,CHILLER,1.09,1.15,0.055,11.0,6.67,-0.3936,1.0,1.18,0.18,6577.0,6980.0,0.0613,6577.0,8236.0,0.2522,22.0,17.0,-0.2273
430911,KOPI KENANGAN AVOCUD PET 220ML,1156 - RTD COFFEE,CHILLER,1.0,1.0,0.0,2.0,3.67,0.835,1.0,1.0,0.0,9950.0,10082.0,0.0133,9950.0,10082.0,0.0133,4.0,11.0,1.75
430912,KOPI KENANGAN TANCINO PET 220ML,1156 - RTD COFFEE,CHILLER,1.0,1.05,0.05,3.5,7.0,1.0,1.0,1.0,0.0,9871.0,10471.0,0.0608,9871.0,10471.0,0.0608,7.0,21.0,2.0
430913,KOPI KENANGAN BLK AREN PET220ML,1156 - RTD COFFEE,CHILLER,1.0,1.0,0.0,3.5,4.33,0.2371,1.17,1.0,-0.1453,9900.0,9985.0,0.0086,11583.0,9985.0,-0.138,6.0,13.0,1.1667
441336,KOPI KENANGAN CAFFE LATTE200ML,1156 - RTD COFFEE,CHILLER,1.05,1.14,0.0857,9.5,12.0,0.2632,1.0,1.0,0.0,7579.0,8467.0,0.1172,7579.0,8467.0,0.1172,19.0,36.0,0.8947
445829,KOPI KENANGAN CHS LTE PET 220ML,1156 - RTD COFFEE,CHILLER,1.08,1.08,0.0,6.0,12.33,1.055,1.09,1.12,0.0275,8008.0,8103.0,0.0119,8729.0,9075.0,0.0396,11.0,33.0,2.0
459320,KOPI KENANGAN CPCNO DE CAN220ML,1156 - RTD COFFEE,CHILLER,,1.0,,,0.33,,,1.0,,,10800.0,,,10800.0,,,1.0,
465747,KOPI KENANGAN MATCHA PET 220ML,1156 - RTD COFFEE,CHILLER,1.0,1.09,0.09,14.0,11.67,-0.1664,1.04,1.0,-0.0385,7700.0,8131.0,0.056,8008.0,8131.0,0.0154,27.0,35.0,0.2963
121999,KOPIKO 78C COFFEE LTE PET 240ML,1156 - RTD COFFEE,CHILLER,1.27,1.33,0.0472,5.5,4.0,-0.2727,1.0,1.09,0.09,10500.0,11733.0,0.1174,10500.0,12789.0,0.218,11.0,11.0,0.0
422933,KOPIKO LUCKYDAY COFFEE PET180ML,1156 - RTD COFFEE,CHILLER,1.0,1.33,0.33,2.0,1.0,-0.5,1.0,1.0,0.0,8100.0,11300.0,0.3951,8100.0,11300.0,0.3951,4.0,3.0,-0.25
406323,LUWAK WHITE KOFFIE ORI PET220ML,1156 - RTD COFFEE,CHILLER,1.1,1.07,-0.0273,10.0,4.67,-0.533,1.05,1.08,0.0286,7920.0,7714.0,-0.026,8316.0,8331.0,0.0018,19.0,13.0,-0.3158
439807,LUWAK KOPI GULA PET 220ML (RN),1156 - RTD COFFEE,CHILLER,1.0,,,0.5,,,1.0,,,6200.0,,,6200.0,,,1.0,,
100089,NESCAFE CAFE LATTE CAN 220ML,1156 - RTD COFFEE,CHILLER,1.25,1.0,-0.2,4.0,2.67,-0.3325,1.14,1.14,0.0,13900.0,11550.0,-0.1691,15846.0,13167.0,-0.1691,7.0,7.0,0.0
103545,NESCAFE ORIGINAL CAN 220ML,1156 - RTD COFFEE,CHILLER,1.14,1.0,-0.1228,7.0,6.33,-0.0957,1.17,1.06,-0.094,12764.0,11568.0,-0.0937,14934.0,12262.0,-0.1789,12.0,18.0,0.5
215166,NESCAFE MOCHA COF CAN 220ML,1156 - RTD COFFEE,CHILLER,1.14,1.14,0.0,3.5,2.33,-0.3343,1.0,1.0,0.0,12771.0,13171.0,0.0313,12771.0,13171.0,0.0313,7.0,7.0,0.0
426999,NESCAFE CARAMEL MAC CAN 220ML,1156 - RTD COFFEE,CHILLER,1.15,1.21,0.0522,23.5,17.33,-0.2626,1.12,1.11,-0.0089,8489.0,9010.0,0.0614,9508.0,10001.0,0.0519,42.0,47.0,0.119
427000,NESCAFE CAPPUCCINO CAN 220ML,1156 - RTD COFFEE,CHILLER,1.25,1.22,-0.024,27.5,21.0,-0.2364,1.04,1.09,0.0481,9307.0,9148.0,-0.0171,9679.0,9971.0,0.0302,53.0,58.0,0.0943
427004,NESCAFE LATTE CAN 220ML,1156 - RTD COFFEE,CHILLER,1.19,1.21,0.0168,29.5,26.67,-0.0959,1.05,1.1,0.0476,8753.0,9096.0,0.0392,9191.0,10006.0,0.0887,56.0,73.0,0.3036
427911,NESCAFE COFFEE CRM TP 180ML,1156 - RTD COFFEE,CHILLER,1.0,1.0,0.0,3.5,2.33,-0.3343,1.0,1.17,0.17,5757.0,5771.0,0.0024,5757.0,6752.0,0.1728,7.0,6.0,-0.1429
431413,NESCAFE ICE BLACK CAN 220ML,1156 - RTD COFFEE,CHILLER,2.16,1.18,-0.4537,37.0,16.67,-0.5495,1.57,1.14,-0.2739,16258.0,8890.0,-0.4532,25525.0,10135.0,-0.6029,47.0,44.0,-0.0638
433468,NESCAFE GULA AREN COF CAN 220ML,1156 - RTD COFFEE,CHILLER,1.15,1.14,-0.0087,20.0,12.0,-0.4,1.11,1.09,-0.018,8520.0,8447.0,-0.0086,9457.0,9207.0,-0.0264,36.0,33.0,-0.0833
441230,NESCAFE OAT LATTE CAN 220ML,1156 - RTD COFFEE,CHILLER,1.2,1.0,-0.1667,2.5,1.67,-0.332,1.0,1.0,0.0,10320.0,8780.0,-0.1492,10320.0,8780.0,-0.1492,5.0,5.0,0.0
452021,NESCAFE KITKAT LATTE CAN 220ML,1156 - RTD COFFEE,CHILLER,,1.0,,,8.0,,,1.0,,,10917.0,,,10917.0,,,24.0,
437963,OATSIDE COFFEE 240/200ML,1156 - RTD COFFEE,CHILLER,,1.0,,,0.67,,,1.0,,,7900.0,,,7900.0,,,2.0,
437963,OATSIDE COFFEE TP 200ML,1156 - RTD COFFEE,CHILLER,1.08,1.33,0.2315,6.5,2.0,-0.6923,1.0,1.2,0.2,8508.0,10633.0,0.2498,8508.0,12760.0,0.4998,13.0,5.0,-0.6154
443540,OATSIDE CARAMEL MCTO TP 200ML,1156 - RTD COFFEE,CHILLER,1.2,1.75,0.4583,2.5,1.33,-0.468,1.0,1.0,0.0,9480.0,13825.0,0.4583,9480.0,13825.0,0.4583,5.0,4.0,-0.2
443540,OATSIDE CRML MCTO 240/200ML,1156 - RTD COFFEE,CHILLER,,1.25,,,1.33,,,1.0,,,9875.0,,,9875.0,,,4.0,
443541,OATSIDE MOCHA TP 200ML,1156 - RTD COFFEE,CHILLER,1.0,,,0.5,,,1.0,,,7900.0,,,7900.0,,,1.0,,
990114,POLARIS COFFEE CREAM CAN 330ML,1156 - RTD COFFEE,CHILLER,1.22,1.52,0.2459,4.5,7.0,0.5556,2.25,1.17,-0.48,8433.0,11429.0,0.3553,18974.0,13372.0,-0.2952,4.0,18.0,3.5
434324,STARBUCKS ESPPRESSO LT CAN220ML,1156 - RTD COFFEE,CHILLER,1.0,1.82,0.82,3.0,5.67,0.89,1.2,1.06,-0.1167,20333.0,27600.0,0.3574,24400.0,29256.0,0.199,5.0,16.0,2.2
434325,STARBUCKS MOCHA/CARAMEL CAN 220,1156 - RTD COFFEE,CHILLER,1.0,1.77,0.77,3.0,4.33,0.4433,1.2,1.08,-0.1,15200.0,26754.0,0.7601,18240.0,28894.0,0.5841,5.0,12.0,1.4
417810,TORA CAFE ICE MLK LTE PET 180ML,1156 - RTD COFFEE,CHILLER,1.0,1.0,0.0,4.0,3.0,-0.25,1.14,1.12,-0.0175,5700.0,5811.0,0.0195,6498.0,6508.0,0.0015,7.0,8.0,0.1429
417811,TORA CAFE ICE CPCN PET 180ML,1156 - RTD COFFEE,CHILLER,1.25,1.0,-0.2,4.0,0.33,-0.9175,1.0,1.0,0.0,7225.0,6300.0,-0.128,7225.0,6300.0,-0.128,8.0,1.0,-0.875
407272,L-MEN 2GO LF CHOCOLATE TP 200ML,2022 - SPECIALTY LIQUID MILK,CHILLER,1.33,1.0,-0.2481,1.5,3.33,1.22,1.5,1.43,-0.0467,20667.0,15500.0,-0.25,31000.0,22165.0,-0.285,2.0,7.0,2.5
466234,L-MEN 2GO LF CAPPUCCINO TP190ML,2022 - SPECIALTY LIQUID MILK,CHILLER,,1.0,,,2.0,,,1.5,,,15900.0,,,23850.0,,,4.0,
466280,MILO UHT PROTEIN TP 225ML,2022 - SPECIALTY LIQUID MILK,CHILLER,,1.0,,,2.67,,,1.14,,,14488.0,,,16516.0,,,7.0,
113850,NUTRIVE BENECOL STR BTL 100ML,2022 - SPECIALTY LIQUID MILK,CHILLER,1.12,1.41,0.2589,8.5,5.67,-0.3329,1.0,1.13,0.13,10318.0,12988.0,0.2588,10318.0,14676.0,0.4224,17.0,15.0,-0.1176
113852,NUTRIVE BENECOL B.CRNT BTL100ML,2022 - SPECIALTY LIQUID MILK,CHILLER,1.3,1.56,0.2,10.0,6.0,-0.4,1.11,1.2,0.0811,11970.0,14311.0,0.1956,13287.0,17173.0,0.2925,18.0,15.0,-0.1667
200213,NUTRIVE BENECOL LYCHEE BTL100ML,2022 - SPECIALTY LIQUID MILK,CHILLER,1.5,1.32,-0.12,11.0,7.33,-0.3336,1.05,1.22,0.1619,13809.0,12127.0,-0.1218,14499.0,14795.0,0.0204,21.0,18.0,-0.1429
408055,NUTRIVE BENECOL ORG BTL 100ML,2022 - SPECIALTY LIQUID MILK,CHILLER,1.26,1.33,0.0556,9.5,2.0,-0.7895,1.12,1.0,-0.1071,11632.0,12267.0,0.0546,13028.0,12267.0,-0.0584,17.0,6.0,-0.6471
118340,PRENAGEN UHT CHOCO 185ML,2022 - SPECIALTY LIQUID MILK,CHILLER,,1.42,,,6.33,,,1.27,,,14068.0,,,17866.0,,,15.0,
449952,BEBELAC UHT PLAIN TP 165ML,2023 - TETRAPACK LIQUID MILK,CHILLER,1.5,1.14,-0.24,1.0,2.33,1.33,1.0,1.0,0.0,14550.0,10914.0,-0.2499,14550.0,10914.0,-0.2499,2.0,7.0,2.5
449977,BEBELAC UHT PLAIN TP 105ML,2023 - TETRAPACK LIQUID MILK,CHILLER,1.19,1.65,0.3866,13.5,14.33,0.0615,1.12,1.39,0.2411,7348.0,9874.0,0.3438,8230.0,13725.0,0.6677,24.0,31.0,0.2917
459296,BEBELAC UHT COKELAT TP 105ML,2023 - TETRAPACK LIQUID MILK,CHILLER,,1.65,,,7.67,,,1.35,,,9704.0,,,13100.0,,,17.0,
459297,BEBELAC UHT COKELAT TP 165ML,2023 - TETRAPACK LIQUID MILK,CHILLER,,1.0,,,1.67,,,1.0,,,9500.0,,,9500.0,,,5.0,
438623,BINGGRAE UHT BANANA 200ML,2023 - TETRAPACK LIQUID MILK,CHILLER,1.0,,,0.5,,,1.0,,,19900.0,,,19900.0,,,1.0,,
448237,(CTN)CHIL-GO VANILA36X130ML(OL),2023 - TETRAPACK LIQUID MILK,CHILLER,1.0,,,1.0,,,2.0,,,195000.0,,,390000.0,,,1.0,,
448239,(CTN)CHIL-GO COKELT36X130ML(OL),2023 - TETRAPACK LIQUID MILK,CHILLER,1.0,,,2.0,,,4.0,,,169000.0,,,676000.0,,,1.0,,
417821,CIMORY UHT CHOCOLATE TP 250ML,2023 - TETRAPACK LIQUID MILK,CHILLER,2.12,1.16,-0.4528,49.0,25.0,-0.4898,1.09,1.1,0.0092,15899.0,8847.0,-0.4435,17330.0,9732.0,-0.4384,90.0,68.0,-0.2444
417822,CIMORY UHT BEBASLAKTOSA TP250ML,2023 - TETRAPACK LIQUID MILK,CHILLER,1.47,1.0,-0.3197,8.5,1.0,-0.8824,1.13,1.0,-0.115,10988.0,7500.0,-0.3174,12416.0,7500.0,-0.3959,15.0,3.0,-0.8
417822,CIMORY UHT FCRM/BBSLKTO TP250ML,2023 - TETRAPACK LIQUID MILK,CHILLER,,1.0,,,0.33,,,1.0,,,7500.0,,,7500.0,,,1.0,
420943,CIMORY UHT HAZELNUT TP 250ML,2023 - TETRAPACK LIQUID MILK,CHILLER,1.0,1.03,0.03,11.5,10.0,-0.1304,1.1,1.07,-0.0273,7578.0,7840.0,0.0346,8336.0,8389.0,0.0064,21.0,28.0,0.3333
420944,CIMORY UHT CHOCO MALT TP 250ML,2023 - TETRAPACK LIQUID MILK,CHILLER,1.1,1.05,-0.0455,5.0,7.33,0.466,1.0,1.0,0.0,8370.0,8036.0,-0.0399,8370.0,8036.0,-0.0399,10.0,22.0,1.2
422599,CIMORY UHT CHOCOLATE TP 125ML,2023 - TETRAPACK LIQUID MILK,CHILLER,1.3,1.46,0.1231,13.5,16.67,0.2348,1.35,1.19,-0.1185,4667.0,5076.0,0.0876,6300.0,6040.0,-0.0413,20.0,42.0,1.1
422600,CIMORY UHT STRAWBERRY TP 125ML,2023 - TETRAPACK LIQUID MILK,CHILLER,1.27,,,7.5,,,1.0,,,4560.0,,,4560.0,,,15.0,,
423993,CIMORY UHT CASHEW TP 250ML,2023 - TETRAPACK LIQUID MILK,CHILLER,1.15,1.04,-0.0957,6.5,8.33,0.2815,1.08,1.0,-0.0741,8808.0,7884.0,-0.1049,9513.0,7884.0,-0.1712,12.0,25.0,1.0833
423995,CIMORY UHT ALMOND TP 250ML,2023 - TETRAPACK LIQUID MILK,CHILLER,1.1,1.03,-0.0636,20.0,11.33,-0.4335,1.08,1.03,-0.0463,8410.0,7909.0,-0.0596,9083.0,8146.0,-0.1032,37.0,33.0,-0.1081
426857,CIMORY UHT MARIE BISC TP 250ML,2023 - TETRAPACK LIQUID MILK,CHILLER,1.14,1.24,0.0877,18.0,11.0,-0.3889,1.06,1.14,0.0755,8631.0,9518.0,0.1028,9149.0,10851.0,0.186,34.0,29.0,-0.1471
438899,CIMORY UHT PEANUT BUT TP 250ML,2023 - TETRAPACK LIQUID MILK,CHILLER,1.0,,,6.0,,,1.0,,,7500.0,,,7500.0,,,12.0,,
438900,CIMORY UHT CHOCO MINT TP 250ML,2023 - TETRAPACK LIQUID MILK,CHILLER,1.0,1.2,0.2,9.5,1.67,-0.8242,1.19,1.0,-0.1597,7500.0,9040.0,0.2053,8925.0,9040.0,0.0129,16.0,5.0,-0.6875
443496,CIMORY UHT MATCHA TP 250ML,2023 - TETRAPACK LIQUID MILK,CHILLER,1.15,1.12,-0.0261,44.5,38.33,-0.1387,1.53,1.28,-0.1634,8618.0,8510.0,-0.0125,13186.0,10893.0,-0.1739,58.0,90.0,0.5517
466417,CIMORY UHT MILK TEA TP 250ML,2023 - TETRAPACK LIQUID MILK,CHILLER,,1.21,,,4.67,,,1.27,,,9093.0,,,11548.0,,,11.0,
466418,CIMORY UHT THAI TEA TP 250ML,2023 - TETRAPACK LIQUID MILK,CHILLER,,1.21,,,13.0,,,1.18,,,9018.0,,,10641.0,,,33.0,
200206,DANCOW UHT FG COKELAT TP 110ML,2023 - TETRAPACK LIQUID MILK,CHILLER,2.12,1.8,-0.1509,8.5,6.67,-0.2153,1.0,1.0,0.0,7412.0,6300.0,-0.15,7412.0,6300.0,-0.15,17.0,20.0,0.1765
200207,DANCOW UHT FG STROBERI TP 110ML,2023 - TETRAPACK LIQUID MILK,CHILLER,1.0,,,2.0,,,1.0,,,3500.0,,,3500.0,,,4.0,,
441414,DANCOW UHT FG VANILA TP 110ML,2023 - TETRAPACK LIQUID MILK,CHILLER,1.96,,,13.5,,,1.42,,,6870.0,,,9755.0,,,19.0,,
465615,DANCOW UHTMLKSHK COOKIE TP180ML,2023 - TETRAPACK LIQUID MILK,CHILLER,1.8,1.0,-0.4444,5.0,0.33,-0.934,1.0,1.0,0.0,12240.0,6800.0,-0.4444,12240.0,6800.0,-0.4444,10.0,1.0,-0.9
465682,DANCOW UHT CHO HAZELNUT TP180ML,2023 - TETRAPACK LIQUID MILK,CHILLER,1.3,1.0,-0.2308,5.0,0.67,-0.866,1.0,1.0,0.0,8840.0,6800.0,-0.2308,8840.0,6800.0,-0.2308,10.0,2.0,-0.8
10072,DIAMOND UHT FULL CRM TP 200ML,2023 - TETRAPACK LIQUID MILK,CHILLER,,1.67,,,2.0,,,1.0,,,9833.0,,,9833.0,,,6.0,
440192,DIAMOND UHT MALLOW TP 200ML,2023 - TETRAPACK LIQUID MILK,CHILLER,,1.54,,,9.33,,,1.04,,,9061.0,,,9423.0,,,27.0,
440194,DIAMOND UHT MALLOW TP 125ML,2023 - TETRAPACK LIQUID MILK,CHILLER,1.2,,,20.0,,,1.25,,,4678.0,,,5848.0,,,32.0,,
466145,DIAMOND UHT BUBBLE GUM TP 200ML,2023 - TETRAPACK LIQUID MILK,CHILLER,1.08,1.27,0.1759,6.0,3.67,-0.3883,1.09,1.0,-0.0826,6392.0,7509.0,0.1747,6967.0,7509.0,0.0778,11.0,11.0,0.0
114655,FF UHT PF LF VANILA TP 225ML,2023 - TETRAPACK LIQUID MILK,CHILLER,1.13,1.17,0.0354,15.5,8.0,-0.4839,1.11,1.14,0.027,9135.0,9579.0,0.0486,10140.0,10920.0,0.0769,28.0,21.0,-0.25
114656,FF UHT PF LF HC COKELAT TP225ML,2023 - TETRAPACK LIQUID MILK,CHILLER,1.18,1.04,-0.1186,8.5,9.0,0.0588,1.0,1.04,0.04,9500.0,8515.0,-0.1037,9500.0,8856.0,-0.0678,17.0,26.0,0.5294
115957,FF UHT PF COKELAT TP 225ML,2023 - TETRAPACK LIQUID MILK,CHILLER,1.36,1.43,0.0515,85.0,51.67,-0.3921,1.09,1.17,0.0734,9161.0,9265.0,0.0114,9985.0,10840.0,0.0856,156.0,132.0,-0.1538
115958,FF UHT PF STROBERI TP 225ML,2023 - TETRAPACK LIQUID MILK,CHILLER,1.32,1.38,0.0455,59.5,30.33,-0.4903,1.08,1.1,0.0185,8943.0,8965.0,0.0025,9658.0,9862.0,0.0211,110.0,83.0,-0.2455
115959,FF UHT PF F.CREAM TP 225ML,2023 - TETRAPACK LIQUID MILK,CHILLER,1.43,1.36,-0.049,45.0,30.0,-0.3333,1.07,1.06,-0.0093,9711.0,9009.0,-0.0723,10391.0,9550.0,-0.0809,84.0,85.0,0.0119
125699,FF UHT PF LF STROBERI TP 225ML,2023 - TETRAPACK LIQUID MILK,CHILLER,1.29,1.15,-0.1085,7.0,4.33,-0.3814,1.17,1.0,-0.1453,10379.0,9469.0,-0.0877,12143.0,9469.0,-0.2202,12.0,13.0,0.0833
193048,FF UHT OMEGA COKELAT TP 180ML,2023 - TETRAPACK LIQUID MILK,CHILLER,,1.21,,,16.0,,,1.04,,,6525.0,,,6786.0,,,46.0,
232831,FF UHTOMEGA COKELAT TP 110ML,2023 - TETRAPACK LIQUID MILK,CHILLER,1.31,1.73,0.3206,8.0,12.33,0.5412,1.07,1.03,-0.0374,4894.0,6159.0,0.2585,5237.0,6344.0,0.2114,15.0,36.0,1.4
232832,FF UHTOMEGA STROBERI TP 110ML,2023 - TETRAPACK LIQUID MILK,CHILLER,1.12,,,4.0,,,1.14,,,4263.0,,,4860.0,,,7.0,,
402199,FF UHT PF COCONUT TP 225ML,2023 - TETRAPACK LIQUID MILK,CHILLER,1.17,1.11,-0.0513,23.5,15.67,-0.3332,1.18,1.24,0.0508,9428.0,8998.0,-0.0456,11125.0,11158.0,0.003,40.0,38.0,-0.05
415702,FF UHT OMEGA PLAIN TP 110ML,2023 - TETRAPACK LIQUID MILK,CHILLER,,2.17,,,11.67,,,1.25,,,7817.0,,,9771.0,,,28.0,
437246,FF UHT SEREAL TP 225ML,2023 - TETRAPACK LIQUID MILK,CHILLER,1.27,1.0,-0.2126,5.5,0.33,-0.94,1.0,1.0,0.0,10273.0,8000.0,-0.2213,10273.0,8000.0,-0.2213,11.0,1.0,-0.9091
440502,FF UHT SEREAL KOPI TP 225ML,2023 - TETRAPACK LIQUID MILK,CHILLER,1.0,,,1.0,,,1.0,,,8100.0,,,8100.0,,,2.0,,
443456,(CTN)FF UHT OMG CHO36X110ML(OL),2023 - TETRAPACK LIQUID MILK,CHILLER,1.0,,,0.5,,,1.0,,,105500.0,,,105500.0,,,1.0,,
443457,(CTN)FF UHT OMG STB36X110ML(OL),2023 - TETRAPACK LIQUID MILK,CHILLER,1.0,,,0.5,,,1.0,,,105500.0,,,105500.0,,,1.0,,
447726,FF UHT ENERGO MATCHA 225ML,2023 - TETRAPACK LIQUID MILK,CHILLER,1.0,1.07,0.07,6.5,5.0,-0.2308,1.08,1.07,-0.0093,8092.0,8653.0,0.0693,8739.0,9259.0,0.0595,12.0,14.0,0.1667
447727,FF UHT ENERGO BERRIES 225ML,2023 - TETRAPACK LIQUID MILK,CHILLER,1.0,1.0,0.0,6.0,3.33,-0.445,1.0,1.0,0.0,8075.0,8030.0,-0.0056,8075.0,8030.0,-0.0056,12.0,10.0,-0.1667
459555,FF UHT OMEGA PLAIN TP 180ML,2023 - TETRAPACK LIQUID MILK,CHILLER,,1.25,,,1.33,,,1.0,,,6750.0,,,6750.0,,,4.0,
411932,GREENFIELDS UHT FULLCREAM 105ML,2023 - TETRAPACK LIQUID MILK,CHILLER,2.72,2.48,-0.0882,81.5,75.67,-0.0715,1.43,1.46,0.021,9736.0,9175.0,-0.0576,13922.0,13396.0,-0.0378,114.0,156.0,0.3684
437495,(CTN)GRNFIELDS UHT FC32X200(OL),2023 - TETRAPACK LIQUID MILK,CHILLER,2.0,,,0.5,,,1.0,,,363800.0,,,363800.0,,,1.0,,
437793,GREENFIELDS UHT CHOCO TP 250ML,2023 - TETRAPACK LIQUID MILK,CHILLER,1.0,1.0,0.0,5.0,2.0,-0.6,1.25,1.0,-0.2,7960.0,8350.0,0.049,9950.0,8350.0,-0.1608,8.0,6.0,-0.25
438380,(CTN)GRNFIELDS UHT FC40X105(OL),2023 - TETRAPACK LIQUID MILK,CHILLER,1.56,,,4.5,,,1.5,,,179022.0,,,268533.0,,,6.0,,
438381,(CTN)GRNFIELDS UHTCHO40X105(OL),2023 - TETRAPACK LIQUID MILK,CHILLER,1.0,,,1.5,,,1.0,,,116000.0,,,116000.0,,,3.0,,
438382,(CTN)GRNFIELDS UHT SB40X105(OL),2023 - TETRAPACK LIQUID MILK,CHILLER,1.0,,,0.5,,,1.0,,,119000.0,,,119000.0,,,1.0,,
438492,GREENFIELDS UHT CHOCO 105ML,2023 - TETRAPACK LIQUID MILK,CHILLER,1.92,1.9,-0.0104,29.5,19.33,-0.3447,1.28,1.49,0.1641,6888.0,7417.0,0.0768,8817.0,11051.0,0.2534,46.0,39.0,-0.1522
446027,GREENFIELDS UHT CF LTE 200ML,2023 - TETRAPACK LIQUID MILK,CHILLER,1.29,,,3.5,,,1.0,,,8714.0,,,8714.0,,,7.0,,
446408,GRNFIELDS UHT BELG CHO 200ML,2023 - TETRAPACK LIQUID MILK,CHILLER,1.7,,,5.0,,,1.0,,,11440.0,,,11440.0,,,10.0,,
115608,HILO TEEN UHT CHCO TP200ML (OL),2023 - TETRAPACK LIQUID MILK,CHILLER,3.33,,,1.5,,,1.5,,,26333.0,,,39500.0,,,2.0,,
406685,HILO SCHOOL COKELAT TP 200ML,2023 - TETRAPACK LIQUID MILK,CHILLER,1.88,1.5,-0.2021,8.5,2.0,-0.7647,1.31,1.0,-0.2366,18259.0,14550.0,-0.2031,23919.0,14550.0,-0.3917,13.0,6.0,-0.5385
436651,HILO CHOCO AVOCADO 200ML(OL),2023 - TETRAPACK LIQUID MILK,CHILLER,2.0,,,0.5,,,1.0,,,15000.0,,,15000.0,,,1.0,,
442324,HILO PROTEIN CHOCO TP 190ML,2023 - TETRAPACK LIQUID MILK,CHILLER,1.5,1.25,-0.1667,4.0,1.33,-0.6675,1.14,1.0,-0.1228,22350.0,19000.0,-0.1499,25479.0,19000.0,-0.2543,7.0,4.0,-0.4286
140233,INDOMILK KIDS COKELAT TP 115ML,2023 - TETRAPACK LIQUID MILK,CHILLER,1.53,1.6,0.0458,24.5,38.67,0.5784,1.2,1.14,-0.05,5308.0,5328.0,0.0038,6370.0,6074.0,-0.0465,41.0,102.0,1.4878
140234,INDOMILK KIDS STROBERI TP 115ML,2023 - TETRAPACK LIQUID MILK,CHILLER,1.5,1.43,-0.0467,23.0,28.67,0.2465,1.12,1.1,-0.0179,5213.0,4831.0,-0.0733,5839.0,5314.0,-0.0899,41.0,78.0,0.9024
140238,INDOMILK CHOCOLATE TP 180ML,2023 - TETRAPACK LIQUID MILK,CHILLER,1.25,1.12,-0.104,6.0,2.67,-0.555,1.09,1.0,-0.0826,6658.0,5988.0,-0.1006,7257.0,5988.0,-0.1749,11.0,8.0,-0.2727
401705,INDOMILK BANANA TP 180ML,2023 - TETRAPACK LIQUID MILK,CHILLER,1.6,1.0,-0.375,7.5,1.33,-0.8227,1.25,1.0,-0.2,8487.0,5300.0,-0.3755,10609.0,5300.0,-0.5004,12.0,4.0,-0.6667
410445,INDOMILK KIDS FC TNP+GLATP115ML,2023 - TETRAPACK LIQUID MILK,CHILLER,1.76,3.31,0.8807,24.5,19.33,-0.211,1.29,1.16,-0.1008,6094.0,10733.0,0.7612,7861.0,12450.0,0.5838,38.0,50.0,0.3158
436321,INDOMILK DALGONA TP 180ML,2023 - TETRAPACK LIQUID MILK,CHILLER,1.5,,,3.0,,,1.0,,,7950.0,,,7950.0,,,6.0,,
439748,INDOMILK KIDS LS CKT TP 115ML,2023 - TETRAPACK LIQUID MILK,CHILLER,1.53,1.86,0.2157,26.5,19.33,-0.2706,1.06,1.09,0.0283,5279.0,6240.0,0.182,5596.0,6802.0,0.2155,50.0,53.0,0.06
444134,INDOMILK GOGUMA TP 180ML,2023 - TETRAPACK LIQUID MILK,CHILLER,1.75,,,2.0,,,1.0,,,9275.0,,,9275.0,,,4.0,,
446411,(CTN)INDOMILK LSCKT40X115ML(OL),2023 - TETRAPACK LIQUID MILK,CHILLER,1.33,,,1.5,,,1.0,,,149333.0,,,149333.0,,,3.0,,
446412,(CTN)INDOMILK LS FC40X115ML(OL),2023 - TETRAPACK LIQUID MILK,CHILLER,1.0,,,0.5,,,1.0,,,112000.0,,,112000.0,,,1.0,,
446855,INDOMILK KIDS BANANA TP 115ML,2023 - TETRAPACK LIQUID MILK,CHILLER,1.88,,,12.0,,,1.33,,,6408.0,,,8523.0,,,18.0,,
446109,LACTOGROW UHT MADU VNL TP 135ML,2023 - TETRAPACK LIQUID MILK,CHILLER,1.58,1.5,-0.0506,6.0,2.0,-0.6667,1.2,1.2,0.0,10133.0,9400.0,-0.0723,12160.0,11280.0,-0.0724,10.0,5.0,-0.5
444018,(CTN)MILK LIFE UHT CK40X115(OL),2023 - TETRAPACK LIQUID MILK,CHILLER,1.0,,,1.0,,,1.0,,,106000.0,,,106000.0,,,2.0,,
422546,MILO UHT COKELAT TP 180ML,2023 - TETRAPACK LIQUID MILK,CHILLER,1.22,1.14,-0.0656,13.5,14.67,0.0867,1.0,1.22,0.22,7652.0,7195.0,-0.0597,7652.0,8778.0,0.1472,27.0,36.0,0.3333
444905,MILO UHT NUTRI CHOCO BNN 180ML,2023 - TETRAPACK LIQUID MILK,CHILLER,1.0,1.33,0.33,5.0,7.0,0.4,1.0,1.05,0.05,6840.0,8933.0,0.306,6840.0,9380.0,0.3713,10.0,20.0,1.0
444906,MILO UHT CHOCO CEREAL TP 180ML,2023 - TETRAPACK LIQUID MILK,CHILLER,1.13,1.04,-0.0796,15.5,9.33,-0.3981,1.03,1.04,0.0097,7729.0,6939.0,-0.1022,7961.0,7217.0,-0.0935,30.0,27.0,-0.1
437040,PEDIASURE GO VANILA TP 110ML,2023 - TETRAPACK LIQUID MILK,CHILLER,1.5,1.2,-0.2,8.0,1.67,-0.7912,1.33,1.0,-0.2481,19663.0,16680.0,-0.1517,26152.0,16680.0,-0.3622,12.0,5.0,-0.5833
437041,PEDIASURE GO COKELAT TP 110ML,2023 - TETRAPACK LIQUID MILK,CHILLER,1.62,,,8.0,,,2.0,,,21525.0,,,43050.0,,,8.0,,
408749,REAL GOOD UHT COKELAT PLW 125ML,2023 - TETRAPACK LIQUID MILK,CHILLER,4.01,10.31,1.5711,54.5,45.67,-0.162,1.22,1.1,-0.0984,13230.0,34012.0,1.5708,16141.0,37413.0,1.3179,89.0,124.0,0.3933
441584,SARI CHOCO UHT COKELAT TP 110ML,2023 - TETRAPACK LIQUID MILK,CHILLER,1.0,,,2.0,,,1.0,,,4300.0,,,4300.0,,,4.0,,
105086,ULTRA MILK UHT LF 250ML(RN)(OL),2023 - TETRAPACK LIQUID MILK,CHILLER,4.0,,,0.5,,,1.0,,,32400.0,,,32400.0,,,1.0,,
123548,ULTRA MIMI UHT F.CREAM TP 125ML,2023 - TETRAPACK LIQUID MILK,CHILLER,1.91,2.82,0.4764,69.5,55.0,-0.2086,1.39,1.34,-0.036,8190.0,11809.0,0.4419,11384.0,15824.0,0.39,100.0,123.0,0.23
154271,ULTRA MILK UHT COKELAT TP 125ML,2023 - TETRAPACK LIQUID MILK,CHILLER,1.59,1.79,0.1258,32.0,16.0,-0.5,1.08,1.26,0.1667,6497.0,7375.0,0.1351,7017.0,9292.0,0.3242,59.0,38.0,-0.3559
154272,ULTRA MILK UHT STROBERI TP125ML,2023 - TETRAPACK LIQUID MILK,CHILLER,1.45,1.32,-0.0897,14.5,8.33,-0.4255,1.21,1.04,-0.1405,5648.0,5676.0,0.005,6834.0,5903.0,-0.1362,24.0,24.0,0.0
174590,ULTRA MILK UHT COKELAT TP 200ML,2023 - TETRAPACK LIQUID MILK,CHILLER,1.64,1.24,-0.2439,81.0,49.0,-0.3951,1.32,1.18,-0.1061,9815.0,7817.0,-0.2036,12956.0,9224.0,-0.2881,123.0,125.0,0.0163
174592,ULTRA MILK UHT STROBERI TP200ML,2023 - TETRAPACK LIQUID MILK,CHILLER,1.2,1.2,0.0,40.0,33.33,-0.1668,1.16,1.09,-0.0603,7641.0,7621.0,-0.0026,8864.0,8307.0,-0.0628,69.0,92.0,0.3333
176010,ULTRA MILK UHT FC TP 200ML,2023 - TETRAPACK LIQUID MILK,CHILLER,1.29,1.27,-0.0155,45.0,57.67,0.2816,1.12,1.23,0.0982,8100.0,7956.0,-0.0178,9072.0,9786.0,0.0787,80.0,141.0,0.7625
216472,ULTRA MIMI UHT STROBERI TP125ML,2023 - TETRAPACK LIQUID MILK,CHILLER,1.47,1.4,-0.0476,58.0,37.0,-0.3621,1.51,1.31,-0.1325,6381.0,6235.0,-0.0229,9635.0,8168.0,-0.1523,77.0,85.0,0.1039
216473,ULTRA MIMI UHT COKELAT TP 125ML,2023 - TETRAPACK LIQUID MILK,CHILLER,1.57,1.54,-0.0191,50.0,35.33,-0.2934,1.47,1.26,-0.1429,6823.0,6772.0,-0.0075,10030.0,8533.0,-0.1493,68.0,84.0,0.2353
263761,ULTRA MILK UHT LF CKT TP 250ML,2023 - TETRAPACK LIQUID MILK,CHILLER,1.04,1.14,0.0962,11.5,12.0,0.0435,1.21,1.09,-0.0992,9352.0,10039.0,0.0735,11316.0,10943.0,-0.033,19.0,33.0,0.7368
410235,ULTRA MILK UHT TARO TP 200ML,2023 - TETRAPACK LIQUID MILK,CHILLER,1.12,1.11,-0.0089,28.5,21.67,-0.2396,1.19,1.07,-0.1008,7105.0,6958.0,-0.0207,8455.0,7445.0,-0.1195,48.0,61.0,0.2708
410236,ULTRA MILK UHT KARAMEL TP 200ML,2023 - TETRAPACK LIQUID MILK,CHILLER,1.08,1.41,0.3056,6.0,9.0,0.5,1.09,1.42,0.3028,6675.0,8889.0,0.3317,7276.0,12622.0,0.7347,11.0,19.0,0.7273
441163,(CTN)ULTRA MM UHT VNL40X125(OL),2023 - TETRAPACK LIQUID MILK,CHILLER,1.0,,,0.5,,,1.0,,,133000.0,,,133000.0,,,1.0,,
441164,(CTN)ULTRA MM UHT CHO40X125(OL),2023 - TETRAPACK LIQUID MILK,CHILLER,1.0,,,1.5,,,1.0,,,133000.0,,,133000.0,,,3.0,,
441165,(CTN)ULTRA MM UHT STR40X125(OL),2023 - TETRAPACK LIQUID MILK,CHILLER,1.0,,,0.5,,,1.0,,,133000.0,,,133000.0,,,1.0,,
441166,(CTN)ULTRA MLK UHT FC40X125(OL),2023 - TETRAPACK LIQUID MILK,CHILLER,1.0,,,1.0,,,1.0,,,132450.0,,,132450.0,,,2.0,,
441167,(CTN)ULTRA MLK UHT CO40X125(OL),2023 - TETRAPACK LIQUID MILK,CHILLER,1.0,,,0.5,,,1.0,,,135000.0,,,135000.0,,,1.0,,
442130,(CTN)ULTRA MM UHT FC 40X125(OL),2023 - TETRAPACK LIQUID MILK,CHILLER,1.0,,,2.0,,,1.33,,,133500.0,,,177555.0,,,3.0,,
450861,ULTRA MILK UHT BLBERRY TP 200ML,2023 - TETRAPACK LIQUID MILK,CHILLER,,1.26,,,12.67,,,1.19,,,7847.0,,,9338.0,,,32.0,
6171,ULTRA MILK UHT COKELAT TP 250ML,2023 - TETRAPACK LIQUID MILK,CHILLER,1.31,1.13,-0.1374,55.0,46.67,-0.1515,1.21,1.23,0.0165,10241.0,8969.0,-0.1242,12392.0,11032.0,-0.1097,91.0,114.0,0.2527
6173,ULTRA MILK UHT F.CREAM TP 250ML,2023 - TETRAPACK LIQUID MILK,CHILLER,1.18,1.25,0.0593,30.0,39.67,0.3223,1.07,1.13,0.0561,9325.0,9934.0,0.0653,9978.0,11225.0,0.125,56.0,105.0,0.875
6228,ULTRA MILK UHT STROBERI TP250ML,2023 - TETRAPACK LIQUID MILK,CHILLER,1.13,1.2,0.0619,26.0,19.67,-0.2435,1.04,1.02,-0.0192,8887.0,9568.0,0.0766,9242.0,9759.0,0.0559,50.0,58.0,0.16
6229,ULTRA MILK UHT MOKA TP 250ML,2023 - TETRAPACK LIQUID MILK,CHILLER,1.0,1.0,0.0,7.0,3.67,-0.4757,1.17,1.1,-0.0598,7979.0,7918.0,-0.0076,9335.0,8710.0,-0.067,12.0,10.0,-0.1667
200235,VIDORAN KIDS XM COKELAT TP175ML,2023 - TETRAPACK LIQUID MILK,CHILLER,2.3,3.31,0.4391,15.0,19.33,0.2887,1.03,1.07,0.0388,11537.0,16569.0,0.4362,11883.0,17729.0,0.492,29.0,54.0,0.8621
200237,VIDORAN KIDS COKELAT TP 110ML,2023 - TETRAPACK LIQUID MILK,CHILLER,2.76,2.95,0.0688,36.0,22.0,-0.3889,1.44,1.16,-0.1944,9575.0,10350.0,0.0809,13788.0,12006.0,-0.1292,50.0,57.0,0.14
437865,ALFA MUJIGAE CRML BNN BTL 250ML,2024 - BOTTLE - CAN LIQUID MILK,CHILLER,1.08,1.14,0.0556,6.5,7.33,0.1277,1.0,1.0,0.0,10138.0,9986.0,-0.015,10138.0,9986.0,-0.015,13.0,22.0,0.6923
465617,ALFA MUJIGAE MELON BTL 250ML,2024 - BOTTLE - CAN LIQUID MILK,CHILLER,1.14,1.19,0.0439,21.5,37.0,0.7209,1.13,1.18,0.0442,11016.0,10335.0,-0.0618,12448.0,12195.0,-0.0203,38.0,94.0,1.4737
109447,BEAR BRAND STERIL GOLD CAN140ML,2024 - BOTTLE - CAN LIQUID MILK,CHILLER,1.0,1.18,0.18,2.5,5.67,1.268,1.0,1.13,0.13,12200.0,14176.0,0.162,12200.0,16019.0,0.313,5.0,15.0,2.0
196009,BEAR BRAND STERIL CAN 189ML,2024 - BOTTLE - CAN LIQUID MILK,CHILLER,4.19,2.33,-0.4439,184.0,126.33,-0.3134,1.26,1.3,0.0317,45301.0,24758.0,-0.4535,57079.0,32185.0,-0.4361,293.0,291.0,-0.0068
441373,(CTN)BEAR BRAND ORI30X189ML(OL),2024 - BOTTLE - CAN LIQUID MILK,CHILLER,1.0,,,2.5,,,2.5,,,325000.0,,,812500.0,,,2.0,,
441258,COLLAGENA STERIL CAN 189ML,2024 - BOTTLE - CAN LIQUID MILK,CHILLER,1.65,1.99,0.2061,24.0,46.0,0.9167,1.2,1.35,0.125,20573.0,24538.0,0.1927,24688.0,33126.0,0.3418,40.0,102.0,1.55
444388,ENTRASOL STERIL EX ZTN CAN180ML,2024 - BOTTLE - CAN LIQUID MILK,CHILLER,2.0,,,6.0,,,1.09,,,20000.0,,,21800.0,,,11.0,,
444388,ENTRASOL STERIL OLIVE CAN 180ML,2024 - BOTTLE - CAN LIQUID MILK,CHILLER,,2.0,,,1.33,,,1.0,,,20100.0,,,20100.0,,,4.0,
437048,GOODNES STERIL KURMA CAN 189ML,2024 - BOTTLE - CAN LIQUID MILK,CHILLER,1.23,1.0,-0.187,6.5,2.67,-0.5892,1.0,1.0,0.0,12215.0,9975.0,-0.1834,12215.0,9975.0,-0.1834,13.0,8.0,-0.3846
446259,GOODNES STERIL KM HBTS CAN189ML,2024 - BOTTLE - CAN LIQUID MILK,CHILLER,1.38,1.0,-0.2754,4.0,5.0,0.25,1.0,1.07,0.07,13612.0,9900.0,-0.2727,13612.0,10593.0,-0.2218,8.0,14.0,0.75
425653,ICHITAN BROWN SGR PET 300ML,2024 - BOTTLE - CAN LIQUID MILK,CHILLER,1.27,1.07,-0.1575,13.0,9.0,-0.3077,1.08,1.0,-0.0741,11619.0,9933.0,-0.1451,12549.0,9933.0,-0.2085,24.0,27.0,0.125
437463,ICHITAN MILK STRAWBERRYPET300ML,2024 - BOTTLE - CAN LIQUID MILK,CHILLER,1.3,1.0,-0.2308,5.0,2.33,-0.534,1.11,1.0,-0.0991,12350.0,9500.0,-0.2308,13709.0,9500.0,-0.307,9.0,7.0,-0.2222
437464,ICHITAN MILK BANANA PET 300ML,2024 - BOTTLE - CAN LIQUID MILK,CHILLER,1.3,1.0,-0.2308,5.0,4.0,-0.2,1.11,1.0,-0.0991,12350.0,9500.0,-0.2308,13709.0,9500.0,-0.307,9.0,12.0,0.3333
444898,ICHITAN SIGN CHOCO PET 300ML,2024 - BOTTLE - CAN LIQUID MILK,CHILLER,1.0,1.0,0.0,3.5,2.67,-0.2371,1.17,1.0,-0.1453,11000.0,10900.0,-0.0091,12870.0,10900.0,-0.1531,6.0,8.0,0.3333
433739,INDOMILK STERIL HONEY CAN 189ML,2024 - BOTTLE - CAN LIQUID MILK,CHILLER,1.33,1.0,-0.2481,6.0,0.67,-0.8883,1.33,1.0,-0.2481,12417.0,9150.0,-0.2631,16515.0,9150.0,-0.446,9.0,2.0,-0.7778
433740,INDOMILK STERIL PLAIN CAN 189M,2024 - BOTTLE - CAN LIQUID MILK,CHILLER,1.5,,,7.0,,,1.17,,,14000.0,,,16380.0,,,12.0,,
6203,INDOMILK COKELAT BTL 190ML,2024 - BOTTLE - CAN LIQUID MILK,CHILLER,1.11,1.17,0.0541,9.5,8.0,-0.1579,1.06,1.04,-0.0189,5116.0,5338.0,0.0434,5423.0,5552.0,0.0238,18.0,23.0,0.2778
6207,INDOMILK STROBERI BTL 190ML,2024 - BOTTLE - CAN LIQUID MILK,CHILLER,1.3,1.0,-0.2308,10.0,5.33,-0.467,1.25,1.07,-0.144,6000.0,4575.0,-0.2375,7500.0,4895.0,-0.3473,16.0,15.0,-0.0625
466279,KIT KAT CHOCO CAN 220ML,2024 - BOTTLE - CAN LIQUID MILK,CHILLER,,1.17,,,12.0,,,1.06,,,14350.0,,,15211.0,,,34.0,
422731,MILKU COKELAT BTL 200ML,2024 - BOTTLE - CAN LIQUID MILK,CHILLER,1.35,3.33,1.4667,13.0,29.67,1.2823,1.04,1.06,0.0192,5104.0,12325.0,1.4148,5308.0,13064.0,1.4612,25.0,84.0,2.36
422952,MILKU STROBERI BTL 200ML,2024 - BOTTLE - CAN LIQUID MILK,CHILLER,1.2,3.65,2.0417,5.0,16.0,2.2,1.0,1.07,0.07,4720.0,13533.0,1.8672,4720.0,14480.0,2.0678,10.0,45.0,3.5
442252,MILKU ORIGINAL BTL 200 ML,2024 - BOTTLE - CAN LIQUID MILK,CHILLER,1.13,1.98,0.7522,7.5,16.33,1.1773,1.07,1.09,0.0187,4420.0,7369.0,0.6672,4729.0,8032.0,0.6985,14.0,45.0,2.2143
120502,MILO CALCIUM CAN 220ML,2024 - BOTTLE - CAN LIQUID MILK,CHILLER,1.15,1.09,-0.0522,10.0,11.33,0.133,1.11,1.0,-0.0991,12920.0,12585.0,-0.0259,14341.0,12585.0,-0.1224,18.0,34.0,0.8889
212123,MILO ORIGINAL CAN 220ML,2024 - BOTTLE - CAN LIQUID MILK,CHILLER,1.17,1.13,-0.0342,9.0,18.33,1.0367,1.0,1.17,0.17,12889.0,12673.0,-0.0168,12889.0,14827.0,0.1504,18.0,47.0,1.6111
426485,MUJIGAE CHO BNN MILK BTL 250ML,2024 - BOTTLE - CAN LIQUID MILK,CHILLER,1.11,1.16,0.045,19.0,25.33,0.3332,1.06,1.07,0.0094,12011.0,12553.0,0.0451,12732.0,13432.0,0.055,36.0,71.0,0.9722
426540,MUJIGAE BNN MILK BTL 250ML,2024 - BOTTLE - CAN LIQUID MILK,CHILLER,1.17,1.06,-0.094,27.0,11.33,-0.5804,1.12,1.0,-0.1071,12659.0,11459.0,-0.0948,14178.0,11459.0,-0.1918,48.0,34.0,-0.2917
446391,MUJIGAE BNNMILK WTRMLN BTL250ML,2024 - BOTTLE - CAN LIQUID MILK,CHILLER,1.24,1.12,-0.0968,19.0,30.33,0.5963,1.0,1.1,0.1,13482.0,12522.0,-0.0712,13482.0,13774.0,0.0217,38.0,83.0,1.1842
465873,MUJIGAE CREAMY MILK BTL 250ML,2024 - BOTTLE - CAN LIQUID MILK,CHILLER,,1.13,,,17.33,,,1.04,,,12396.0,,,12892.0,,,50.0,
465874,MUJIGAE CHS CAKE MILK BTL 250ML,2024 - BOTTLE - CAN LIQUID MILK,CHILLER,,1.26,,,19.33,,,1.38,,,13755.0,,,18982.0,,,42.0,
445040,SO GOOD STERIL CAN 189ML,2024 - BOTTLE - CAN LIQUID MILK,CHILLER,2.08,3.33,0.601,6.0,9.0,0.5,1.09,1.04,-0.0459,18542.0,29615.0,0.5972,20211.0,30800.0,0.5239,11.0,26.0,1.3636
420856,TUJUHKURMA STERIL CAN 189ML,2024 - BOTTLE - CAN LIQUID MILK,CHILLER,1.48,1.16,-0.2162,21.0,14.67,-0.3014,1.24,1.13,-0.0887,16090.0,12802.0,-0.2044,19952.0,14466.0,-0.275,34.0,39.0,0.1471
449545,BROOKFARM ALMOND ORIGINAL 200ML,2025 - PLANT BASED LIQUID MILK,CHILLER,,1.6,,,5.0,,,1.0,,,14247.0,,,14247.0,,,15.0,
449547,BROOKFARM ALMOND SLT CRML 200ML,2025 - PLANT BASED LIQUID MILK,CHILLER,,1.1,,,7.0,,,1.11,,,9762.0,,,10836.0,,,19.0,
125465,NARAYA SOYA PET 320ML,2025 - PLANT BASED LIQUID MILK,CHILLER,1.45,1.06,-0.269,10.0,6.0,-0.4,1.18,1.0,-0.1525,10670.0,8078.0,-0.2429,12591.0,8078.0,-0.3584,17.0,18.0,0.0588
431226,OATSIDE BARISTA BLEND 1L,2025 - PLANT BASED LIQUID MILK,CHILLER,,1.14,,,4.67,,,1.27,,,37314.0,,,47389.0,,,11.0,
437961,OATSIDE BARISTA BLEND 240/200ML,2025 - PLANT BASED LIQUID MILK,CHILLER,,1.0,,,1.0,,,1.0,,,7700.0,,,7700.0,,,3.0,
437961,OATSIDE BARISTA BLEND TP 200ML,2025 - PLANT BASED LIQUID MILK,CHILLER,1.32,1.62,0.2273,11.0,10.67,-0.03,1.29,1.1,-0.1473,10150.0,12600.0,0.2414,13094.0,13860.0,0.0585,17.0,29.0,0.7059
437962,OATSIDE CHOCOLATE PET 240/200ML,2025 - PLANT BASED LIQUID MILK,CHILLER,,1.25,,,2.67,,,1.0,,,9625.0,,,9625.0,,,8.0,
437962,OATSIDE CHOCOLATE TP 200ML,2025 - PLANT BASED LIQUID MILK,CHILLER,1.11,1.14,0.027,9.5,7.0,-0.2632,1.19,1.05,-0.1176,8511.0,8924.0,0.0485,10128.0,9370.0,-0.0748,16.0,20.0,0.25
442187,OATSIDE CHOMALT STRAW 200ML,2025 - PLANT BASED LIQUID MILK,CHILLER,1.67,,,3.0,,,1.0,,,10333.0,,,10333.0,,,6.0,,
442188,OATSIDE CHOCO STRAW 200ML,2025 - PLANT BASED LIQUID MILK,CHILLER,1.22,1.0,-0.1803,13.5,2.0,-0.8519,1.12,1.0,-0.1071,7578.0,6500.0,-0.1423,8487.0,6500.0,-0.2341,24.0,6.0,-0.75
442189,OATSIDE BARISTABLEND STRAW200ML,2025 - PLANT BASED LIQUID MILK,CHILLER,1.13,1.25,0.1062,15.5,10.67,-0.3116,1.41,1.23,-0.1277,7000.0,8125.0,0.1607,9870.0,9994.0,0.0126,22.0,26.0,0.1818
437716,TROP'S ALMOND CHOCO TP 190ML,2025 - PLANT BASED LIQUID MILK,CHILLER,1.56,1.26,-0.1923,8.0,6.33,-0.2088,1.14,1.19,0.0439,17969.0,14526.0,-0.1916,20485.0,17286.0,-0.1562,14.0,16.0,0.1429
449106,TROP'S ALMOND BANANA TP 190ML,2025 - PLANT BASED LIQUID MILK,CHILLER,,1.0,,,4.33,,,1.0,,,11431.0,,,11431.0,,,13.0,
120719,V-SOY SOYA BEAN MILK BTL 300ML,2025 - PLANT BASED LIQUID MILK,CHILLER,1.06,1.7,0.6038,9.0,11.0,0.2222,1.2,1.22,0.0167,15489.0,24548.0,0.5849,18587.0,29949.0,0.6113,15.0,27.0,0.8
417634,V-SOY SOYA BEAN MILK TP 200ML,2025 - PLANT BASED LIQUID MILK,CHILLER,1.67,1.27,-0.2395,7.5,3.67,-0.5107,1.0,1.0,0.0,15487.0,11800.0,-0.2381,15487.0,11800.0,-0.2381,15.0,11.0,-0.2667
109944,CIMORY YOG MIX FRT PET 240ML,6212 - YOGHURT,CHILLER,1.07,1.0,-0.0654,7.0,0.67,-0.9043,1.0,1.0,0.0,9793.0,9100.0,-0.0708,9793.0,9100.0,-0.0708,14.0,2.0,-0.8571
110159,CIMORY CRMY YOG MANGO 120G,6212 - YOGHURT,CHILLER,1.23,1.19,-0.0325,17.5,14.33,-0.1811,1.06,1.16,0.0943,12311.0,11995.0,-0.0257,13050.0,13914.0,0.0662,33.0,37.0,0.1212
112136,CIMORY YOG STR PET 240ML,6212 - YOGHURT,CHILLER,1.09,1.22,0.1193,11.0,7.67,-0.3027,1.16,1.21,0.0431,9991.0,11122.0,0.1132,11590.0,13458.0,0.1612,19.0,19.0,0.0
115109,CIMORY YOG BBERRY PET 240ML,6212 - YOGHURT,CHILLER,1.1,1.19,0.0818,15.0,9.0,-0.4,1.03,1.17,0.1359,10010.0,10896.0,0.0885,10310.0,12748.0,0.2365,29.0,23.0,-0.2069
123693,CIMORY YOG LYCHEE PET 240ML,6212 - YOGHURT,CHILLER,1.25,,,2.0,,,1.0,,,11375.0,,,11375.0,,,4.0,,
403158,CIMORY YOG STR 4X65ML,6212 - YOGHURT,CHILLER,1.24,1.0,-0.1935,12.5,1.67,-0.8664,1.25,1.0,-0.2,9920.0,8000.0,-0.1935,12400.0,8000.0,-0.3548,20.0,5.0,-0.75
403158,CIMORY YOG STR 5/4X65ML,6212 - YOGHURT,CHILLER,,1.0,,,0.33,,,1.0,,,8000.0,,,8000.0,,,1.0,
405641,CIMORY YOG BBERRY 4X65ML,6212 - YOGHURT,CHILLER,1.0,1.0,0.0,14.0,1.0,-0.9286,1.04,1.0,-0.0385,8000.0,8000.0,0.0,8320.0,8000.0,-0.0385,27.0,3.0,-0.8889
405641,CIMORY YOG BBERRY 5/4X65ML,6212 - YOGHURT,CHILLER,,1.07,,,4.67,,,1.08,,,8571.0,,,9257.0,,,13.0,
414512,CIMORY YOGNOSGR TROPFR PET240ML,6212 - YOGHURT,CHILLER,,1.0,,,2.67,,,1.0,,,8500.0,,,8500.0,,,8.0,
414513,CIMORY YOGNOSGR STRMGO PET240ML,6212 - YOGHURT,CHILLER,1.0,1.14,0.14,7.0,7.33,0.0471,1.0,1.05,0.05,9121.0,9959.0,0.0919,9121.0,10457.0,0.1465,14.0,21.0,0.5
420798,CIMORY CRMY YOG ORI 120G,6212 - YOGHURT,CHILLER,1.23,1.26,0.0244,28.5,20.33,-0.2867,1.19,1.42,0.1933,12281.0,12728.0,0.0364,14614.0,18074.0,0.2368,48.0,43.0,-0.1042
420799,CIMORY CRMY YOG STR 120G,6212 - YOGHURT,CHILLER,1.15,1.1,-0.0435,20.0,14.0,-0.3,1.03,1.14,0.1068,11500.0,11033.0,-0.0406,11845.0,12578.0,0.0619,39.0,37.0,-0.0513
420800,CIMORY CRMY YOG BBERRY 120G,6212 - YOGHURT,CHILLER,1.1,1.04,-0.0545,25.5,16.0,-0.3725,1.11,1.09,-0.018,10980.0,10483.0,-0.0453,12188.0,11426.0,-0.0625,46.0,44.0,-0.0435
431807,CIMORY CRMY YOG BW SGR 120G,6212 - YOGHURT,CHILLER,1.03,1.09,0.0583,16.0,14.33,-0.1044,1.1,1.13,0.0273,10356.0,11049.0,0.0669,11392.0,12485.0,0.0959,29.0,38.0,0.3103
439944,CIMORY YOG BLUEBERRY 40G,6212 - YOGHURT,CHILLER,1.6,1.68,0.05,57.5,29.0,-0.4957,1.12,1.1,-0.0179,4800.0,5124.0,0.0675,5376.0,5636.0,0.0484,103.0,79.0,-0.233
439945,CIMORY YOG STRAWBERRY 40G,6212 - YOGHURT,CHILLER,1.88,1.45,-0.2287,56.5,36.67,-0.351,1.1,1.24,0.1273,5655.0,4433.0,-0.2161,6221.0,5497.0,-0.1164,103.0,89.0,-0.1359
441917,CIMORY YOG ORIGINAL 40G,6212 - YOGHURT,CHILLER,2.16,1.54,-0.287,37.5,23.67,-0.3688,1.19,1.11,-0.0672,6480.0,4730.0,-0.2701,7711.0,5250.0,-0.3192,63.0,64.0,0.0159
443661,CIMORY YOG MANGO STICKYRICE 40G,6212 - YOGHURT,CHILLER,1.55,1.3,-0.1613,53.5,34.0,-0.3645,1.16,1.13,-0.0259,4654.0,3978.0,-0.1453,5399.0,4495.0,-0.1674,92.0,90.0,-0.0217
444004,CIMORY YOG BROWN SUGAR 40G,6212 - YOGHURT,CHILLER,1.45,1.32,-0.0897,23.5,23.0,-0.0213,1.15,1.1,-0.0435,4340.0,4038.0,-0.0696,4991.0,4442.0,-0.11,41.0,63.0,0.5366
445018,CIMORY YOG BITES BLUEBERRY 120G,6212 - YOGHURT,CHILLER,1.2,1.07,-0.1083,43.0,35.0,-0.186,1.3,1.21,-0.0692,10180.0,9093.0,-0.1068,13234.0,11003.0,-0.1686,66.0,87.0,0.3182
445019,CIMORY YOG BITES STRAWBERRY120G,6212 - YOGHURT,CHILLER,1.02,1.07,0.049,25.0,19.67,-0.2132,1.06,1.18,0.1132,8670.0,9100.0,0.0496,9190.0,10738.0,0.1684,47.0,50.0,0.0638
445020,CIMORY YOG BITES YUZU 120G,6212 - YOGHURT,CHILLER,1.33,,,18.0,,,1.09,,,11333.0,,,12353.0,,,33.0,,
445020,CIMORY YOGBITES ALMDATE PCH120G,6212 - YOGHURT,CHILLER,,1.25,,,8.0,,,1.04,,,10625.0,,,11050.0,,,23.0,
445021,CIMORY YOG BITES STR LYCHEE120G,6212 - YOGHURT,CHILLER,1.25,1.23,-0.016,28.5,23.0,-0.193,1.14,1.1,-0.0351,10588.0,10506.0,-0.0077,12070.0,11557.0,-0.0425,50.0,63.0,0.26
459372,CIMORY YOGNOSGR BBERRY PET240ML,6212 - YOGHURT,CHILLER,,1.12,,,5.67,,,1.0,,,9824.0,,,9824.0,,,17.0,
459482,CIMORY YOG KYOHO GRAPE 40G,6212 - YOGHURT,CHILLER,,1.41,,,31.0,,,1.16,,,4226.0,,,4902.0,,,80.0,
620039,CIMORY YOG MIX BRY PET 240ML,6212 - YOGHURT,CHILLER,1.17,1.11,-0.0513,15.0,12.67,-0.1553,1.07,1.06,-0.0093,10680.0,10100.0,-0.0543,11428.0,10706.0,-0.0632,28.0,36.0,0.2857
620041,CIMORY YOG PLAIN PET 240ML,6212 - YOGHURT,CHILLER,1.21,1.0,-0.1736,7.0,0.67,-0.9043,1.08,1.0,-0.0741,11121.0,9100.0,-0.1817,12011.0,9100.0,-0.2424,13.0,2.0,-0.8462
413439,GRNFIELDS Y STR 240/250ML,6212 - YOGHURT,CHILLER,1.0,,,2.5,,,1.25,,,9500.0,,,11875.0,,,4.0,,
413443,GRNFIELDS Y BRY 240/250ML,6212 - YOGHURT,CHILLER,1.0,,,3.5,,,1.4,,,9500.0,,,13300.0,,,5.0,,
426307,GREENFIELDS Y STR PCH 110G,6212 - YOGHURT,CHILLER,1.0,,,1.0,,,1.0,,,9900.0,,,9900.0,,,2.0,,
426308,GREENFIELDS Y BRY PCH 110G,6212 - YOGHURT,CHILLER,1.0,,,3.0,,,1.0,,,9900.0,,,9900.0,,,6.0,,
407524,HB YOG GREEK ORI 200ML,6212 - YOGHURT,CHILLER,1.75,,,2.0,,,1.0,,,32950.0,,,32950.0,,,4.0,,
436341,KIN YOG SMOOTH CRMY ORI 45G,6212 - YOGHURT,CHILLER,1.81,,,10.5,,,1.05,,,6433.0,,,6755.0,,,20.0,,
436342,KIN YOG SMOOTH CRMY BLK 45G,6212 - YOGHURT,CHILLER,1.41,,,8.5,,,1.06,,,5012.0,,,5313.0,,,16.0,,
434729,YAKULT LIGHT 5X65ML,6212 - YOGHURT,CHILLER,1.13,1.31,0.1593,23.5,19.67,-0.163,1.12,1.34,0.1964,15111.0,17968.0,0.1891,16924.0,24077.0,0.4227,42.0,44.0,0.0476
466316,YAKULT MANGGA 5X65ML,6212 - YOGHURT,CHILLER,1.21,1.03,-0.1488,17.0,10.67,-0.3724,1.06,1.14,0.0755,13265.0,11569.0,-0.1279,14061.0,13189.0,-0.062,32.0,28.0,-0.125
6149,YAKULT 5S,6212 - YOGHURT,CHILLER,1.15,1.23,0.0696,103.0,54.67,-0.4692,1.2,1.26,0.05,12029.0,13316.0,0.107,14435.0,16778.0,0.1623,172.0,130.0,-0.2442
466997,CIMORY EATMILK PUD CHOCOHZL 80G,6218 - PUDDING,CHILLER,1.21,1.16,-0.0413,19.5,22.33,0.1451,1.11,1.16,0.045,9038.0,8773.0,-0.0293,10032.0,10177.0,0.0145,35.0,58.0,0.6571
466998,CIMORY EATMILK PUD CHOCO 80G,6218 - PUDDING,CHILLER,,1.12,,,21.67,,,1.03,,,8657.0,,,8917.0,,,63.0,
466999,CIMORY EATMILK PUD MARIEBISC80G,6218 - PUDDING,CHILLER,,1.12,,,10.67,,,1.14,,,8644.0,,,9854.0,,,28.0,
123999,WONG COCO PUDDING MANGO CUP120G,6218 - PUDDING,CHILLER,1.69,,,6.5,,,1.3,,,9254.0,,,12030.0,,,10.0,,
125100,WONG COCO PUDDING GUAVA CUP120G,6218 - PUDDING,CHILLER,2.47,,,7.5,,,1.5,,,12287.0,,,18430.0,,,10.0,,
439148,WONG COCO PDG BLUEBERRY120G(OL),6218 - PUDDING,CHILLER,1.0,,,0.5,,,1.0,,,4200.0,,,4200.0,,,1.0,,
125701,YEKO PUDDING CHOCOLATE CUP 125G,6218 - PUDDING,CHILLER,1.0,,,1.0,,,1.0,,,8250.0,,,8250.0,,,2.0,,
194469,YEKO PUDDING STRAWBERRY CUP125G,6218 - PUDDING,CHILLER,1.17,,,3.0,,,1.5,,,9417.0,,,14126.0,,,4.0,,
440017,FIESTA RTG BAKSO KEJU 60G,6226 - CHILLED MEAT BALLS,CHILLER,,1.1,,,7.0,,,1.0,,,9433.0,,,9433.0,,,21.0,
440018,FIESTA RTG BAKSO BBQ 60G,6226 - CHILLED MEAT BALLS,CHILLER,,1.36,,,4.67,,,1.08,,,11679.0,,,12613.0,,,13.0,
428660,KANZLER BAKSO ORI 48G,6226 - CHILLED MEAT BALLS,CHILLER,1.26,1.12,-0.1111,23.0,10.67,-0.5361,1.15,1.19,0.0348,11222.0,10050.0,-0.1044,12905.0,11960.0,-0.0732,40.0,27.0,-0.325
428662,KANZLER BAKSO KEJU 48G,6226 - CHILLED MEAT BALLS,CHILLER,1.19,1.05,-0.1176,21.5,13.67,-0.3642,1.23,1.08,-0.122,10556.0,9356.0,-0.1137,12984.0,10104.0,-0.2218,35.0,38.0,0.0857
435736,KANZLER BAKSO HOT 48G,6226 - CHILLED MEAT BALLS,CHILLER,1.25,1.08,-0.136,81.0,24.0,-0.7037,1.24,1.12,-0.0968,11152.0,9678.0,-0.1322,13828.0,10839.0,-0.2162,131.0,64.0,-0.5115
465771,KANZLER BAKSO GOCHUJANG 55G,6226 - CHILLED MEAT BALLS,CHILLER,1.14,1.18,0.0351,14.0,29.33,1.095,1.08,1.1,0.0185,10171.0,10564.0,0.0386,10985.0,11620.0,0.0578,26.0,80.0,2.0769
449784,BELFOODS RTG SOSIS NAMI HOT 55G,6227 - CHILLED SAUSAGES,CHILLER,,1.21,,,25.33,,,1.03,,,10058.0,,,10360.0,,,74.0,
449785,BELFOODS RTG SOSIS JEJU CHS 55G,6227 - CHILLED SAUSAGES,CHILLER,,1.29,,,42.0,,,1.09,,,10693.0,,,11655.0,,,116.0,
449786,BELFOODS RTG SOSIS DAEGU ORI55G,6227 - CHILLED SAUSAGES,CHILLER,,1.27,,,18.33,,,1.12,,,10576.0,,,11845.0,,,49.0,
437455,FIESTA READYTOGO SOSIS ORI 65G,6227 - CHILLED SAUSAGES,CHILLER,1.49,1.1,-0.2617,48.5,7.0,-0.8557,1.35,1.05,-0.2222,12856.0,9429.0,-0.2666,17356.0,9900.0,-0.4296,72.0,20.0,-0.7222
443704,FIESTA RTG SOSIS SPICYKOREAN60G,6227 - CHILLED SAUSAGES,CHILLER,1.37,1.31,-0.0438,32.5,22.67,-0.3025,1.12,1.1,-0.0179,11775.0,11238.0,-0.0456,13188.0,12362.0,-0.0626,58.0,62.0,0.069
443705,FIESTA RTG SOSIS CHEESYMELTS65G,6227 - CHILLED SAUSAGES,CHILLER,1.21,1.25,0.0331,35.5,23.0,-0.3521,1.13,1.1,-0.0265,10417.0,10755.0,0.0324,11771.0,11831.0,0.0051,63.0,63.0,0.0
466966,FIESTA RTG SOSIS HOT LAVA 60G,6227 - CHILLED SAUSAGES,CHILLER,1.87,1.68,-0.1016,26.5,25.67,-0.0313,1.02,1.18,0.1569,17745.0,15923.0,-0.1027,18100.0,18789.0,0.0381,52.0,65.0,0.25
466967,FIESTA RTG SOSIS CHEESE LAVA60G,6227 - CHILLED SAUSAGES,CHILLER,1.77,1.4,-0.209,39.5,42.0,0.0633,1.1,1.21,0.1,16835.0,13282.0,-0.211,18518.0,16071.0,-0.1321,72.0,104.0,0.4444
417804,KANZLER SGL ORI 65G,6227 - CHILLED SAUSAGES,CHILLER,1.31,1.17,-0.1069,95.5,72.33,-0.2426,1.17,1.25,0.0684,11726.0,10415.0,-0.1118,13719.0,13019.0,-0.051,163.0,173.0,0.0613
417805,KANZLER SGL KEJU 65G,6227 - CHILLED SAUSAGES,CHILLER,1.18,1.16,-0.0169,113.0,59.0,-0.4779,1.23,1.13,-0.0813,10567.0,10345.0,-0.021,12997.0,11690.0,-0.1006,183.0,156.0,-0.1475
417806,KANZLER SGL MINI 65G,6227 - CHILLED SAUSAGES,CHILLER,1.14,1.2,0.0526,77.5,60.67,-0.2172,1.29,1.38,0.0698,10145.0,10710.0,0.0557,13087.0,14780.0,0.1294,120.0,132.0,0.1
423992,KANZLER SGL HOT 65G,6227 - CHILLED SAUSAGES,CHILLER,1.29,1.29,0.0,186.5,111.33,-0.4031,1.23,1.22,-0.0081,11547.0,11548.0,0.0001,14203.0,14089.0,-0.008,304.0,273.0,-0.102
435578,KANZLER SGL GOCHUJANG 60G,6227 - CHILLED SAUSAGES,CHILLER,1.21,1.22,0.0083,157.5,82.33,-0.4773,1.21,1.18,-0.0248,10804.0,10921.0,0.0108,13073.0,12887.0,-0.0142,260.0,209.0,-0.1962
431102,KIMBO SOS PB KOREA HOT 60G,6227 - CHILLED SAUSAGES,CHILLER,1.27,1.58,0.2441,15.0,11.0,-0.2667,1.0,1.18,0.18,11300.0,14121.0,0.2496,11300.0,16663.0,0.4746,30.0,28.0,-0.0667
437454,KIMBO SOS PB AMRC CHEESE 60G,6227 - CHILLED SAUSAGES,CHILLER,,1.43,,,10.0,,,1.2,,,12933.0,,,15520.0,,,25.0,
452149,SO GOOD SOSIS KOREA BULDAK 58G,6227 - CHILLED SAUSAGES,CHILLER,,3.09,,,11.0,,,1.1,,,28127.0,,,30940.0,,,30.0,
465764,SO GOOD SOS KEJU PEDAS 55G,6227 - CHILLED SAUSAGES,CHILLER,1.31,1.43,0.0916,8.0,7.67,-0.0413,1.23,1.05,-0.1463,12094.0,13235.0,0.0943,14876.0,13897.0,-0.0658,13.0,22.0,0.6923
465773,SO GOOD SOS JEPANG HOT 55G,6227 - CHILLED SAUSAGES,CHILLER,1.0,1.2,0.2,5.5,5.0,-0.0909,1.0,1.07,0.07,9209.0,11113.0,0.2068,9209.0,11891.0,0.2912,11.0,14.0,0.2727
433386,SO NICE SOSIS PRM SMOKE 60G,6227 - CHILLED SAUSAGES,CHILLER,1.24,1.17,-0.0565,12.5,15.33,0.2264,1.04,1.05,0.0096,10668.0,9983.0,-0.0642,11095.0,10482.0,-0.0553,24.0,44.0,0.8333
433387,SO NICE SOSIS PRM CHS 60G,6227 - CHILLED SAUSAGES,CHILLER,1.13,1.32,0.1681,19.5,13.33,-0.3164,1.26,1.03,-0.1825,9687.0,11280.0,0.1644,12206.0,11618.0,-0.0482,31.0,39.0,0.2581
433388,SO NICE SOSIS PRM ORI 60G,6227 - CHILLED SAUSAGES,CHILLER,1.06,1.4,0.3208,8.5,15.0,0.7647,1.0,1.0,0.0,9112.0,11918.0,0.3079,9112.0,11918.0,0.3079,17.0,45.0,1.6471
440407,SO NICE SOSIS PRM HOT 60G,6227 - CHILLED SAUSAGES,CHILLER,1.2,1.41,0.175,17.5,23.0,0.3143,1.0,1.06,0.06,10260.0,11958.0,0.1655,10260.0,12675.0,0.2354,35.0,65.0,0.8571
436537,FIRST DATES KURMA 225G,6524 - SEASONAL FRUIT,CHILLER,,1.2,,,1.67,,,1.0,,,34680.0,,,34680.0,,,5.0,
441195,PRIME DATES KURMA 250G,6524 - SEASONAL FRUIT,CHILLER,,1.0,,,1.0,,,1.0,,,37233.0,,,37233.0,,,3.0,
179369,DANCOW FG COKELAT BOX 780G,2011 - FAMILY MILK,MILK & DIAPERS,1.15,1.24,0.0783,26.5,17.0,-0.3585,1.26,1.59,0.2619,107898.0,116208.0,0.077,135951.0,184771.0,0.3591,42.0,32.0,-0.2381
193826,DANCOW FG COKELAT BOX 390G,2011 - FAMILY MILK,MILK & DIAPERS,1.07,1.0,-0.0654,22.0,17.67,-0.1968,1.16,1.51,0.3017,52255.0,48904.0,-0.0641,60616.0,73845.0,0.2182,38.0,35.0,-0.0789
194645,DANCOW FG COKELAT BOX 195G,2011 - FAMILY MILK,MILK & DIAPERS,1.03,,,16.5,,,1.1,,,25994.0,,,28593.0,,,30.0,,
199870,DANCOW FG F.CREAM BOX 390G,2011 - FAMILY MILK,MILK & DIAPERS,1.1,1.0,-0.0909,14.5,6.67,-0.54,1.12,1.05,-0.0625,61590.0,55770.0,-0.0945,68981.0,58558.0,-0.1511,26.0,19.0,-0.2692
199871,DANCOW FG F.CREAM BOX 780G,2011 - FAMILY MILK,MILK & DIAPERS,1.28,1.1,-0.1406,14.5,7.0,-0.5172,1.45,1.11,-0.2345,139472.0,130324.0,-0.0656,202234.0,144660.0,-0.2847,20.0,19.0,-0.05
199872,DANCOW FG INST BOX 195G,2011 - FAMILY MILK,MILK & DIAPERS,1.0,1.0,0.0,17.5,5.33,-0.6954,1.46,1.07,-0.2671,27403.0,27375.0,-0.001,40008.0,29291.0,-0.2679,24.0,15.0,-0.375
199873,DANCOW FG INST BOX 390G,2011 - FAMILY MILK,MILK & DIAPERS,1.06,1.0,-0.0566,8.5,5.33,-0.3729,1.21,1.0,-0.1736,55806.0,52688.0,-0.0559,67525.0,52688.0,-0.2197,14.0,16.0,0.1429
199874,DANCOW FG INST BOX 780G,2011 - FAMILY MILK,MILK & DIAPERS,1.31,1.13,-0.1374,13.0,15.0,0.1538,1.24,1.55,0.25,130435.0,113240.0,-0.1318,161739.0,175522.0,0.0852,21.0,29.0,0.381
200196,DANCOW INST CKLT FRTG 1000G(OL),2011 - FAMILY MILK,MILK & DIAPERS,1.0,,,9.5,,,3.17,,,107900.0,,,342043.0,,,6.0,,
434748,DANCOW INST FRTG 1000G (OL),2011 - FAMILY MILK,MILK & DIAPERS,1.0,,,1.5,,,3.0,,,114267.0,,,342801.0,,,1.0,,
191669,FF INST COKELAT BOX 800G,2011 - FAMILY MILK,MILK & DIAPERS,1.18,1.15,-0.0254,17.0,11.33,-0.3335,1.42,1.36,-0.0423,98000.0,95550.0,-0.025,139160.0,129948.0,-0.0662,24.0,25.0,0.0417
105817,BONEETO CHOCOLATE BOX 685G,2012 - TEENS MILK,MILK & DIAPERS,1.04,1.1,0.0577,12.0,9.67,-0.1942,1.6,1.26,-0.2125,85938.0,91097.0,0.06,137501.0,114782.0,-0.1652,15.0,23.0,0.5333
159750,BONEETO CHOCOLATE BOX 320G,2012 - TEENS MILK,MILK & DIAPERS,1.04,1.11,0.0673,13.0,9.0,-0.3077,1.08,1.12,0.037,47969.0,51344.0,0.0704,51807.0,57505.0,0.11,24.0,24.0,0.0
196876,BONEETO VANILLA BOX 685G(OL),2012 - TEENS MILK,MILK & DIAPERS,1.0,,,0.5,,,1.0,,,82500.0,,,82500.0,,,1.0,,
115778,HILO SCHOOL CHOCOLATE BOX 250G,2012 - TEENS MILK,MILK & DIAPERS,1.0,1.04,0.04,16.0,19.0,0.1875,1.39,1.27,-0.0863,46612.0,48279.0,0.0358,64791.0,61314.0,-0.0537,23.0,45.0,0.9565
264688,HILO TEEN CHOCOLATE BOX 250G,2012 - TEENS MILK,MILK & DIAPERS,1.08,1.04,-0.037,18.5,8.67,-0.5314,1.28,1.24,-0.0313,52254.0,50219.0,-0.0389,66885.0,62272.0,-0.069,29.0,21.0,-0.2759
436648,HILO GOLD CHOCOLATE 1KG (OL),2012 - TEENS MILK,MILK & DIAPERS,1.0,,,1.0,,,1.0,,,151900.0,,,151900.0,,,2.0,,
113816,MILO ACTIV GO BAG 990G(OL),2012 - TEENS MILK,MILK & DIAPERS,1.34,,,17.5,,,17.5,,,129586.0,,,2267755.0,,,2.0,,
118991,MILO 3IN1 ACTIV GO BAG 990G(OL),2012 - TEENS MILK,MILK & DIAPERS,1.58,,,46.5,,,23.25,,,155694.0,,,3619886.0,,,4.0,,
125012,MILO ACTIVE-GO 3IN1 BAG 790G,2012 - TEENS MILK,MILK & DIAPERS,1.03,1.12,0.0874,14.5,5.67,-0.609,1.32,1.21,-0.0833,89793.0,97000.0,0.0803,118527.0,117370.0,-0.0098,22.0,14.0,-0.3636
431803,MILO ACTIVE-GO BAG 18X34G,2012 - TEENS MILK,MILK & DIAPERS,1.22,1.07,-0.123,13.5,4.67,-0.6541,1.42,1.27,-0.1056,88367.0,77464.0,-0.1234,125481.0,98379.0,-0.216,19.0,11.0,-0.4211
113799,ZEE CHOCOLATE  BOX 340G,2012 - TEENS MILK,MILK & DIAPERS,1.11,1.09,-0.018,66.0,28.67,-0.5656,1.36,1.43,0.0515,55524.0,54872.0,-0.0117,75513.0,78467.0,0.0391,97.0,60.0,-0.3814
120602,ZEE CHOCOLATE BAG 10X38G,2012 - TEENS MILK,MILK & DIAPERS,1.09,,,5.5,,,1.22,,,52255.0,,,63751.0,,,9.0,,
447534,ZEE SWIZZ CHOCOLATE BOX 600G,2012 - TEENS MILK,MILK & DIAPERS,1.18,1.05,-0.1102,38.5,20.0,-0.4805,1.54,1.58,0.026,93245.0,82848.0,-0.1115,143597.0,130900.0,-0.0884,50.0,38.0,-0.24
459211,ZEE SWIZZ VANILLA BOX 600G,2012 - TEENS MILK,MILK & DIAPERS,,1.1,,,7.0,,,1.17,,,86414.0,,,101104.0,,,18.0,
108955,ANLENE GOLD 5X CKT BOX 560/570G,2013 - HI-CALCIUM MILK,MILK & DIAPERS,,1.29,,,7.0,,,1.31,,,140786.0,,,184430.0,,,16.0,
108955,ANLENE GOLD 5X CKT BOX 570G,2013 - HI-CALCIUM MILK,MILK & DIAPERS,1.2,,,10.0,,,1.18,,,131680.0,,,155382.0,,,17.0,,
109791,ANLENE GOLD 5X VNL BOX 560/570G,2013 - HI-CALCIUM MILK,MILK & DIAPERS,,1.08,,,8.33,,,1.32,,,118260.0,,,156103.0,,,19.0,
109791,ANLENE GOLD 5X VNL BOX 570G,2013 - HI-CALCIUM MILK,MILK & DIAPERS,1.06,,,17.5,,,1.06,,,115920.0,,,122875.0,,,33.0,,
109792,ANLENE ACT 3X VNL BOX 560/570G,2013 - HI-CALCIUM MILK,MILK & DIAPERS,,1.0,,,1.67,,,1.0,,,79900.0,,,79900.0,,,5.0,
109792,ANLENE ACT 3X VNL BOX 570G,2013 - HI-CALCIUM MILK,MILK & DIAPERS,1.09,1.12,0.0275,5.5,2.67,-0.5145,1.22,1.14,-0.0656,87236.0,89887.0,0.0304,106428.0,102471.0,-0.0372,9.0,7.0,-0.2222
189620,ANLENE GOLD 5X ORI BOX 230G,2013 - HI-CALCIUM MILK,MILK & DIAPERS,1.2,1.11,-0.075,10.0,9.0,-0.1,1.18,1.08,-0.0847,59940.0,55452.0,-0.0749,70729.0,59888.0,-0.1533,17.0,25.0,0.4706
189621,ANLENE GOLD 5X ORI BOX 825G,2013 - HI-CALCIUM MILK,MILK & DIAPERS,1.0,1.0,0.0,3.0,5.0,0.6667,1.0,1.15,0.15,149467.0,149500.0,0.0002,149467.0,171925.0,0.1503,6.0,13.0,1.1667
199847,ANLENE GOLD 5X VNL BOX 230G,2013 - HI-CALCIUM MILK,MILK & DIAPERS,1.07,1.17,0.0935,20.5,15.67,-0.2356,1.17,1.09,-0.0684,53580.0,58394.0,0.0898,62689.0,63649.0,0.0153,35.0,43.0,0.2286
211516,ANLENE GOLD 5X ORI BOX 560/570G,2013 - HI-CALCIUM MILK,MILK & DIAPERS,,1.14,,,2.33,,,1.0,,,125143.0,,,125143.0,,,7.0,
211516,ANLENE GOLD 5X ORI BOX 570G,2013 - HI-CALCIUM MILK,MILK & DIAPERS,1.0,,,3.5,,,1.0,,,109429.0,,,109429.0,,,7.0,,
219483,ANLENE ACT 3X CKT BOX 230G,2013 - HI-CALCIUM MILK,MILK & DIAPERS,1.13,1.18,0.0442,11.5,3.67,-0.6809,1.15,1.0,-0.1304,39504.0,41245.0,0.0441,45430.0,41245.0,-0.0921,20.0,11.0,-0.45
219484,ANLENE GOLD 5X CKT BOX 230G,2013 - HI-CALCIUM MILK,MILK & DIAPERS,1.15,1.07,-0.0696,10.0,9.33,-0.067,1.11,1.12,0.009,57425.0,53464.0,-0.069,63742.0,59880.0,-0.0606,18.0,25.0,0.3889
436225,ANLENE GOLD 5X VNL BOX 825G,2013 - HI-CALCIUM MILK,MILK & DIAPERS,1.12,1.14,0.0179,8.0,9.67,0.2088,1.07,1.26,0.1776,168138.0,170121.0,0.0118,179908.0,214352.0,0.1915,15.0,23.0,0.5333
435043,ENSURE GOLD VANILA CAN 380G,2013 - HI-CALCIUM MILK,MILK & DIAPERS,1.25,1.0,-0.2,4.0,1.33,-0.6675,1.14,1.33,0.1667,195250.0,156200.0,-0.2,222585.0,207746.0,-0.0667,7.0,3.0,-0.5714
435413,ENSURE GOLD VANILA CAN 800G,2013 - HI-CALCIUM MILK,MILK & DIAPERS,1.31,1.17,-0.1069,6.5,2.0,-0.6923,1.18,1.0,-0.1525,412569.0,368000.0,-0.108,486831.0,368000.0,-0.2441,11.0,6.0,-0.4545
437774,ENSURE GOLD COKELAT CAN 380G,2013 - HI-CALCIUM MILK,MILK & DIAPERS,1.0,1.0,0.0,2.0,0.67,-0.665,1.33,1.0,-0.2481,156200.0,156200.0,0.0,207746.0,156200.0,-0.2481,3.0,2.0,-0.3333
106303,ENTRASOL GOLD VNL BOX 170G,2013 - HI-CALCIUM MILK,MILK & DIAPERS,1.18,1.09,-0.0763,19.0,7.33,-0.6142,1.41,1.05,-0.2553,48495.0,44732.0,-0.0776,68378.0,46969.0,-0.3131,27.0,21.0,-0.2222
407732,ENTRASOL GOLD VNL BOX 560G,2013 - HI-CALCIUM MILK,MILK & DIAPERS,1.1,1.06,-0.0364,15.5,5.67,-0.6342,1.35,1.42,0.0519,127539.0,123065.0,-0.0351,172178.0,174752.0,0.0149,23.0,12.0,-0.4783
427192,ENTRASOL PLT VNL CAN 800G,2013 - HI-CALCIUM MILK,MILK & DIAPERS,,1.5,,,1.33,,,1.0,,,373500.0,,,373500.0,,,4.0,
433754,ENTRASOL GOLD CHOCO BOX 560G,2013 - HI-CALCIUM MILK,MILK & DIAPERS,1.0,,,2.0,,,1.0,,,116250.0,,,116250.0,,,4.0,,
443869,ETAWALIN SUSU KAMBING BOX 200G,2013 - HI-CALCIUM MILK,MILK & DIAPERS,,1.0,,,3.67,,,1.22,,,96818.0,,,118118.0,,,9.0,
107907,HILO GOLD VANILLA 500G (OL),2013 - HI-CALCIUM MILK,MILK & DIAPERS,1.0,,,0.5,,,1.0,,,87500.0,,,87500.0,,,1.0,,
125013,MILO ACTIVE-GO BAG 790G,2014 - TONIC MILK,MILK & DIAPERS,1.1,1.3,0.1818,20.0,3.33,-0.8335,2.5,1.0,-0.6,93390.0,110370.0,0.1818,233475.0,110370.0,-0.5273,16.0,10.0,-0.375
434853,MILO LESS SUGAR PBG 10X28G (OL),2014 - TONIC MILK,MILK & DIAPERS,1.0,,,0.5,,,1.0,,,44000.0,,,44000.0,,,1.0,,
200248,L-MEN GAIN MASS CHOCO BOX 225G,2015 - DIETATIC MILK,MILK & DIAPERS,1.5,1.0,-0.3333,1.0,1.67,0.67,1.0,1.25,0.25,125250.0,90800.0,-0.275,125250.0,113500.0,-0.0938,2.0,4.0,1.0
106840,DIABETASOL VANILA BOX 570G,2016 - DIABETIC MILK,MILK & DIAPERS,1.08,1.04,-0.037,6.0,8.0,0.3333,2.0,2.18,0.09,179767.0,172817.0,-0.0387,359534.0,376741.0,0.0479,6.0,11.0,0.8333
210648,DIABETASOL VANILA BOX 170G,2016 - DIABETIC MILK,MILK & DIAPERS,1.18,1.06,-0.1017,14.0,5.33,-0.6193,1.17,1.14,-0.0256,61121.0,55069.0,-0.099,71512.0,62779.0,-0.1221,24.0,14.0,-0.4167
441248,DANCOW BABY 0-6 BOX 120G (IFO),2111 - INFANT MILK MAINSTREAM,MILK & DIAPERS,2.17,1.25,-0.424,14.5,5.33,-0.6324,2.64,2.0,-0.2424,27155.0,15625.0,-0.4246,71689.0,31250.0,-0.5641,11.0,8.0,-0.2727
102738,FF PMIL 0-6 BOX 360G (IFO),2111 - INFANT MILK MAINSTREAM,MILK & DIAPERS,1.5,1.08,-0.28,1.0,4.0,3.0,2.0,3.0,0.5,68850.0,49725.0,-0.2778,137700.0,149175.0,0.0833,1.0,4.0,3.0
118827,SGM AN PN SOYA0-6 BOX 200G(IFO),2111 - INFANT MILK MAINSTREAM,MILK & DIAPERS,1.0,1.4,0.4,1.0,1.67,0.67,1.0,1.0,0.0,31450.0,43780.0,0.3921,31450.0,43780.0,0.3921,2.0,5.0,1.5
120756,SGM AN PN 0-6 BOX 150G (IFO),2111 - INFANT MILK MAINSTREAM,MILK & DIAPERS,1.53,1.23,-0.1961,25.5,23.33,-0.0851,1.34,2.0,0.4925,24290.0,19497.0,-0.1973,32549.0,38994.0,0.198,38.0,35.0,-0.0789
120757,SGM AN PN 0-6 BOX 400G (IFO),2111 - INFANT MILK MAINSTREAM,MILK & DIAPERS,1.0,1.07,0.07,13.0,9.0,-0.3077,1.62,1.8,0.1111,43469.0,49859.0,0.147,70420.0,89746.0,0.2744,16.0,15.0,-0.0625
120758,SGM AN PN 0-6 BOX 1KG (IFO),2111 - INFANT MILK MAINSTREAM,MILK & DIAPERS,1.25,1.0,-0.2,25.5,14.0,-0.451,1.82,1.68,-0.0769,118359.0,93007.0,-0.2142,215413.0,156252.0,-0.2746,28.0,25.0,-0.1071
210017,SGM AN PN 0-6 BOX 550G(IFO),2111 - INFANT MILK MAINSTREAM,MILK & DIAPERS,,1.0,,,9.0,,,1.42,,,52867.0,,,75071.0,,,19.0,
210017,SGM AN PN 0-6 BOX 600G (IFO),2111 - INFANT MILK MAINSTREAM,MILK & DIAPERS,1.08,,,12.0,,,1.41,,,65483.0,,,92331.0,,,17.0,,
423317,VIDORAN MB 0-6 BOX 575G(IFO),2111 - INFANT MILK MAINSTREAM,MILK & DIAPERS,1.0,1.0,0.0,2.0,1.0,-0.5,1.0,1.5,0.5,52500.0,50633.0,-0.0356,52500.0,75950.0,0.4467,4.0,2.0,-0.5
423317,VIDORAN MB 0-6BOX 550/575G(IFO),2111 - INFANT MILK MAINSTREAM,MILK & DIAPERS,,1.0,,,0.33,,,1.0,,,52500.0,,,52500.0,,,1.0,
118292,BEBELOVE 0-6 BOX 175G (IFO),2112 - INFANT MILK PREMIUM,MILK & DIAPERS,,1.04,,,8.33,,,1.32,,,36320.0,,,47942.0,,,19.0,
118292,BEBELOVE 0-6/1 BOX175/200G(IFO),2112 - INFANT MILK PREMIUM,MILK & DIAPERS,1.27,,,29.5,,,1.59,,,47390.0,,,75350.0,,,37.0,,
118293,BEBELOVE 0-6 BOX 350G (IFO),2112 - INFANT MILK PREMIUM,MILK & DIAPERS,,1.08,,,4.33,,,1.18,,,75400.0,,,88972.0,,,11.0,
118293,BEBELOVE 0-6/1 BOX350/400G(IFO),2112 - INFANT MILK PREMIUM,MILK & DIAPERS,1.1,,,20.5,,,1.78,,,83517.0,,,148660.0,,,23.0,,
118304,BEBELOVE 0-6 CAN 800G (IFO),2112 - INFANT MILK PREMIUM,MILK & DIAPERS,,1.07,,,9.33,,,1.47,,,158954.0,,,233662.0,,,19.0,
118304,BEBELOVE 0-6/1 CAN 800G (IFO),2112 - INFANT MILK PREMIUM,MILK & DIAPERS,1.2,,,22.5,,,1.8,,,177960.0,,,320328.0,,,25.0,,
121083,BEBELOVE 0-6/1BOX1800G(IFO)(OL),2112 - INFANT MILK PREMIUM,MILK & DIAPERS,1.25,,,2.0,,,1.33,,,411250.0,,,546962.0,,,3.0,,
445050,BEBELOVE 0-6 BOX 600/620G (IFO),2112 - INFANT MILK PREMIUM,MILK & DIAPERS,,1.0,,,0.67,,,1.0,,,115150.0,,,115150.0,,,2.0,
445050,BEBELOVE 0-6 BOX 620G (IFO),2112 - INFANT MILK PREMIUM,MILK & DIAPERS,,1.18,,,3.67,,,1.38,,,138273.0,,,190817.0,,,8.0,
445050,BEBELOVE 0-6/1 BOX 620G (IFO),2112 - INFANT MILK PREMIUM,MILK & DIAPERS,1.0,,,4.5,,,1.8,,,115167.0,,,207301.0,,,5.0,,
439999,BMT 1 SOYA BOX 600G (IFO),2112 - INFANT MILK PREMIUM,MILK & DIAPERS,1.0,,,1.0,,,1.0,,,149500.0,,,149500.0,,,2.0,,
6510,BMT 1 DHA BOX 390G (IFO),2112 - INFANT MILK PREMIUM,MILK & DIAPERS,1.23,1.11,-0.0976,11.0,6.0,-0.4545,1.57,2.25,0.4331,122155.0,110483.0,-0.0956,191783.0,248587.0,0.2962,14.0,8.0,-0.4286
108670,LACTOGEN PRO 0-6 BOX 180G (IFO),2112 - INFANT MILK PREMIUM,MILK & DIAPERS,1.0,1.0,0.0,5.0,1.67,-0.666,2.5,1.0,-0.6,33700.0,33700.0,0.0,84250.0,33700.0,-0.6,4.0,5.0,0.25
108671,LACTOGEN PRO 0-6 BOX 350G (IFO),2112 - INFANT MILK PREMIUM,MILK & DIAPERS,1.3,1.0,-0.2308,10.0,4.67,-0.533,1.82,1.56,-0.1429,84790.0,65200.0,-0.231,154318.0,101712.0,-0.3409,11.0,9.0,-0.1818
108672,LACTOGEN PRO 0-6 BOX 735G (IFO),2112 - INFANT MILK PREMIUM,MILK & DIAPERS,1.0,1.42,0.42,2.5,4.0,0.6,1.25,1.33,0.064,138760.0,196492.0,0.4161,173450.0,261334.0,0.5067,4.0,9.0,1.25
210062,BMT 1 PLT CAN 400G (IFO),2113 - INFANT MILK SUPER PREMIUM,MILK & DIAPERS,1.0,1.17,0.17,4.5,2.0,-0.5556,3.0,1.2,-0.6,172500.0,201250.0,0.1667,517500.0,241500.0,-0.5333,3.0,5.0,0.6667
113320,NUTRIBABY RYL 1 BOX 400G (IFO),2113 - INFANT MILK SUPER PREMIUM,MILK & DIAPERS,1.0,1.33,0.33,1.5,5.0,2.3333,1.0,2.5,1.5,129067.0,173793.0,0.3465,129067.0,434482.0,2.3663,3.0,6.0,1.0
407689,NUTRIBABY RYL 1 BOX 800G (IFO),2113 - INFANT MILK SUPER PREMIUM,MILK & DIAPERS,1.0,1.0,0.0,6.0,0.67,-0.8883,3.0,1.0,-0.6667,252900.0,252900.0,0.0,758700.0,252900.0,-0.6667,4.0,2.0,-0.5
120975,S-26 PRMIL G1 CAN 400G (IFO),2113 - INFANT MILK SUPER PREMIUM,MILK & DIAPERS,1.11,1.0,-0.0991,9.0,2.0,-0.7778,2.0,1.5,-0.25,196489.0,177633.0,-0.096,392978.0,266450.0,-0.322,9.0,4.0,-0.5556
121002,S-26 PROMIL GOLD1 900G(IFO)(OL),2113 - INFANT MILK SUPER PREMIUM,MILK & DIAPERS,2.0,,,1.0,,,1.0,,,775000.0,,,775000.0,,,2.0,,
235168,S-26 PROMIL 1 400G (IFO)(OL),2113 - INFANT MILK SUPER PREMIUM,MILK & DIAPERS,2.0,,,0.5,,,1.0,,,231800.0,,,231800.0,,,1.0,,
465856,CHILGO INFANTR6-12 BOX270G(IFO),2114 - FOLLOW ON MILK MAINSTREAM,MILK & DIAPERS,2.0,1.17,-0.415,1.5,2.0,0.3333,1.5,1.5,0.0,73800.0,43050.0,-0.4167,110700.0,64575.0,-0.4167,2.0,4.0,1.0
441249,DANCOW BABY 6-12 BOX 120G (IFO),2114 - FOLLOW ON MILK MAINSTREAM,MILK & DIAPERS,1.61,1.45,-0.0994,18.0,3.67,-0.7961,2.12,1.1,-0.4811,20139.0,18182.0,-0.0972,42695.0,20000.0,-0.5316,17.0,10.0,-0.4118
102739,FF PMIL 6-12BOX 360G (IFO),2114 - FOLLOW ON MILK MAINSTREAM,MILK & DIAPERS,1.07,1.11,0.0374,7.0,6.0,-0.1429,2.8,1.8,-0.3571,49179.0,48611.0,-0.0115,137701.0,87500.0,-0.3646,5.0,10.0,1.0
115110,FF PMIL 6-12BOX 750G (IFO),2114 - FOLLOW ON MILK MAINSTREAM,MILK & DIAPERS,1.04,1.47,0.4135,11.5,5.0,-0.5652,2.56,1.88,-0.2656,96939.0,120747.0,0.2456,248164.0,227004.0,-0.0853,9.0,8.0,-0.1111
118828,SGM AN PN SOYA6-12 BOX400G(IFO),2114 - FOLLOW ON MILK MAINSTREAM,MILK & DIAPERS,1.08,1.53,0.4167,6.5,5.67,-0.1277,1.86,2.83,0.5215,67738.0,94929.0,0.4014,125993.0,268649.0,1.1323,7.0,6.0,-0.1429
120759,SGM AN PN 6-12 BOX 150G (IFO),2114 - FOLLOW ON MILK MAINSTREAM,MILK & DIAPERS,1.52,1.46,-0.0395,29.0,16.67,-0.4252,2.23,2.17,-0.0269,24071.0,23138.0,-0.0388,53678.0,50209.0,-0.0646,26.0,23.0,-0.1154
120760,SGM AN PN 6-12 BOX 400G (IFO),2114 - FOLLOW ON MILK MAINSTREAM,MILK & DIAPERS,1.0,1.0,0.0,16.0,6.67,-0.5831,1.6,1.54,-0.0375,43503.0,43465.0,-0.0009,69605.0,66936.0,-0.0383,20.0,13.0,-0.35
120761,SGM AN PN 6-12 BOX 1000G (IFO),2114 - FOLLOW ON MILK MAINSTREAM,MILK & DIAPERS,1.29,1.16,-0.1008,17.5,17.0,-0.0286,1.52,1.82,0.1974,121191.0,107865.0,-0.11,184210.0,196314.0,0.0657,23.0,28.0,0.2174
210018,SGM AN PN 6-12 BOX 600G (IFO),2114 - FOLLOW ON MILK MAINSTREAM,MILK & DIAPERS,1.0,,,14.0,,,1.87,,,60432.0,,,113008.0,,,15.0,,
210018,SGM AN PN6-12 BOX 550G(IFO),2114 - FOLLOW ON MILK MAINSTREAM,MILK & DIAPERS,,1.03,,,12.33,,,1.85,,,55292.0,,,102290.0,,,20.0,
423318,VIDORAN MB6-12 BOX 575G(IFO),2114 - FOLLOW ON MILK MAINSTREAM,MILK & DIAPERS,,1.0,,,1.67,,,1.25,,,50380.0,,,62975.0,,,4.0,
423318,VIDORAN MB6-12BOX 550/575G(IFO),2114 - FOLLOW ON MILK MAINSTREAM,MILK & DIAPERS,,1.0,,,0.33,,,1.0,,,51400.0,,,51400.0,,,1.0,
118294,BEBELOVE 6-12 BOX 175G (IFO),2115 - FOLLOW ON MILK PREMIUM,MILK & DIAPERS,,1.11,,,12.33,,,1.85,,,39627.0,,,73310.0,,,20.0,
118294,BEBELOVE 6-12/2BOX175/200G(IFO),2115 - FOLLOW ON MILK PREMIUM,MILK & DIAPERS,1.29,,,32.5,,,1.76,,,48126.0,,,84702.0,,,37.0,,
118295,BEBELOVE 6-12 BOX 350G (IFO),2115 - FOLLOW ON MILK PREMIUM,MILK & DIAPERS,,1.0,,,5.33,,,1.78,,,70188.0,,,124935.0,,,9.0,
118295,BEBELOVE 6-12/2BOX350/400G(IFO),2115 - FOLLOW ON MILK PREMIUM,MILK & DIAPERS,1.13,,,15.5,,,1.72,,,85577.0,,,147192.0,,,18.0,,
118296,BEBELOVE 6-12 CAN 800G (IFO),2115 - FOLLOW ON MILK PREMIUM,MILK & DIAPERS,,1.2,,,8.33,,,1.56,,,178588.0,,,278597.0,,,16.0,
118296,BEBELOVE 6-12/2 CAN 800G (IFO),2115 - FOLLOW ON MILK PREMIUM,MILK & DIAPERS,1.23,,,24.0,,,1.55,,,182340.0,,,282627.0,,,31.0,,
445049,BEBELOVE 6-12 BOX 600/620G(IFO),2115 - FOLLOW ON MILK PREMIUM,MILK & DIAPERS,,1.0,,,2.67,,,1.33,,,114838.0,,,152735.0,,,6.0,
445049,BEBELOVE 6-12 BOX 620G (IFO),2115 - FOLLOW ON MILK PREMIUM,MILK & DIAPERS,,1.09,,,3.67,,,1.83,,,126509.0,,,231511.0,,,6.0,
445049,BEBELOVE 6-12/2 BOX 620G (IFO),2115 - FOLLOW ON MILK PREMIUM,MILK & DIAPERS,1.0,,,7.5,,,2.14,,,115153.0,,,246427.0,,,7.0,,
176558,CHILMIL 2 DHA BOX 190G(IFO),2115 - FOLLOW ON MILK PREMIUM,MILK & DIAPERS,1.13,1.46,0.292,7.5,4.33,-0.4227,1.25,1.62,0.296,56033.0,72054.0,0.2859,70041.0,116727.0,0.6666,12.0,8.0,-0.3333
210090,CHIL MIL PLN CAN800G(IFO)(OL),2115 - FOLLOW ON MILK PREMIUM,MILK & DIAPERS,1.33,,,3.0,,,3.0,,,410667.0,,,1232001.0,,,2.0,,
263133,CHILMIL GOLD 780G (IFO)(OL),2115 - FOLLOW ON MILK PREMIUM,MILK & DIAPERS,1.0,,,1.0,,,2.0,,,192000.0,,,384000.0,,,1.0,,
108674,LACTOGEN PRO6-12 BOX 350G (IFO),2115 - FOLLOW ON MILK PREMIUM,MILK & DIAPERS,1.23,1.0,-0.187,17.5,8.67,-0.5046,3.18,3.25,0.022,80160.0,65200.0,-0.1866,254909.0,211900.0,-0.1687,11.0,8.0,-0.2727
108675,LACTOGEN PRO6-12 BOX 735G (IFO),2115 - FOLLOW ON MILK PREMIUM,MILK & DIAPERS,1.05,1.0,-0.0476,10.5,3.67,-0.6505,1.91,1.83,-0.0419,145448.0,138718.0,-0.0463,277806.0,253854.0,-0.0862,11.0,6.0,-0.4545
210063,CHIL-MIL 2 PLT CAN 400G (IFO),2116 - FOLLOW ON MILK SUPER PREMIUM,MILK & DIAPERS,1.38,1.0,-0.2754,4.0,3.67,-0.0825,1.6,1.83,0.1438,229488.0,166900.0,-0.2727,367181.0,305427.0,-0.1682,5.0,6.0,0.2
232068,ENFAMIL A+ 2 400G (IFO),2116 - FOLLOW ON MILK SUPER PREMIUM,MILK & DIAPERS,1.0,,,0.5,,,1.0,,,240100.0,,,240100.0,,,1.0,,
224970,NUTRIBABY RYL 2 BOX 400G (IFO),2116 - FOLLOW ON MILK SUPER PREMIUM,MILK & DIAPERS,1.21,1.0,-0.1736,9.5,6.67,-0.2979,1.9,4.0,1.1053,155126.0,128605.0,-0.171,294739.0,514420.0,0.7453,10.0,5.0,-0.5
407690,NUTRIBABY RYL 2 BOX 800G (IFO),2116 - FOLLOW ON MILK SUPER PREMIUM,MILK & DIAPERS,1.11,1.23,0.1081,9.0,4.33,-0.5189,2.25,1.86,-0.1733,281000.0,312508.0,0.1121,632250.0,581265.0,-0.0806,8.0,7.0,-0.125
115921,S-26 PRMIL 2 VNL BOX 400G (IFO),2116 - FOLLOW ON MILK SUPER PREMIUM,MILK & DIAPERS,1.05,1.33,0.2667,10.5,1.0,-0.9048,3.0,1.0,-0.6667,121000.0,154233.0,0.2747,363000.0,154233.0,-0.5751,7.0,3.0,-0.5714
120976,S-26 PROMIL G2 CAN 400G (IFO),2116 - FOLLOW ON MILK SUPER PREMIUM,MILK & DIAPERS,1.1,1.08,-0.0182,10.5,8.33,-0.2067,1.75,2.5,0.4286,193500.0,190728.0,-0.0143,338625.0,476820.0,0.4081,12.0,10.0,-0.1667
121003,S-26 PROMILGOLD 2 900G(IFO)(OL),2116 - FOLLOW ON MILK SUPER PREMIUM,MILK & DIAPERS,1.0,,,1.5,,,1.0,,,385967.0,,,385967.0,,,3.0,,
416835,BATITA 3+ VANILA BOX850G,2117 - GROWING UP MILK MAINSTREAM,MILK & DIAPERS,1.0,,,3.0,,,1.2,,,69900.0,,,83880.0,,,5.0,,
416836,BATITA 3+ MADU BOX 850G,2117 - GROWING UP MILK MAINSTREAM,MILK & DIAPERS,1.3,1.11,-0.1462,5.0,3.0,-0.4,1.25,1.12,-0.104,90870.0,77667.0,-0.1453,113588.0,86987.0,-0.2342,8.0,8.0,0.0
416838,BATITA 1+ MADU BOX 850G,2117 - GROWING UP MILK MAINSTREAM,MILK & DIAPERS,1.24,1.12,-0.0968,12.5,2.67,-0.7864,1.79,1.6,-0.1061,89032.0,80900.0,-0.0913,159367.0,129440.0,-0.1878,14.0,5.0,-0.6429
426061,CHILGO PWD3+ VANILA BOX 660G,2117 - GROWING UP MILK MAINSTREAM,MILK & DIAPERS,1.38,1.28,-0.0725,26.5,10.67,-0.5974,1.66,1.6,-0.0361,104955.0,97531.0,-0.0707,174225.0,156050.0,-0.1043,32.0,20.0,-0.375
426062,CHILGO PWD1+ VANILA BOX 660G,2117 - GROWING UP MILK MAINSTREAM,MILK & DIAPERS,1.1,1.06,-0.0364,15.5,5.67,-0.6342,1.82,1.21,-0.3352,88168.0,85071.0,-0.0351,160466.0,102936.0,-0.3585,17.0,14.0,-0.1765
426063,CHILGO PWD3+ MADU BOX 660G,2117 - GROWING UP MILK MAINSTREAM,MILK & DIAPERS,1.25,1.19,-0.048,20.0,7.0,-0.65,1.9,1.75,-0.0789,95250.0,90657.0,-0.0482,180975.0,158650.0,-0.1234,21.0,12.0,-0.4286
426064,CHILGO PWD1+ MADU BOX 270G,2117 - GROWING UP MILK MAINSTREAM,MILK & DIAPERS,1.0,,,2.0,,,1.0,,,36000.0,,,36000.0,,,4.0,,
426066,CHILGO PWD1+ MADU BOX 660G,2117 - GROWING UP MILK MAINSTREAM,MILK & DIAPERS,1.0,1.35,0.35,7.5,7.67,0.0227,1.25,1.44,0.152,80380.0,108274.0,0.347,100475.0,155915.0,0.5518,12.0,16.0,0.3333
434167,CHILGO PWD3+ VNL BOX 270G (OL),2117 - GROWING UP MILK MAINSTREAM,MILK & DIAPERS,1.0,,,0.5,,,1.0,,,34500.0,,,34500.0,,,1.0,,
444779,CHILGO PWD1+ VNL BOX 950G (OL),2117 - GROWING UP MILK MAINSTREAM,MILK & DIAPERS,1.0,,,0.5,,,1.0,,,108000.0,,,108000.0,,,1.0,,
444780,CHILGO PWD3+ MADU BOX 950G (OL),2117 - GROWING UP MILK MAINSTREAM,MILK & DIAPERS,2.0,,,0.5,,,1.0,,,204000.0,,,204000.0,,,1.0,,
444845,CHILGO PWD3+ VNL BOX 950G (OL),2117 - GROWING UP MILK MAINSTREAM,MILK & DIAPERS,2.0,,,2.0,,,1.0,,,207000.0,,,207000.0,,,4.0,,
109428,DANCOW 1+ VANILA BOX 750G,2117 - GROWING UP MILK MAINSTREAM,MILK & DIAPERS,1.13,1.19,0.0531,26.5,14.33,-0.4592,1.71,1.59,-0.0702,93343.0,97851.0,0.0483,159617.0,155583.0,-0.0253,31.0,27.0,-0.129
109441,DANCOW 3+ VANILA BOX 750G,2117 - GROWING UP MILK MAINSTREAM,MILK & DIAPERS,1.11,1.1,-0.009,23.0,10.0,-0.5652,1.7,1.5,-0.1176,88663.0,87917.0,-0.0084,150727.0,131876.0,-0.1251,27.0,20.0,-0.2593
123314,DANCOW 3+ VANILA BOX 1KG,2117 - GROWING UP MILK MAINSTREAM,MILK & DIAPERS,,1.0,,,6.0,,,1.64,,,107500.0,,,176300.0,,,11.0,
124531,DANCOW 1+ MADU BOX 1KG,2117 - GROWING UP MILK MAINSTREAM,MILK & DIAPERS,1.15,1.08,-0.0609,10.0,13.0,0.3,1.25,1.95,0.56,126115.0,118426.0,-0.061,157644.0,230931.0,0.4649,16.0,20.0,0.25
199875,DANCOW 1+ MADU BOX 120G,2117 - GROWING UP MILK MAINSTREAM,MILK & DIAPERS,1.5,1.32,-0.12,26.0,14.67,-0.4358,1.73,1.63,-0.0578,20865.0,18359.0,-0.1201,36096.0,29925.0,-0.171,30.0,27.0,-0.1
199876,DANCOW 1+ MADU BOX 350G,2117 - GROWING UP MILK MAINSTREAM,MILK & DIAPERS,1.03,1.15,0.1165,19.5,6.67,-0.6579,1.56,1.33,-0.1474,42821.0,48255.0,0.1269,66801.0,64179.0,-0.0393,25.0,15.0,-0.4
199877,DANCOW 1+ MADU BOX 750G,2117 - GROWING UP MILK MAINSTREAM,MILK & DIAPERS,1.15,1.08,-0.0609,27.0,13.33,-0.5063,1.74,2.0,0.1494,94578.0,92803.0,-0.0188,164566.0,185606.0,0.1279,31.0,20.0,-0.3548
211831,DANCOW 3+ MADU BOX 350G,2117 - GROWING UP MILK MAINSTREAM,MILK & DIAPERS,1.32,1.17,-0.1136,14.0,7.67,-0.4521,1.87,1.77,-0.0535,51604.0,45761.0,-0.1132,96499.0,80997.0,-0.1606,15.0,13.0,-0.1333
211832,DANCOW 3+ MADU BOX 750G,2117 - GROWING UP MILK MAINSTREAM,MILK & DIAPERS,1.16,1.35,0.1638,30.5,6.67,-0.7813,2.18,1.25,-0.4266,93077.0,107905.0,0.1593,202908.0,134881.0,-0.3353,28.0,16.0,-0.4286
214339,DANCOW 3+ COKELAT BOX 750G,2117 - GROWING UP MILK MAINSTREAM,MILK & DIAPERS,1.0,1.0,0.0,6.0,3.0,-0.5,1.5,1.5,0.0,84500.0,84500.0,0.0,126750.0,126750.0,0.0,8.0,6.0,-0.25
215163,DANCOW 3+ VANILA BOX 350G,2117 - GROWING UP MILK MAINSTREAM,MILK & DIAPERS,1.0,1.0,0.0,24.5,11.67,-0.5237,1.75,2.06,0.1771,39059.0,39037.0,-0.0006,68353.0,80416.0,0.1765,28.0,17.0,-0.3929
215165,DANCOW 1+ VANILA BOX 350G,2117 - GROWING UP MILK MAINSTREAM,MILK & DIAPERS,1.29,1.19,-0.0775,24.5,14.33,-0.4151,1.69,1.65,-0.0237,53739.0,49719.0,-0.0748,90819.0,82036.0,-0.0967,29.0,26.0,-0.1034
223100,DANCOW 5+ MADU BOX 350G,2117 - GROWING UP MILK MAINSTREAM,MILK & DIAPERS,1.14,1.03,-0.0965,17.5,10.0,-0.4286,1.35,1.2,-0.1111,45680.0,44003.0,-0.0367,61668.0,52804.0,-0.1437,26.0,25.0,-0.0385
223101,DANCOW 5+ MADU BOX 750G,2117 - GROWING UP MILK MAINSTREAM,MILK & DIAPERS,1.21,1.2,-0.0083,35.5,14.67,-0.5868,1.54,1.47,-0.0455,96323.0,95752.0,-0.0059,148337.0,140755.0,-0.0511,46.0,30.0,-0.3478
414767,DANCOW 1+ VANILA BOX 120G,2117 - GROWING UP MILK MAINSTREAM,MILK & DIAPERS,1.12,1.3,0.1607,16.5,7.67,-0.5352,1.22,1.1,-0.0984,15621.0,18148.0,0.1618,19058.0,19963.0,0.0475,27.0,21.0,-0.2222
442253,DANCOW 3+ MADU BOX 120G,2117 - GROWING UP MILK MAINSTREAM,MILK & DIAPERS,1.0,1.38,0.38,2.5,16.0,5.4,1.0,1.71,0.71,13900.0,19112.0,0.375,13900.0,32682.0,1.3512,5.0,28.0,4.6
466050,DANCOW GROPLUS VANILA BOX 400G,2117 - GROWING UP MILK MAINSTREAM,MILK & DIAPERS,1.11,1.02,-0.0811,9.5,14.33,0.5084,1.46,1.16,-0.2055,77258.0,71526.0,-0.0742,112797.0,82970.0,-0.2644,13.0,37.0,1.8462
102412,FF PGRO 1+ MADU BOX 750G,2117 - GROWING UP MILK MAINSTREAM,MILK & DIAPERS,1.06,1.2,0.1321,17.5,8.33,-0.524,2.69,2.78,0.0335,102920.0,116784.0,0.1347,276855.0,324660.0,0.1727,13.0,9.0,-0.3077
102430,FF PGRO 1+ COKELAT BOX 360G,2117 - GROWING UP MILK MAINSTREAM,MILK & DIAPERS,1.15,1.12,-0.0261,17.0,2.67,-0.8429,2.83,1.14,-0.5972,57238.0,56238.0,-0.0175,161984.0,64111.0,-0.6042,12.0,7.0,-0.4167
102431,FF PGRO 1+ MADU BOX 360G,2117 - GROWING UP MILK MAINSTREAM,MILK & DIAPERS,1.0,1.0,0.0,9.0,2.0,-0.7778,2.0,1.0,-0.5,49900.0,50000.0,0.002,99800.0,50000.0,-0.499,9.0,6.0,-0.3333
107700,FF PGRO 1+ VANILA BOX 360G,2117 - GROWING UP MILK MAINSTREAM,MILK & DIAPERS,1.04,1.0,-0.0385,13.0,3.67,-0.7177,2.0,1.22,-0.39,51819.0,49955.0,-0.036,103638.0,60945.0,-0.4119,13.0,9.0,-0.3077
113190,FF PGRO 1+ VNL BOX 750G,2117 - GROWING UP MILK MAINSTREAM,MILK & DIAPERS,1.03,1.13,0.0971,19.5,10.33,-0.4703,2.17,1.82,-0.1613,99897.0,109903.0,0.1002,216776.0,200023.0,-0.0773,18.0,17.0,-0.0556
115440,FF PGRO 3+ VANILA BOX 750G,2117 - GROWING UP MILK MAINSTREAM,MILK & DIAPERS,1.19,1.17,-0.0168,21.5,7.67,-0.6433,1.79,1.92,0.0726,109598.0,108183.0,-0.0129,196180.0,207711.0,0.0588,24.0,12.0,-0.5
243682,FF PGRO 3+ MADU BOX 750G,2117 - GROWING UP MILK MAINSTREAM,MILK & DIAPERS,1.25,1.2,-0.04,16.0,8.33,-0.4794,2.13,1.56,-0.2676,115397.0,110520.0,-0.0423,245796.0,172411.0,-0.2986,15.0,16.0,0.0667
439625,FF PRIMAGRO 1+ VANILLA 2KG(OL),2117 - GROWING UP MILK MAINSTREAM,MILK & DIAPERS,1.0,,,1.0,,,2.0,,,240000.0,,,480000.0,,,1.0,,
118829,SGM EKSPLOR 1+ SOYA VNL BOX400G,2117 - GROWING UP MILK MAINSTREAM,MILK & DIAPERS,1.07,1.1,0.028,14.5,3.33,-0.7703,2.23,1.25,-0.4395,64576.0,66440.0,0.0289,144004.0,83050.0,-0.4233,13.0,8.0,-0.3846
120762,SGM EKSPLOR 1+ MADU BOX 150G,2117 - GROWING UP MILK MAINSTREAM,MILK & DIAPERS,1.22,1.54,0.2623,25.0,17.33,-0.3068,1.52,1.86,0.2237,19396.0,24119.0,0.2435,29482.0,44861.0,0.5216,33.0,28.0,-0.1515
120763,SGM EKSPLOR 1+ VANILA BOX 150G,2117 - GROWING UP MILK MAINSTREAM,MILK & DIAPERS,1.14,1.37,0.2018,32.5,26.33,-0.1898,1.59,3.16,0.9874,18045.0,21599.0,0.197,28692.0,68253.0,1.3788,41.0,25.0,-0.3902
120764,SGM EKSPLOR 1+ MADU BOX 400G,2117 - GROWING UP MILK MAINSTREAM,MILK & DIAPERS,1.02,1.0,-0.0196,25.0,10.0,-0.6,1.43,1.76,0.2308,44326.0,43507.0,-0.0185,63386.0,76572.0,0.208,35.0,17.0,-0.5143
120765,SGM EKSPLOR 1+ VANILA BOX 400G,2117 - GROWING UP MILK MAINSTREAM,MILK & DIAPERS,1.0,1.02,0.02,28.5,13.67,-0.5204,1.54,1.78,0.1558,43432.0,44593.0,0.0267,66885.0,79376.0,0.1868,37.0,23.0,-0.3784
120766,SGM EKSPLOR 1+ MADU BOX 900G,2117 - GROWING UP MILK MAINSTREAM,MILK & DIAPERS,1.08,1.41,0.3056,101.0,47.33,-0.5314,2.46,2.09,-0.1504,91365.0,119117.0,0.3037,224758.0,248955.0,0.1077,82.0,68.0,-0.1707
120767,SGM EKSPLOR 1+ VANILA BOX 900G,2117 - GROWING UP MILK MAINSTREAM,MILK & DIAPERS,1.29,1.58,0.2248,96.0,48.0,-0.5,1.94,1.89,-0.0258,108926.0,134528.0,0.235,211316.0,254258.0,0.2032,99.0,76.0,-0.2323
120768,SGM EKSPLOR 3+ VANILA BOX 400G,2117 - GROWING UP MILK MAINSTREAM,MILK & DIAPERS,1.0,1.0,0.0,14.5,5.0,-0.6552,1.32,1.36,0.0303,41862.0,41887.0,0.0006,55258.0,56966.0,0.0309,22.0,11.0,-0.5
120769,SGM EKSPLOR 3+ MADU BOX 400G,2117 - GROWING UP MILK MAINSTREAM,MILK & DIAPERS,1.0,1.04,0.04,12.0,9.0,-0.25,1.33,1.5,0.1278,41833.0,46581.0,0.1135,55638.0,69872.0,0.2558,18.0,18.0,0.0
120770,SGM EKSPLOR 3+ COKELAT BOX 400G,2117 - GROWING UP MILK MAINSTREAM,MILK & DIAPERS,1.0,1.0,0.0,14.5,7.0,-0.5172,1.53,2.1,0.3725,41855.0,41729.0,-0.003,64038.0,87631.0,0.3684,19.0,10.0,-0.4737
120771,SGM EKSPLOR 3+ VANILA BOX 900G,2117 - GROWING UP MILK MAINSTREAM,MILK & DIAPERS,1.53,1.49,-0.0261,67.5,33.67,-0.5012,2.33,1.91,-0.1803,122907.0,119025.0,-0.0316,286373.0,227338.0,-0.2061,58.0,53.0,-0.0862
120772,SGM EKSPLOR 3+ MADU BOX 900G,2117 - GROWING UP MILK MAINSTREAM,MILK & DIAPERS,1.31,1.42,0.084,74.5,39.33,-0.4721,2.33,2.27,-0.0258,104903.0,114100.0,0.0877,244424.0,259007.0,0.0597,64.0,52.0,-0.1875
120773,SGM EKSPLOR 3+ COKELAT BOX 900G,2117 - GROWING UP MILK MAINSTREAM,MILK & DIAPERS,1.09,1.15,0.055,28.0,13.67,-0.5118,2.8,2.05,-0.2679,87314.0,91854.0,0.052,244479.0,188301.0,-0.2298,20.0,20.0,0.0
125341,SGM EKSPLOR 1+ SOYA MD BOX400G,2117 - GROWING UP MILK MAINSTREAM,MILK & DIAPERS,1.0,1.0,0.0,15.0,5.33,-0.6447,3.0,8.0,1.6667,60400.0,60400.0,0.0,181200.0,483200.0,1.6667,10.0,2.0,-0.8
200217,SGM EKSPLOR 5+ MADU BOX 400G,2117 - GROWING UP MILK MAINSTREAM,MILK & DIAPERS,1.05,1.16,0.1048,22.0,6.33,-0.7123,1.69,1.36,-0.1953,43705.0,48416.0,0.1078,73861.0,65846.0,-0.1085,26.0,14.0,-0.4615
200218,SGM EKSPLOR 5+ COKELAT BOX 900G,2117 - GROWING UP MILK MAINSTREAM,MILK & DIAPERS,1.4,1.03,-0.2643,20.0,11.67,-0.4165,1.48,1.3,-0.1216,111020.0,81309.0,-0.2676,164310.0,105702.0,-0.3567,27.0,27.0,0.0
200219,SGM EKSPLOR 5+ MADU BOX 900G,2117 - GROWING UP MILK MAINSTREAM,MILK & DIAPERS,1.31,1.24,-0.0534,37.5,19.67,-0.4755,1.74,1.51,-0.1322,103632.0,97903.0,-0.0553,180320.0,147834.0,-0.1802,43.0,39.0,-0.093
210045,SGM EKSPLOR 3+ MADU BOX 150G,2117 - GROWING UP MILK MAINSTREAM,MILK & DIAPERS,1.13,1.39,0.2301,33.5,21.33,-0.3633,1.52,2.06,0.3553,17927.0,22027.0,0.2287,27249.0,45376.0,0.6652,44.0,31.0,-0.2955
210101,SGM EKSPLOR SOYA VANILA BOX700G,2117 - GROWING UP MILK MAINSTREAM,MILK & DIAPERS,1.43,1.14,-0.2028,23.0,11.67,-0.4926,1.84,2.06,0.1196,141617.0,112817.0,-0.2034,260575.0,232403.0,-0.1081,25.0,17.0,-0.32
403419,SGM EKSPLOR SOYA MADU BOX 700G,2117 - GROWING UP MILK MAINSTREAM,MILK & DIAPERS,1.31,1.09,-0.1679,16.0,7.33,-0.5419,2.13,2.44,0.1455,129544.0,107691.0,-0.1687,275929.0,262766.0,-0.0477,15.0,9.0,-0.4
404407,SGM EKSPLOR 1+ MADU BOX 600G,2117 - GROWING UP MILK MAINSTREAM,MILK & DIAPERS,1.11,1.0,-0.0991,27.5,13.67,-0.5029,2.5,1.41,-0.436,65811.0,59429.0,-0.097,164528.0,83795.0,-0.4907,22.0,29.0,0.3182
406069,SGM EKSPLOR 1+ VANILA BOX 600G,2117 - GROWING UP MILK MAINSTREAM,MILK & DIAPERS,1.05,1.07,0.019,42.5,29.67,-0.3019,1.63,2.34,0.4356,62138.0,63431.0,0.0208,101285.0,148429.0,0.4655,52.0,38.0,-0.2692
408722,SGM EKSPLOR 3+ VANILA BOX 600G,2117 - GROWING UP MILK MAINSTREAM,MILK & DIAPERS,1.1,1.08,-0.0182,10.0,8.0,-0.2,1.25,1.41,0.128,62590.0,71133.0,0.1365,78238.0,100298.0,0.282,16.0,17.0,0.0625
408723,SGM EKSPLOR 3+ MADU BOX 600G,2117 - GROWING UP MILK MAINSTREAM,MILK & DIAPERS,1.11,1.06,-0.045,19.0,10.67,-0.4384,1.65,1.68,0.0182,62889.0,60481.0,-0.0383,103767.0,101608.0,-0.0208,23.0,19.0,-0.1739
465877,SGM EKSPLOR 5+ MADU BOX 575G,2117 - GROWING UP MILK MAINSTREAM,MILK & DIAPERS,1.0,1.22,0.22,11.0,7.67,-0.3027,1.57,1.64,0.0446,52200.0,63483.0,0.2161,81954.0,104112.0,0.2704,14.0,14.0,0.0
210013,VIDORAN XMART 1+ MADU BOX 350G,2117 - GROWING UP MILK MAINSTREAM,MILK & DIAPERS,1.02,1.08,0.0588,45.5,8.0,-0.8242,1.86,1.5,-0.1935,31381.0,32013.0,0.0201,58369.0,48020.0,-0.1773,49.0,16.0,-0.6735
210013,VIDORAN XMART 1+MADUBOX325/350G,2117 - GROWING UP MILK MAINSTREAM,MILK & DIAPERS,,1.0,,,5.0,,,1.25,,,30740.0,,,38425.0,,,12.0,
210015,VIDORAN XMART 3+ MADU BOX 350G,2117 - GROWING UP MILK MAINSTREAM,MILK & DIAPERS,1.01,1.04,0.0297,42.5,9.33,-0.7805,1.98,1.22,-0.3838,29852.0,30468.0,0.0206,59107.0,37171.0,-0.3711,43.0,23.0,-0.4651
210015,VIDORAN XMART 3+MADUBOX325/350G,2117 - GROWING UP MILK MAINSTREAM,MILK & DIAPERS,,1.1,,,3.33,,,1.0,,,32490.0,,,32490.0,,,10.0,
210094,VIDORAN XMART 1+MADU BOX700G,2117 - GROWING UP MILK MAINSTREAM,MILK & DIAPERS,1.05,1.12,0.0667,27.5,10.67,-0.612,1.67,1.68,0.006,62113.0,65934.0,0.0615,103729.0,110769.0,0.0679,33.0,19.0,-0.4242
210095,VIDORAN XMART 1+VNL BOX700G,2117 - GROWING UP MILK MAINSTREAM,MILK & DIAPERS,1.2,1.3,0.0833,12.5,6.67,-0.4664,1.25,1.67,0.336,70680.0,76345.0,0.0801,88350.0,127496.0,0.4431,20.0,12.0,-0.4
210096,VIDORAN XMART 3+MD BOX 700G,2117 - GROWING UP MILK MAINSTREAM,MILK & DIAPERS,1.36,1.0,-0.2647,19.5,8.33,-0.5728,1.62,1.39,-0.142,73249.0,53844.0,-0.2649,118663.0,74843.0,-0.3693,24.0,18.0,-0.25
210097,VIDORAN XMART 3+VNL BOX 700G,2117 - GROWING UP MILK MAINSTREAM,MILK & DIAPERS,1.18,1.0,-0.1525,34.0,12.67,-0.6274,1.7,1.46,-0.1412,63412.0,53884.0,-0.1503,107800.0,78671.0,-0.2702,40.0,26.0,-0.35
405837,VIDORAN XMART 1+ VANILA BOX350G,2117 - GROWING UP MILK MAINSTREAM,MILK & DIAPERS,1.0,1.0,0.0,2.0,10.67,4.335,1.33,1.45,0.0902,30700.0,29919.0,-0.0254,40831.0,43383.0,0.0625,3.0,22.0,6.3333
405837,VIDORAN XMART 1+VNL BOX325/350G,2117 - GROWING UP MILK MAINSTREAM,MILK & DIAPERS,,1.0,,,4.0,,,1.33,,,30700.0,,,40831.0,,,9.0,
406956,VIDORAN XMART 3+ VANILA BOX350G,2117 - GROWING UP MILK MAINSTREAM,MILK & DIAPERS,1.0,1.05,0.05,1.5,7.33,3.8867,1.0,1.47,0.47,29500.0,30664.0,0.0395,29500.0,45076.0,0.528,3.0,15.0,4.0
406956,VIDORAN XMART 3+VNL BOX325/350G,2117 - GROWING UP MILK MAINSTREAM,MILK & DIAPERS,,1.0,,,2.33,,,1.4,,,29500.0,,,41300.0,,,5.0,
412460,VIDORAN XMART 1+MD BOX 900/925G,2117 - GROWING UP MILK MAINSTREAM,MILK & DIAPERS,,1.2,,,5.0,,,1.15,,,89247.0,,,102634.0,,,13.0,
412460,VIDORAN XMART 1+MD BOX 900G,2117 - GROWING UP MILK MAINSTREAM,MILK & DIAPERS,,1.29,,,2.33,,,1.17,,,97586.0,,,114176.0,,,6.0,
412460,VIDORAN XMART 1+MD BOX 925G,2117 - GROWING UP MILK MAINSTREAM,MILK & DIAPERS,1.17,,,36.0,,,1.76,,,88501.0,,,155762.0,,,41.0,,
416065,VIDORAN XMART 3+MD BOX 900/925G,2117 - GROWING UP MILK MAINSTREAM,MILK & DIAPERS,,1.29,,,5.67,,,1.21,,,87729.0,,,106152.0,,,14.0,
416065,VIDORAN XMART 3+MD BOX 900G,2117 - GROWING UP MILK MAINSTREAM,MILK & DIAPERS,,1.12,,,5.67,,,1.31,,,77712.0,,,101803.0,,,13.0,
416065,VIDORAN XMART 3+MD BOX 925G,2117 - GROWING UP MILK MAINSTREAM,MILK & DIAPERS,1.22,,,29.5,,,1.44,,,85302.0,,,122835.0,,,41.0,,
421246,VIDORAN XMART 1+VNL BOX 900G,2117 - GROWING UP MILK MAINSTREAM,MILK & DIAPERS,,1.18,,,3.67,,,1.1,,,88900.0,,,97790.0,,,10.0,
421246,VIDORAN XMART 1+VNL BOX 925G,2117 - GROWING UP MILK MAINSTREAM,MILK & DIAPERS,1.33,,,29.0,,,1.66,,,100721.0,,,167197.0,,,35.0,,
421246,VIDORAN XMART 1+VNL BOX900/925G,2117 - GROWING UP MILK MAINSTREAM,MILK & DIAPERS,,1.0,,,6.67,,,1.43,,,74300.0,,,106249.0,,,14.0,
421247,VIDORAN XMART 3+VNL BOX 900G,2117 - GROWING UP MILK MAINSTREAM,MILK & DIAPERS,,1.2,,,6.67,,,1.18,,,83580.0,,,98624.0,,,17.0,
421247,VIDORAN XMART 3+VNL BOX 925G,2117 - GROWING UP MILK MAINSTREAM,MILK & DIAPERS,1.14,,,50.5,,,2.24,,,79585.0,,,178270.0,,,45.0,,
421247,VIDORAN XMART 3+VNL BOX900/925G,2117 - GROWING UP MILK MAINSTREAM,MILK & DIAPERS,,1.07,,,14.0,,,1.75,,,73305.0,,,128284.0,,,24.0,
422398,VIDORAN XMART 5+MD BOX 700G,2117 - GROWING UP MILK MAINSTREAM,MILK & DIAPERS,1.23,1.13,-0.0813,47.0,23.33,-0.5036,1.65,1.49,-0.097,63566.0,58124.0,-0.0856,104884.0,86605.0,-0.1743,57.0,47.0,-0.1754
118242,BEBELAC 1+ MADU BOX 175G,2118 - GROWING UP MILK PREMIUM,MILK & DIAPERS,,1.14,,,48.0,,,3.79,,,38726.0,,,146772.0,,,38.0,
118242,BEBELAC 1+/3 MADU BOX 175/200G,2118 - GROWING UP MILK PREMIUM,MILK & DIAPERS,1.05,,,28.0,,,1.81,,,38245.0,,,69223.0,,,31.0,,
118243,BEBELAC 1+ MADU BOX 350G,2118 - GROWING UP MILK PREMIUM,MILK & DIAPERS,,1.12,,,14.33,,,2.15,,,76033.0,,,163471.0,,,20.0,
118243,BEBELAC 1+/3 MADU BOX 350/400G,2118 - GROWING UP MILK PREMIUM,MILK & DIAPERS,1.04,,,42.0,,,2.9,,,75621.0,,,219301.0,,,29.0,,
118244,BEBELAC 1+ MADU CAN 800G,2118 - GROWING UP MILK PREMIUM,MILK & DIAPERS,,1.05,,,13.33,,,1.9,,,153888.0,,,292387.0,,,21.0,
118244,BEBELAC 1+/3 MADU CAN 800G,2118 - GROWING UP MILK PREMIUM,MILK & DIAPERS,1.13,,,30.5,,,1.85,,,165790.0,,,306712.0,,,33.0,,
118245,BEBELAC 1+ VANILA BOX 350G,2118 - GROWING UP MILK PREMIUM,MILK & DIAPERS,,1.0,,,9.67,,,1.71,,,68000.0,,,116280.0,,,17.0,
118245,BEBELAC 1+/3 VANILA BOX350/400G,2118 - GROWING UP MILK PREMIUM,MILK & DIAPERS,1.01,,,36.0,,,1.44,,,74019.0,,,106587.0,,,50.0,,
118246,BEBELAC 1+ VANILA CAN 800G,2118 - GROWING UP MILK PREMIUM,MILK & DIAPERS,,1.32,,,19.0,,,1.97,,,192893.0,,,379999.0,,,29.0,
118246,BEBELAC 1+/3 VANILA CAN 800G,2118 - GROWING UP MILK PREMIUM,MILK & DIAPERS,1.54,,,48.5,,,2.11,,,225135.0,,,475035.0,,,46.0,,
118247,BEBELAC 3+ MADU BOX 350G,2118 - GROWING UP MILK PREMIUM,MILK & DIAPERS,,1.0,,,14.0,,,2.0,,,63000.0,,,126000.0,,,21.0,
118247,BEBELAC 3+/4 MADU BOX 350/400G,2118 - GROWING UP MILK PREMIUM,MILK & DIAPERS,1.0,,,32.5,,,2.6,,,68149.0,,,177187.0,,,25.0,,
118248,BEBELAC 3+ MADU CAN 800G,2118 - GROWING UP MILK PREMIUM,MILK & DIAPERS,,1.0,,,8.67,,,1.37,,,135462.0,,,185583.0,,,19.0,
118248,BEBELAC 3+/4 MADU CAN 800G,2118 - GROWING UP MILK PREMIUM,MILK & DIAPERS,1.3,,,11.5,,,1.21,,,176661.0,,,213760.0,,,19.0,,
118249,BEBELAC 3+ VANILA BOX 350G,2118 - GROWING UP MILK PREMIUM,MILK & DIAPERS,,1.0,,,8.0,,,1.26,,,63000.0,,,79380.0,,,19.0,
118249,BEBELAC 3+/4 VANILA BOX350/400G,2118 - GROWING UP MILK PREMIUM,MILK & DIAPERS,1.0,,,12.0,,,1.5,,,68279.0,,,102418.0,,,16.0,,
118250,BEBELAC 3+ VANILA CAN 800G,2118 - GROWING UP MILK PREMIUM,MILK & DIAPERS,,1.17,,,12.0,,,1.5,,,157981.0,,,236972.0,,,24.0,
118250,BEBELAC 3+/4 VANILA CAN 800G,2118 - GROWING UP MILK PREMIUM,MILK & DIAPERS,1.31,,,22.5,,,1.45,,,177558.0,,,257459.0,,,31.0,,
121080,BEBELAC 1+/3 MADU BOX 1.8KG,2118 - GROWING UP MILK PREMIUM,MILK & DIAPERS,1.17,,,3.0,,,1.0,,,361667.0,,,361667.0,,,6.0,,
121081,BEBELAC 3+/4 VANILA 1.8KG (OL),2118 - GROWING UP MILK PREMIUM,MILK & DIAPERS,1.0,,,1.5,,,1.5,,,285733.0,,,428600.0,,,2.0,,
121082,BEBELAC 3+/4 MADU 1800G(OL),2118 - GROWING UP MILK PREMIUM,MILK & DIAPERS,1.0,,,0.5,,,1.0,,,283600.0,,,283600.0,,,1.0,,
121085,BEBELAC 1+/3 VANILABOX1800G(OL),2118 - GROWING UP MILK PREMIUM,MILK & DIAPERS,1.0,,,1.5,,,1.0,,,301600.0,,,301600.0,,,3.0,,
401545,BEBELAC 1+ VANILA BOX 1KG,2118 - GROWING UP MILK PREMIUM,MILK & DIAPERS,,1.05,,,14.33,,,1.79,,,187426.0,,,335493.0,,,24.0,
401545,BEBELAC 1+/3 VANILA BOX 1KG,2118 - GROWING UP MILK PREMIUM,MILK & DIAPERS,1.24,,,39.0,,,2.0,,,222603.0,,,445206.0,,,39.0,,
401546,BEBELAC 1+ MADU BOX 1KG,2118 - GROWING UP MILK PREMIUM,MILK & DIAPERS,,1.1,,,7.0,,,1.31,,,197319.0,,,258488.0,,,16.0,
401546,BEBELAC 1+/3 MADU BOX 1KG,2118 - GROWING UP MILK PREMIUM,MILK & DIAPERS,1.15,,,26.0,,,2.17,,,206538.0,,,448187.0,,,24.0,,
410383,BEBELAC 3+ MADU BOX 1KG,2118 - GROWING UP MILK PREMIUM,MILK & DIAPERS,,1.07,,,10.0,,,2.14,,,181867.0,,,389195.0,,,14.0,
410383,BEBELAC 3+/4 MADU BOX 1KG,2118 - GROWING UP MILK PREMIUM,MILK & DIAPERS,1.18,,,19.5,,,1.62,,,201103.0,,,325787.0,,,24.0,,
411457,BEBELAC 3+ VANILA BOX 1KG,2118 - GROWING UP MILK PREMIUM,MILK & DIAPERS,,1.1,,,6.67,,,1.43,,,187490.0,,,268111.0,,,14.0,
411457,BEBELAC 3+/4 VANILA BOX 1KG,2118 - GROWING UP MILK PREMIUM,MILK & DIAPERS,1.26,,,13.5,,,2.08,,,214704.0,,,446584.0,,,13.0,,
431801,BEBELAC 1+ VANILA BOX 600G,2118 - GROWING UP MILK PREMIUM,MILK & DIAPERS,,1.05,,,14.33,,,1.87,,,116435.0,,,217733.0,,,23.0,
431801,BEBELAC 1+/3 VANILA BOX600/620G,2118 - GROWING UP MILK PREMIUM,MILK & DIAPERS,1.05,,,10.5,,,1.5,,,116086.0,,,174129.0,,,14.0,,
431802,BEBELAC 1+ MADU BOX 600G,2118 - GROWING UP MILK PREMIUM,MILK & DIAPERS,,1.07,,,14.0,,,2.8,,,118960.0,,,333088.0,,,15.0,
431802,BEBELAC 1+/3 MADU BOX 600/620G,2118 - GROWING UP MILK PREMIUM,MILK & DIAPERS,1.15,,,10.0,,,2.0,,,127395.0,,,254790.0,,,10.0,,
440324,BEBELAC 1+/3 VANILA BOX 3KG(OL),2118 - GROWING UP MILK PREMIUM,MILK & DIAPERS,1.0,,,1.0,,,1.0,,,485900.0,,,485900.0,,,2.0,,
440325,BEBELAC 1+/3 MADU 3KG(OL),2118 - GROWING UP MILK PREMIUM,MILK & DIAPERS,1.12,,,4.0,,,1.33,,,546662.0,,,727060.0,,,6.0,,
440327,BEBELAC 3+/4 VANILA 3KG (OL),2118 - GROWING UP MILK PREMIUM,MILK & DIAPERS,1.0,,,0.5,,,1.0,,,463800.0,,,463800.0,,,1.0,,
404962,BEBELAC GOLD 3 VANILA BOX 700G,2118 - GROWING UP MILK PREMIUM,MILK & DIAPERS,1.18,1.24,0.0508,34.0,7.0,-0.7941,2.12,1.5,-0.2925,173682.0,182857.0,0.0528,368206.0,274286.0,-0.2551,32.0,14.0,-0.5625
406232,BEBELAC GOLD 3 VANILA BOX 360G,2118 - GROWING UP MILK PREMIUM,MILK & DIAPERS,1.0,1.35,0.35,29.0,7.67,-0.7355,1.71,1.64,-0.0409,78171.0,105283.0,0.3468,133672.0,172664.0,0.2917,34.0,14.0,-0.5882
420978,BEBELAC GOLD3 SOYA VNL BOX 700G,2118 - GROWING UP MILK PREMIUM,MILK & DIAPERS,1.27,1.2,-0.0551,5.5,1.67,-0.6964,1.83,1.0,-0.4536,192055.0,181040.0,-0.0574,351461.0,181040.0,-0.4849,6.0,5.0,-0.1667
445830,BEBELAC GOLD 3 MADU BOX 700G,2118 - GROWING UP MILK PREMIUM,MILK & DIAPERS,1.07,1.25,0.1682,14.0,2.67,-0.8093,1.87,1.33,-0.2888,158143.0,188975.0,0.195,295727.0,251337.0,-0.1501,15.0,6.0,-0.6
108537,CHIL-KID 3DHA VNL BOX 780G,2118 - GROWING UP MILK PREMIUM,MILK & DIAPERS,1.22,1.03,-0.1557,27.5,13.0,-0.5273,2.2,2.79,0.2682,214278.0,180051.0,-0.1597,471412.0,502342.0,0.0656,25.0,14.0,-0.44
176559,CHIL-KID 3DHA MADU BOX 190G,2118 - GROWING UP MILK PREMIUM,MILK & DIAPERS,1.03,1.0,-0.0291,15.5,5.67,-0.6342,1.48,1.7,0.1486,46358.0,44900.0,-0.0315,68610.0,76330.0,0.1125,21.0,10.0,-0.5238
179677,CHIL-KID 3DHA VNL BOX 190G,2118 - GROWING UP MILK PREMIUM,MILK & DIAPERS,1.04,1.04,0.0,34.5,15.33,-0.5557,2.09,2.3,0.1005,46865.0,46859.0,-0.0001,97948.0,107776.0,0.1003,33.0,20.0,-0.3939
263470,CHIL-KID 3DHA MADU BOX 780G,2118 - GROWING UP MILK PREMIUM,MILK & DIAPERS,1.04,1.09,0.0481,14.0,3.67,-0.7379,1.47,1.38,-0.0612,182182.0,191527.0,0.0513,267808.0,264307.0,-0.0131,19.0,8.0,-0.5789
404835,CHIL-KID GVNLBOX 4X390G (OL),2118 - GROWING UP MILK PREMIUM,MILK & DIAPERS,1.0,,,0.5,,,1.0,,,332000.0,,,332000.0,,,1.0,,
435535,CHIL-KID 3 SOYA VANILA BOX 200G,2118 - GROWING UP MILK PREMIUM,MILK & DIAPERS,1.0,,,3.5,,,1.17,,,48800.0,,,57096.0,,,6.0,,
436234,CHIL-KID 3 SOYA VANILA BOX 600G,2118 - GROWING UP MILK PREMIUM,MILK & DIAPERS,1.05,1.0,-0.0476,28.5,9.33,-0.6726,3.0,1.75,-0.4167,151505.0,143939.0,-0.0499,454515.0,251893.0,-0.4458,19.0,16.0,-0.1579
110635,CHIL-SCHOOL 4 VNL BOX 780G,2118 - GROWING UP MILK PREMIUM,MILK & DIAPERS,1.02,1.07,0.049,24.5,5.0,-0.7959,2.13,1.5,-0.2958,158337.0,165567.0,0.0457,337258.0,248350.0,-0.2636,23.0,10.0,-0.5652
210092,CHIL-SCHOOL PLATNM VNL 800G(OL),2118 - GROWING UP MILK PREMIUM,MILK & DIAPERS,1.0,,,2.0,,,4.0,,,241000.0,,,964000.0,,,1.0,,
219570,CHIL-SCHOOL 4DHAVNL BOX 390G,2118 - GROWING UP MILK PREMIUM,MILK & DIAPERS,1.0,1.0,0.0,6.0,4.0,-0.3333,2.0,1.33,-0.335,80408.0,80133.0,-0.0034,160816.0,106577.0,-0.3373,6.0,9.0,0.5
404836,CHIL-SCHOOL 4 MADU BOX 780G,2118 - GROWING UP MILK PREMIUM,MILK & DIAPERS,1.0,1.33,0.33,2.5,1.0,-0.6,1.25,1.0,-0.2,155200.0,206933.0,0.3333,194000.0,206933.0,0.0667,4.0,3.0,-0.25
434118,HEALTHYWAY KIDS 1+ MADU725G(OL),2118 - GROWING UP MILK PREMIUM,MILK & DIAPERS,1.0,,,0.5,,,1.0,,,91500.0,,,91500.0,,,1.0,,
434168,HEALTHYWAY KIDS 1+ VNL725G (OL),2118 - GROWING UP MILK PREMIUM,MILK & DIAPERS,1.43,,,3.5,,,2.33,,,130714.0,,,304564.0,,,3.0,,
434756,HEALTHYWAY KIDS 1+ MADU BOX350G,2118 - GROWING UP MILK PREMIUM,MILK & DIAPERS,1.0,,,1.0,,,1.0,,,48900.0,,,48900.0,,,2.0,,
110893,LACTOGROW PRO1+ PLAIN BOX735G,2118 - GROWING UP MILK PREMIUM,MILK & DIAPERS,1.11,1.22,0.0991,9.0,7.67,-0.1478,1.5,1.92,0.28,143956.0,157848.0,0.0965,215934.0,303068.0,0.4035,12.0,12.0,0.0
125486,LACTOGROW PRO 3+ VNL BOX 735G,2118 - GROWING UP MILK PREMIUM,MILK & DIAPERS,1.31,1.05,-0.1985,14.5,7.0,-0.5172,1.71,2.62,0.5322,148021.0,118295.0,-0.2008,253116.0,309933.0,0.2245,17.0,8.0,-0.5294
210016,LACTOGROW PRO 1+ MADU BOX735G,2118 - GROWING UP MILK PREMIUM,MILK & DIAPERS,1.0,1.14,0.14,8.5,7.33,-0.1376,1.89,1.83,-0.0317,129500.0,147159.0,0.1364,244755.0,269301.0,0.1003,9.0,12.0,0.3333
210021,LACTOGROW PRO 1+ MADU BOX350G,2118 - GROWING UP MILK PREMIUM,MILK & DIAPERS,1.0,1.0,0.0,14.5,5.67,-0.609,1.81,2.12,0.1713,60059.0,60118.0,0.001,108707.0,127450.0,0.1724,16.0,8.0,-0.5
210086,LACTOGROW PRO 3+ MADU BOX 735G,2118 - GROWING UP MILK PREMIUM,MILK & DIAPERS,1.2,1.25,0.0417,5.0,4.0,-0.2,1.0,1.5,0.5,135490.0,141142.0,0.0417,135490.0,211713.0,0.5626,10.0,8.0,-0.2
412361,LACTOGROW PRO 1+ VNL BOX 735G,2118 - GROWING UP MILK PREMIUM,MILK & DIAPERS,1.17,1.09,-0.0684,14.5,7.33,-0.4945,2.23,1.29,-0.4215,151855.0,141345.0,-0.0692,338637.0,182335.0,-0.4616,13.0,17.0,0.3077
417802,LACTOGROW PRO 1+ VNL BOX 350G,2118 - GROWING UP MILK PREMIUM,MILK & DIAPERS,1.07,1.09,0.0187,14.0,10.67,-0.2379,1.4,2.13,0.5214,64300.0,65709.0,0.0219,90020.0,139960.0,0.5548,20.0,15.0,-0.25
426098,LACTOGROW PRO3+MADU BOX 1KG(OL),2118 - GROWING UP MILK PREMIUM,MILK & DIAPERS,1.17,,,3.0,,,2.0,,,158550.0,,,317100.0,,,3.0,,
441263,LACTOGROW PRO 1+ MADU BOX 145G,2118 - GROWING UP MILK PREMIUM,MILK & DIAPERS,1.5,,,6.0,,,1.33,,,35850.0,,,47680.0,,,9.0,,
459265,LACTOGROW PRO 1+ VNL BOX 1KG,2118 - GROWING UP MILK PREMIUM,MILK & DIAPERS,,1.0,,,0.67,,,1.0,,,156500.0,,,156500.0,,,2.0,
210084,CHIL-KID 3 PLT VANILA CAN 800G,2119 - GROWING UP MILK SUPER PREMIUM,MILK & DIAPERS,1.0,1.08,0.08,8.5,4.33,-0.4906,2.12,2.17,0.0236,302124.0,325300.0,0.0767,640503.0,705901.0,0.1021,8.0,6.0,-0.25
420849,CHIL-KID 3 PLT VANILA CAN 400G,2119 - GROWING UP MILK SUPER PREMIUM,MILK & DIAPERS,1.0,1.0,0.0,7.0,3.67,-0.4757,1.4,2.2,0.5714,158714.0,158591.0,-0.0008,222200.0,348900.0,0.5702,10.0,5.0,-0.5
221874,ENFAGROW A+ 3 VNL CAN 800G,2119 - GROWING UP MILK SUPER PREMIUM,MILK & DIAPERS,1.0,1.0,0.0,4.0,1.33,-0.6675,2.0,2.0,0.0,440000.0,461675.0,0.0493,880000.0,923350.0,0.0493,4.0,2.0,-0.5
231034,ENFAGROW A+3 VANILA BOX 400G,2119 - GROWING UP MILK SUPER PREMIUM,MILK & DIAPERS,1.0,1.0,0.0,0.5,0.33,-0.34,1.0,1.0,0.0,219900.0,230900.0,0.05,219900.0,230900.0,0.05,1.0,1.0,0.0
232599,ENFAGROW A+4 VANILA CAN 800G,2119 - GROWING UP MILK SUPER PREMIUM,MILK & DIAPERS,1.0,1.2,0.2,0.5,1.67,2.34,1.0,1.25,0.25,390000.0,491180.0,0.2594,390000.0,613975.0,0.5743,1.0,4.0,3.0
422854,ENFAGROW ESNTL 3 VANILA BOX800G,2119 - GROWING UP MILK SUPER PREMIUM,MILK & DIAPERS,1.23,,,6.5,,,1.86,,,264446.0,,,491870.0,,,7.0,,
437011,ENFAGROW ESNTL 4 VANILA BOX800G,2119 - GROWING UP MILK SUPER PREMIUM,MILK & DIAPERS,1.0,1.0,0.0,3.5,0.67,-0.8086,3.5,1.0,-0.7143,199500.0,209500.0,0.0501,698250.0,209500.0,-0.7,2.0,2.0,0.0
437014,ENFAGROW A+ GENTL CAN 800G (OL),2119 - GROWING UP MILK SUPER PREMIUM,MILK & DIAPERS,2.0,,,1.0,,,2.0,,,1040200.0,,,2080400.0,,,1.0,,
438662,MORIGRO VANILA CAN 800G,2119 - GROWING UP MILK SUPER PREMIUM,MILK & DIAPERS,1.0,1.0,0.0,4.0,3.33,-0.1675,1.33,2.5,0.8797,303900.0,303930.0,0.0001,404187.0,759825.0,0.8799,6.0,4.0,-0.3333
441348,MORIGRO MADU BOX 200G (OL),2119 - GROWING UP MILK SUPER PREMIUM,MILK & DIAPERS,1.0,,,0.5,,,1.0,,,83000.0,,,83000.0,,,1.0,,
101613,NUTRILON RYL3 MADU CAN 800G,2119 - GROWING UP MILK SUPER PREMIUM,MILK & DIAPERS,1.0,1.0,0.0,2.5,2.0,-0.2,1.0,2.0,1.0,216200.0,216033.0,-0.0008,216200.0,432066.0,0.9985,5.0,3.0,-0.4
107081,NUTRILON RYL4 HONEY CAN800G(OL),2119 - GROWING UP MILK SUPER PREMIUM,MILK & DIAPERS,2.0,,,1.5,,,3.0,,,405000.0,,,1215000.0,,,1.0,,
113327,NUTRILON RYL 3 MADU BOX 400G,2119 - GROWING UP MILK SUPER PREMIUM,MILK & DIAPERS,1.0,1.0,0.0,3.0,1.67,-0.4433,2.0,1.25,-0.375,109600.0,111280.0,0.0153,219200.0,139100.0,-0.3654,3.0,4.0,0.3333
120467,NUTRILON RYL 4 VANILA BOX 400G,2119 - GROWING UP MILK SUPER PREMIUM,MILK & DIAPERS,1.13,1.04,-0.0796,19.5,8.0,-0.5897,3.25,2.18,-0.3292,119210.0,111117.0,-0.0679,387432.0,242235.0,-0.3748,12.0,11.0,-0.0833
224972,NUTRILON RYL 3 VANILA BOX 400G,2119 - GROWING UP MILK SUPER PREMIUM,MILK & DIAPERS,1.0,1.0,0.0,6.5,7.0,0.0769,1.3,1.5,0.1538,109562.0,110019.0,0.0042,142431.0,165028.0,0.1587,10.0,14.0,0.4
224973,NUTRILON RYL3 VANILA CAN 800G,2119 - GROWING UP MILK SUPER PREMIUM,MILK & DIAPERS,1.42,1.26,-0.1127,26.5,11.33,-0.5725,2.79,2.43,-0.129,305966.0,274018.0,-0.1044,853645.0,665864.0,-0.22,19.0,14.0,-0.2632
232048,NUTRILON RYL 4 VANILA CAN 800G,2119 - GROWING UP MILK SUPER PREMIUM,MILK & DIAPERS,1.13,1.2,0.0619,7.5,3.33,-0.556,3.0,2.5,-0.1667,239360.0,253440.0,0.0588,718080.0,633600.0,-0.1176,5.0,4.0,-0.2
426606,NUTRILON RYL4 VNL BOX 1800G(OL),2119 - GROWING UP MILK SUPER PREMIUM,MILK & DIAPERS,1.4,,,2.5,,,1.67,,,612080.0,,,1022174.0,,,3.0,,
411461,PEDIASURE TSURE MD CAN 800G,2119 - GROWING UP MILK SUPER PREMIUM,MILK & DIAPERS,1.0,1.0,0.0,1.5,2.33,0.5533,1.5,2.33,0.5533,372933.0,373629.0,0.0019,559400.0,870556.0,0.5562,2.0,3.0,0.5
411875,PEDIASURE TSURE VNL CAN 800G,2119 - GROWING UP MILK SUPER PREMIUM,MILK & DIAPERS,1.11,1.22,0.0991,9.5,3.0,-0.6842,1.46,1.5,0.0274,412200.0,457067.0,0.1088,601812.0,685600.0,0.1392,13.0,6.0,-0.5385
411877,PEDIASURE TSURE MD CAN 380G,2119 - GROWING UP MILK SUPER PREMIUM,MILK & DIAPERS,1.0,1.0,0.0,4.5,1.0,-0.7778,1.29,1.0,-0.2248,192322.0,195467.0,0.0164,248095.0,195467.0,-0.2121,7.0,3.0,-0.5714
412136,PEDIASURE TSURE VNL CAN 380G,2119 - GROWING UP MILK SUPER PREMIUM,MILK & DIAPERS,1.0,1.0,0.0,5.5,7.33,0.3327,1.57,1.83,0.1656,192200.0,195486.0,0.0171,301754.0,357739.0,0.1855,7.0,12.0,0.7143
412137,PEDIASURE TSURE VANILA BOX 200G,2119 - GROWING UP MILK SUPER PREMIUM,MILK & DIAPERS,1.33,1.0,-0.2481,3.0,4.33,0.4433,1.0,1.0,0.0,136800.0,121192.0,-0.1141,136800.0,121192.0,-0.1141,6.0,13.0,1.1667
426950,PEDIASURE TSURE CKT CAN 380G,2119 - GROWING UP MILK SUPER PREMIUM,MILK & DIAPERS,1.0,1.0,0.0,5.0,2.67,-0.466,1.43,1.33,-0.0699,192410.0,195162.0,0.0143,275146.0,259565.0,-0.0566,7.0,6.0,-0.1429
428839,PEDIASURE TSURE CLASSIC CAN400G,2119 - GROWING UP MILK SUPER PREMIUM,MILK & DIAPERS,1.0,,,1.0,,,1.0,,,192150.0,,,192150.0,,,2.0,,
431737,PEDIASURE TSURE COKELAT CAN800G,2119 - GROWING UP MILK SUPER PREMIUM,MILK & DIAPERS,1.0,1.0,0.0,5.5,2.33,-0.5764,1.83,1.4,-0.235,374509.0,373486.0,-0.0027,685351.0,522880.0,-0.2371,6.0,5.0,-0.1667
115922,S-26 PROMISE 4 VANILA BOX 400G,2119 - GROWING UP MILK SUPER PREMIUM,MILK & DIAPERS,1.0,1.08,0.08,12.5,8.0,-0.36,1.67,2.67,0.5988,95688.0,111688.0,0.1672,159799.0,298207.0,0.8661,15.0,9.0,-0.4
118081,S-26 PROCAL 3 VANILA BOX 400G,2119 - GROWING UP MILK SUPER PREMIUM,MILK & DIAPERS,1.17,1.17,0.0,11.5,6.0,-0.4783,2.56,1.64,-0.3594,122752.0,121861.0,-0.0073,314245.0,199852.0,-0.364,9.0,11.0,0.2222
121230,S-26 PROCAL G3 CAN 900G,2119 - GROWING UP MILK SUPER PREMIUM,MILK & DIAPERS,1.0,1.12,0.12,6.0,5.33,-0.1117,1.09,2.0,0.8349,347900.0,391325.0,0.1248,379211.0,782650.0,1.0639,11.0,8.0,-0.2727
121231,S-26 PROCAL G3 CAN 400G,2119 - GROWING UP MILK SUPER PREMIUM,MILK & DIAPERS,1.15,1.0,-0.1304,6.5,2.33,-0.6415,1.44,1.4,-0.0278,184423.0,159871.0,-0.1331,265569.0,223819.0,-0.1572,9.0,5.0,-0.4444
408651,S-26 PROCAL 3 VANILA BOX 700G,2119 - GROWING UP MILK SUPER PREMIUM,MILK & DIAPERS,1.37,1.2,-0.1241,9.5,3.33,-0.6495,1.58,1.67,0.057,242895.0,213000.0,-0.1231,383774.0,355710.0,-0.0731,12.0,6.0,-0.5
422556,S-26 PROMISE BOX 1.4KG (OL),2119 - GROWING UP MILK SUPER PREMIUM,MILK & DIAPERS,1.2,,,2.5,,,1.25,,,360000.0,,,450000.0,,,4.0,,
422557,S-26 PROCAL GOLD CAN 1.6KG(OL),2119 - GROWING UP MILK SUPER PREMIUM,MILK & DIAPERS,1.0,,,1.0,,,2.0,,,579000.0,,,1158000.0,,,1.0,,
439268,S-26 PROGLD PHPRO3 CAN 800G(OL),2119 - GROWING UP MILK SUPER PREMIUM,MILK & DIAPERS,1.0,,,0.5,,,1.0,,,364900.0,,,364900.0,,,1.0,,
443228,S-26 PROCAL 3 VANILA BOX 200G,2119 - GROWING UP MILK SUPER PREMIUM,MILK & DIAPERS,1.0,,,1.0,,,1.0,,,59400.0,,,59400.0,,,2.0,,
448648,S-26 PROCAL GOLD 3 VNL BOX 350G,2119 - GROWING UP MILK SUPER PREMIUM,MILK & DIAPERS,1.0,1.11,0.11,10.0,3.0,-0.7,2.0,1.5,-0.25,140485.0,156011.0,0.1105,280970.0,234016.0,-0.1671,10.0,6.0,-0.4
115330,CERELAC SUSU PISANG BOX 120G,2121 - BABY CEREAL,MILK & DIAPERS,1.08,1.0,-0.0741,12.0,6.33,-0.4725,1.26,1.27,0.0079,20258.0,18700.0,-0.0769,25525.0,23749.0,-0.0696,19.0,15.0,-0.2105
115332,CERELAC SUSU WRT BYM LB BOX120G,2121 - BABY CEREAL,MILK & DIAPERS,1.07,,,7.0,,,1.17,,,20179.0,,,23609.0,,,12.0,,
216876,CERELAC KCG HIJAU BOX 120G,2121 - BABY CEREAL,MILK & DIAPERS,1.26,1.09,-0.1349,28.5,7.67,-0.7309,1.42,1.77,0.2465,15446.0,13365.0,-0.1347,21933.0,23656.0,0.0786,40.0,13.0,-0.675
216879,CERELAC BRS MERAH BOX 120G,2121 - BABY CEREAL,MILK & DIAPERS,1.2,1.1,-0.0833,23.0,10.33,-0.5509,1.24,1.19,-0.0403,14715.0,13481.0,-0.0839,18247.0,16042.0,-0.1208,37.0,26.0,-0.2973
424637,CERELAC HS BBR AYM WRT BOX 100G,2121 - BABY CEREAL,MILK & DIAPERS,1.0,,,0.5,,,1.0,,,23900.0,,,23900.0,,,1.0,,
446766,CERELAC HS BBR HTAYMBOX 120G,2121 - BABY CEREAL,MILK & DIAPERS,1.05,1.0,-0.0476,10.5,2.33,-0.7781,1.11,1.0,-0.0991,19524.0,18700.0,-0.0422,21672.0,18700.0,-0.1371,19.0,7.0,-0.6316
447518,GROUU RICE BUTR CHEESE 200G(OL),2121 - BABY CEREAL,MILK & DIAPERS,1.0,,,0.5,,,1.0,,,31300.0,,,31300.0,,,1.0,,
447520,GROUU RICE ROASTED CKN 200G(OL),2121 - BABY CEREAL,MILK & DIAPERS,1.0,,,0.5,,,1.0,,,31300.0,,,31300.0,,,1.0,,
113797,MILNA BBR HT AYAM BAYAM100G,2121 - BABY CEREAL,MILK & DIAPERS,1.0,1.0,0.0,10.0,7.33,-0.267,1.05,1.16,0.1048,19500.0,19500.0,0.0,20475.0,22620.0,0.1048,19.0,19.0,0.0
195248,MILNA BBR WGN AYM K.PLG120G(OL),2121 - BABY CEREAL,MILK & DIAPERS,1.33,,,1.5,,,1.0,,,47600.0,,,47600.0,,,3.0,,
210033,MILNA BBR AYAM WORTEL 100G,2121 - BABY CEREAL,MILK & DIAPERS,1.0,1.0,0.0,15.0,11.0,-0.2667,1.11,1.22,0.0991,19500.0,20691.0,0.0611,21645.0,25243.0,0.1662,27.0,27.0,0.0
235189,MILNA BBR WGAIN AYAM BAYAM 120G,2121 - BABY CEREAL,MILK & DIAPERS,1.5,1.0,-0.3333,1.0,4.33,3.33,1.0,1.08,0.08,52050.0,37515.0,-0.2793,52050.0,40516.0,-0.2216,2.0,12.0,5.0
105095,PROMINA BBR CHICKEN BRC BOX120G,2121 - BABY CEREAL,MILK & DIAPERS,1.03,1.06,0.0291,16.0,6.0,-0.625,1.19,1.0,-0.1597,18794.0,19306.0,0.0272,22365.0,19306.0,-0.1368,27.0,18.0,-0.3333
219810,PROMINA TIM DGG BRKL BOX 4X25G,2121 - BABY CEREAL,MILK & DIAPERS,1.08,1.25,0.1574,38.5,24.33,-0.3681,1.33,1.59,0.1955,21514.0,25047.0,0.1642,28614.0,39825.0,0.3918,58.0,46.0,-0.2069
219811,PROMINA TIM AYM TMT W BOX 4X25G,2121 - BABY CEREAL,MILK & DIAPERS,1.13,1.09,-0.0354,30.0,18.0,-0.4,1.28,1.69,0.3203,22583.0,21787.0,-0.0352,28906.0,36820.0,0.2738,47.0,32.0,-0.3191
263131,PROMINA TIM SALMON NWR 100G(OL),2121 - BABY CEREAL,MILK & DIAPERS,1.0,,,1.0,,,1.0,,,18600.0,,,18600.0,,,2.0,,
414926,PROMINA HM SALMON KW 100G (OL),2121 - BABY CEREAL,MILK & DIAPERS,2.67,,,4.5,,,4.5,,,57911.0,,,260600.0,,,2.0,,
443014,PROMINA RC CRAC BRC&KALE20G(OL),2121 - BABY CEREAL,MILK & DIAPERS,1.17,,,3.0,,,1.0,,,16133.0,,,16133.0,,,6.0,,
444002,PROMINA BBR SALMON BNSQ BOX120G,2121 - BABY CEREAL,MILK & DIAPERS,1.0,1.0,0.0,12.5,5.67,-0.5464,1.39,1.0,-0.2806,18268.0,18371.0,0.0056,25393.0,18371.0,-0.2765,18.0,17.0,-0.0556
6737,PROMINA TIM SAPIWORTEL 120G(OL),2121 - BABY CEREAL,MILK & DIAPERS,1.0,,,0.5,,,1.0,,,17500.0,,,17500.0,,,1.0,,
6740,PROMINA BUBUR BRS MERAH120G(OL),2121 - BABY CEREAL,MILK & DIAPERS,4.0,,,0.5,,,1.0,,,58000.0,,,58000.0,,,1.0,,
123998,SUN BUBUR PISANG SUSU 120G(OL),2121 - BABY CEREAL,MILK & DIAPERS,4.0,,,1.5,,,1.5,,,40000.0,,,60000.0,,,2.0,,
174451,SUN BRS MERAH EKO SAC 120G,2121 - BABY CEREAL,MILK & DIAPERS,1.4,1.62,0.1571,27.5,17.33,-0.3698,1.2,1.24,0.0333,12025.0,14890.0,0.2383,14430.0,18464.0,0.2796,46.0,42.0,-0.087
221449,SUN BBR PISANG EKO SAC 120G,2121 - BABY CEREAL,MILK & DIAPERS,1.38,1.19,-0.1377,29.0,21.33,-0.2645,1.26,1.49,0.1825,11838.0,10131.0,-0.1442,14916.0,15095.0,0.012,46.0,43.0,-0.0652
229849,SUN BBR AYAM KPG BYM BOX 120G,2121 - BABY CEREAL,MILK & DIAPERS,1.07,1.07,0.0,13.5,9.33,-0.3089,1.5,1.56,0.04,12511.0,12475.0,-0.0029,18766.0,19461.0,0.037,18.0,18.0,0.0
443013,SUN BBR DGG&KCG MRH BOX120G(OL),2121 - BABY CEREAL,MILK & DIAPERS,7.0,,,2.0,,,2.0,,,70000.0,,,140000.0,,,2.0,,
6770,SUN BBR SUSU BRS MERAH BOX 120G,2121 - BABY CEREAL,MILK & DIAPERS,1.24,1.18,-0.0484,8.5,5.67,-0.3329,1.0,1.06,0.06,13135.0,12676.0,-0.0349,13135.0,13437.0,0.023,17.0,16.0,-0.0588
435166,ALAMII PUFFS CHOCOLATE 30G (OL),2122 - BABY BISCUIT & SNACK,MILK & DIAPERS,1.0,,,0.5,,,1.0,,,19000.0,,,19000.0,,,1.0,,
435432,ALAMII PUFFS GOLD VEG 25G (OL),2122 - BABY BISCUIT & SNACK,MILK & DIAPERS,1.0,,,0.5,,,1.0,,,19000.0,,,19000.0,,,1.0,,
435434,ALAMII PUFFS STRAWBERRY25G (OL),2122 - BABY BISCUIT & SNACK,MILK & DIAPERS,1.0,,,0.5,,,1.0,,,19000.0,,,19000.0,,,1.0,,
436732,ALAMII PUFF CHEESE 15G,2122 - BABY BISCUIT & SNACK,MILK & DIAPERS,1.15,1.04,-0.0957,59.0,23.33,-0.6046,1.4,1.19,-0.15,11566.0,10436.0,-0.0977,16192.0,12419.0,-0.233,84.0,59.0,-0.2976
437459,ALAMII PUFF CHOCO 18G,2122 - BABY BISCUIT & SNACK,MILK & DIAPERS,1.18,1.18,0.0,60.0,16.67,-0.7222,1.17,1.22,0.0427,11738.0,11882.0,0.0123,13733.0,14496.0,0.0556,103.0,41.0,-0.6019
443499,ALAMII BISCUITS OAT&MILK60G(OL),2122 - BABY BISCUIT & SNACK,MILK & DIAPERS,1.0,,,0.5,,,1.0,,,16500.0,,,16500.0,,,1.0,,
443500,ALAMII BISCUITS MLK&CCOA60G(OL),2122 - BABY BISCUIT & SNACK,MILK & DIAPERS,2.5,,,1.0,,,1.0,,,41250.0,,,41250.0,,,2.0,,
443501,ALAMII BISCUITS SWD&VGTB60G(OL),2122 - BABY BISCUIT & SNACK,MILK & DIAPERS,1.0,,,0.5,,,1.0,,,16500.0,,,16500.0,,,1.0,,
448768,ALAMII LIL PUFFS STBERY 15G(OL),2122 - BABY BISCUIT & SNACK,MILK & DIAPERS,1.0,,,0.5,,,1.0,,,10500.0,,,10500.0,,,1.0,,
449124,BUMBU BUNDA BEEF OIL100ML(OL),2122 - BABY BISCUIT & SNACK,MILK & DIAPERS,1.0,,,0.5,,,1.0,,,35300.0,,,35300.0,,,1.0,,
449134,BUMBU BUNDA KECAP MNS 140ML(OL),2122 - BABY BISCUIT & SNACK,MILK & DIAPERS,1.0,,,0.5,,,1.0,,,31800.0,,,31800.0,,,1.0,,
448745,GRANDVILLE POPCORN HKAID50G(OL),2122 - BABY BISCUIT & SNACK,MILK & DIAPERS,1.0,,,0.5,,,1.0,,,23000.0,,,23000.0,,,1.0,,
448746,GRANDVILLE ABON SAPI OR100G(OL),2122 - BABY BISCUIT & SNACK,MILK & DIAPERS,1.0,,,0.5,,,1.0,,,38000.0,,,38000.0,,,1.0,,
448750,GRANDVILLE ABON IKAN OR100G(OL),2122 - BABY BISCUIT & SNACK,MILK & DIAPERS,1.0,,,0.5,,,1.0,,,39000.0,,,39000.0,,,1.0,,
441357,GROUU PUFF TOMATO HERBS 25G(OL),2122 - BABY BISCUIT & SNACK,MILK & DIAPERS,1.0,,,0.5,,,1.0,,,15900.0,,,15900.0,,,1.0,,
445662,GROUU COCONUT MILK PWD 50G (OL),2122 - BABY BISCUIT & SNACK,MILK & DIAPERS,1.0,,,0.5,,,1.0,,,20000.0,,,20000.0,,,1.0,,
445664,GROUU CHICKEN STOCK PWD 90G(OL),2122 - BABY BISCUIT & SNACK,MILK & DIAPERS,1.0,,,0.5,,,1.0,,,23900.0,,,23900.0,,,1.0,,
445666,GROUU KIDS ABON SAPI 80G (OL),2122 - BABY BISCUIT & SNACK,MILK & DIAPERS,1.5,,,1.0,,,1.0,,,53550.0,,,53550.0,,,2.0,,
445667,GROUU KIDS ABON AYAM 80G (OL),2122 - BABY BISCUIT & SNACK,MILK & DIAPERS,1.0,,,1.5,,,1.0,,,33667.0,,,33667.0,,,3.0,,
443570,LITTLE JOY BEEF CHEESE 22G (OL),2122 - BABY BISCUIT & SNACK,MILK & DIAPERS,1.0,,,0.5,,,1.0,,,40400.0,,,40400.0,,,1.0,,
443571,LITTLE JOY SALMN OMEGA3 22G(OL),2122 - BABY BISCUIT & SNACK,MILK & DIAPERS,1.5,,,1.0,,,1.0,,,69450.0,,,69450.0,,,2.0,,
444532,LITTLE JOY POTAMIX SLMN100G(OL),2122 - BABY BISCUIT & SNACK,MILK & DIAPERS,1.0,,,0.5,,,1.0,,,41000.0,,,41000.0,,,1.0,,
31491,MILNA BISC ORI DHA BOX 110G,2122 - BABY BISCUIT & SNACK,MILK & DIAPERS,1.03,1.0,-0.0291,14.5,8.33,-0.4255,1.07,1.04,-0.028,19690.0,19164.0,-0.0267,21068.0,19931.0,-0.054,27.0,24.0,-0.1111
419659,MILNA PUFF CHEESE 15G,2122 - BABY BISCUIT & SNACK,MILK & DIAPERS,1.18,1.06,-0.1017,46.5,25.67,-0.448,1.37,1.18,-0.1387,10377.0,9488.0,-0.0857,14216.0,11196.0,-0.2124,68.0,65.0,-0.0441
419660,MILNA PUFF APPLE BERRIES 15G,2122 - BABY BISCUIT & SNACK,MILK & DIAPERS,1.1,1.11,0.0091,59.0,27.67,-0.531,1.23,1.34,0.0894,9667.0,10124.0,0.0473,11890.0,13566.0,0.141,96.0,62.0,-0.3542
419661,MILNA PUFF BANANA 15G,2122 - BABY BISCUIT & SNACK,MILK & DIAPERS,1.21,1.15,-0.0496,37.5,24.67,-0.3421,1.29,1.23,-0.0465,10703.0,10227.0,-0.0445,13807.0,12579.0,-0.0889,58.0,60.0,0.0345
419692,MILNA BISKUIT BAYI FNGR 52G(OL),2122 - BABY BISCUIT & SNACK,MILK & DIAPERS,1.0,,,3.0,,,1.0,,,11650.0,,,11650.0,,,6.0,,
426069,MILNA RICE CR SWEET POT 20G(OL),2122 - BABY BISCUIT & SNACK,MILK & DIAPERS,1.0,,,4.0,,,1.0,,,16000.0,,,16000.0,,,8.0,,
447592,MILNA CRUNCH BERRIES YOG BOX20G,2122 - BABY BISCUIT & SNACK,MILK & DIAPERS,,1.0,,,0.33,,,1.0,,,9900.0,,,9900.0,,,1.0,
465699,MILNA CRUNCH CHEESE BOX 20G,2122 - BABY BISCUIT & SNACK,MILK & DIAPERS,1.13,1.64,0.4513,15.5,14.67,-0.0535,1.07,1.22,0.1402,11203.0,16200.0,0.446,11987.0,19764.0,0.6488,29.0,36.0,0.2414
80233,MILNA BISC PISANG BOX 110G,2122 - BABY BISCUIT & SNACK,MILK & DIAPERS,1.12,1.0,-0.1071,17.0,8.0,-0.5294,1.1,1.04,-0.0545,21276.0,19025.0,-0.1058,23404.0,19786.0,-0.1546,31.0,23.0,-0.2581
441895,MD BOROMON MULT APEL50G(OL),2122 - BABY BISCUIT & SNACK,MILK & DIAPERS,1.0,,,0.5,,,1.0,,,8900.0,,,8900.0,,,1.0,,
444752,OMO KRISPY O CORN CKN 15G (OL),2122 - BABY BISCUIT & SNACK,MILK & DIAPERS,2.5,,,1.0,,,1.0,,,15500.0,,,15500.0,,,2.0,,
446211,POIPOI MILKY MELON 25G(OL),2122 - BABY BISCUIT & SNACK,MILK & DIAPERS,2.0,,,0.5,,,1.0,,,40800.0,,,40800.0,,,1.0,,
106331,PROMINA SUP MI AYAM&SAYR81G(OL),2122 - BABY BISCUIT & SNACK,MILK & DIAPERS,1.36,,,7.0,,,1.27,,,15521.0,,,19712.0,,,11.0,,
106332,PROMINA SUPMI DG SYR BOX 84G,2122 - BABY BISCUIT & SNACK,MILK & DIAPERS,1.19,1.04,-0.1261,70.0,28.33,-0.5953,1.25,1.31,0.048,14150.0,12396.0,-0.124,17688.0,16239.0,-0.0819,112.0,65.0,-0.4196
405706,PROMINA PUFF PISANG 15G,2122 - BABY BISCUIT & SNACK,MILK & DIAPERS,1.28,1.24,-0.0313,109.5,65.67,-0.4003,1.22,1.36,0.1148,9874.0,9646.0,-0.0231,12046.0,13119.0,0.0891,180.0,145.0,-0.1944
405707,PROMINA PUFF BLUEBERRY 15G,2122 - BABY BISCUIT & SNACK,MILK & DIAPERS,1.35,1.25,-0.0741,154.0,71.67,-0.5346,1.26,1.19,-0.0556,10408.0,9725.0,-0.0656,13114.0,11573.0,-0.1175,244.0,180.0,-0.2623
412644,PROMINA PUFF STR APPLE 15G,2122 - BABY BISCUIT & SNACK,MILK & DIAPERS,1.24,1.15,-0.0726,114.5,56.67,-0.5051,1.19,1.13,-0.0504,9556.0,8928.0,-0.0657,11372.0,10089.0,-0.1128,193.0,150.0,-0.2228
414495,PROMINA BABY CRUNCH KEJU 20G,2122 - BABY BISCUIT & SNACK,MILK & DIAPERS,1.34,1.29,-0.0373,91.5,27.67,-0.6976,1.4,1.2,-0.1429,15401.0,14459.0,-0.0612,21561.0,17351.0,-0.1953,131.0,69.0,-0.4733
417007,PROMINA PUD CHO BOX 100G (OL),2122 - BABY BISCUIT & SNACK,MILK & DIAPERS,1.0,,,2.0,,,1.0,,,16550.0,,,16550.0,,,4.0,,
426505,PROMINA PASTA MAC CHEESE BOX70G,2122 - BABY BISCUIT & SNACK,MILK & DIAPERS,1.18,1.15,-0.0254,49.0,18.33,-0.6259,1.36,1.57,0.1544,12571.0,12145.0,-0.0339,17097.0,19068.0,0.1153,72.0,35.0,-0.5139
434759,PROMINA PASTA CREAMY CKN60G(OL),2122 - BABY BISCUIT & SNACK,MILK & DIAPERS,1.0,,,2.5,,,1.0,,,9500.0,,,9500.0,,,5.0,,
434760,PROMINA MI BTT AYAM KPG BOX 75G,2122 - BABY BISCUIT & SNACK,MILK & DIAPERS,1.2,1.08,-0.1,74.0,26.0,-0.6486,1.29,1.3,0.0078,14315.0,12894.0,-0.0993,18466.0,16762.0,-0.0923,115.0,60.0,-0.4783
437950,PROMINA BABY CRUNCH R.LAUT 20G,2122 - BABY BISCUIT & SNACK,MILK & DIAPERS,1.33,1.18,-0.1128,57.5,17.0,-0.7043,1.32,1.16,-0.1212,15318.0,13259.0,-0.1344,20220.0,15380.0,-0.2394,87.0,44.0,-0.4943
437951,PROMINA BABY CRUNCH AYM BRKL20G,2122 - BABY BISCUIT & SNACK,MILK & DIAPERS,1.19,1.04,-0.1261,75.0,18.67,-0.7511,1.4,1.17,-0.1643,13737.0,12177.0,-0.1136,19232.0,14247.0,-0.2592,107.0,48.0,-0.5514
444818,PROMINA SOFTCORN BUTTERMILK 15G,2122 - BABY BISCUIT & SNACK,MILK & DIAPERS,1.09,1.21,0.1101,88.0,20.33,-0.769,1.32,1.36,0.0303,9689.0,10833.0,0.1181,12789.0,14733.0,0.152,133.0,45.0,-0.6617
459284,PROMINA YOG MELTS 8G,2122 - BABY BISCUIT & SNACK,MILK & DIAPERS,,1.2,,,19.67,,,1.37,,,17931.0,,,24565.0,,,43.0,
466154,PROMINA MELTY BUNS ORI 42G,2122 - BABY BISCUIT & SNACK,MILK & DIAPERS,1.05,1.29,0.2286,43.5,17.33,-0.6016,1.12,1.13,0.0089,10355.0,13140.0,0.269,11598.0,14848.0,0.2802,78.0,46.0,-0.4103
6718,PROMINA MARIE SUSU 150G,2122 - BABY BISCUIT & SNACK,MILK & DIAPERS,1.04,1.11,0.0673,24.5,12.67,-0.4829,1.29,1.12,-0.1318,19473.0,20613.0,0.0585,25120.0,23087.0,-0.0809,38.0,34.0,-0.1053
446222,PUREATS SMOOTHIE STB MNG18G(OL),2122 - BABY BISCUIT & SNACK,MILK & DIAPERS,1.0,,,0.5,,,1.0,,,34700.0,,,34700.0,,,1.0,,
444003,SUN MARIE KEJU BISC 80G,2122 - BABY BISCUIT & SNACK,MILK & DIAPERS,1.14,1.08,-0.0526,42.0,16.0,-0.619,1.29,1.17,-0.093,10868.0,10312.0,-0.0512,14020.0,12065.0,-0.1394,65.0,41.0,-0.3692
6712,SUN MARIE BISC 150G,2122 - BABY BISCUIT & SNACK,MILK & DIAPERS,1.15,1.0,-0.1304,17.0,8.0,-0.5294,1.1,1.2,0.0909,17606.0,15554.0,-0.1166,19367.0,18665.0,-0.0362,31.0,20.0,-0.3548
6717,SUN MARIE BISCBALITA80G(RN)(OL),2122 - BABY BISCUIT & SNACK,MILK & DIAPERS,2.0,,,1.5,,,1.0,,,16000.0,,,16000.0,,,3.0,,
426528,YUMMY BITES BANANA BOX 25G,2122 - BABY BISCUIT & SNACK,MILK & DIAPERS,1.12,1.04,-0.0714,37.5,30.67,-0.1821,1.17,1.15,-0.0171,21028.0,19533.0,-0.0711,24603.0,22463.0,-0.087,64.0,80.0,0.25
426538,YUMMY BITES ROLL BLUBERY40G(OL),2122 - BABY BISCUIT & SNACK,MILK & DIAPERS,1.0,,,1.0,,,1.0,,,35000.0,,,35000.0,,,2.0,,
439098,YUMMY BITES CRKR APPLE 25G(OL),2122 - BABY BISCUIT & SNACK,MILK & DIAPERS,1.0,,,0.5,,,1.0,,,17900.0,,,17900.0,,,1.0,,
439099,YUMMY BITES CRKR STRWBRY25G(OL),2122 - BABY BISCUIT & SNACK,MILK & DIAPERS,1.0,,,2.0,,,1.0,,,18100.0,,,18100.0,,,4.0,,
439100,YUMMY BITES PANCAKE&WFL130G(OL),2122 - BABY BISCUIT & SNACK,MILK & DIAPERS,1.2,,,2.5,,,1.0,,,21000.0,,,21000.0,,,5.0,,
108291,ANMUM MATERNA COKELAT BOX 400G,2131 - PREGNANT MILK,MILK & DIAPERS,1.07,1.5,0.4019,7.5,4.67,-0.3773,1.25,1.17,-0.064,98667.0,138664.0,0.4054,123334.0,162237.0,0.3154,12.0,12.0,0.0
419293,ANMUM MATERNA STR BOX 400G,2131 - PREGNANT MILK,MILK & DIAPERS,1.0,1.0,0.0,2.5,0.67,-0.732,1.25,1.0,-0.2,92700.0,92500.0,-0.0022,115875.0,92500.0,-0.2017,4.0,2.0,-0.5
101504,PRENAGEN LCTMOM CKT BOX180/200G,2131 - PREGNANT MILK,MILK & DIAPERS,1.0,,,4.5,,,1.12,,,45567.0,,,51035.0,,,8.0,,
106560,PRENAGEN MOM STR BOX 180G,2131 - PREGNANT MILK,MILK & DIAPERS,1.0,1.07,0.07,6.5,5.0,-0.2308,1.3,1.07,-0.1769,46715.0,49820.0,0.0665,60730.0,53307.0,-0.1222,10.0,14.0,0.4
113853,PRENAGEN ESNSIS COKELAT BOX180G,2131 - PREGNANT MILK,MILK & DIAPERS,1.33,,,1.5,,,1.0,,,50533.0,,,50533.0,,,3.0,,
121299,PRENAGEN MOM COK BOX 360G,2131 - PREGNANT MILK,MILK & DIAPERS,1.23,1.06,-0.1382,11.0,5.67,-0.4845,1.29,1.13,-0.124,105300.0,90965.0,-0.1361,135837.0,102790.0,-0.2433,17.0,15.0,-0.1176
210055,PRENAGEN EMESIS COK BOX360/400G,2131 - PREGNANT MILK,MILK & DIAPERS,1.0,1.0,0.0,3.0,4.0,0.3333,1.2,1.2,0.0,85800.0,85942.0,0.0017,102960.0,103130.0,0.0017,5.0,10.0,1.0
229552,PRENAGEN MOM COK BOX 180G,2131 - PREGNANT MILK,MILK & DIAPERS,1.0,1.0,0.0,12.0,6.33,-0.4725,1.14,1.19,0.0439,46550.0,46516.0,-0.0007,53067.0,55354.0,0.0431,21.0,16.0,-0.2381
244463,PRENAGEN EMESIS COK BOX180/200G,2131 - PREGNANT MILK,MILK & DIAPERS,1.0,1.0,0.0,6.0,6.0,0.0,1.33,1.29,-0.0301,47817.0,47967.0,0.0031,63597.0,61877.0,-0.027,9.0,14.0,0.5556
448764,MAKUKU TAPED COMFORT FIT NB-40,3431 - REGULAR DIAPERS,MILK & DIAPERS,1.29,1.09,-0.155,10.5,3.67,-0.6505,1.5,1.1,-0.2667,73157.0,62073.0,-0.1515,109736.0,68280.0,-0.3778,14.0,10.0,-0.2857
122560,MAMY POKO TAPED STANDAR S-24,3431 - REGULAR DIAPERS,MILK & DIAPERS,1.0,1.09,0.09,11.5,7.33,-0.3626,1.05,1.29,0.2286,41300.0,45055.0,0.0909,43365.0,58121.0,0.3403,22.0,17.0,-0.2273
122561,MAMY POKO TAPED STANDAR M-22,3431 - REGULAR DIAPERS,MILK & DIAPERS,1.27,,,7.5,,,1.36,,,58013.0,,,78898.0,,,11.0,,
126623,MAMY POKO TAPED STANDAR NB S-44,3431 - REGULAR DIAPERS,MILK & DIAPERS,1.02,1.02,0.0,29.5,16.0,-0.4576,1.48,1.45,-0.0203,74441.0,74725.0,0.0038,110173.0,108351.0,-0.0165,40.0,33.0,-0.175
340127,MAMY POKO TAPE ROYAL NB52 (OL),3431 - REGULAR DIAPERS,MILK & DIAPERS,1.0,,,0.5,,,1.0,,,113000.0,,,113000.0,,,1.0,,
425824,SWEETY BRONZE TAPED CMF NB-S 44,3431 - REGULAR DIAPERS,MILK & DIAPERS,1.06,1.0,-0.0566,9.0,8.67,-0.0367,1.06,1.13,0.066,60061.0,56804.0,-0.0542,63665.0,64189.0,0.0082,17.0,23.0,0.3529
434488,SWEETY SILVER TAPED CMF NB S-40,3431 - REGULAR DIAPERS,MILK & DIAPERS,1.09,1.11,0.0183,27.5,12.0,-0.5636,1.45,1.12,-0.2276,63382.0,64403.0,0.0161,91904.0,72131.0,-0.2151,38.0,32.0,-0.1579
440572,SWEETY SILVER TP CMF NB S20(MB),3431 - REGULAR DIAPERS,MILK & DIAPERS,1.48,1.5,0.0135,10.5,0.67,-0.9362,1.62,1.0,-0.3827,60376.0,61350.0,0.0161,97809.0,61350.0,-0.3728,13.0,2.0,-0.8462
447708,SWEETY BRONZE TAPED CF M-40(MB),3431 - REGULAR DIAPERS,MILK & DIAPERS,,1.0,,,0.33,,,1.0,,,73700.0,,,73700.0,,,1.0,
402179,BABY HAPPY PANTS L-20,3432 - PANTS DIAPERS,MILK & DIAPERS,1.0,1.0,0.0,21.0,6.0,-0.7143,1.35,1.5,0.1111,39912.0,39900.0,-0.0003,53881.0,59850.0,0.1108,31.0,12.0,-0.6129
415911,BABY HAPPY PANTS L-28,3432 - PANTS DIAPERS,MILK & DIAPERS,1.04,1.12,0.0769,101.5,35.67,-0.6486,1.64,1.65,0.0061,61007.0,65385.0,0.0718,100051.0,107885.0,0.0783,124.0,65.0,-0.4758
415912,BABY HAPPY PANTS M-32,3432 - PANTS DIAPERS,MILK & DIAPERS,1.14,1.01,-0.114,91.0,30.33,-0.6667,1.84,1.86,0.0109,66450.0,58923.0,-0.1133,122268.0,109597.0,-0.1036,99.0,49.0,-0.5051
434266,BABY HAPPY PANTS XL 26,3432 - PANTS DIAPERS,MILK & DIAPERS,1.16,1.02,-0.1207,116.0,29.67,-0.7442,1.78,1.41,-0.2079,71993.0,65860.0,-0.0852,128148.0,92863.0,-0.2753,130.0,63.0,-0.5154
438159,BABY HAPPY PANTS XXL 24,3432 - PANTS DIAPERS,MILK & DIAPERS,1.11,1.06,-0.045,64.0,23.67,-0.6302,1.97,1.27,-0.3553,68602.0,66923.0,-0.0245,135146.0,84992.0,-0.3711,65.0,56.0,-0.1385
443135,BABY HAPPY PANTS S38+2,3432 - PANTS DIAPERS,MILK & DIAPERS,1.0,1.05,0.05,25.5,12.33,-0.5165,1.59,1.85,0.1635,56837.0,59738.0,0.051,90371.0,110515.0,0.2229,32.0,20.0,-0.375
445990,BABY HAPPY FUN CMF PANTS M32S,3432 - PANTS DIAPERS,MILK & DIAPERS,1.13,,,11.5,,,2.09,,,69487.0,,,145228.0,,,11.0,,
445990,BABY HAPPY SFT/FUN CMF PNT M32S,3432 - PANTS DIAPERS,MILK & DIAPERS,,1.09,,,7.33,,,1.29,,,67091.0,,,86547.0,,,17.0,
445991,BABY HAPPY FUN CMF PANTS L28S,3432 - PANTS DIAPERS,MILK & DIAPERS,1.0,,,7.0,,,1.27,,,61471.0,,,78068.0,,,11.0,,
445991,BABY HAPPY SFT/FUN CMF PNTL28S,3432 - PANTS DIAPERS,MILK & DIAPERS,,1.15,,,4.33,,,1.3,,,70962.0,,,92251.0,,,10.0,
420730,FITTI PANTS M32,3432 - PANTS DIAPERS,MILK & DIAPERS,1.08,1.0,-0.0741,6.0,1.33,-0.7783,1.2,1.33,0.1083,60558.0,55900.0,-0.0769,72670.0,74347.0,0.0231,10.0,3.0,-0.7
420731,FITTI PANTS L28,3432 - PANTS DIAPERS,MILK & DIAPERS,1.0,1.0,0.0,5.5,1.33,-0.7582,1.83,1.0,-0.4536,55900.0,55900.0,0.0,102297.0,55900.0,-0.4536,6.0,4.0,-0.3333
420732,FITTI PANTS XL26,3432 - PANTS DIAPERS,MILK & DIAPERS,1.16,1.0,-0.1379,28.0,5.0,-0.8214,2.43,1.25,-0.4856,72545.0,62500.0,-0.1385,176284.0,78125.0,-0.5568,23.0,12.0,-0.4783
441032,FITTI PANTS XXL - 24,3432 - PANTS DIAPERS,MILK & DIAPERS,1.05,1.0,-0.0476,20.0,1.0,-0.95,2.0,1.0,-0.5,68145.0,64900.0,-0.0476,136290.0,64900.0,-0.5238,20.0,3.0,-0.85
446868,FITTI PANTS S-40,3432 - PANTS DIAPERS,MILK & DIAPERS,1.07,1.0,-0.0654,7.5,4.33,-0.4227,1.36,1.86,0.3676,59627.0,55900.0,-0.0625,81093.0,103974.0,0.2822,11.0,7.0,-0.3636
414932,HAPPY NAPPY SMART PANTS M32,3432 - PANTS DIAPERS,MILK & DIAPERS,1.08,1.05,-0.0278,37.5,27.67,-0.2621,2.03,1.77,-0.1281,49035.0,47131.0,-0.0388,99541.0,83422.0,-0.1619,37.0,47.0,0.2703
414933,HAPPY NAPPY SMART PANTZ L28,3432 - PANTS DIAPERS,MILK & DIAPERS,1.05,1.02,-0.0286,29.5,20.0,-0.322,1.51,1.62,0.0728,47708.0,45698.0,-0.0421,72039.0,74031.0,0.0277,39.0,37.0,-0.0513
416690,HAPPY NAPPY SMRT PNTS XL24+2/24,3432 - PANTS DIAPERS,MILK & DIAPERS,1.07,1.04,-0.028,36.5,22.67,-0.3789,2.35,1.66,-0.2936,48510.0,46859.0,-0.034,113998.0,77786.0,-0.3177,31.0,41.0,0.3226
440195,MAKUKU PANTS CMFRT FIT M30/28,3432 - PANTS DIAPERS,MILK & DIAPERS,,1.08,,,4.0,,,1.2,,,63267.0,,,75920.0,,,10.0,
440195,MAKUKU PANTS COMFORT FIT M28,3432 - PANTS DIAPERS,MILK & DIAPERS,1.09,,,22.5,,,1.61,,,63591.0,,,102382.0,,,28.0,,
440196,MAKUKU PANTS COMFORT FIT L26,3432 - PANTS DIAPERS,MILK & DIAPERS,1.08,1.02,-0.0556,65.5,15.67,-0.7608,1.93,1.81,-0.0622,63304.0,59626.0,-0.0581,122177.0,107923.0,-0.1167,68.0,26.0,-0.6176
440197,MAKUKU PANTS COMFORT FIT XL24,3432 - PANTS DIAPERS,MILK & DIAPERS,1.14,1.14,0.0,50.5,12.33,-0.7558,1.66,1.68,0.012,77881.0,77778.0,-0.0013,129282.0,130667.0,0.0107,61.0,22.0,-0.6393
443579,MAKUKU PANTS COMFORT FIT XXL22,3432 - PANTS DIAPERS,MILK & DIAPERS,,1.0,,,0.33,,,1.0,,,56900.0,,,56900.0,,,1.0,
443580,MAKUKU AIR CMFRT PANT M42+4(OL),3432 - PANTS DIAPERS,MILK & DIAPERS,1.5,,,1.0,,,2.0,,,132700.0,,,265400.0,,,1.0,,
443582,MAKUKU AIR CMF PANT XL38+4 (OL),3432 - PANTS DIAPERS,MILK & DIAPERS,1.0,,,0.5,,,1.0,,,95200.0,,,95200.0,,,1.0,,
443584,MAKUKU DRY CARE PANTS M48 (OL),3432 - PANTS DIAPERS,MILK & DIAPERS,1.67,,,3.0,,,1.5,,,149167.0,,,223750.0,,,4.0,,
443586,MAKUKU DRY CARE PANTS XL36 (OL),3432 - PANTS DIAPERS,MILK & DIAPERS,2.0,,,0.5,,,1.0,,,178600.0,,,178600.0,,,1.0,,
443587,MAKUKU DRY CARE PANTS XXL34(OL),3432 - PANTS DIAPERS,MILK & DIAPERS,2.0,,,0.5,,,1.0,,,178600.0,,,178600.0,,,1.0,,
446286,MAKUKU PANTS DRY CARE L28+6/L28,3432 - PANTS DIAPERS,MILK & DIAPERS,1.14,1.03,-0.0965,42.5,21.33,-0.4981,1.7,1.78,0.0471,59912.0,56872.0,-0.0507,101850.0,101232.0,-0.0061,50.0,36.0,-0.28
446287,MAKUKU PANTS DRY CARE XL24+4/24,3432 - PANTS DIAPERS,MILK & DIAPERS,1.06,1.07,0.0094,24.5,9.0,-0.6327,1.53,1.42,-0.0719,55714.0,65004.0,0.1667,85242.0,92306.0,0.0829,32.0,19.0,-0.4062
111501,MAMY POKO PANTS STANDAR M-20,3432 - PANTS DIAPERS,MILK & DIAPERS,1.0,1.0,0.0,11.5,4.0,-0.6522,2.09,1.09,-0.4785,44000.0,44000.0,0.0,91960.0,47960.0,-0.4785,11.0,11.0,0.0
111502,MAMY POKO PANTS STANDAR L-20,3432 - PANTS DIAPERS,MILK & DIAPERS,1.0,1.0,0.0,5.0,3.33,-0.334,1.11,1.11,0.0,48900.0,48900.0,0.0,54279.0,54279.0,0.0,9.0,9.0,0.0
111503,MAMY POKO PANTS STANDAR XL-20,3432 - PANTS DIAPERS,MILK & DIAPERS,1.0,1.0,0.0,2.5,4.67,0.868,1.0,1.75,0.75,58500.0,58500.0,0.0,58500.0,102375.0,0.75,5.0,8.0,0.6
111504,MAMY POKO PANTS STANDAR XXL-18,3432 - PANTS DIAPERS,MILK & DIAPERS,1.04,1.0,-0.0385,12.0,3.0,-0.75,1.41,1.0,-0.2908,64062.0,61500.0,-0.04,90327.0,61500.0,-0.3191,17.0,9.0,-0.4706
114958,MAMY POKO PANTS RS BOY L28,3432 - PANTS DIAPERS,MILK & DIAPERS,1.24,1.0,-0.1935,8.5,3.33,-0.6082,1.55,1.25,-0.1935,113029.0,91500.0,-0.1905,175195.0,114375.0,-0.3472,11.0,8.0,-0.2727
114960,MAMY POKO PANTS RS BOY XL24,3432 - PANTS DIAPERS,MILK & DIAPERS,1.24,1.2,-0.0323,12.5,1.67,-0.8664,1.92,1.0,-0.4792,113460.0,109800.0,-0.0323,217843.0,109800.0,-0.496,13.0,5.0,-0.6154
117493,MAMY POKO PANTS STANDAR S-22,3432 - PANTS DIAPERS,MILK & DIAPERS,1.0,,,0.5,,,1.0,,,43500.0,,,43500.0,,,1.0,,
124627,MAMY POKO PANTS STANDAR M32,3432 - PANTS DIAPERS,MILK & DIAPERS,1.18,1.06,-0.1017,33.5,10.33,-0.6916,1.4,1.35,-0.0357,82369.0,74390.0,-0.0969,115317.0,100426.0,-0.1291,48.0,23.0,-0.5208
124628,MAMY POKO PANTS STANDAR L28,3432 - PANTS DIAPERS,MILK & DIAPERS,1.15,1.03,-0.1043,45.5,22.0,-0.5165,1.9,1.47,-0.2263,80527.0,71979.0,-0.1062,153001.0,105809.0,-0.3084,48.0,45.0,-0.0625
126624,MAMY POKO PANTS STANDAR XL-26,3432 - PANTS DIAPERS,MILK & DIAPERS,1.35,1.1,-0.1852,65.5,44.0,-0.3282,1.85,2.16,0.1676,101606.0,84669.0,-0.1667,187971.0,182885.0,-0.0271,71.0,61.0,-0.1408
128102,MAMY POKO PANTS STANDAR S-9,3432 - PANTS DIAPERS,MILK & DIAPERS,1.0,1.0,0.0,5.5,0.67,-0.8782,1.1,1.0,-0.0909,17818.0,15250.0,-0.1441,19600.0,15250.0,-0.2219,10.0,2.0,-0.8
128103,MAMY POKO PANTS STANDAR M-8,3432 - PANTS DIAPERS,MILK & DIAPERS,1.0,1.0,0.0,16.5,12.67,-0.2321,1.43,1.46,0.021,18112.0,18413.0,0.0166,25900.0,26883.0,0.038,23.0,26.0,0.1304
128104,MAMY POKO PANTS STANDAR L-7,3432 - PANTS DIAPERS,MILK & DIAPERS,1.0,1.0,0.0,15.0,15.67,0.0447,1.3,1.68,0.2923,18010.0,18421.0,0.0228,23413.0,30947.0,0.3218,23.0,28.0,0.2174
128106,MAMY POKO PANTS STANDAR XL-6,3432 - PANTS DIAPERS,MILK & DIAPERS,1.04,1.0,-0.0385,24.0,7.67,-0.6804,1.23,1.21,-0.0163,18844.0,18309.0,-0.0284,23178.0,22154.0,-0.0442,39.0,19.0,-0.5128
128107,MAMY POKO PANTS STANDAR XXL-5,3432 - PANTS DIAPERS,MILK & DIAPERS,1.03,1.06,0.0291,15.0,5.33,-0.6447,1.43,1.14,-0.2028,18777.0,19381.0,0.0322,26851.0,22094.0,-0.1772,21.0,14.0,-0.3333
340128,MAMY POKO PANTS STANDAR XXL-24,3432 - PANTS DIAPERS,MILK & DIAPERS,1.24,1.17,-0.0565,57.5,15.67,-0.7275,1.98,1.68,-0.1515,97364.0,91047.0,-0.0649,192781.0,152959.0,-0.2066,58.0,28.0,-0.5172
340163,MAMY POKO PANTS STANDAR S38,3432 - PANTS DIAPERS,MILK & DIAPERS,1.17,1.04,-0.1111,15.0,8.33,-0.4447,1.5,1.32,-0.12,81467.0,72548.0,-0.1095,122200.0,95763.0,-0.2163,20.0,19.0,-0.05
340164,MAMY POKO PANTS STD M48(MB),3432 - PANTS DIAPERS,MILK & DIAPERS,1.12,1.14,0.0179,4.0,2.33,-0.4175,1.6,1.4,-0.125,112950.0,114743.0,0.0159,180720.0,160640.0,-0.1111,5.0,5.0,0.0
340165,MAMY POKO PANTS STD L42,3432 - PANTS DIAPERS,MILK & DIAPERS,1.0,1.05,0.05,3.5,6.67,0.9057,1.17,2.0,0.7094,100400.0,105420.0,0.05,117468.0,210840.0,0.7949,6.0,10.0,0.6667
340271,MAMY POKO PANTS STNDR XL38,3432 - PANTS DIAPERS,MILK & DIAPERS,1.27,1.0,-0.2126,7.5,4.67,-0.3773,2.14,1.17,-0.4533,133000.0,105000.0,-0.2105,284620.0,122850.0,-0.5684,7.0,12.0,0.7143
415468,MAMY POKO PANTS ROYAL SOFT M-34,3432 - PANTS DIAPERS,MILK & DIAPERS,1.14,1.0,-0.1228,3.5,0.67,-0.8086,1.4,1.0,-0.2857,104571.0,91500.0,-0.125,146399.0,91500.0,-0.375,5.0,2.0,-0.6
415593,MAMY POKO PANTS TDK GBG M-30,3432 - PANTS DIAPERS,MILK & DIAPERS,1.17,1.1,-0.0598,20.5,6.67,-0.6746,1.46,1.18,-0.1918,76098.0,68500.0,-0.0998,111103.0,80830.0,-0.2725,28.0,17.0,-0.3929
415594,MAMY POKO PANTS TDK GBG L-28,3432 - PANTS DIAPERS,MILK & DIAPERS,1.38,1.15,-0.1667,40.5,32.0,-0.2099,1.72,1.45,-0.157,89923.0,71405.0,-0.2059,154668.0,103537.0,-0.3306,47.0,66.0,0.4043
415595,MAMY POKO PANTS TDK GBG XL-23,3432 - PANTS DIAPERS,MILK & DIAPERS,1.37,1.08,-0.2117,61.5,12.67,-0.794,2.51,1.41,-0.4382,89316.0,67263.0,-0.2469,224183.0,94841.0,-0.5769,49.0,27.0,-0.449
426182,MAMY POKO PNTS RYL BOY L52(OL),3432 - PANTS DIAPERS,MILK & DIAPERS,1.0,,,0.5,,,1.0,,,150000.0,,,150000.0,,,1.0,,
426185,MAMY POKO PNTS RYL GRLXXL38(OL),3432 - PANTS DIAPERS,MILK & DIAPERS,1.0,,,0.5,,,1.0,,,191000.0,,,191000.0,,,1.0,,
426186,MAMY POKO PNTS NGT BYXXXL24(OL),3432 - PANTS DIAPERS,MILK & DIAPERS,1.0,,,0.5,,,1.0,,,179000.0,,,179000.0,,,1.0,,
426187,MAMY POKO PNTS NGT GRXXXL24(OL),3432 - PANTS DIAPERS,MILK & DIAPERS,1.0,,,0.5,,,1.0,,,179000.0,,,179000.0,,,1.0,,
42620,MAMY POKO PNTS RYL GIRL L52(OL),3432 - PANTS DIAPERS,MILK & DIAPERS,1.0,,,0.5,,,1.0,,,150000.0,,,150000.0,,,1.0,,
42621,MAMY POKO PNTS RYL SFT S70 (OL),3432 - PANTS DIAPERS,MILK & DIAPERS,1.0,,,0.5,,,1.0,,,150000.0,,,150000.0,,,1.0,,
42622,MAMY POKO PNTS RYL BOY M64 (OL),3432 - PANTS DIAPERS,MILK & DIAPERS,1.0,,,1.5,,,3.0,,,148667.0,,,446001.0,,,1.0,,
434232,MAMYPOKO PANTS S.CMF M32+2,3432 - PANTS DIAPERS,MILK & DIAPERS,1.22,1.18,-0.0328,11.5,3.67,-0.6809,2.09,1.38,-0.3397,93861.0,91118.0,-0.0292,196169.0,125743.0,-0.359,11.0,8.0,-0.2727
434233,MAMYPOKO PANTS S.CMF L28,3432 - PANTS DIAPERS,MILK & DIAPERS,1.46,1.0,-0.3151,18.5,5.67,-0.6935,1.95,1.89,-0.0308,112524.0,77100.0,-0.3148,219422.0,145719.0,-0.3359,19.0,9.0,-0.5263
434234,MAMYPOKO PANTS S.CMF XL24 (MB),3432 - PANTS DIAPERS,MILK & DIAPERS,1.76,,,10.5,,,5.25,,,144652.0,,,759423.0,,,4.0,,
434235,MAMYPOKO PANTS COMFRT XXL22(OL),3432 - PANTS DIAPERS,MILK & DIAPERS,2.0,,,0.5,,,1.0,,,144000.0,,,144000.0,,,1.0,,
447254,MAMY POKO PANTS COMFORT S56(OL),3432 - PANTS DIAPERS,MILK & DIAPERS,1.0,,,0.5,,,1.0,,,100900.0,,,100900.0,,,1.0,,
447255,MAMY POKO PANTS CMFRT M48+2(OL),3432 - PANTS DIAPERS,MILK & DIAPERS,1.0,,,0.5,,,1.0,,,100900.0,,,100900.0,,,1.0,,
447256,MAMY POKO PANTS COMFORT L42(OL),3432 - PANTS DIAPERS,MILK & DIAPERS,1.67,,,1.5,,,1.5,,,166200.0,,,249300.0,,,2.0,,
447257,MAMY POKO PANTS COMFRT XL36(OL),3432 - PANTS DIAPERS,MILK & DIAPERS,1.0,,,1.0,,,1.0,,,109900.0,,,109900.0,,,2.0,,
340034,MERRIES PANTS GOOD SKIN M-22,3432 - PANTS DIAPERS,MILK & DIAPERS,1.0,,,0.5,,,1.0,,,48900.0,,,48900.0,,,1.0,,
340035,MERRIES PANTS GOOD SKIN L-20,3432 - PANTS DIAPERS,MILK & DIAPERS,1.24,1.0,-0.1935,8.5,2.33,-0.7259,1.13,1.17,0.0354,66624.0,54771.0,-0.1779,75285.0,64082.0,-0.1488,15.0,6.0,-0.6
340038,MERRIES PANTS GOOD SKIN M-32,3432 - PANTS DIAPERS,MILK & DIAPERS,1.13,1.04,-0.0796,38.0,9.33,-0.7545,1.69,1.22,-0.2781,87828.0,78311.0,-0.1084,148429.0,95539.0,-0.3563,45.0,23.0,-0.4889
340039,MERRIES PANTS GOOD SKIN L-28,3432 - PANTS DIAPERS,MILK & DIAPERS,1.22,1.04,-0.1475,52.5,8.0,-0.8476,1.81,1.26,-0.3039,94626.0,77979.0,-0.1759,171273.0,98254.0,-0.4263,58.0,19.0,-0.6724
340040,MERRIES PANTS GOOD SKIN XL-16,3432 - PANTS DIAPERS,MILK & DIAPERS,1.0,1.0,0.0,5.0,1.0,-0.8,1.0,1.5,0.5,54030.0,55500.0,0.0272,54030.0,83250.0,0.5408,10.0,2.0,-0.8
340139,MERRIES PANTS GOOD SKIN XL-26,3432 - PANTS DIAPERS,MILK & DIAPERS,1.22,1.07,-0.123,47.0,9.0,-0.8085,1.62,1.69,0.0432,94967.0,81063.0,-0.1464,153847.0,136996.0,-0.1095,58.0,16.0,-0.7241
432038,MERRIES PANTS GOOD SKIN S-40,3432 - PANTS DIAPERS,MILK & DIAPERS,1.11,1.09,-0.018,9.0,3.67,-0.5922,1.38,1.38,0.0,81044.0,77273.0,-0.0465,111841.0,106637.0,-0.0465,13.0,8.0,-0.3846
437049,MERRIES PANTS SKN PRTC M50 (OL),3432 - PANTS DIAPERS,MILK & DIAPERS,1.0,,,0.5,,,1.0,,,133900.0,,,133900.0,,,1.0,,
437795,MERRIES PANTS G.SKIN XXL-18,3432 - PANTS DIAPERS,MILK & DIAPERS,1.1,1.0,-0.0909,24.5,6.33,-0.7416,2.04,1.73,-0.152,74855.0,68074.0,-0.0906,152704.0,117768.0,-0.2288,24.0,11.0,-0.5417
459191,MERRIES PANTS GOOD SKIN L-36,3432 - PANTS DIAPERS,MILK & DIAPERS,,1.06,,,5.67,,,1.7,,,98306.0,,,167120.0,,,10.0,
443167,MIU BABY PANTS M-28,3432 - PANTS DIAPERS,MILK & DIAPERS,1.0,1.5,0.5,3.5,0.67,-0.8086,1.0,1.0,0.0,59500.0,89250.0,0.5,59500.0,89250.0,0.5,7.0,2.0,-0.7143
443168,MIU BABY PANTS L-26,3432 - PANTS DIAPERS,MILK & DIAPERS,1.0,2.0,1.0,6.5,0.33,-0.9492,1.44,1.0,-0.3056,59500.0,119000.0,1.0,85680.0,119000.0,0.3889,9.0,1.0,-0.8889
443169,MIU BABY PANTS XL-24,3432 - PANTS DIAPERS,MILK & DIAPERS,1.6,1.0,-0.375,2.5,0.33,-0.868,1.0,1.0,0.0,104800.0,65500.0,-0.375,104800.0,65500.0,-0.375,5.0,1.0,-0.8
443600,POKANA SAP DIAPERS MOSAFE M26,3432 - PANTS DIAPERS,MILK & DIAPERS,1.0,1.33,0.33,3.5,1.0,-0.7143,1.75,1.0,-0.4286,57900.0,77200.0,0.3333,101325.0,77200.0,-0.2381,4.0,3.0,-0.25
443601,POKANA SAP DIAPERS MOSAFE L24,3432 - PANTS DIAPERS,MILK & DIAPERS,1.0,1.0,0.0,1.5,1.33,-0.1133,1.0,1.0,0.0,57900.0,57900.0,0.0,57900.0,57900.0,0.0,3.0,4.0,0.3333
443602,POKANA SAP DIAPERS MOSAFE XL22,3432 - PANTS DIAPERS,MILK & DIAPERS,1.0,1.0,0.0,4.0,3.67,-0.0825,2.0,5.5,1.75,62900.0,62991.0,0.0014,125800.0,346450.0,1.754,4.0,2.0,-0.5
340151,SWEETY SILVER PANTS XXL 18+4/18,3432 - PANTS DIAPERS,MILK & DIAPERS,1.09,1.12,0.0275,11.5,8.33,-0.2757,1.44,1.25,-0.1319,64022.0,67728.0,0.0579,92192.0,84660.0,-0.0817,16.0,20.0,0.25
401522,SWEETY SILVER PANTS L-28/26,3432 - PANTS DIAPERS,MILK & DIAPERS,1.11,1.11,0.0,36.0,14.67,-0.5925,1.53,1.42,-0.0719,67406.0,66934.0,-0.007,103131.0,95046.0,-0.0784,47.0,31.0,-0.3404
401564,SWEETY SILVER PANTS S-38/36,3432 - PANTS DIAPERS,MILK & DIAPERS,1.08,1.04,-0.037,31.0,8.0,-0.7419,2.0,1.41,-0.295,61056.0,58854.0,-0.0361,122112.0,82984.0,-0.3204,31.0,17.0,-0.4516
401565,SWEETY SILVER PANTS M-32/30,3432 - PANTS DIAPERS,MILK & DIAPERS,1.19,1.0,-0.1597,26.0,13.33,-0.4873,1.18,1.43,0.2119,72396.0,60150.0,-0.1692,85427.0,86014.0,0.0069,44.0,28.0,-0.3636
401567,SWEETY SILVER PANTS XL-24,3432 - PANTS DIAPERS,MILK & DIAPERS,1.14,1.03,-0.0965,36.0,9.67,-0.7314,1.41,1.38,-0.0213,69111.0,62276.0,-0.0989,97447.0,85941.0,-0.1181,51.0,21.0,-0.5882
404281,SWEETY BRONZE PNTS XPRT L28,3432 - PANTS DIAPERS,MILK & DIAPERS,1.16,1.04,-0.1034,64.5,26.0,-0.5969,1.79,1.66,-0.0726,64674.0,57531.0,-0.1104,115766.0,95501.0,-0.1751,72.0,47.0,-0.3472
404282,SWEETY BRONZE PNTS XPRT XL24/26,3432 - PANTS DIAPERS,MILK & DIAPERS,1.24,1.08,-0.129,75.5,38.33,-0.4923,1.59,2.09,0.3145,72042.0,62539.0,-0.1319,114547.0,130707.0,0.1411,95.0,55.0,-0.4211
404283,SWEETY BRONZE PNT XPRT S38/36+2,3432 - PANTS DIAPERS,MILK & DIAPERS,1.25,1.03,-0.176,16.0,12.67,-0.2081,1.28,1.41,0.1016,69650.0,56953.0,-0.1823,89152.0,80304.0,-0.0992,25.0,27.0,0.08
404284,SWEETY BRONZE PNTS DRY XPRT M32,3432 - PANTS DIAPERS,MILK & DIAPERS,1.19,1.08,-0.0924,59.0,24.0,-0.5932,1.51,1.6,0.0596,65990.0,60017.0,-0.0905,99645.0,96027.0,-0.0363,78.0,45.0,-0.4231
416686,SWEETY BRONZE PNTS XPRT M48,3432 - PANTS DIAPERS,MILK & DIAPERS,1.09,1.11,0.0183,17.0,3.0,-0.8235,1.13,1.29,0.1416,90868.0,92778.0,0.021,102681.0,119684.0,0.1656,30.0,7.0,-0.7667
416687,SWEETY BRONZE PNTS XPRT L42,3432 - PANTS DIAPERS,MILK & DIAPERS,1.11,1.1,-0.009,22.5,7.0,-0.6889,1.18,1.4,0.1864,92778.0,91310.0,-0.0158,109478.0,127834.0,0.1677,38.0,15.0,-0.6053
422159,SWEETY BRONZE PNTS DRY XL38(OL),3432 - PANTS DIAPERS,MILK & DIAPERS,1.0,,,3.0,,,1.5,,,98100.0,,,147150.0,,,4.0,,
431977,SWEETY BRNZ PNT XPT XXL20/20+3,3432 - PANTS DIAPERS,MILK & DIAPERS,,1.21,,,15.67,,,1.34,,,67549.0,,,90516.0,,,35.0,
431977,SWEETY BRONZE PNT XPRT XXL20+3,3432 - PANTS DIAPERS,MILK & DIAPERS,1.07,,,34.5,,,1.86,,,59955.0,,,111516.0,,,37.0,,
437233,(CTN)SWEETY SLVR L3X26S/28S(OL),3432 - PANTS DIAPERS,MILK & DIAPERS,1.25,,,2.0,,,2.0,,,230000.0,,,460000.0,,,2.0,,
434241,CBD SHP CLR SHIELD250ML(DD)(OL),3211 - SHAMPOO,PERSONAL CARE,1.0,,,1.0,,,1.0,,,42150.0,,,42150.0,,,2.0,,
435534,CBD SHP KERATIN PRO 250ML (HP),3211 - SHAMPOO,PERSONAL CARE,1.0,,,1.5,,,1.0,,,36433.0,,,36433.0,,,3.0,,
448494,CBD BIO+PEP SHP 250ML(OL),3211 - SHAMPOO,PERSONAL CARE,1.0,,,0.5,,,1.0,,,44000.0,,,44000.0,,,1.0,,
412487,CLEAR SHP MENTHOL SEGAR 70ML,3211 - SHAMPOO,PERSONAL CARE,1.0,1.0,0.0,16.5,3.33,-0.7982,1.03,1.11,0.0777,16321.0,16010.0,-0.0191,16811.0,17771.0,0.0571,32.0,9.0,-0.7188
412488,CLEAR SHP MENTHOL SEGAR 160ML,3211 - SHAMPOO,PERSONAL CARE,1.17,1.19,0.0171,34.5,9.0,-0.7391,1.17,1.08,-0.0769,42859.0,43574.0,0.0167,50145.0,47060.0,-0.0615,59.0,25.0,-0.5763
412490,CLEAR SHP PERAWATAN KMPLT 160ML,3211 - SHAMPOO,PERSONAL CARE,1.14,1.08,-0.0526,22.0,8.33,-0.6214,1.02,1.25,0.2255,41486.0,39700.0,-0.0431,42316.0,49625.0,0.1727,43.0,20.0,-0.5349
412492,CLEAR SHP APEL WNGI&SGR 160ML,3211 - SHAMPOO,PERSONAL CARE,,1.0,,,0.33,,,1.0,,,35500.0,,,35500.0,,,1.0,
412496,CLEAR SHP MEN MTL FRSH ACT160ML,3211 - SHAMPOO,PERSONAL CARE,1.15,1.1,-0.0435,23.0,6.67,-0.71,1.15,1.05,-0.087,42076.0,42570.0,0.0117,48387.0,44698.0,-0.0762,40.0,19.0,-0.525
412800,CLEAR SHP MENTHOL SEGAR 300ML,3211 - SHAMPOO,PERSONAL CARE,1.06,1.04,-0.0189,17.0,7.67,-0.5488,1.1,1.1,0.0,66176.0,65391.0,-0.0119,72794.0,71930.0,-0.0119,31.0,21.0,-0.3226
412801,CLEAR SHP PERAWATAN KPLT 300ML,3211 - SHAMPOO,PERSONAL CARE,1.13,1.21,0.0708,15.5,8.0,-0.4839,1.11,1.14,0.027,70565.0,75846.0,0.0748,78327.0,86464.0,0.1039,28.0,21.0,-0.25
413500,CLEAR SHP LEMON BRSH&SGR160ML,3211 - SHAMPOO,PERSONAL CARE,1.0,,,11.0,,,1.0,,,31032.0,,,31032.0,,,22.0,,
415620,CLEAR SHP LEMON BRSH&SGR 300ML,3211 - SHAMPOO,PERSONAL CARE,1.0,,,6.5,,,1.0,,,51031.0,,,51031.0,,,13.0,,
428701,CLEAR SHP IC MENTHOL 660ML (OL),3211 - SHAMPOO,PERSONAL CARE,1.0,,,2.5,,,1.0,,,92900.0,,,92900.0,,,5.0,,
431211,CLEAR SHP MENTHOL SEGAR 400ML,3211 - SHAMPOO,PERSONAL CARE,1.12,1.0,-0.1071,4.0,0.33,-0.9175,1.0,1.0,0.0,78138.0,59000.0,-0.2449,78138.0,59000.0,-0.2449,8.0,1.0,-0.875
439997,CLEAR SHP KTMB MENTHOL 1.2L(OL),3211 - SHAMPOO,PERSONAL CARE,1.0,,,7.5,,,1.36,,,161500.0,,,219640.0,,,11.0,,
439998,CLEAR SHP KTMB SOFT COM1.2L(OL),3211 - SHAMPOO,PERSONAL CARE,2.0,,,0.5,,,1.0,,,323000.0,,,323000.0,,,1.0,,
440366,CLEAR SHP ANTI RMBT RONTOK160ML,3211 - SHAMPOO,PERSONAL CARE,1.11,1.08,-0.027,26.5,12.33,-0.5347,1.06,1.0,-0.0566,40632.0,39592.0,-0.0256,43070.0,39592.0,-0.0808,50.0,37.0,-0.26
320138,DOVE SHP RONTOK 680ML (OL),3211 - SHAMPOO,PERSONAL CARE,1.14,,,3.5,,,1.0,,,99086.0,,,99086.0,,,7.0,,
426418,DOVE SHP PERAWATAN R.RNTOK135ML,3211 - SHAMPOO,PERSONAL CARE,1.04,1.0,-0.0385,36.0,0.67,-0.9814,1.09,1.0,-0.0826,29062.0,21800.0,-0.2499,31678.0,21800.0,-0.3118,66.0,2.0,-0.9697
433602,DOVE SHP MCLR CLN PUMP430ML(OL),3211 - SHAMPOO,PERSONAL CARE,1.0,,,0.5,,,1.0,,,68300.0,,,68300.0,,,1.0,,
433603,DOVE SHP MCLR BST PUMP430ML(OL),3211 - SHAMPOO,PERSONAL CARE,4.56,,,4.5,,,1.12,,,343200.0,,,384384.0,,,8.0,,
436304,DOVE SHP HAIR FALL 900ML(OL),3211 - SHAMPOO,PERSONAL CARE,1.0,,,8.5,,,1.0,,,115800.0,,,115800.0,,,17.0,,
436338,DOVE SHP RAMBUT RUSAK 290ML(OL),3211 - SHAMPOO,PERSONAL CARE,1.0,,,1.0,,,1.0,,,59000.0,,,59000.0,,,2.0,,
438882,DOVE SHP MCLR HAIR BOOST 135ML,3211 - SHAMPOO,PERSONAL CARE,1.0,,,25.5,,,1.09,,,27653.0,,,30142.0,,,47.0,,
411264,ELLIPS DRY SHP FRUITY 50ML (OL),3211 - SHAMPOO,PERSONAL CARE,1.0,,,0.5,,,1.0,,,35900.0,,,35900.0,,,1.0,,
413508,ELLIPS DRY SHP BLOSSOM 50ML(OL),3211 - SHAMPOO,PERSONAL CARE,1.0,,,1.5,,,1.0,,,36233.0,,,36233.0,,,3.0,,
10224,EMERON SHP BLACK&SHINE 170ML,3211 - SHAMPOO,PERSONAL CARE,1.09,1.02,-0.0642,54.5,14.33,-0.7371,1.06,1.0,-0.0566,23909.0,22409.0,-0.0627,25344.0,22409.0,-0.1158,103.0,43.0,-0.5825
10242,EMERON SHP H.FALL CONTROL 170ML,3211 - SHAMPOO,PERSONAL CARE,1.14,1.05,-0.0789,77.0,19.67,-0.7445,1.12,1.05,-0.0625,25032.0,23014.0,-0.0806,28036.0,24165.0,-0.1381,137.0,56.0,-0.5912
320107,EMERON SHP BLK&SHINE 340ML(OL),3211 - SHAMPOO,PERSONAL CARE,1.0,,,1.5,,,1.0,,,38233.0,,,38233.0,,,3.0,,
321832,EMERON SHP HAIR FALL 340ML(OL),3211 - SHAMPOO,PERSONAL CARE,1.0,,,0.5,,,1.0,,,37900.0,,,37900.0,,,1.0,,
321833,EMERON SHP SFT&SMTH 340ML(OL),3211 - SHAMPOO,PERSONAL CARE,1.25,,,2.0,,,1.0,,,47625.0,,,47625.0,,,4.0,,
413183,EMERON SHP HIJAB CLN&FRS 170ML,3211 - SHAMPOO,PERSONAL CARE,1.09,1.11,0.0183,100.0,18.67,-0.8133,1.13,1.12,-0.0088,23871.0,24246.0,0.0157,26974.0,27156.0,0.0067,177.0,50.0,-0.7175
452368,EMERON BT21 ANTI HAIRFALL 200ML,3211 - SHAMPOO,PERSONAL CARE,,1.11,,,3.0,,,1.0,,,28333.0,,,28333.0,,,9.0,
452369,EMERON BT21 ANTI KETOMBE 200ML,3211 - SHAMPOO,PERSONAL CARE,,1.0,,,1.33,,,1.0,,,25500.0,,,25500.0,,,4.0,
432586,ERHA SHP HAIRGROW 100ML (OL),3211 - SHAMPOO,PERSONAL CARE,1.33,,,1.5,,,1.0,,,93200.0,,,93200.0,,,3.0,,
122784,H&S SHP MENTHOL DINGIN 70ML,3211 - SHAMPOO,PERSONAL CARE,1.14,1.0,-0.1228,7.0,7.67,0.0957,1.0,1.05,0.05,21400.0,19100.0,-0.1075,21400.0,20055.0,-0.0629,14.0,22.0,0.5714
122905,H&S SHP MENTHOL DINGIN300ML,3211 - SHAMPOO,PERSONAL CARE,1.08,1.02,-0.0556,12.5,15.0,0.2,1.0,1.07,0.07,68040.0,64400.0,-0.0535,68040.0,68908.0,0.0128,25.0,42.0,0.68
124534,H&S SHP SELEMBUT SUTERA160ML,3211 - SHAMPOO,PERSONAL CARE,1.14,1.11,-0.0263,21.0,9.33,-0.5557,1.17,1.17,0.0,41036.0,39768.0,-0.0309,48012.0,46529.0,-0.0309,36.0,24.0,-0.3333
128593,H&S SHP LEMON SEGAR 160ML,3211 - SHAMPOO,PERSONAL CARE,1.07,1.3,0.215,35.5,10.0,-0.7183,1.06,1.07,0.0094,38428.0,46700.0,0.2153,40734.0,49969.0,0.2267,67.0,28.0,-0.5821
128831,H&S SHP MNTHL DINGIN PUMP 400ML,3211 - SHAMPOO,PERSONAL CARE,1.0,1.0,0.0,9.5,4.0,-0.5789,1.0,1.0,0.0,74579.0,75117.0,0.0072,74579.0,75117.0,0.0072,19.0,12.0,-0.3684
144373,H&S SHP ANTI H.FALL 160ML,3211 - SHAMPOO,PERSONAL CARE,,1.0,,,7.67,,,1.05,,,35904.0,,,37699.0,,,22.0,
244540,H&S SHP ANTI BACTERIAL 160 ML,3211 - SHAMPOO,PERSONAL CARE,1.07,1.18,0.1028,14.0,5.67,-0.595,1.08,1.0,-0.0741,38464.0,42312.0,0.1,41541.0,42312.0,0.0186,26.0,17.0,-0.3462
244547,H&S SHP MENTHOL DINGIN160ML,3211 - SHAMPOO,PERSONAL CARE,1.07,1.53,0.4299,81.5,18.33,-0.7751,1.06,1.02,-0.0377,38323.0,54778.0,0.4294,40622.0,55874.0,0.3755,154.0,54.0,-0.6494
320420,H&S SHP ANTI BACTERIAL 300 ML,3211 - SHAMPOO,PERSONAL CARE,1.2,1.0,-0.1667,7.5,0.33,-0.956,1.07,1.0,-0.0654,75600.0,63000.0,-0.1667,80892.0,63000.0,-0.2212,14.0,1.0,-0.9286
404720,H&S SHP LEMON SEGAR 300ML,3211 - SHAMPOO,PERSONAL CARE,1.07,1.03,-0.0374,7.5,11.0,0.4667,1.0,1.18,0.18,67200.0,64924.0,-0.0339,67200.0,76610.0,0.14,15.0,28.0,0.8667
421777,H&S SHP SUB ZERO 160ML,3211 - SHAMPOO,PERSONAL CARE,1.12,,,12.5,,,1.04,,,40208.0,,,41816.0,,,24.0,,
421777,H&S SHP SUPER COOL 160ML,3211 - SHAMPOO,PERSONAL CARE,,1.4,,,5.0,,,1.0,,,52473.0,,,52473.0,,,15.0,
425834,H&S SHP ANTI GATAL 160ML,3211 - SHAMPOO,PERSONAL CARE,1.13,1.09,-0.0354,19.0,7.67,-0.5963,1.15,1.1,-0.0435,40624.0,39004.0,-0.0399,46718.0,42904.0,-0.0816,33.0,21.0,-0.3636
425929,H&S SHP COOL MTL 680ML (FS)(OL),3211 - SHAMPOO,PERSONAL CARE,1.0,,,0.5,,,1.0,,,113300.0,,,113300.0,,,1.0,,
433378,H&S SHP LEMON SEGAR ML 160ML,3211 - SHAMPOO,PERSONAL CARE,1.0,,,6.0,,,1.09,,,35900.0,,,39131.0,,,11.0,,
433617,H&S SHP MENTHOL DINGIN ML 160ML,3211 - SHAMPOO,PERSONAL CARE,1.12,,,12.0,,,1.0,,,40388.0,,,40388.0,,,24.0,,
434116,H&S SHP ANTI BACTL400ML(CL)(OL),3211 - SHAMPOO,PERSONAL CARE,1.0,1.0,0.0,1.5,0.33,-0.78,1.0,1.0,0.0,67633.0,65000.0,-0.0389,67633.0,65000.0,-0.0389,3.0,1.0,-0.6667
434117,HS SHP SMOOTH&SILKY 400ML (OL),3211 - SHAMPOO,PERSONAL CARE,1.33,,,3.0,,,1.0,,,88133.0,,,88133.0,,,6.0,,
443356,H&S SHP MENTHOL DINGIN 110ML,3211 - SHAMPOO,PERSONAL CARE,1.0,1.0,0.0,18.5,16.67,-0.0989,1.06,1.09,0.0283,27200.0,27200.0,0.0,28832.0,29648.0,0.0283,35.0,46.0,0.3143
448255,H&S SHP SLMBT SUTERA 2IN1 160ML,3211 - SHAMPOO,PERSONAL CARE,1.1,1.08,-0.0182,34.5,8.0,-0.7681,1.1,1.0,-0.0909,45049.0,46542.0,0.0331,49554.0,46542.0,-0.0608,63.0,24.0,-0.619
465627,H&S SHP MENTHOL DGN 2IN1 160ML,3211 - SHAMPOO,PERSONAL CARE,1.05,1.37,0.3048,54.0,12.67,-0.7654,1.03,1.03,0.0,42803.0,58779.0,0.3732,44087.0,60542.0,0.3732,105.0,37.0,-0.6476
431558,HERBAL ESSENCES SHP GR400ML(OL),3211 - SHAMPOO,PERSONAL CARE,1.0,,,0.5,,,1.0,,,90900.0,,,90900.0,,,1.0,,
444940,LAVOJOY SHP SPRING 280ML (OL),3211 - SHAMPOO,PERSONAL CARE,1.0,,,2.5,,,1.0,,,96480.0,,,96480.0,,,5.0,,
126401,LIFEBUOY SHP A.KETMBE 680ML(OL),3211 - SHAMPOO,PERSONAL CARE,1.0,,,2.0,,,1.0,,,71100.0,,,71100.0,,,4.0,,
126402,LIFEBUOY SHP K&B 680ML (OL),3211 - SHAMPOO,PERSONAL CARE,1.33,,,4.5,,,1.0,,,95067.0,,,95067.0,,,9.0,,
126419,LIFEBUOY SHP A.KETOMBE 170ML,3211 - SHAMPOO,PERSONAL CARE,1.08,,,44.0,,,1.06,,,29803.0,,,31591.0,,,83.0,,
126420,LIFEBUOY SHP KUAT&BERKILAU170ML,3211 - SHAMPOO,PERSONAL CARE,1.12,,,47.0,,,1.15,,,30830.0,,,35454.0,,,82.0,,
126423,LIFEBUOY SHP A.KETOMBE 70ML,3211 - SHAMPOO,PERSONAL CARE,1.03,,,17.5,,,1.03,,,15437.0,,,15900.0,,,34.0,,
143897,LIFEBUOY SHP A.KETOMBE 340ML,3211 - SHAMPOO,PERSONAL CARE,1.08,,,18.0,,,1.06,,,50642.0,,,53681.0,,,34.0,,
143899,LIFEBUOY SHP KUAT&BERKILAU340ML,3211 - SHAMPOO,PERSONAL CARE,1.11,,,4.5,,,1.0,,,41967.0,,,41967.0,,,9.0,,
430537,LIFEBUOY SHP A.DANDRUF900ML(OL),3211 - SHAMPOO,PERSONAL CARE,1.38,,,4.0,,,1.0,,,95550.0,,,95550.0,,,8.0,,
434697,LIFEBUOY SHP LEMON 310ML(OL),3211 - SHAMPOO,PERSONAL CARE,1.5,,,1.0,,,1.0,,,65150.0,,,65150.0,,,2.0,,
436305,LIFEBUOY SHP KUAT BRKL900ML(OL),3211 - SHAMPOO,PERSONAL CARE,1.5,,,3.0,,,1.0,,,123933.0,,,123933.0,,,6.0,,
443826,LIFEBUOY SHP A.KETOMBE MTL170ML,3211 - SHAMPOO,PERSONAL CARE,1.15,,,33.5,,,1.06,,,27416.0,,,29061.0,,,63.0,,
449644,LIFEBUOY SHP ANTI KTMBE 70+20ML,3211 - SHAMPOO,PERSONAL CARE,,1.0,,,1.0,,,1.0,,,14500.0,,,14500.0,,,3.0,
451164,LIFEBUOY SHP KUAT&BRKLAU 170ML,3211 - SHAMPOO,PERSONAL CARE,,1.06,,,11.67,,,1.03,,,29114.0,,,29987.0,,,34.0,
451170,LIFEBUOY SHP ANTI KETOMBE 170ML,3211 - SHAMPOO,PERSONAL CARE,,1.07,,,15.33,,,1.1,,,29346.0,,,32281.0,,,42.0,
452008,LIFEBUOY SHP ANTI KETOMBE 340ML,3211 - SHAMPOO,PERSONAL CARE,,1.1,,,3.33,,,1.0,,,51610.0,,,51610.0,,,10.0,
807352,LIFEBUOY SHP R.RONTOK 680ML(OL),3211 - SHAMPOO,PERSONAL CARE,1.0,,,3.5,,,1.0,,,70400.0,,,70400.0,,,7.0,,
429532,LOREAL SHP FALL 280ML(OL),3211 - SHAMPOO,PERSONAL CARE,1.0,,,1.0,,,1.0,,,73000.0,,,73000.0,,,2.0,,
429533,LOREAL SHP REPAIR 280ML(OL),3211 - SHAMPOO,PERSONAL CARE,1.0,,,1.5,,,1.0,,,73000.0,,,73000.0,,,3.0,,
435486,LOREAL SHP HYALU 280ML(DD)(OL),3211 - SHAMPOO,PERSONAL CARE,1.0,,,2.0,,,1.0,,,82550.0,,,82550.0,,,4.0,,
448031,LOREAL SHP PURIFYING 280ML(OL),3211 - SHAMPOO,PERSONAL CARE,1.0,,,1.0,,,1.0,,,85000.0,,,85000.0,,,2.0,,
448181,LOREAL SHP PROTECTING280ML(OL),3211 - SHAMPOO,PERSONAL CARE,1.67,,,1.5,,,1.5,,,122933.0,,,184400.0,,,2.0,,
451890,LOREAL SHP GLYCOLIC GLOSS 200ML,3211 - SHAMPOO,PERSONAL CARE,,1.0,,,5.67,,,1.06,,,35076.0,,,37181.0,,,16.0,
451892,LOREAL SHP FALL RESIST 200ML,3211 - SHAMPOO,PERSONAL CARE,,1.0,,,7.33,,,1.0,,,35173.0,,,35173.0,,,22.0,
451894,LOREAL SHP HYALURON PURE 200ML,3211 - SHAMPOO,PERSONAL CARE,,1.0,,,5.33,,,1.07,,,35100.0,,,37557.0,,,15.0,
321974,MAKARIZO SHP HE ALOE MELON170ML,3211 - SHAMPOO,PERSONAL CARE,1.03,1.0,-0.0291,74.0,12.33,-0.8334,1.09,1.23,0.1284,28766.0,28554.0,-0.0074,31355.0,35121.0,0.1201,136.0,30.0,-0.7794
321976,MAKARIZO SHP H.E RYL JELLY170ML,3211 - SHAMPOO,PERSONAL CARE,1.05,1.03,-0.019,27.5,9.67,-0.6484,1.1,1.04,-0.0545,29329.0,29652.0,0.011,32262.0,30838.0,-0.0441,50.0,28.0,-0.44
400791,MAKARIZO SHP A&M 330ML,3211 - SHAMPOO,PERSONAL CARE,1.11,1.05,-0.0541,9.0,6.33,-0.2967,1.0,1.0,0.0,54378.0,52179.0,-0.0404,54378.0,52179.0,-0.0404,18.0,19.0,0.0556
400793,MAKARIZO SHP H.E RJL330(DD)(OL),3211 - SHAMPOO,PERSONAL CARE,1.25,,,2.0,,,1.0,,,49875.0,,,49875.0,,,4.0,,
443303,MAKARIZO SHP HE A.KETOMBE 170ML,3211 - SHAMPOO,PERSONAL CARE,1.02,1.0,-0.0196,27.5,10.33,-0.6244,1.06,1.07,0.0094,28109.0,28548.0,0.0156,29796.0,30546.0,0.0252,52.0,29.0,-0.4423
452013,MAKARIZO SHP SALON DAILY 200ML,3211 - SHAMPOO,PERSONAL CARE,,1.0,,,5.67,,,1.06,,,39900.0,,,42294.0,,,16.0,
440185,MIRANDA SHP KRTIN200ML(DD)(OL),3211 - SHAMPOO,PERSONAL CARE,1.0,,,0.5,,,1.0,,,31900.0,,,31900.0,,,1.0,,
10346,MR SHP DAUN BAYAM 175ML(OL),3211 - SHAMPOO,PERSONAL CARE,1.0,,,1.0,,,1.0,,,26900.0,,,26900.0,,,2.0,,
10347,MR SHP DAUN WARU 175ML(OL),3211 - SHAMPOO,PERSONAL CARE,1.0,,,0.5,,,1.0,,,26900.0,,,26900.0,,,1.0,,
447319,MR SHP DAUN BAYAM 1L (OL),3211 - SHAMPOO,PERSONAL CARE,1.0,,,1.0,,,1.0,,,105900.0,,,105900.0,,,2.0,,
135644,NATUR SHP GINGSENG EXTRAC 140ML,3211 - SHAMPOO,PERSONAL CARE,1.18,1.0,-0.1525,19.0,6.67,-0.6489,1.12,1.05,-0.0625,41505.0,35710.0,-0.1396,46486.0,37496.0,-0.1934,34.0,19.0,-0.4412
449114,NATUR SHP GINSENG 270ML(OL),3211 - SHAMPOO,PERSONAL CARE,1.0,,,0.5,,,1.0,,,55900.0,,,55900.0,,,1.0,,
449115,NATUR SHP  ALOE VERA 270ML(OL),3211 - SHAMPOO,PERSONAL CARE,1.0,,,0.5,,,1.0,,,49000.0,,,49000.0,,,1.0,,
417134,PALMOLIVE SHP ALOE SMT180ML(OL),3211 - SHAMPOO,PERSONAL CARE,1.28,,,29.0,,,1.29,,,33043.0,,,42625.0,,,45.0,,
417135,PALMOLIVE SHP A.DANRF 180ML(OL),3211 - SHAMPOO,PERSONAL CARE,1.03,,,19.0,,,1.15,,,26897.0,,,30932.0,,,33.0,,
417136,PALMOLIVE SHP INT MOIS180ML(OL),3211 - SHAMPOO,PERSONAL CARE,1.0,,,15.0,,,1.11,,,26010.0,,,28871.0,,,27.0,,
119885,PANTENE SHP RAMBUT RONTOK 290ML,3211 - SHAMPOO,PERSONAL CARE,1.2,1.05,-0.125,15.0,7.33,-0.5113,1.15,1.22,0.0609,70750.0,61673.0,-0.1283,81362.0,75241.0,-0.0752,26.0,18.0,-0.3077
119887,PANTENE SHP HALUS&LEMBUT 160ML,3211 - SHAMPOO,PERSONAL CARE,1.21,1.1,-0.0909,29.0,7.0,-0.7586,1.14,1.17,0.0263,38259.0,34724.0,-0.0924,43615.0,40627.0,-0.0685,51.0,18.0,-0.6471
119891,PANTENE SHP ANTI KETOMBE 70ML,3211 - SHAMPOO,PERSONAL CARE,1.0,,,1.5,,,1.0,,,17700.0,,,17700.0,,,3.0,,
119894,PANTENE SHP RAMBUT RUSAK 160ML,3211 - SHAMPOO,PERSONAL CARE,1.04,1.3,0.25,14.0,3.33,-0.7621,1.12,1.11,-0.0089,32832.0,40510.0,0.2339,36772.0,44966.0,0.2228,25.0,9.0,-0.64
119895,PANTENE SHP ANTI KETOMBE 160ML,3211 - SHAMPOO,PERSONAL CARE,1.22,1.1,-0.0984,64.0,19.67,-0.6927,1.09,1.11,0.0183,38656.0,34878.0,-0.0977,42135.0,38715.0,-0.0812,117.0,53.0,-0.547
119896,PANTENE SHP ANTI KETOMBE 290ML,3211 - SHAMPOO,PERSONAL CARE,1.12,1.0,-0.1071,8.5,4.67,-0.4506,1.13,1.08,-0.0442,65976.0,58957.0,-0.1064,74553.0,63674.0,-0.1459,15.0,13.0,-0.1333
119898,PANTENE SHP RAMBUT RONTOK 160ML,3211 - SHAMPOO,PERSONAL CARE,1.13,1.26,0.115,100.5,23.33,-0.7679,1.09,1.19,0.0917,35810.0,39829.0,0.1122,39033.0,47397.0,0.2143,184.0,59.0,-0.6793
119899,PANTENE SHP HITAM GLOW 160ML,3211 - SHAMPOO,PERSONAL CARE,1.21,1.12,-0.0744,31.0,10.67,-0.6558,1.29,1.23,-0.0465,38355.0,35687.0,-0.0696,49478.0,43895.0,-0.1128,48.0,26.0,-0.4583
122163,PANTENE SHP HALUS&LEMBUT 290ML,3211 - SHAMPOO,PERSONAL CARE,1.0,,,0.5,,,1.0,,,47900.0,,,47900.0,,,1.0,,
320568,PANTENE SHP A.KETOMBE PUMP400ML,3211 - SHAMPOO,PERSONAL CARE,1.0,1.13,0.13,7.0,7.67,0.0957,1.0,1.28,0.28,75571.0,86522.0,0.1449,75571.0,110748.0,0.4655,14.0,18.0,0.2857
320569,PANTENE SHP R.RONTOK PUMP 400ML,3211 - SHAMPOO,PERSONAL CARE,1.0,1.05,0.05,13.0,6.67,-0.4869,1.04,1.05,0.0096,75500.0,80625.0,0.0679,78520.0,84656.0,0.0781,25.0,19.0,-0.24
321302,PANTENE SHP H.FALL900ML(FS)(OL),3211 - SHAMPOO,PERSONAL CARE,1.0,,,1.0,,,1.0,,,129900.0,,,129900.0,,,2.0,,
415150,PANTENE SHP HJB A.KETOMBE 160ML,3211 - SHAMPOO,PERSONAL CARE,1.14,1.0,-0.1228,7.0,4.67,-0.3329,1.0,1.17,0.17,36229.0,31657.0,-0.1262,36229.0,37039.0,0.0224,14.0,12.0,-0.1429
415376,PANTENE SHP HJB A.RONTOK 160ML,3211 - SHAMPOO,PERSONAL CARE,1.0,1.0,0.0,17.0,3.67,-0.7841,1.1,1.0,-0.0909,31700.0,31655.0,-0.0014,34870.0,31655.0,-0.0922,31.0,11.0,-0.6452
425928,PANTENE SHP LEPEK 750ML (OL),3211 - SHAMPOO,PERSONAL CARE,1.0,,,0.5,,,1.0,,,113300.0,,,113300.0,,,1.0,,
443354,PANTENE SHP ANTI KETOMBE 110ML,3211 - SHAMPOO,PERSONAL CARE,1.0,1.0,0.0,11.5,14.67,0.2757,1.15,1.13,-0.0174,23900.0,23900.0,0.0,27485.0,27007.0,-0.0174,20.0,39.0,0.95
443355,PANTENE SHP RAMBUT RONTOK 110ML,3211 - SHAMPOO,PERSONAL CARE,1.03,1.04,0.0097,17.0,9.0,-0.4706,1.03,1.04,0.0097,24603.0,24785.0,0.0074,25341.0,25776.0,0.0172,33.0,26.0,-0.2121
444344,PANTENE SHP R.RONTOK 1.8L (OL),3211 - SHAMPOO,PERSONAL CARE,1.0,,,2.0,,,1.33,,,179725.0,,,239034.0,,,3.0,,
122364,REJOICE SHP HIJAB AD3IN1 150ML,3211 - SHAMPOO,PERSONAL CARE,1.22,1.11,-0.0902,27.5,9.33,-0.6607,1.2,1.04,-0.1333,35936.0,32661.0,-0.0911,43123.0,33967.0,-0.2123,46.0,27.0,-0.413
122365,REJOICE SHP RICH S.SMOOTH150ML,3211 - SHAMPOO,PERSONAL CARE,1.15,1.0,-0.1304,70.5,12.67,-0.8203,1.26,1.12,-0.1111,33901.0,29500.0,-0.1298,42715.0,33040.0,-0.2265,112.0,34.0,-0.6964
124341,REJOICE SHP RICH S.SMOOTH 340ML,3211 - SHAMPOO,PERSONAL CARE,1.03,1.12,0.0874,31.5,16.0,-0.4921,1.12,1.17,0.0446,57778.0,63000.0,0.0904,64711.0,73710.0,0.1391,56.0,41.0,-0.2679
144377,REJOICE SHP RICH 600ML (OL),3211 - SHAMPOO,PERSONAL CARE,1.0,,,2.0,,,1.0,,,73650.0,,,73650.0,,,4.0,,
437960,REJOICE SHP KOREAN LAVNDER150ML,3211 - SHAMPOO,PERSONAL CARE,1.19,1.03,-0.1345,31.0,11.67,-0.6235,1.19,1.35,0.1345,35210.0,30343.0,-0.1382,41900.0,40963.0,-0.0224,52.0,26.0,-0.5
10326,RHC HL SHP SOL200ML (DD)(OL),3211 - SHAMPOO,PERSONAL CARE,1.0,,,0.5,,,1.0,,,39900.0,,,39900.0,,,1.0,,
189040,SARIAYU SHP H.STRENG 170ML(OL),3211 - SHAMPOO,PERSONAL CARE,1.0,,,0.5,,,1.0,,,24900.0,,,24900.0,,,1.0,,
114851,SELSUN SHP BLUE FIVE 120ML(OL),3211 - SHAMPOO,PERSONAL CARE,1.07,,,7.5,,,1.07,,,48853.0,,,52273.0,,,14.0,,
114852,SELSUN SHP  GOLD 120ML(OL),3211 - SHAMPOO,PERSONAL CARE,1.17,,,6.0,,,1.0,,,53583.0,,,53583.0,,,12.0,,
407722,SERASOFT SHP HAIR FALL 170ML,3211 - SHAMPOO,PERSONAL CARE,1.06,1.05,-0.0094,118.5,25.33,-0.7862,1.13,1.15,0.0177,25218.0,25053.0,-0.0065,28496.0,28811.0,0.0111,210.0,66.0,-0.6857
407723,SERASOFT SHP DANDRUFF 170ML,3211 - SHAMPOO,PERSONAL CARE,1.03,1.08,0.0485,61.0,24.67,-0.5956,1.1,1.16,0.0545,24580.0,25730.0,0.0468,27038.0,29847.0,0.1039,111.0,64.0,-0.4234
430784,SERASOFT SHP HAIR FALL 340ML,3211 - SHAMPOO,PERSONAL CARE,1.04,1.07,0.0288,37.0,23.67,-0.3603,1.12,1.15,0.0268,48801.0,50215.0,0.029,54657.0,57747.0,0.0565,66.0,62.0,-0.0606
444883,SERASOFT SHP SMOOTH&SHINE 170ML,3211 - SHAMPOO,PERSONAL CARE,1.04,1.02,-0.0192,51.0,19.67,-0.6143,1.1,1.09,-0.0091,24733.0,24203.0,-0.0214,27206.0,26381.0,-0.0303,93.0,54.0,-0.4194
400451,SUNSILK SHP SOFT&SMOOTH 160ML,3211 - SHAMPOO,PERSONAL CARE,1.08,,,66.0,,,1.15,,,29039.0,,,33395.0,,,115.0,,
400452,SUNSILK SHP SOFT&SMOOTH 320ML,3211 - SHAMPOO,PERSONAL CARE,1.05,,,54.0,,,1.1,,,49241.0,,,54165.0,,,98.0,,
400453,SUNSILK SHP SFT&SMOTH 650ML(OL),3211 - SHAMPOO,PERSONAL CARE,1.5,,,2.0,,,1.0,,,122675.0,,,122675.0,,,4.0,,
400456,SUNSILK SHP BLACK SHINE 320ML,3211 - SHAMPOO,PERSONAL CARE,1.08,,,24.5,,,1.09,,,49459.0,,,53910.0,,,45.0,,
400457,SUNSILK SHP BLCK SHINE 160ML,3211 - SHAMPOO,PERSONAL CARE,1.08,,,56.5,,,1.08,,,28901.0,,,31213.0,,,105.0,,
400458,SUNSILK SHP BLCK 650ML (OL),3211 - SHAMPOO,PERSONAL CARE,1.0,,,2.0,,,1.0,,,80225.0,,,80225.0,,,4.0,,
400459,SUNSILK SHP BLACK SHINE 70ML,3211 - SHAMPOO,PERSONAL CARE,1.0,,,13.5,,,1.08,,,12600.0,,,13608.0,,,25.0,,
400467,SUNSILK SHP HIJAB REFRESH 160ML,3211 - SHAMPOO,PERSONAL CARE,1.12,1.3,0.1607,41.0,7.67,-0.8129,1.05,1.15,0.0952,27932.0,35952.0,0.2871,29329.0,41345.0,0.4097,78.0,20.0,-0.7436
436303,SUNSLIK SHP BLK SHINE 900ML(OL),3211 - SHAMPOO,PERSONAL CARE,1.0,,,0.5,,,1.0,,,99400.0,,,99400.0,,,1.0,,
436332,SUNSILK SHP SOFT&SMTH 900ML(OL),3211 - SHAMPOO,PERSONAL CARE,1.0,,,1.5,,,1.0,,,99400.0,,,99400.0,,,3.0,,
438520,SUNSILK SHP A.KETOMBE 160ML,3211 - SHAMPOO,PERSONAL CARE,1.02,,,21.0,,,1.08,,,26636.0,,,28767.0,,,39.0,,
439995,SUNSILK SHP A.KTMB 650ML(OL),3211 - SHAMPOO,PERSONAL CARE,1.22,,,4.5,,,1.12,,,98833.0,,,110693.0,,,8.0,,
445278,SUNSILK SHP A.KETOMBE 320ML,3211 - SHAMPOO,PERSONAL CARE,1.0,,,17.5,,,1.09,,,49071.0,,,53487.0,,,32.0,,
450820,SUNSILK SHP GLOSSY BLACK 320ML,3211 - SHAMPOO,PERSONAL CARE,,1.11,,,12.67,,,1.09,,,59850.0,,,65237.0,,,35.0,
450821,SUNSILK SHP SILKY SMOOTH 320ML,3211 - SHAMPOO,PERSONAL CARE,,1.25,,,18.67,,,1.1,,,67741.0,,,74515.0,,,51.0,
450822,SUNSILK SHP A.DANDRUF 320ML,3211 - SHAMPOO,PERSONAL CARE,,1.19,,,5.33,,,1.0,,,64006.0,,,64006.0,,,16.0,
450823,SUNSILK SHP GLOSSY BLACK 160ML,3211 - SHAMPOO,PERSONAL CARE,,1.32,,,16.67,,,1.11,,,40700.0,,,45177.0,,,45.0,
450824,SUNSILK SHP SILKY SMOOTH 160ML,3211 - SHAMPOO,PERSONAL CARE,,1.08,,,21.0,,,1.11,,,32302.0,,,35855.0,,,57.0,
450825,SUNSILK SHP A.DNDRF&SLK 160ML,3211 - SHAMPOO,PERSONAL CARE,,1.05,,,6.67,,,1.05,,,31425.0,,,32996.0,,,19.0,
450826,SUNSILK SHP GLOSSY BLACK 70 ML,3211 - SHAMPOO,PERSONAL CARE,,1.0,,,6.0,,,1.0,,,17989.0,,,17989.0,,,18.0,
320134,TRESEMME SHP REPAIR 670ML(OL),3211 - SHAMPOO,PERSONAL CARE,1.0,,,0.5,,,1.0,,,108900.0,,,108900.0,,,1.0,,
412500,TRESEMME SHP KERATIN SMT 170ML,3211 - SHAMPOO,PERSONAL CARE,1.07,1.0,-0.0654,29.5,9.67,-0.6722,1.09,1.12,0.0275,44756.0,43659.0,-0.0245,48784.0,48898.0,0.0023,54.0,26.0,-0.5185
412501,TRESEMME SHP SCALP CARE 170ML,3211 - SHAMPOO,PERSONAL CARE,1.0,1.1,0.1,10.0,6.67,-0.333,1.0,1.11,0.11,41900.0,53705.0,0.2817,41900.0,59613.0,0.4227,20.0,18.0,-0.1
428707,TRESEMME SHP KRTN SMTH670ML(OL),3211 - SHAMPOO,PERSONAL CARE,1.25,,,2.0,,,1.0,,,131875.0,,,131875.0,,,4.0,,
436307,TRESEMME SHP KRTN SMTH900ML(OL),3211 - SHAMPOO,PERSONAL CARE,1.2,,,2.5,,,1.25,,,146400.0,,,183000.0,,,4.0,,
439996,TRESEMME SHP SCLP CARE850ML(OL),3211 - SHAMPOO,PERSONAL CARE,1.55,,,5.5,,,1.1,,,185145.0,,,203660.0,,,10.0,,
447644,WONDERLUX SHP H.FALL 250ML(OL),3211 - SHAMPOO,PERSONAL CARE,1.0,,,0.5,,,1.0,,,90000.0,,,90000.0,,,1.0,,
447647,WONDERLUX SHP DENSFYNG250ML(OL),3211 - SHAMPOO,PERSONAL CARE,1.0,,,0.5,,,1.0,,,90000.0,,,90000.0,,,1.0,,
122621,ZINC SHP CLEAN ACTIVE 170ML,3211 - SHAMPOO,PERSONAL CARE,1.06,1.27,0.1981,26.0,10.0,-0.6154,1.13,1.15,0.0177,27033.0,32427.0,0.1995,30547.0,37291.0,0.2208,46.0,26.0,-0.4348
122622,ZINC SHP REFRESHING COOL 170ML,3211 - SHAMPOO,PERSONAL CARE,1.08,1.22,0.1296,80.5,22.67,-0.7184,1.06,1.08,0.0189,27615.0,31163.0,0.1285,29272.0,33656.0,0.1498,152.0,63.0,-0.5855
320391,ZINC SHP MEN ACTIVE COOL 170ML,3211 - SHAMPOO,PERSONAL CARE,1.11,1.0,-0.0991,27.5,14.0,-0.4909,1.04,1.0,-0.0385,28304.0,25581.0,-0.0962,29436.0,25581.0,-0.131,53.0,42.0,-0.2075
320392,ZINC SHP REFRESHING COOL 340ML,3211 - SHAMPOO,PERSONAL CARE,1.04,1.03,-0.0096,36.0,19.67,-0.4536,1.09,1.07,-0.0183,45104.0,44815.0,-0.0064,49163.0,47952.0,-0.0246,66.0,55.0,-0.1667
321829,ZINC SHP HAIRFALL TRT 340ML(OL),3211 - SHAMPOO,PERSONAL CARE,1.0,,,2.5,,,1.0,,,41600.0,,,41600.0,,,5.0,,
321831,ZINC SHP SOFTCARE 340ML (OL),3211 - SHAMPOO,PERSONAL CARE,1.0,,,1.0,,,1.0,,,41000.0,,,41000.0,,,2.0,,
424884,ZINC SHP LEMON 170ML,3211 - SHAMPOO,PERSONAL CARE,1.1,1.1,0.0,31.5,13.33,-0.5768,1.05,1.05,0.0,27929.0,28050.0,0.0043,29325.0,29452.0,0.0043,60.0,38.0,-0.3667
425933,ZINC SHP HIJAB MWR&ZAITUN 170ML,3211 - SHAMPOO,PERSONAL CARE,1.03,1.08,0.0485,33.0,16.33,-0.5052,1.05,1.07,0.019,26273.0,27582.0,0.0498,27587.0,29513.0,0.0698,63.0,46.0,-0.2698
433280,ZINC SHP LEMON 340ML,3211 - SHAMPOO,PERSONAL CARE,1.0,1.05,0.05,27.0,18.33,-0.3211,1.1,1.1,0.0,43300.0,45700.0,0.0554,47630.0,50270.0,0.0554,49.0,50.0,0.0204
442231,ZINC SHP REFRSHNG COOL680ML(OL),3211 - SHAMPOO,PERSONAL CARE,1.17,,,6.0,,,1.0,,,72192.0,,,72192.0,,,12.0,,
446097,ZINC SHP COOL BOOSTER 170ML,3211 - SHAMPOO,PERSONAL CARE,1.04,1.01,-0.0288,35.5,22.33,-0.371,1.06,1.03,-0.0283,26617.0,26673.0,0.0021,28214.0,27473.0,-0.0263,67.0,65.0,-0.0299
434242,CBD COND COLOR SHIELD 250ML(OL),3213 - CONDITIONER,PERSONAL CARE,1.0,,,1.0,,,1.0,,,38200.0,,,38200.0,,,2.0,,
435533,CBD COND KERATIN PRO 250ML (HP),3213 - CONDITIONER,PERSONAL CARE,1.33,,,1.5,,,1.0,,,48500.0,,,48500.0,,,3.0,,
438421,CBD COLAGEN RPAIR COND250ML(OL),3213 - CONDITIONER,PERSONAL CARE,1.0,,,0.5,,,1.0,,,40000.0,,,40000.0,,,1.0,,
448493,CBD BIO+PEP COND 250ML(OL),3213 - CONDITIONER,PERSONAL CARE,1.0,,,1.0,,,1.0,,,44000.0,,,44000.0,,,2.0,,
320061,DOVE COND H.FALL TREATMENT160ML,3213 - CONDITIONER,PERSONAL CARE,1.0,,,7.5,,,1.07,,,30067.0,,,32172.0,,,14.0,,
320137,DOVE COND RAMBUT RUSAK320ML(OL),3213 - CONDITIONER,PERSONAL CARE,1.0,,,0.5,,,1.0,,,70200.0,,,70200.0,,,1.0,,
320140,DOVE COND RBT RONTOK 320ML(OL),3213 - CONDITIONER,PERSONAL CARE,1.0,,,1.0,,,1.0,,,71450.0,,,71450.0,,,2.0,,
435487,LOREAL COND HYALURON 280ML(OL),3213 - CONDITIONER,PERSONAL CARE,1.25,,,2.0,,,1.0,,,101350.0,,,101350.0,,,4.0,,
448032,LOREAL COND REHYDRAT 265ML(OL),3213 - CONDITIONER,PERSONAL CARE,1.0,,,0.5,,,1.0,,,79000.0,,,79000.0,,,1.0,,
451891,LOREAL COND GLYCOLIC GLOSS 175M,3213 - CONDITIONER,PERSONAL CARE,,1.06,,,5.67,,,1.21,,,37188.0,,,44997.0,,,14.0,
440186,MIRANDA COND KERATIN 200ML(OL),3213 - CONDITIONER,PERSONAL CARE,1.0,,,0.5,,,1.0,,,31900.0,,,31900.0,,,1.0,,
320087,NATUR COND GIN 165ML (DD)(OL),3213 - CONDITIONER,PERSONAL CARE,1.0,,,1.5,,,1.0,,,31500.0,,,31500.0,,,3.0,,
122157,PANTENE COND RAMBUT RNTK 160ML,3213 - CONDITIONER,PERSONAL CARE,1.1,1.05,-0.0455,49.0,13.0,-0.7347,1.08,1.18,0.0926,34940.0,33379.0,-0.0447,37735.0,39387.0,0.0438,91.0,33.0,-0.6374
144353,PANTENE COND HALUS&LEMBUT 160ML,3213 - CONDITIONER,PERSONAL CARE,1.06,1.12,0.0566,23.5,5.33,-0.7732,1.09,1.0,-0.0826,33723.0,35712.0,0.059,36758.0,35712.0,-0.0285,43.0,16.0,-0.6279
413231,PANTENE COND PERFEC+ON 40ML,3213 - CONDITIONER,PERSONAL CARE,1.41,1.25,-0.1135,52.5,4.0,-0.9238,1.44,1.09,-0.2431,25794.0,22875.0,-0.1132,37143.0,24934.0,-0.3287,73.0,11.0,-0.8493
428675,PANTENE COND BIOTIN STRENGT70ML,3213 - CONDITIONER,PERSONAL CARE,1.05,1.0,-0.0476,67.5,6.33,-0.9062,1.14,1.12,-0.0175,20932.0,21900.0,0.0462,23862.0,24528.0,0.0279,118.0,17.0,-0.8559
428676,PANTENE COND COLLGEN REPAIR70ML,3213 - CONDITIONER,PERSONAL CARE,1.08,1.0,-0.0741,73.0,10.67,-0.8538,1.19,1.07,-0.1008,21399.0,21900.0,0.0234,25465.0,23433.0,-0.0798,123.0,30.0,-0.7561
428817,PANTENE COND MRC BIOTIN 150ML,3213 - CONDITIONER,PERSONAL CARE,1.02,1.03,0.0098,23.5,10.67,-0.546,1.04,1.28,0.2308,36664.0,42209.0,0.1512,38131.0,54028.0,0.4169,45.0,25.0,-0.4444
428818,PANTENE COND MRC COLLAGEN 150ML,3213 - CONDITIONER,PERSONAL CARE,,1.0,,,7.0,,,1.17,,,40900.0,,,47853.0,,,18.0,
431566,PANTENE COND KERATIN GLOW 70ML,3213 - CONDITIONER,PERSONAL CARE,,1.1,,,7.0,,,1.0,,,24019.0,,,24019.0,,,21.0,
434228,PANTENE COND BIOTIN ST300ML(OL),3213 - CONDITIONER,PERSONAL CARE,1.0,,,1.5,,,1.5,,,61567.0,,,92350.0,,,2.0,,
444343,PANTENE COND COLLAGEN 300ML(OL),3213 - CONDITIONER,PERSONAL CARE,1.5,,,2.0,,,1.0,,,91825.0,,,91825.0,,,4.0,,
144380,REJOICE CND RICH SOFT SMTH150ML,3213 - CONDITIONER,PERSONAL CARE,1.16,1.11,-0.0431,82.5,25.33,-0.693,1.16,1.13,-0.0259,34339.0,32605.0,-0.0505,39833.0,36844.0,-0.075,142.0,67.0,-0.5282
400454,SUNSILK COND SOFT&SMOOTH 160ML,3213 - CONDITIONER,PERSONAL CARE,1.08,,,38.0,,,1.06,,,34734.0,,,36818.0,,,72.0,,
452006,SUNSILK COND SILKY SMOOTH 160ML,3213 - CONDITIONER,PERSONAL CARE,,1.12,,,5.67,,,1.0,,,40006.0,,,40006.0,,,17.0,
412771,TRESEMME COND KERATIN SMT 170ML,3213 - CONDITIONER,PERSONAL CARE,1.08,1.07,-0.0093,12.0,4.67,-0.6108,1.04,1.08,0.0385,48967.0,51679.0,0.0554,50926.0,55813.0,0.096,23.0,13.0,-0.4348
448489,CBD BIO+PEP HAIR TONIC100ML(OL),3214 - HAIR TONIC,PERSONAL CARE,1.0,,,0.5,,,1.0,,,51000.0,,,51000.0,,,1.0,,
321114,MAKARIZO TONIC H.FALL 145ML(OL),3214 - HAIR TONIC,PERSONAL CARE,1.0,,,1.0,,,1.0,,,59000.0,,,59000.0,,,2.0,,
429377,MAKARIZO HAIR TONIK 65ML,3214 - HAIR TONIC,PERSONAL CARE,1.0,1.0,0.0,10.0,5.67,-0.433,1.0,1.06,0.06,34865.0,34929.0,0.0018,34865.0,37025.0,0.062,20.0,16.0,-0.2
10885,MR HAIR OIL 175ML,3214 - HAIR TONIC,PERSONAL CARE,1.0,,,5.5,,,1.0,,,46336.0,,,46336.0,,,11.0,,
10886,MR HAIR TONIC 175ML,3214 - HAIR TONIC,PERSONAL CARE,1.0,1.0,0.0,7.5,3.33,-0.556,1.07,1.0,-0.0654,38393.0,43910.0,0.1437,41081.0,43910.0,0.0689,14.0,10.0,-0.2857
213032,NATUR HAIR TONIK GINSENG 90ML,3214 - HAIR TONIC,PERSONAL CARE,1.0,,,1.5,,,1.0,,,35000.0,,,35000.0,,,3.0,,
11125,RHC HAIR TONIC 220ML (OL),3214 - HAIR TONIC,PERSONAL CARE,1.0,,,0.5,,,1.0,,,79000.0,,,79000.0,,,1.0,,
407921,BELLAGIO POMADE TML ELEGANCE80G,3215 - HAIR STYLING,PERSONAL CARE,1.0,1.0,0.0,5.0,2.0,-0.6,1.0,1.0,0.0,31000.0,31150.0,0.0048,31000.0,31150.0,0.0048,10.0,6.0,-0.4
412482,BELLAGIO POMADE MODERN LUXE 80G,3215 - HAIR STYLING,PERSONAL CARE,1.0,1.0,0.0,6.0,6.33,0.055,1.2,1.06,-0.1167,31317.0,31005.0,-0.01,37580.0,32865.0,-0.1255,10.0,18.0,0.8
432076,BELLAGIO STYLING CLAY MGHOLD90G,3215 - HAIR STYLING,PERSONAL CARE,1.0,1.17,0.17,2.5,4.0,0.6,1.0,1.09,0.09,37940.0,44508.0,0.1731,37940.0,48514.0,0.2787,5.0,11.0,1.2
101464,GATSBY WAX POWER&SPIKES 75G,3215 - HAIR STYLING,PERSONAL CARE,1.0,1.07,0.07,7.0,5.0,-0.2857,1.08,1.07,-0.0093,24807.0,26533.0,0.0696,26792.0,28390.0,0.0596,13.0,14.0,0.0769
112168,GATSBY WG HYPER SOLID 75G,3215 - HAIR STYLING,PERSONAL CARE,1.0,1.02,0.02,23.5,15.67,-0.3332,1.07,1.21,0.1308,13179.0,13585.0,0.0308,14102.0,16438.0,0.1657,44.0,39.0,-0.1136
114113,GATSBY WG HYPER SOLID 150G,3215 - HAIR STYLING,PERSONAL CARE,1.0,1.07,0.07,9.0,9.0,0.0,1.0,1.08,0.08,22517.0,24763.0,0.0997,22517.0,26744.0,0.1877,18.0,25.0,0.3889
320449,GATSBY STYL POMADE S.GREASE 75G,3215 - HAIR STYLING,PERSONAL CARE,1.0,1.0,0.0,11.5,8.0,-0.3043,1.05,1.14,0.0857,36548.0,37025.0,0.0131,38375.0,42208.0,0.0999,22.0,21.0,-0.0455
407851,GATSBY STYL POMADE URBAN DRY75G,3215 - HAIR STYLING,PERSONAL CARE,1.0,,,3.0,,,1.0,,,36450.0,,,36450.0,,,6.0,,
407852,GATSBY STYL POMADE PERFECT 75G,3215 - HAIR STYLING,PERSONAL CARE,1.0,1.0,0.0,6.0,4.33,-0.2783,1.0,1.0,0.0,36642.0,36908.0,0.0073,36642.0,36908.0,0.0073,12.0,13.0,0.0833
426347,GATSBY SPRAY POMADE 150ML,3215 - HAIR STYLING,PERSONAL CARE,1.0,1.0,0.0,4.0,2.67,-0.3325,1.14,1.0,-0.1228,36638.0,36500.0,-0.0038,41767.0,36500.0,-0.1261,7.0,8.0,0.1429
434313,GATSBY POWDER CLAY UNB SMTH 20G,3215 - HAIR STYLING,PERSONAL CARE,1.0,1.0,0.0,4.0,4.0,0.0,1.0,1.0,0.0,49900.0,50033.0,0.0027,49900.0,50033.0,0.0027,8.0,12.0,0.5
437624,GATSBY STYL BALM POMADE 75G,3215 - HAIR STYLING,PERSONAL CARE,1.0,1.0,0.0,3.5,0.33,-0.9057,1.0,1.0,0.0,35114.0,32100.0,-0.0858,35114.0,32100.0,-0.0858,7.0,1.0,-0.8571
437625,GATSBY STYL BALM CREAM 75G,3215 - HAIR STYLING,PERSONAL CARE,1.0,1.0,0.0,3.0,3.67,0.2233,1.0,1.0,0.0,34750.0,36673.0,0.0553,34750.0,36673.0,0.0553,6.0,11.0,0.8333
437626,GATSBY STYL BALM CLAY 75G,3215 - HAIR STYLING,PERSONAL CARE,1.0,1.0,0.0,4.5,2.67,-0.4067,1.0,1.33,0.33,34311.0,36787.0,0.0722,34311.0,48927.0,0.426,9.0,6.0,-0.3333
445030,GATSBY FIBER POMADE 80G,3215 - HAIR STYLING,PERSONAL CARE,1.0,1.0,0.0,7.0,6.0,-0.1429,1.08,1.06,-0.0185,37479.0,37056.0,-0.0113,40477.0,39279.0,-0.0296,13.0,17.0,0.3077
445031,GATSBY FIBER CLAY 80G,3215 - HAIR STYLING,PERSONAL CARE,1.0,1.06,0.06,5.0,5.33,0.066,1.0,1.23,0.23,37530.0,39369.0,0.049,37530.0,48424.0,0.2903,10.0,13.0,0.3
50282,GATSBY HT NORMAL 125G,3215 - HAIR STYLING,PERSONAL CARE,1.04,1.0,-0.0385,13.0,11.67,-0.1023,1.08,1.13,0.0463,17892.0,17757.0,-0.0075,19323.0,20065.0,0.0384,24.0,31.0,0.2917
446821,KAHF POMADE SLEEK CLASSY 70G,3215 - HAIR STYLING,PERSONAL CARE,1.0,1.0,0.0,5.0,5.67,0.134,1.0,1.06,0.06,44500.0,45212.0,0.016,44500.0,47925.0,0.077,10.0,16.0,0.6
446822,KAHF POMADE MATTE DAPPER 70G,3215 - HAIR STYLING,PERSONAL CARE,1.0,,,3.5,,,1.17,,,44500.0,,,52065.0,,,6.0,,
432544,MORRIS POMADE PRM GINSENG 80G,3215 - HAIR STYLING,PERSONAL CARE,1.0,1.0,0.0,6.5,3.67,-0.4354,1.0,1.0,0.0,36931.0,37127.0,0.0053,36931.0,37127.0,0.0053,13.0,11.0,-0.1538
450241,MORRIS FIBER POMADE EXT HOLD80G,3215 - HAIR STYLING,PERSONAL CARE,1.0,1.0,0.0,0.5,3.0,5.0,1.0,1.0,0.0,39500.0,39500.0,0.0,39500.0,39500.0,0.0,1.0,9.0,8.0
407831,SHANTOS ROMEO POMADE STY 75G,3215 - HAIR STYLING,PERSONAL CARE,1.0,1.0,0.0,3.5,1.67,-0.5229,1.17,1.25,0.0684,35557.0,35880.0,0.0091,41602.0,44850.0,0.0781,6.0,4.0,-0.3333
433601,TRESEMME DRY TEXT SPRAY141G(OL),3215 - HAIR STYLING,PERSONAL CARE,1.0,,,1.0,,,1.0,,,150000.0,,,150000.0,,,2.0,,
321413,CULTUSIA HC BLACK 25ML,3216 - HAIR COLOUR,PERSONAL CARE,1.53,1.45,-0.0523,9.5,6.67,-0.2979,1.19,1.25,0.0504,19279.0,18270.0,-0.0523,22942.0,22838.0,-0.0045,16.0,16.0,0.0
444358,EXCELLO HC BLEACHING 2X20ML,3216 - HAIR COLOUR,PERSONAL CARE,1.18,,,5.5,,,1.1,,,13591.0,,,14950.0,,,10.0,,
444359,EXCELLO HC GOLDEN BROWN 2X20ML,3216 - HAIR COLOUR,PERSONAL CARE,1.23,1.26,0.0244,6.5,9.0,0.3846,1.18,1.08,-0.0847,14269.0,13993.0,-0.0193,16837.0,15112.0,-0.1025,11.0,25.0,1.2727
416373,FELICE SHP COLOR BLACK 30ML,3216 - HAIR COLOUR,PERSONAL CARE,1.17,1.0,-0.1453,3.0,0.67,-0.7767,1.0,2.0,1.0,11667.0,10500.0,-0.1,11667.0,21000.0,0.7999,6.0,1.0,-0.8333
410249,GARNIER HC 1.0 HITAM SCH20G,3216 - HAIR COLOUR,PERSONAL CARE,1.27,1.35,0.063,29.5,13.33,-0.5481,1.07,1.14,0.0654,28256.0,30668.0,0.0854,30234.0,34962.0,0.1564,55.0,35.0,-0.3636
415505,GARNIER HC 7.3 BRWN SCH 30G,3216 - HAIR COLOUR,PERSONAL CARE,1.49,1.22,-0.1812,42.0,12.0,-0.7143,1.12,1.03,-0.0804,33061.0,27825.0,-0.1584,37028.0,28660.0,-0.226,75.0,35.0,-0.5333
418296,GARNIER HC CANBERRY RED30ML+30G,3216 - HAIR COLOUR,PERSONAL CARE,1.44,1.2,-0.1667,26.0,8.33,-0.6796,1.02,1.0,-0.0196,32054.0,27300.0,-0.1483,32695.0,27300.0,-0.165,51.0,25.0,-0.5098
419635,GARNIER HC CRM RICH20ML+20G,3216 - HAIR COLOUR,PERSONAL CARE,1.58,1.24,-0.2152,42.5,13.67,-0.6784,1.04,1.05,0.0096,35068.0,28315.0,-0.1926,36471.0,29731.0,-0.1848,82.0,39.0,-0.5244
421597,GARNIER HC COKLAT 5.32 55ML(OL),3216 - HAIR COLOUR,PERSONAL CARE,1.0,,,0.5,,,1.0,,,60500.0,,,60500.0,,,1.0,,
424828,GARNIER HC DRK BWN 20ML+20G,3216 - HAIR COLOUR,PERSONAL CARE,1.35,1.18,-0.1259,37.0,15.0,-0.5946,1.03,1.07,0.0388,30041.0,26793.0,-0.1081,30942.0,28669.0,-0.0735,72.0,42.0,-0.4167
424931,GARNIER SHP COLOR HITAM1.0 20ML,3216 - HAIR COLOUR,PERSONAL CARE,1.21,1.12,-0.0744,14.0,5.33,-0.6193,1.04,1.14,0.0962,25500.0,23956.0,-0.0605,26520.0,27310.0,0.0298,27.0,14.0,-0.4815
425578,GARNIER SHP COLOR BROWN3.0 20ML,3216 - HAIR COLOUR,PERSONAL CARE,1.1,1.13,0.0273,10.5,7.67,-0.2695,1.05,1.21,0.1524,23000.0,23804.0,0.035,24150.0,28803.0,0.1927,20.0,19.0,-0.05
432618,GARNIER HC ASH BLND SCH30ML+30G,3216 - HAIR COLOUR,PERSONAL CARE,1.45,1.32,-0.0897,37.0,12.67,-0.6576,1.07,1.03,-0.0374,32108.0,29953.0,-0.0671,34356.0,30852.0,-0.102,69.0,37.0,-0.4638
433310,GARNIER HC BLUE SCH 30ML+30G,3216 - HAIR COLOUR,PERSONAL CARE,1.07,1.12,0.0467,20.5,8.0,-0.6098,1.02,1.04,0.0196,23837.0,25612.0,0.0745,24314.0,26636.0,0.0955,40.0,23.0,-0.425
444356,GARNIER HC RDNT BLBERY 30ML+30G,3216 - HAIR COLOUR,PERSONAL CARE,1.21,1.07,-0.1157,12.0,5.0,-0.5833,1.0,1.0,0.0,27063.0,24240.0,-0.1043,27063.0,24240.0,-0.1043,24.0,15.0,-0.375
444357,GARNIER HC COOL ASH 30ML+30G,3216 - HAIR COLOUR,PERSONAL CARE,1.4,1.08,-0.2286,12.5,4.33,-0.6536,1.14,1.08,-0.0526,31276.0,24608.0,-0.2132,35655.0,26577.0,-0.2546,22.0,12.0,-0.4545
447089,MAKARIZO HAIR COLOR BLACK 26ML,3216 - HAIR COLOUR,PERSONAL CARE,1.58,1.0,-0.3671,6.0,1.33,-0.7783,1.0,1.0,0.0,18342.0,11700.0,-0.3621,18342.0,11700.0,-0.3621,12.0,4.0,-0.6667
447090,MAKARIZO HAIR COLOR LIGHT BROWN,3216 - HAIR COLOUR,PERSONAL CARE,2.25,1.56,-0.3067,20.0,9.0,-0.55,1.0,1.04,0.04,26138.0,18615.0,-0.2878,26138.0,19360.0,-0.2593,40.0,26.0,-0.35
262420,MIRANDA HC BLEACHING 30ML,3216 - HAIR COLOUR,PERSONAL CARE,1.25,1.18,-0.056,8.0,5.67,-0.2912,1.0,1.06,0.06,21375.0,21671.0,0.0138,21375.0,22971.0,0.0747,16.0,16.0,0.0
262421,MIRANDA HC NAT BLACK 30ML,3216 - HAIR COLOUR,PERSONAL CARE,1.07,1.0,-0.0654,7.5,9.33,0.244,1.0,1.08,0.08,18947.0,18025.0,-0.0487,18947.0,19467.0,0.0274,15.0,26.0,0.7333
407670,MIRANDA HC ASH BLONDE 30ML,3216 - HAIR COLOUR,PERSONAL CARE,1.18,1.14,-0.0339,5.5,2.33,-0.5764,1.0,1.0,0.0,21200.0,21714.0,0.0242,21200.0,21714.0,0.0242,11.0,7.0,-0.3636
425836,MIRANDA HC SUPER DECLR 30ML,3216 - HAIR COLOUR,PERSONAL CARE,1.31,1.09,-0.1679,6.5,3.67,-0.4354,1.08,1.0,-0.0741,23477.0,20218.0,-0.1388,25355.0,20218.0,-0.2026,12.0,11.0,-0.0833
444023,MIRANDA HC SMOKEY ASH 30ML+30G,3216 - HAIR COLOUR,PERSONAL CARE,1.19,1.25,0.0504,8.0,2.67,-0.6662,1.0,1.0,0.0,21288.0,22850.0,0.0734,21288.0,22850.0,0.0734,16.0,8.0,-0.5
411103,NONI MAGIC SHP H.C BLACK 2X20ML,3216 - HAIR COLOUR,PERSONAL CARE,1.27,1.14,-0.1024,7.5,4.67,-0.3773,1.15,1.27,0.1043,32860.0,30000.0,-0.087,37789.0,38100.0,0.0082,13.0,11.0,-0.1538
402335,NYU HC NATURAL BROWN 30ML,3216 - HAIR COLOUR,PERSONAL CARE,1.17,1.05,-0.1026,14.5,7.0,-0.5172,1.0,1.05,0.05,22976.0,21338.0,-0.0713,22976.0,22405.0,-0.0249,29.0,20.0,-0.3103
425658,NYU SHP COLOR BROWN 20ML,3216 - HAIR COLOUR,PERSONAL CARE,1.31,1.28,-0.0229,39.0,17.67,-0.5469,1.08,1.29,0.1944,16869.0,17472.0,0.0357,18219.0,22539.0,0.2371,72.0,41.0,-0.4306
425676,NYU SHP COLOR BLACK 20ML,3216 - HAIR COLOUR,PERSONAL CARE,1.18,1.14,-0.0339,41.5,18.67,-0.5501,1.15,1.12,-0.0261,15231.0,15536.0,0.02,17516.0,17400.0,-0.0066,72.0,50.0,-0.3056
446210,NYU HC BLACK 2X30ML,3216 - HAIR COLOUR,PERSONAL CARE,1.08,1.08,0.0,6.0,4.33,-0.2783,1.0,1.0,0.0,29942.0,29992.0,0.0017,29942.0,29992.0,0.0017,12.0,13.0,0.0833
447476,SASHA HAIR BLEACHING 30G,3216 - HAIR COLOUR,PERSONAL CARE,1.0,2.0,1.0,0.5,0.67,0.34,1.0,1.0,0.0,16900.0,28400.0,0.6805,16900.0,28400.0,0.6805,1.0,2.0,1.0
449790,SASHA H.C GOLDEN BLONDE 30G,3216 - HAIR COLOUR,PERSONAL CARE,1.25,,,2.0,,,1.0,,,19375.0,,,19375.0,,,4.0,,
10983,TANCHO HC TREAT HAIR DYE 40ML,3216 - HAIR COLOUR,PERSONAL CARE,1.06,1.0,-0.0566,8.5,5.33,-0.3729,1.0,1.0,0.0,25018.0,23900.0,-0.0447,25018.0,23900.0,-0.0447,17.0,16.0,-0.0588
436204,CBD KERATIN PRO HAIR MASK 30+5G,3217 - HAIR MASK,PERSONAL CARE,1.32,1.21,-0.0833,47.5,15.67,-0.6701,1.16,1.24,0.069,13140.0,12481.0,-0.0502,15242.0,15476.0,0.0154,82.0,38.0,-0.5366
446132,CBD HAIR MSK KRTIN PRO250ML(OL),3217 - HAIR MASK,PERSONAL CARE,1.0,,,1.5,,,1.0,,,55200.0,,,55200.0,,,3.0,,
446133,CBD HAIRMSK CLR SHIELD250ML(OL),3217 - HAIR MASK,PERSONAL CARE,1.0,,,0.5,,,1.0,,,52000.0,,,52000.0,,,1.0,,
446514,CBD H.MASK COLLAGEN REPAIR30+5G,3217 - HAIR MASK,PERSONAL CARE,,1.5,,,5.33,,,1.07,,,16406.0,,,17554.0,,,15.0,
448492,CBD BIO+PEP HAIR MASK 500G(OL),3217 - HAIR MASK,PERSONAL CARE,1.0,,,1.0,,,1.0,,,94650.0,,,94650.0,,,2.0,,
321463,ELLIPS H.MASK HAIR REPAIR 18G,3217 - HAIR MASK,PERSONAL CARE,1.19,,,13.5,,,1.08,,,11463.0,,,12380.0,,,25.0,,
110225,MAKARIZO HAIR REPAIR 45ML,3217 - HAIR MASK,PERSONAL CARE,1.0,,,6.5,,,1.0,,,16223.0,,,16223.0,,,13.0,,
400918,MAKARIZO H.C RY JLY 500ML (OL),3217 - HAIR MASK,PERSONAL CARE,1.0,,,1.0,,,1.0,,,85000.0,,,85000.0,,,2.0,,
400919,MAKARIZO H.C ALOE&MLN 500G (OL),3217 - HAIR MASK,PERSONAL CARE,1.0,,,1.0,,,1.0,,,85000.0,,,85000.0,,,2.0,,
406241,MAKARIZO HE ROYAL JELLY 30ML,3217 - HAIR MASK,PERSONAL CARE,1.3,1.23,-0.0538,72.5,17.33,-0.761,1.14,1.06,-0.0702,11344.0,11608.0,0.0233,12932.0,12304.0,-0.0486,127.0,49.0,-0.6142
406242,MAKARIZO HE ALOE&MELON 30ML,3217 - HAIR MASK,PERSONAL CARE,1.37,1.4,0.0219,64.5,17.67,-0.726,1.19,1.23,0.0336,12062.0,13123.0,0.088,14354.0,16141.0,0.1245,108.0,43.0,-0.6019
411973,MAKARIZO HC EASY SRGHT MED120ML,3217 - HAIR MASK,PERSONAL CARE,1.0,1.0,0.0,8.5,2.0,-0.7647,1.06,1.0,-0.0566,38071.0,39717.0,0.0432,40355.0,39717.0,-0.0158,16.0,6.0,-0.625
432694,MAKARIZO H.C GINGSENG 500ML(OL),3217 - HAIR MASK,PERSONAL CARE,1.0,,,0.5,,,1.0,,,85000.0,,,85000.0,,,1.0,,
452366,MAKARIZO HAIR MASK 30ML,3217 - HAIR MASK,PERSONAL CARE,,2.0,,,2.0,,,1.0,,,24400.0,,,24400.0,,,6.0,
466067,SUNSILK H.CRMBTH SILKY SMTH 30G,3217 - HAIR MASK,PERSONAL CARE,1.27,1.39,0.0945,15.0,12.0,-0.2,1.11,1.09,-0.018,11273.0,12361.0,0.0965,12513.0,13473.0,0.0767,27.0,33.0,0.2222
433598,TRESEMME HAIRMASK KRTN180ML(OL),3217 - HAIR MASK,PERSONAL CARE,1.0,,,1.0,,,1.0,,,92750.0,,,92750.0,,,2.0,,
465886,TRESEMME KERATIN SMTH MASK30G,3217 - HAIR MASK,PERSONAL CARE,,1.44,,,16.67,,,1.16,,,14256.0,,,16537.0,,,43.0,
431965,CBD H.VIT KERATIN PRO100ML (OL),3218 - HAIR VITAMIN,PERSONAL CARE,1.0,,,0.5,,,1.0,,,50900.0,,,50900.0,,,1.0,,
438422,CBD COLAGEN REPAIR SRM100ML(OL),3218 - HAIR VITAMIN,PERSONAL CARE,1.0,,,0.5,,,1.0,,,59000.0,,,59000.0,,,1.0,,
101998,ELLIPS H.VIT HAIR TREATMENT 6S,3218 - HAIR VITAMIN,PERSONAL CARE,1.12,1.07,-0.0446,12.5,4.67,-0.6264,1.14,1.08,-0.0526,18936.0,18543.0,-0.0208,21587.0,20026.0,-0.0723,22.0,13.0,-0.4091
111953,ELLIPS H.VIT SHINY BLACK 6S,3218 - HAIR VITAMIN,PERSONAL CARE,1.12,1.39,0.2411,8.0,7.67,-0.0413,1.0,1.28,0.28,19206.0,24122.0,0.256,19206.0,30876.0,0.6076,16.0,18.0,0.125
263581,ELLIPS H.VIT NUTRI COLOUR 6S,3218 - HAIR VITAMIN,PERSONAL CARE,1.08,1.05,-0.0278,6.0,6.33,0.055,1.09,1.06,-0.0275,18017.0,18063.0,0.0026,19639.0,19147.0,-0.0251,11.0,18.0,0.6364
320405,ELLIPS H.VIT HAIR REPAIR 6S,3218 - HAIR VITAMIN,PERSONAL CARE,1.14,1.08,-0.0526,18.5,13.33,-0.2795,1.09,1.08,-0.0092,19227.0,18445.0,-0.0407,20957.0,19921.0,-0.0494,34.0,37.0,0.0882
320416,ELLIPS H.VIT SMOOTH&SILKY 6S,3218 - HAIR VITAMIN,PERSONAL CARE,1.09,1.04,-0.0459,27.5,8.0,-0.7091,1.1,1.04,-0.0545,18513.0,18037.0,-0.0257,20364.0,18758.0,-0.0789,50.0,23.0,-0.54
434308,ELLIPS HAIR MIST FRSH&SMT 100ML,3218 - HAIR VITAMIN,PERSONAL CARE,1.0,1.0,0.0,11.5,4.0,-0.6522,1.0,1.0,0.0,30965.0,31092.0,0.0041,30965.0,31092.0,0.0041,23.0,12.0,-0.4783
434318,ELLIPS VR KRTN REP (OL),3218 - HAIR VITAMIN,PERSONAL CARE,1.0,,,0.5,,,1.0,,,90000.0,,,90000.0,,,1.0,,
436911,ELLIPS HAIR MIST SW&SL100ML,3218 - HAIR VITAMIN,PERSONAL CARE,1.0,1.0,0.0,5.5,3.33,-0.3945,1.0,1.0,0.0,30500.0,30890.0,0.0128,30500.0,30890.0,0.0128,11.0,10.0,-0.0909
451150,ELLIPS H.VIT HAIR REPAIR 15S,3218 - HAIR VITAMIN,PERSONAL CARE,,1.18,,,3.67,,,1.0,,,40864.0,,,40864.0,,,11.0,
415213,EMERON H.VIT SOFT & SMOOTH 6S,3218 - HAIR VITAMIN,PERSONAL CARE,1.1,1.2,0.0909,73.0,13.67,-0.8127,1.24,1.14,-0.0806,12030.0,13027.0,0.0829,14917.0,14851.0,-0.0044,118.0,36.0,-0.6949
415214,EMERON H.VIT DAMAGE CARE 6S,3218 - HAIR VITAMIN,PERSONAL CARE,1.08,1.19,0.1019,13.0,10.33,-0.2054,1.04,1.11,0.0673,11738.0,13010.0,0.1084,12208.0,14441.0,0.1829,25.0,28.0,0.12
432301,EMERON H.VIT CLEAN& FRESH 6S,3218 - HAIR VITAMIN,PERSONAL CARE,1.0,,,9.0,,,1.0,,,8633.0,,,8633.0,,,18.0,,
448011,HAIR ENERGY H.PERF GRS100ML(OL),3218 - HAIR VITAMIN,PERSONAL CARE,1.0,,,0.5,,,1.0,,,43000.0,,,43000.0,,,1.0,,
128693,LOREAL HAI OIL EXTRA 100ML(OL),3218 - HAIR VITAMIN,PERSONAL CARE,1.0,,,0.5,,,1.0,,,161100.0,,,161100.0,,,1.0,,
434808,LLOREAL HAI OIL EXTRA30ML(OL),3218 - HAIR VITAMIN,PERSONAL CARE,1.0,,,3.0,,,1.0,,,55317.0,,,55317.0,,,6.0,,
435488,LOREAL HAIR CREAM ELS HYA 150ML,3218 - HAIR VITAMIN,PERSONAL CARE,1.0,,,1.0,,,1.0,,,65900.0,,,65900.0,,,2.0,,
452220,LOREAL EXTRAORDINARY OIL 30ML,3218 - HAIR VITAMIN,PERSONAL CARE,,1.0,,,0.33,,,1.0,,,59500.0,,,59500.0,,,1.0,
320377,MAKARIZO H.R ADV VITMAX50ML(OL),3218 - HAIR VITAMIN,PERSONAL CARE,1.0,,,0.5,,,1.0,,,49900.0,,,49900.0,,,1.0,,
321286,MAKARIZO HE SCENT MORNING100ML,3218 - HAIR VITAMIN,PERSONAL CARE,1.0,1.0,0.0,8.0,8.0,0.0,1.0,1.0,0.0,31794.0,31683.0,-0.0035,31794.0,31683.0,-0.0035,16.0,24.0,0.5
321287,MAKARIZO HE SCENT CHERRY 100ML,3218 - HAIR VITAMIN,PERSONAL CARE,1.0,1.0,0.0,2.5,3.33,0.332,1.0,1.0,0.0,31440.0,32170.0,0.0232,31440.0,32170.0,0.0232,5.0,10.0,1.0
400917,MAKARIZO H.E FRGN OCN 100ML(OL),3218 - HAIR VITAMIN,PERSONAL CARE,1.0,,,0.5,,,1.0,,,25900.0,,,25900.0,,,1.0,,
405203,MAKARIZO HE SCENT W.MUSK 100ML,3218 - HAIR VITAMIN,PERSONAL CARE,1.0,1.05,0.05,10.0,7.0,-0.3,1.05,1.0,-0.0476,31865.0,33343.0,0.0464,33458.0,33343.0,-0.0034,19.0,21.0,0.1053
423525,MAKARIZO H.SERUM ALOE MELON 6S,3218 - HAIR VITAMIN,PERSONAL CARE,1.11,1.05,-0.0541,28.5,7.33,-0.7428,1.14,1.05,-0.0789,15560.0,15445.0,-0.0074,17738.0,16217.0,-0.0857,50.0,21.0,-0.58
423527,MAKARIZO H.SERUM ROYAL JELLY 6S,3218 - HAIR VITAMIN,PERSONAL CARE,1.07,1.13,0.0561,44.5,10.0,-0.7753,1.19,1.07,-0.1008,14998.0,16617.0,0.1079,17848.0,17780.0,-0.0038,75.0,28.0,-0.6267
438521,MAKARIZO HE SCENT AMBERWD 100ML,3218 - HAIR VITAMIN,PERSONAL CARE,1.0,1.03,0.03,8.5,11.0,0.2941,1.0,1.0,0.0,31265.0,32664.0,0.0447,31265.0,32664.0,0.0447,17.0,33.0,0.9412
427388,ONYX HAIR SERUM 65ML,3218 - HAIR VITAMIN,PERSONAL CARE,1.0,1.1,0.1,9.5,3.33,-0.6495,1.0,1.11,0.11,47500.0,52800.0,0.1116,47500.0,58608.0,0.2339,19.0,9.0,-0.5263
444853,ONYX H.VIT GORGEOUS RED 120ML,3218 - HAIR VITAMIN,PERSONAL CARE,1.0,2.0,1.0,6.5,0.33,-0.9492,1.0,1.0,0.0,27038.0,53800.0,0.9898,27038.0,53800.0,0.9898,13.0,1.0,-0.9231
438798,PINKBERRY H&B MIST SPRING 100ML,3218 - HAIR VITAMIN,PERSONAL CARE,1.0,1.0,0.0,0.5,0.33,-0.34,1.0,1.0,0.0,26900.0,26900.0,0.0,26900.0,26900.0,0.0,1.0,1.0,0.0
438799,PINKBERRY H&B MIST ROSE 100ML,3218 - HAIR VITAMIN,PERSONAL CARE,1.0,1.0,0.0,2.5,1.0,-0.6,1.0,1.0,0.0,26900.0,27800.0,0.0335,26900.0,27800.0,0.0335,5.0,3.0,-0.4
438800,PINKBERRY H&B MIST EVN TEA100ML,3218 - HAIR VITAMIN,PERSONAL CARE,1.0,1.05,0.05,5.5,6.33,0.1509,1.1,1.06,-0.0364,26809.0,28658.0,0.069,29490.0,30377.0,0.0301,10.0,18.0,0.8
445874,SUNSILK H.PARFUME MULTIVIT 100M,3218 - HAIR VITAMIN,PERSONAL CARE,1.0,1.1,0.1,16.5,3.33,-0.7982,1.0,1.0,0.0,36200.0,47060.0,0.3,36200.0,47060.0,0.3,33.0,10.0,-0.697
448564,SUNSILK H.PARFUME SILKY 100ML,3218 - HAIR VITAMIN,PERSONAL CARE,1.0,1.0,0.0,10.5,2.67,-0.7457,1.05,1.0,-0.0476,36200.0,36300.0,0.0028,38010.0,36300.0,-0.045,20.0,8.0,-0.6
443420,TRESEMME BON RPAIR SRM100ML(OL),3218 - HAIR VITAMIN,PERSONAL CARE,1.0,,,1.0,,,1.0,,,160000.0,,,160000.0,,,2.0,,
447643,WONDERLUX HLD SCALP SRM75ML(OL),3218 - HAIR VITAMIN,PERSONAL CARE,1.0,,,0.5,,,1.0,,,169200.0,,,169200.0,,,1.0,,
435260,ASEPSO B.SOAP ANTISEPTIC 3X80G,3221 - BAR SOAP,PERSONAL CARE,1.0,,,3.5,,,1.0,,,29200.0,,,29200.0,,,7.0,,
8926,ASEPSO B.SOAP ANTISEPTIC 80G,3221 - BAR SOAP,PERSONAL CARE,1.08,1.3,0.2037,36.0,12.33,-0.6575,1.06,1.09,0.0283,13544.0,16138.0,0.1915,14357.0,17590.0,0.2252,68.0,34.0,-0.5
143094,BEE BRAND SOAP WOOD 80G (OL),3221 - BAR SOAP,PERSONAL CARE,1.5,,,1.0,,,1.0,,,11250.0,,,11250.0,,,2.0,,
320340,BEE BRAND SOAP WOOD SVN125G(OL),3221 - BAR SOAP,PERSONAL CARE,2.0,,,1.5,,,1.0,,,22000.0,,,22000.0,,,3.0,,
111986,DETTOL B.SOAP COOL 3X60G,3221 - BAR SOAP,PERSONAL CARE,1.0,,,2.0,,,1.33,,,15350.0,,,20416.0,,,3.0,,
232443,DETTOL B.SOAP COOL 105G,3221 - BAR SOAP,PERSONAL CARE,1.5,1.44,-0.04,20.0,18.0,-0.1,1.08,1.15,0.0648,15615.0,14594.0,-0.0654,16864.0,16783.0,-0.0048,37.0,47.0,0.2703
321082,DETTOL B.SOAP LAST FRS105G,3221 - BAR SOAP,PERSONAL CARE,1.15,1.24,0.0783,17.0,17.0,0.0,1.06,1.11,0.0472,12047.0,12500.0,0.0376,12770.0,13875.0,0.0865,32.0,46.0,0.4375
321876,DETTOL B.SOAP ENRGZ 3X105G,3221 - BAR SOAP,PERSONAL CARE,1.03,1.05,0.0194,16.0,6.67,-0.5831,1.07,1.0,-0.0654,28141.0,28015.0,-0.0045,30111.0,28015.0,-0.0696,30.0,20.0,-0.3333
407616,DETTOL B.SOAP LST FRS3X105G,3221 - BAR SOAP,PERSONAL CARE,1.0,1.0,0.0,19.5,8.33,-0.5728,1.22,1.04,-0.1475,27233.0,26736.0,-0.0182,33224.0,27805.0,-0.1631,32.0,24.0,-0.25
452424,DETTOL B.SOAP SKINCARE 3X100G,3221 - BAR SOAP,PERSONAL CARE,,1.0,,,1.67,,,1.0,,,26740.0,,,26740.0,,,5.0,
414940,GIV B.SOAP BENGKOANG&YOG 3X110G,3221 - BAR SOAP,PERSONAL CARE,1.14,1.21,0.0614,103.5,23.33,-0.7746,1.11,1.13,0.018,15357.0,15761.0,0.0263,17046.0,17810.0,0.0448,187.0,62.0,-0.6684
415827,GIV B.SOAP DAMASK ROSE 3X100G,3221 - BAR SOAP,PERSONAL CARE,1.05,1.12,0.0667,64.0,25.33,-0.6042,1.1,1.07,-0.0273,14133.0,14396.0,0.0186,15546.0,15404.0,-0.0091,116.0,71.0,-0.3879
191142,HARMONY B.SOAP ORANGE 70G,3221 - BAR SOAP,PERSONAL CARE,1.65,1.52,-0.0788,116.5,56.33,-0.5165,1.23,1.23,0.0,5587.0,5650.0,0.0113,6872.0,6950.0,0.0114,189.0,137.0,-0.2751
198808,HARMONY B.SOAP GRAPE 70G,3221 - BAR SOAP,PERSONAL CARE,1.55,1.48,-0.0452,155.0,67.0,-0.5677,1.11,1.18,0.0631,5203.0,5483.0,0.0538,5775.0,6470.0,0.1203,280.0,171.0,-0.3893
117683,JF B.SOAP DERMAMED CLEANSER 90G,3221 - BAR SOAP,PERSONAL CARE,1.4,1.27,-0.0929,15.0,12.33,-0.178,1.2,1.42,0.1833,26567.0,23827.0,-0.1031,31880.0,33834.0,0.0613,25.0,26.0,0.04
8915,JF ANTI ACNE CARE CLNSR 90G,3221 - BAR SOAP,PERSONAL CARE,1.07,1.0,-0.0654,7.5,5.0,-0.3333,1.15,1.15,0.0,20167.0,19767.0,-0.0198,23192.0,22732.0,-0.0198,13.0,13.0,0.0
321319,LIFEBUOY B.SOAP MILD CARE4X110G,3221 - BAR SOAP,PERSONAL CARE,1.1,1.03,-0.0636,15.0,10.67,-0.2887,1.11,1.14,0.027,27143.0,25050.0,-0.0771,30129.0,28557.0,-0.0522,27.0,28.0,0.037
321320,LIFEBUOY B.SOAP TOTAL 10 4X110G,3221 - BAR SOAP,PERSONAL CARE,1.03,1.09,0.0583,18.5,15.67,-0.153,1.12,1.31,0.1696,25508.0,25955.0,0.0175,28569.0,34001.0,0.1901,33.0,36.0,0.0909
321447,LIFEBUOY B.SOAP MILD CARE 4X60G,3221 - BAR SOAP,PERSONAL CARE,1.08,1.04,-0.037,30.5,9.0,-0.7049,1.13,1.04,-0.0796,19472.0,18126.0,-0.0691,22003.0,18851.0,-0.1433,54.0,26.0,-0.5185
321449,LIFEBUOY B.SOAP TOTAL 10 4X60G,3221 - BAR SOAP,PERSONAL CARE,1.08,1.0,-0.0741,31.0,12.0,-0.6129,1.02,1.03,0.0098,19368.0,17553.0,-0.0937,19755.0,18080.0,-0.0848,61.0,35.0,-0.4262
321450,LIFEBUOY B.SOAP TOTAL 10 110G,3221 - BAR SOAP,PERSONAL CARE,1.43,1.08,-0.2448,34.5,12.0,-0.6522,1.01,1.03,0.0198,11477.0,8811.0,-0.2323,11592.0,9075.0,-0.2171,68.0,35.0,-0.4853
404855,LIFEBUOY B.SOAP LEMON FRS4X110G,3221 - BAR SOAP,PERSONAL CARE,1.02,1.03,0.0098,20.0,11.0,-0.45,1.11,1.1,-0.009,25628.0,24697.0,-0.0363,28447.0,27167.0,-0.045,36.0,30.0,-0.1667
448506,LIFEBUOY B.SOAP TOTAL LMTD 100G,3221 - BAR SOAP,PERSONAL CARE,1.29,1.0,-0.2248,17.0,1.0,-0.9412,1.03,1.0,-0.0291,10232.0,5033.0,-0.5081,10539.0,5033.0,-0.5224,33.0,3.0,-0.9091
408488,LUX B.SOAP S.TCH 3X100/110G,3221 - BAR SOAP,PERSONAL CARE,,1.05,,,13.67,,,1.05,,,19107.0,,,20062.0,,,39.0,
408488,LUX B.SOAP SOFT TOUCH 3X110G,3221 - BAR SOAP,PERSONAL CARE,1.03,,,18.5,,,1.03,,,19308.0,,,19887.0,,,36.0,,
442366,LUX B.SOAP MAGICAL ORCHID3X100G,3221 - BAR SOAP,PERSONAL CARE,1.0,,,7.5,,,1.0,,,13413.0,,,13413.0,,,15.0,,
425790,NUVO B.SOAP PROTECT 4X100G,3221 - BAR SOAP,PERSONAL CARE,1.12,1.01,-0.0982,25.0,22.33,-0.1068,1.04,1.14,0.0962,22352.0,19299.0,-0.1366,23246.0,22001.0,-0.0536,48.0,59.0,0.2292
441698,NUVO FAMILY B.SOAP KUNING4X100G,3221 - BAR SOAP,PERSONAL CARE,1.05,1.04,-0.0095,46.0,18.67,-0.5941,1.07,1.06,-0.0093,21001.0,19746.0,-0.0598,22471.0,20931.0,-0.0685,86.0,53.0,-0.3837
444882,NUVO B.SOAP COOL 4X100G,3221 - BAR SOAP,PERSONAL CARE,1.08,1.06,-0.0185,37.0,15.67,-0.5765,1.01,1.07,0.0594,21716.0,20294.0,-0.0655,21933.0,21715.0,-0.0099,73.0,44.0,-0.3973
448027,NUVO B.SOAP BIRU 4X100GR,3221 - BAR SOAP,PERSONAL CARE,,1.04,,,17.67,,,1.02,,,19621.0,,,20013.0,,,52.0,
62414,OILUM B.SOAP HYDRA CARE 85G,3221 - BAR SOAP,PERSONAL CARE,1.0,,,1.5,,,1.0,,,26500.0,,,26500.0,,,3.0,,
110855,SHINZU'I B.SOAP MYORI 80G,3221 - BAR SOAP,PERSONAL CARE,1.08,1.1,0.0185,19.0,17.33,-0.0879,1.03,1.06,0.0291,7489.0,7073.0,-0.0555,7714.0,7497.0,-0.0281,37.0,49.0,0.3243
215748,SHINZU'I B.SOAP MATSU 80G,3221 - BAR SOAP,PERSONAL CARE,1.15,1.14,-0.0087,31.0,19.0,-0.3871,1.03,1.12,0.0874,7239.0,7340.0,0.014,7456.0,8221.0,0.1026,60.0,51.0,-0.15
224598,SHINZU'I B.SOAP KIREI 80G,3221 - BAR SOAP,PERSONAL CARE,1.22,1.1,-0.0984,55.0,22.67,-0.5878,1.09,1.21,0.1101,7749.0,7238.0,-0.0659,8446.0,8758.0,0.0369,101.0,56.0,-0.4455
421301,SHINZU'I B.SOAP KIREI 3X100G,3221 - BAR SOAP,PERSONAL CARE,1.02,1.06,0.0392,43.5,10.67,-0.7547,1.07,1.03,-0.0374,20511.0,20697.0,0.0091,21947.0,21318.0,-0.0287,81.0,31.0,-0.6173
425801,SHINZU'I B.SOAP MATSU 3X100G,3221 - BAR SOAP,PERSONAL CARE,1.0,1.03,0.03,23.0,11.67,-0.4926,1.18,1.06,-0.1017,19411.0,19931.0,0.0268,22905.0,21127.0,-0.0776,39.0,33.0,-0.1538
450965,SHINZU'I B.SOAP SAKURA 3X100G,3221 - BAR SOAP,PERSONAL CARE,,1.0,,,14.33,,,1.05,,,19256.0,,,20219.0,,,41.0,
421719,ZEN B.SOAP SHI&SDLWD 4X60G,3221 - BAR SOAP,PERSONAL CARE,1.11,1.09,-0.018,65.0,21.67,-0.6666,1.12,1.03,-0.0804,17157.0,16931.0,-0.0132,19216.0,17439.0,-0.0925,116.0,63.0,-0.4569
435040,ZEN B.SOAP SHISO&TEA TREE 4X60G,3221 - BAR SOAP,PERSONAL CARE,1.1,1.06,-0.0364,21.0,12.0,-0.4286,1.02,1.03,0.0098,16998.0,16361.0,-0.0375,17338.0,16852.0,-0.028,41.0,35.0,-0.1463
446440,ZEN B.SOAP SHI&JUNIPER 4X60G,3221 - BAR SOAP,PERSONAL CARE,1.05,1.1,0.0476,46.5,16.0,-0.6559,1.08,1.07,-0.0093,16351.0,17129.0,0.0476,17659.0,18328.0,0.0379,86.0,45.0,-0.4767
437370,AVEENO BW STHING&CLMNG354ML(OL),3222 - BEAUTY LIQUID SOAP,PERSONAL CARE,1.0,,,0.5,,,1.0,,,159900.0,,,159900.0,,,1.0,,
10209,BIORE BW PURE MILD 400ML,3222 - BEAUTY LIQUID SOAP,PERSONAL CARE,,1.41,,,11.33,,,1.1,,,36644.0,,,40308.0,,,31.0,
10209,BIORE BW PURE MILD REFF 400ML,3222 - BEAUTY LIQUID SOAP,PERSONAL CARE,1.1,,,25.5,,,1.02,,,28796.0,,,29372.0,,,50.0,,
102555,BIORE BW RELAXING ARM BTL 100ML,3222 - BEAUTY LIQUID SOAP,PERSONAL CARE,1.01,1.0,-0.0099,44.0,18.67,-0.5757,1.01,1.04,0.0297,14315.0,14639.0,0.0226,14458.0,15225.0,0.0531,87.0,54.0,-0.3793
116255,BIORE BW RELAXING AROMATIC400ML,3222 - BEAUTY LIQUID SOAP,PERSONAL CARE,1.08,1.34,0.2407,45.0,17.67,-0.6073,1.07,1.08,0.0093,28299.0,34715.0,0.2267,30280.0,37492.0,0.2382,84.0,49.0,-0.4167
116256,BIORE BW BRIGHT SCRUB 400ML,3222 - BEAUTY LIQUID SOAP,PERSONAL CARE,1.28,1.48,0.1562,32.0,9.0,-0.7188,1.1,1.12,0.0182,33467.0,38307.0,0.1446,36814.0,42904.0,0.1654,58.0,24.0,-0.5862
406804,BIORE BW BRIGHT SAKURA 400ML,3222 - BEAUTY LIQUID SOAP,PERSONAL CARE,1.15,1.32,0.1478,33.0,7.33,-0.7779,1.03,1.1,0.068,30217.0,34236.0,0.133,31124.0,37660.0,0.21,64.0,20.0,-0.6875
425577,BIORE BW FLORAL SPA 400ML,3222 - BEAUTY LIQUID SOAP,PERSONAL CARE,1.09,1.33,0.2202,17.0,11.0,-0.3529,1.0,1.06,0.06,28447.0,34576.0,0.2155,28447.0,36651.0,0.2884,34.0,31.0,-0.0882
443849,BIORE BW RELAXING AROMATIC725ML,3222 - BEAUTY LIQUID SOAP,PERSONAL CARE,1.05,1.06,0.0095,20.5,16.33,-0.2034,1.05,1.09,0.0381,45993.0,46480.0,0.0106,48293.0,50663.0,0.0491,39.0,45.0,0.1538
447496,BIORE BW REJUVTNG PUMP550ML(OL),3222 - BEAUTY LIQUID SOAP,PERSONAL CARE,1.0,,,0.5,,,1.0,,,76900.0,,,76900.0,,,1.0,,
450795,BIORE BW PURE MILD 725ML,3222 - BEAUTY LIQUID SOAP,PERSONAL CARE,,1.23,,,16.0,,,1.07,,,53819.0,,,57586.0,,,45.0,
124655,DOVE BW MOISTURE REFF400ML,3222 - BEAUTY LIQUID SOAP,PERSONAL CARE,1.17,1.0,-0.1453,20.5,9.0,-0.561,1.11,1.12,0.009,41163.0,34952.0,-0.1509,45691.0,39146.0,-0.1432,37.0,24.0,-0.3514
128840,DOVE BW NRSHG PUMP550ML(FS)(OL),3222 - BEAUTY LIQUID SOAP,PERSONAL CARE,1.0,,,2.5,,,1.0,,,72100.0,,,72100.0,,,5.0,,
428702,DOVE BW NOURISH REF 850ML(OL),3222 - BEAUTY LIQUID SOAP,PERSONAL CARE,1.31,,,8.0,,,1.14,,,72319.0,,,82444.0,,,14.0,,
432112,DOVE BW DEEPLY NOURISH 1L (OL),3222 - BEAUTY LIQUID SOAP,PERSONAL CARE,3.44,,,4.5,,,1.12,,,371467.0,,,416043.0,,,8.0,,
448505,DOVE BW PAMPERING 400ML,3222 - BEAUTY LIQUID SOAP,PERSONAL CARE,1.08,1.0,-0.0741,12.0,9.0,-0.25,1.0,1.12,0.12,37817.0,34919.0,-0.0766,37817.0,39109.0,0.0342,24.0,24.0,0.0
448677,DOVE BW SENSITIVE PCH 400ML(OL),3222 - BEAUTY LIQUID SOAP,PERSONAL CARE,1.43,,,3.5,,,1.0,,,45029.0,,,45029.0,,,7.0,,
442123,EARTH LOVE LIFE BW STF250ML(OL),3222 - BEAUTY LIQUID SOAP,PERSONAL CARE,1.0,,,0.5,,,1.0,,,65000.0,,,65000.0,,,1.0,,
425740,FRES&NAT BW MID CRET 400ML,3222 - BEAUTY LIQUID SOAP,PERSONAL CARE,1.2,1.06,-0.1167,63.5,5.67,-0.9107,1.08,1.0,-0.0741,26060.0,21176.0,-0.1874,28145.0,21176.0,-0.2476,118.0,17.0,-0.8559
428135,FRES&NAT BW CUPCAKE 400ML,3222 - BEAUTY LIQUID SOAP,PERSONAL CARE,1.27,1.18,-0.0709,95.5,28.33,-0.7034,1.11,1.06,-0.045,27594.0,23551.0,-0.1465,30629.0,24964.0,-0.185,172.0,80.0,-0.5349
428136,FRES&NAT BW BERY MACARON 400ML,3222 - BEAUTY LIQUID SOAP,PERSONAL CARE,1.19,1.16,-0.0252,119.5,28.33,-0.7629,1.14,1.04,-0.0877,25950.0,23324.0,-0.1012,29583.0,24257.0,-0.18,209.0,82.0,-0.6077
443635,FRES&NAT BW BT21 LOVE YSLF400ML,3222 - BEAUTY LIQUID SOAP,PERSONAL CARE,1.36,1.18,-0.1324,67.5,34.33,-0.4914,1.1,1.13,0.0273,29681.0,23710.0,-0.2012,32649.0,26792.0,-0.1794,123.0,91.0,-0.2602
444028,FRES&NAT BW BT21 YELOW400ML(OL),3222 - BEAUTY LIQUID SOAP,PERSONAL CARE,1.67,,,4.5,,,1.12,,,36011.0,,,40332.0,,,8.0,,
320831,GIV WHITE BW BENGKOANG400ML(OL),3222 - BEAUTY LIQUID SOAP,PERSONAL CARE,1.43,1.0,-0.3007,3.5,0.33,-0.9057,1.0,1.0,0.0,30714.0,19700.0,-0.3586,30714.0,19700.0,-0.3586,7.0,1.0,-0.8571
320832,GIV BW G.WHT MLB&COLAGEN 400ML,3222 - BEAUTY LIQUID SOAP,PERSONAL CARE,1.17,1.17,0.0,172.0,43.33,-0.7481,1.08,1.15,0.0648,25503.0,23463.0,-0.08,27543.0,26982.0,-0.0204,320.0,113.0,-0.6469
419147,GIV BW WHITE SAKURA 400ML,3222 - BEAUTY LIQUID SOAP,PERSONAL CARE,1.2,1.22,0.0167,128.0,36.67,-0.7135,1.08,1.09,0.0093,26158.0,24403.0,-0.0671,28251.0,26599.0,-0.0585,236.0,101.0,-0.572
422284,GIV BW HIJAB TIN&ZAITUN 400ML,3222 - BEAUTY LIQUID SOAP,PERSONAL CARE,1.11,1.12,0.009,41.5,18.67,-0.5501,1.08,1.06,-0.0185,24164.0,22536.0,-0.0674,26097.0,23888.0,-0.0846,77.0,53.0,-0.3117
430783,GIV BW SHAFRON REFF 400ML,3222 - BEAUTY LIQUID SOAP,PERSONAL CARE,1.17,1.28,0.094,71.5,21.67,-0.6969,1.08,1.1,0.0185,25606.0,25563.0,-0.0017,27654.0,28119.0,0.0168,132.0,59.0,-0.553
432935,GIV BW PASSION FLOWER 825ML,3222 - BEAUTY LIQUID SOAP,PERSONAL CARE,1.07,1.01,-0.0561,36.5,23.0,-0.3699,1.09,1.15,0.055,43693.0,42722.0,-0.0222,47625.0,49130.0,0.0316,67.0,60.0,-0.1045
432936,GIV BW MBRY&CLGN 800/825ML(OL),3222 - BEAUTY LIQUID SOAP,PERSONAL CARE,1.52,,,14.5,,,1.07,,,62362.0,,,66727.0,,,27.0,,
447092,GIV BW HIJAB OUD&GLTCNMD 400ML,3222 - BEAUTY LIQUID SOAP,PERSONAL CARE,1.14,1.13,-0.0088,132.0,31.33,-0.7627,1.14,1.15,0.0088,24894.0,22635.0,-0.0907,28379.0,26030.0,-0.0828,231.0,82.0,-0.645
449353,GIV BW WHITE SAKURA 825ML,3222 - BEAUTY LIQUID SOAP,PERSONAL CARE,,1.05,,,18.67,,,1.06,,,44552.0,,,47225.0,,,53.0,
449983,GIV BW GOATS MILK 400ML,3222 - BEAUTY LIQUID SOAP,PERSONAL CARE,1.13,1.2,0.0619,7.5,43.33,4.7773,1.0,1.11,0.11,25107.0,24015.0,-0.0435,25107.0,26657.0,0.0617,15.0,117.0,6.8
436625,GLOW&LOVELY BW MVIT 400ML,3222 - BEAUTY LIQUID SOAP,PERSONAL CARE,1.08,,,13.0,,,1.04,,,21712.0,,,22580.0,,,25.0,,
437065,GLOW&LOVELY BW REF825ML(OL),3222 - BEAUTY LIQUID SOAP,PERSONAL CARE,1.4,,,5.0,,,1.43,,,56630.0,,,80981.0,,,7.0,,
438214,GLOW&LOVELY BW PUMP550ML(OL),3222 - BEAUTY LIQUID SOAP,PERSONAL CARE,1.0,,,3.5,,,1.0,,,43071.0,,,43071.0,,,7.0,,
445608,GLOW&LOVELY BW SCRUB 400ML,3222 - BEAUTY LIQUID SOAP,PERSONAL CARE,1.07,,,13.5,,,1.12,,,24037.0,,,26921.0,,,24.0,,
438125,GRACE&GLOW BW OPIUM 400ML(OL),3222 - BEAUTY LIQUID SOAP,PERSONAL CARE,1.0,,,0.5,,,1.0,,,55000.0,,,55000.0,,,1.0,,
425437,K NAT BW WH MGNOLIA BW 400ML,3222 - BEAUTY LIQUID SOAP,PERSONAL CARE,1.14,1.11,-0.0263,165.0,24.0,-0.8545,1.07,1.11,0.0374,26625.0,25917.0,-0.0266,28489.0,28768.0,0.0098,307.0,65.0,-0.7883
425438,K NAT BW WH COTTON BW 400ML,3222 - BEAUTY LIQUID SOAP,PERSONAL CARE,1.19,1.11,-0.0672,86.0,21.0,-0.7558,1.04,1.02,-0.0192,27776.0,25905.0,-0.0674,28887.0,26423.0,-0.0853,166.0,62.0,-0.6265
425439,K NAT WH BW ALOE VERA 400ML(OL),3222 - BEAUTY LIQUID SOAP,PERSONAL CARE,1.17,,,3.0,,,1.0,,,27317.0,,,27317.0,,,6.0,,
438656,K NAT WH BW JEJU LEMON400ML(OL),3222 - BEAUTY LIQUID SOAP,PERSONAL CARE,1.77,,,6.5,,,1.3,,,40131.0,,,52170.0,,,10.0,,
445440,K NAT BW WH MAGNOLIA 500ML(OL),3222 - BEAUTY LIQUID SOAP,PERSONAL CARE,1.0,,,2.5,,,1.0,,,35400.0,,,35400.0,,,5.0,,
445450,K NAT WH BW CTN FLOWR 500ML(OL),3222 - BEAUTY LIQUID SOAP,PERSONAL CARE,1.0,,,1.5,,,1.0,,,37333.0,,,37333.0,,,3.0,,
445451,K NAT WH BW ALOE VERA 500ML(OL),3222 - BEAUTY LIQUID SOAP,PERSONAL CARE,1.0,,,1.0,,,1.0,,,35000.0,,,35000.0,,,2.0,,
117701,LERVIA BW MILK&HONEY BTL 250ML,3222 - BEAUTY LIQUID SOAP,PERSONAL CARE,1.0,1.0,0.0,26.5,6.67,-0.7483,1.04,1.05,0.0096,23979.0,23970.0,-0.0004,24938.0,25168.0,0.0092,51.0,19.0,-0.6275
320001,LERVIA BW MILK&AVOCADO BTL250ML,3222 - BEAUTY LIQUID SOAP,PERSONAL CARE,1.0,1.0,0.0,29.0,5.0,-0.8276,1.09,1.0,-0.0826,24003.0,23967.0,-0.0015,26163.0,23967.0,-0.0839,53.0,15.0,-0.717
411574,LERVIA BW MILK&AVOCADO REF400ML,3222 - BEAUTY LIQUID SOAP,PERSONAL CARE,1.16,1.12,-0.0345,63.0,39.33,-0.3757,1.1,1.15,0.0455,29214.0,28208.0,-0.0344,32135.0,32439.0,0.0095,115.0,103.0,-0.1043
424943,LERVIA BW MILK REF 400ML,3222 - BEAUTY LIQUID SOAP,PERSONAL CARE,1.16,1.24,0.069,53.5,27.33,-0.4892,1.11,1.14,0.027,29209.0,31357.0,0.0735,32422.0,35747.0,0.1026,96.0,72.0,-0.25
128492,LUX BW SOFT ROSE BTL 100ML,3222 - BEAUTY LIQUID SOAP,PERSONAL CARE,1.0,,,16.0,,,1.03,,,18266.0,,,18814.0,,,31.0,,
128495,LUX BW SOFT ROSE REF 380G/450ML,3222 - BEAUTY LIQUID SOAP,PERSONAL CARE,,1.26,,,12.67,,,1.19,,,32255.0,,,38383.0,,,32.0,
128495,LUX BW SOFT ROSE REF 450ML,3222 - BEAUTY LIQUID SOAP,PERSONAL CARE,1.11,,,26.5,,,1.15,,,30764.0,,,35379.0,,,46.0,,
128511,LUX BW MAGICAL ORCHID 400/450ML,3222 - BEAUTY LIQUID SOAP,PERSONAL CARE,1.16,,,12.5,,,1.09,,,31960.0,,,34836.0,,,23.0,,
128511,LUX BW MAGICAL ORCHID380G/400ML,3222 - BEAUTY LIQUID SOAP,PERSONAL CARE,,1.0,,,11.67,,,1.09,,,25583.0,,,27885.0,,,32.0,
128556,LUX BW VELVET JASM REF400/450ML,3222 - BEAUTY LIQUID SOAP,PERSONAL CARE,1.0,,,60.5,,,1.13,,,27736.0,,,31342.0,,,107.0,,
407147,LUX BW SAKURA BLOM REF400ML(OL),3222 - BEAUTY LIQUID SOAP,PERSONAL CARE,1.62,,,4.0,,,1.0,,,42275.0,,,42275.0,,,8.0,,
424360,LUX BW SOFT ROSE PCH 825ML (OL),3222 - BEAUTY LIQUID SOAP,PERSONAL CARE,1.2,,,5.0,,,1.11,,,56830.0,,,63081.0,,,9.0,,
425789,LUX BW SAKURA BLOOM 800G/800ML,3222 - BEAUTY LIQUID SOAP,PERSONAL CARE,,1.06,,,11.0,,,1.14,,,51964.0,,,59239.0,,,29.0,
425794,LUX BW MAGICAL ORCHD 800G/850ML,3222 - BEAUTY LIQUID SOAP,PERSONAL CARE,,1.1,,,9.67,,,1.16,,,54041.0,,,62688.0,,,25.0,
425794,LUX BW MAGICAL ORCHID REF850ML,3222 - BEAUTY LIQUID SOAP,PERSONAL CARE,1.21,,,19.5,,,1.08,,,58931.0,,,63645.0,,,36.0,,
428703,LUX BW VELVET JSMN 825ML (OL),3222 - BEAUTY LIQUID SOAP,PERSONAL CARE,1.15,,,6.5,,,1.62,,,54808.0,,,88789.0,,,8.0,,
433254,LUX BW HIJAB ZAITUN&MADU 400ML,3222 - BEAUTY LIQUID SOAP,PERSONAL CARE,1.12,,,8.0,,,1.23,,,29362.0,,,36115.0,,,13.0,,
435212,LUX BW BLUEBELL PCH 400ML(OL),3222 - BEAUTY LIQUID SOAP,PERSONAL CARE,1.25,,,2.0,,,1.0,,,33200.0,,,33200.0,,,4.0,,
452227,LUX BW SCIENCE FREESIA 360G,3222 - BEAUTY LIQUID SOAP,PERSONAL CARE,,1.0,,,4.0,,,1.0,,,29900.0,,,29900.0,,,12.0,
320644,MUTOUCH BW MULBERY REF800ML(OL),3222 - BEAUTY LIQUID SOAP,PERSONAL CARE,1.0,,,0.5,,,1.0,,,56000.0,,,56000.0,,,1.0,,
437002,NAEEM BW TAIFI ROSE 400G/400ML,3222 - BEAUTY LIQUID SOAP,PERSONAL CARE,,1.18,,,30.0,,,1.12,,,21480.0,,,24058.0,,,80.0,
437002,NAEEM BW TAIFI ROSE 400ML,3222 - BEAUTY LIQUID SOAP,PERSONAL CARE,1.1,,,67.5,,,1.11,,,27041.0,,,30016.0,,,122.0,,
437003,NAEEM BW MIDNIGHT GARDENIA400ML,3222 - BEAUTY LIQUID SOAP,PERSONAL CARE,1.06,,,44.5,,,1.03,,,25876.0,,,26652.0,,,86.0,,
438098,NAEEM BW JASMINE REF 400ML(OL),3222 - BEAUTY LIQUID SOAP,PERSONAL CARE,1.29,,,7.0,,,1.08,,,26879.0,,,29029.0,,,13.0,,
321306,PALMOLIVE BW SENSL PUM750ML(OL),3222 - BEAUTY LIQUID SOAP,PERSONAL CARE,1.0,,,0.5,,,1.0,,,83400.0,,,83400.0,,,1.0,,
401921,PALMOLIVE BW TONIC REF450ML(OL),3222 - BEAUTY LIQUID SOAP,PERSONAL CARE,1.0,,,1.5,,,1.0,,,36800.0,,,36800.0,,,3.0,,
415157,PALMOLIVE BW MLK&HNY 400ML (OL),3222 - BEAUTY LIQUID SOAP,PERSONAL CARE,2.67,,,1.5,,,1.0,,,89867.0,,,89867.0,,,3.0,,
446761,PALMOLIVE BW ORCHID PUMP 1L(OL),3222 - BEAUTY LIQUID SOAP,PERSONAL CARE,1.0,,,1.5,,,1.0,,,101967.0,,,101967.0,,,3.0,,
446762,PALMOLIVE BW HONEY PUMP 1L(OL),3222 - BEAUTY LIQUID SOAP,PERSONAL CARE,1.0,,,0.5,,,1.0,,,99900.0,,,99900.0,,,1.0,,
117707,SHINZU''I BW KIREI 380G/380ML,3222 - BEAUTY LIQUID SOAP,PERSONAL CARE,,1.9,,,30.33,,,1.26,,,52285.0,,,65879.0,,,72.0,
117707,SHINZU'I BW KIREI REF 380/400ML,3222 - BEAUTY LIQUID SOAP,PERSONAL CARE,1.69,,,69.5,,,1.26,,,46488.0,,,58575.0,,,110.0,,
143153,SHINZU''I BW MATSU 380G/380ML,3222 - BEAUTY LIQUID SOAP,PERSONAL CARE,,1.63,,,22.33,,,1.2,,,44846.0,,,53815.0,,,56.0,
143153,SHINZU'I BW MATSU REF 380/400ML,3222 - BEAUTY LIQUID SOAP,PERSONAL CARE,1.7,,,40.0,,,1.33,,,46839.0,,,62296.0,,,60.0,,
320874,SHINZU''I BW KIREI PM480G/480ML,3222 - BEAUTY LIQUID SOAP,PERSONAL CARE,,1.33,,,5.0,,,1.0,,,74493.0,,,74493.0,,,15.0,
320874,SHINZU'I BW KIREI PUMP480ML,3222 - BEAUTY LIQUID SOAP,PERSONAL CARE,1.0,,,6.0,,,1.0,,,55825.0,,,55825.0,,,12.0,,
320875,SHINZU''I BW SAKURA 380G/380ML,3222 - BEAUTY LIQUID SOAP,PERSONAL CARE,,1.89,,,28.0,,,1.17,,,52140.0,,,61004.0,,,72.0,
320875,SHINZU'I BW SAKURA REF 380ML,3222 - BEAUTY LIQUID SOAP,PERSONAL CARE,2.03,,,53.0,,,1.36,,,55843.0,,,75946.0,,,78.0,,
426561,SHINZU''I BW KIREI 725G/725ML,3222 - BEAUTY LIQUID SOAP,PERSONAL CARE,,1.06,,,11.33,,,1.06,,,49674.0,,,52654.0,,,32.0,
426561,SHINZU'I BW KIREI REF 725/800ML,3222 - BEAUTY LIQUID SOAP,PERSONAL CARE,1.04,,,14.0,,,1.08,,,48646.0,,,52538.0,,,26.0,,
441044,SHINZU'I BW MATSU REF725ML (OL),3222 - BEAUTY LIQUID SOAP,PERSONAL CARE,1.67,,,6.0,,,1.0,,,65950.0,,,65950.0,,,12.0,,
441152,SHINZU''I BW SAKURA 725G/725ML,3222 - BEAUTY LIQUID SOAP,PERSONAL CARE,,1.1,,,13.67,,,1.08,,,53763.0,,,58064.0,,,38.0,
441152,SHINZU'I BW SAKURA REFF725ML,3222 - BEAUTY LIQUID SOAP,PERSONAL CARE,1.13,,,15.0,,,1.03,,,53153.0,,,54748.0,,,29.0,,
444836,WHITE GARDEN SHW GOAT 900ML(OL),3222 - BEAUTY LIQUID SOAP,PERSONAL CARE,1.5,,,1.0,,,1.0,,,97500.0,,,97500.0,,,2.0,,
441266,ALFAMART BW ANTIBACT HJ 400ML,3223 - HEALTHY LIQUID SOAP,PERSONAL CARE,1.2,1.09,-0.0917,80.5,30.67,-0.619,1.09,1.1,0.0092,15693.0,13701.0,-0.1269,17105.0,15071.0,-0.1189,148.0,84.0,-0.4324
441267,ALFAMART BW ANTIBACT BR 400ML,3223 - HEALTHY LIQUID SOAP,PERSONAL CARE,1.11,1.12,0.009,92.5,32.33,-0.6505,1.11,1.1,-0.009,14050.0,14372.0,0.0229,15596.0,15809.0,0.0137,167.0,88.0,-0.4731
429115,BETADINE SKIN CLNSER 100ML (OL),3223 - HEALTHY LIQUID SOAP,PERSONAL CARE,1.5,,,1.0,,,1.0,,,64350.0,,,64350.0,,,2.0,,
105977,BIORE BW GUARD ANTI BACTRL400ML,3223 - HEALTHY LIQUID SOAP,PERSONAL CARE,1.23,,,20.0,,,1.21,,,30622.0,,,37053.0,,,33.0,,
116611,BIORE BW LIV REFRESH BTL 100ML,3223 - HEALTHY LIQUID SOAP,PERSONAL CARE,1.08,,,20.0,,,1.0,,,15575.0,,,15575.0,,,40.0,,
116611,BIORE BW REFRESH BTL 100ML,3223 - HEALTHY LIQUID SOAP,PERSONAL CARE,,1.02,,,16.33,,,1.02,,,14708.0,,,15002.0,,,48.0,
116613,BIORE BW GUARD REFRESH 400ML,3223 - HEALTHY LIQUID SOAP,PERSONAL CARE,1.13,1.13,0.0,39.0,10.33,-0.7351,1.11,1.07,-0.036,29527.0,31074.0,0.0524,32775.0,33249.0,0.0145,70.0,29.0,-0.5857
126299,BIORE BW GUARD E.COOL 400ML,3223 - HEALTHY LIQUID SOAP,PERSONAL CARE,1.17,1.17,0.0,21.0,8.0,-0.619,1.05,1.09,0.0381,30605.0,30246.0,-0.0117,32135.0,32968.0,0.0259,40.0,22.0,-0.45
433337,BIORE BF ENERGETIC 800ML (OL),3223 - HEALTHY LIQUID SOAP,PERSONAL CARE,1.2,,,2.5,,,1.0,,,47700.0,,,47700.0,,,5.0,,
433338,BIORE BW PURE MILD 800ML (OL),3223 - HEALTHY LIQUID SOAP,PERSONAL CARE,1.0,,,3.0,,,1.0,,,39900.0,,,39900.0,,,6.0,,
443006,BIORE BW GUARD DEO DELIMA 400ML,3223 - HEALTHY LIQUID SOAP,PERSONAL CARE,1.0,,,0.5,,,1.0,,,25700.0,,,25700.0,,,1.0,,
444714,BIORE BW GUARD LIVELY 725ML,3223 - HEALTHY LIQUID SOAP,PERSONAL CARE,1.21,1.08,-0.1074,30.5,21.33,-0.3007,1.05,1.16,0.1048,53256.0,47262.0,-0.1126,55919.0,54824.0,-0.0196,58.0,55.0,-0.0517
447493,BIORE BW PAMPERING PCH380ML(OL),3223 - HEALTHY LIQUID SOAP,PERSONAL CARE,1.0,,,1.5,,,1.0,,,34300.0,,,34300.0,,,3.0,,
114909,DETTOL BW ORIGINAL REF 370G,3223 - HEALTHY LIQUID SOAP,PERSONAL CARE,1.03,1.0,-0.0291,15.0,3.33,-0.778,1.15,1.0,-0.1304,34117.0,33270.0,-0.0248,39235.0,33270.0,-0.152,26.0,10.0,-0.6154
114910,DETTOL BW COOL REF 370G,3223 - HEALTHY LIQUID SOAP,PERSONAL CARE,1.14,1.1,-0.0351,24.5,7.0,-0.7143,1.09,1.24,0.1376,37671.0,36319.0,-0.0359,41061.0,45036.0,0.0968,45.0,17.0,-0.6222
165278,DETTOL LIQ ANTISEPTIC 95ML,3223 - HEALTHY LIQUID SOAP,PERSONAL CARE,1.02,1.08,0.0588,29.5,8.0,-0.7288,1.05,1.14,0.0857,33276.0,35742.0,0.0741,34940.0,40746.0,0.1662,56.0,21.0,-0.625
320888,DETTOL BW FRESH REF 370G,3223 - HEALTHY LIQUID SOAP,PERSONAL CARE,1.21,1.33,0.0992,21.0,5.0,-0.7619,1.17,1.15,-0.0171,40036.0,52653.0,0.3151,46842.0,60551.0,0.2927,36.0,13.0,-0.6389
434062,DETTOL BW AB FRESH 720G (OL),3223 - HEALTHY LIQUID SOAP,PERSONAL CARE,1.0,,,1.0,,,2.0,,,46400.0,,,92800.0,,,1.0,,
434063,DETTOL BW AB LS FRSH 720G(OL),3223 - HEALTHY LIQUID SOAP,PERSONAL CARE,1.88,,,4.0,,,1.14,,,89062.0,,,101531.0,,,7.0,,
442322,DETTOL BW ORI REF 720G (OL),3223 - HEALTHY LIQUID SOAP,PERSONAL CARE,1.0,,,5.5,,,1.1,,,47391.0,,,52130.0,,,10.0,,
446153,DETTOL BW FAMILY PROTECT 370ML,3223 - HEALTHY LIQUID SOAP,PERSONAL CARE,1.13,,,23.0,,,1.07,,,29957.0,,,32054.0,,,43.0,,
446157,DETTOL BW FRS 2X800G/2X720G(OL),3223 - HEALTHY LIQUID SOAP,PERSONAL CARE,1.0,,,1.0,,,1.0,,,76900.0,,,76900.0,,,2.0,,
5379,DETTOL LIQ ANTISEPTIC 245ML,3223 - HEALTHY LIQUID SOAP,PERSONAL CARE,1.0,1.0,0.0,6.5,3.33,-0.4877,1.0,1.0,0.0,78523.0,77900.0,-0.0079,78523.0,77900.0,-0.0079,13.0,10.0,-0.2308
802642,DETTOL BW FRS BTL 500G(OL),3223 - HEALTHY LIQUID SOAP,PERSONAL CARE,1.0,,,0.5,,,1.0,,,71000.0,,,71000.0,,,1.0,,
802643,DETTOL BW COL BTL 500G (OL),3223 - HEALTHY LIQUID SOAP,PERSONAL CARE,1.0,,,2.0,,,1.0,,,72000.0,,,72000.0,,,4.0,,
114456,LIFEBUOY BW MILD CARE BTL 100ML,3223 - HEALTHY LIQUID SOAP,PERSONAL CARE,1.0,,,8.0,,,1.0,,,18031.0,,,18031.0,,,16.0,,
114456,LIFEBUOY BW MILD CR BTL 100G/ML,3223 - HEALTHY LIQUID SOAP,PERSONAL CARE,,1.0,,,3.67,,,1.0,,,18218.0,,,18218.0,,,11.0,
114459,LIFEBUOY BW T.PROTECT BTL 100ML,3223 - HEALTHY LIQUID SOAP,PERSONAL CARE,1.07,,,21.5,,,1.0,,,19149.0,,,19149.0,,,43.0,,
114459,LIFEBUOY BW TOTAL10 BTL 100G/ML,3223 - HEALTHY LIQUID SOAP,PERSONAL CARE,,1.05,,,7.0,,,1.0,,,20829.0,,,20829.0,,,21.0,
119181,LIFEBUOY BW TOTAL 10 PUMP 500ML,3223 - HEALTHY LIQUID SOAP,PERSONAL CARE,1.0,1.0,0.0,3.5,1.67,-0.5229,1.0,1.0,0.0,59143.0,59800.0,0.0111,59143.0,59800.0,0.0111,7.0,5.0,-0.2857
119182,LIFEBUOY BW MLDCR 500ML (OL),3223 - HEALTHY LIQUID SOAP,PERSONAL CARE,1.0,,,2.0,,,1.0,,,50700.0,,,50700.0,,,4.0,,
122454,LIFEBUOY BW T.PRO REF 400ML,3223 - HEALTHY LIQUID SOAP,PERSONAL CARE,1.26,,,49.0,,,1.08,,,34515.0,,,37276.0,,,91.0,,
122454,LIFEBUOY BW TOTAL10 REF 400G/ML,3223 - HEALTHY LIQUID SOAP,PERSONAL CARE,,1.66,,,31.67,,,1.23,,,42200.0,,,51906.0,,,77.0,
122455,LIFEBUOY BW MILD CR REF 400G/ML,3223 - HEALTHY LIQUID SOAP,PERSONAL CARE,,1.79,,,25.33,,,1.21,,,45392.0,,,54924.0,,,63.0,
122455,LIFEBUOY BW MILD REF 400ML,3223 - HEALTHY LIQUID SOAP,PERSONAL CARE,1.3,,,31.5,,,1.09,,,35817.0,,,39041.0,,,58.0,,
126395,LIFEBUOY BW LEMON F REF 400G/ML,3223 - HEALTHY LIQUID SOAP,PERSONAL CARE,,1.64,,,34.67,,,1.16,,,42203.0,,,48955.0,,,90.0,
126395,LIFEBUOY BW LEMON REF 400ML,3223 - HEALTHY LIQUID SOAP,PERSONAL CARE,1.18,,,59.5,,,1.05,,,32592.0,,,34222.0,,,113.0,,
320858,LIFEBUOY BW COOL FR REF 400G/ML,3223 - HEALTHY LIQUID SOAP,PERSONAL CARE,,1.63,,,22.67,,,1.17,,,41409.0,,,48449.0,,,58.0,
320858,LIFEBUOY BW COOL REF 400ML,3223 - HEALTHY LIQUID SOAP,PERSONAL CARE,1.28,,,38.0,,,1.19,,,35192.0,,,41878.0,,,64.0,,
407293,LIFEBUOY BW MILD CR REF 800G/ML,3223 - HEALTHY LIQUID SOAP,PERSONAL CARE,,1.06,,,12.0,,,1.06,,,51669.0,,,54769.0,,,34.0,
407293,LIFEBUOY BW MILD REF800ML,3223 - HEALTHY LIQUID SOAP,PERSONAL CARE,1.33,,,12.0,,,1.0,,,64575.0,,,64575.0,,,24.0,,
407294,LIFEBUOY BW LEMON F REF 800G/ML,3223 - HEALTHY LIQUID SOAP,PERSONAL CARE,,1.16,,,16.67,,,1.09,,,56786.0,,,61897.0,,,46.0,
407294,LIFEBUOY BW LEMON REF 800ML,3223 - HEALTHY LIQUID SOAP,PERSONAL CARE,1.16,,,40.0,,,1.08,,,56883.0,,,61434.0,,,74.0,,
407295,LIFEBUOY BW TOTAL REF 825ML,3223 - HEALTHY LIQUID SOAP,PERSONAL CARE,1.16,,,57.5,,,1.11,,,56612.0,,,62839.0,,,104.0,,
407295,LIFEBUOY BW TOTAL10 REF 800G/ML,3223 - HEALTHY LIQUID SOAP,PERSONAL CARE,,1.33,,,19.33,,,1.14,,,65031.0,,,74135.0,,,51.0,
413318,LIFEBUOY BW GREEN TEA&A.V 380ML,3223 - HEALTHY LIQUID SOAP,PERSONAL CARE,,1.14,,,7.0,,,1.24,,,34195.0,,,42402.0,,,17.0,
426819,LIFEBUOY BW MNRL CLAY 825ML(OL),3223 - HEALTHY LIQUID SOAP,PERSONAL CARE,3.0,,,4.5,,,1.0,,,148967.0,,,148967.0,,,9.0,,
426821,LIFEBUOY BW SHISO MC 380/400ML,3223 - HEALTHY LIQUID SOAP,PERSONAL CARE,1.14,,,59.5,,,1.1,,,34176.0,,,37594.0,,,108.0,,
426821,LIFEBUOY BW SHISO MC 380G/ML,3223 - HEALTHY LIQUID SOAP,PERSONAL CARE,,1.07,,,4.67,,,1.0,,,32071.0,,,32071.0,,,14.0,
432534,LIFEBUOY BW 3IN1 380G/ML,3223 - HEALTHY LIQUID SOAP,PERSONAL CARE,,1.15,,,9.0,,,1.12,,,36563.0,,,40951.0,,,24.0,
432534,LIFEBUOY BW 3IN1 400/450ML,3223 - HEALTHY LIQUID SOAP,PERSONAL CARE,1.19,,,37.0,,,1.09,,,35565.0,,,38766.0,,,68.0,,
433597,LIFEBUOY BW COCONT REF400ML(OL),3223 - HEALTHY LIQUID SOAP,PERSONAL CARE,2.33,,,3.0,,,1.0,,,60400.0,,,60400.0,,,6.0,,
442365,LIFEBUOY BW TIN & ZAITUN 400ML,3223 - HEALTHY LIQUID SOAP,PERSONAL CARE,1.11,,,79.5,,,1.14,,,33119.0,,,37756.0,,,140.0,,
442365,LIFEBUOY BW TIN & ZTN 380G/ML,3223 - HEALTHY LIQUID SOAP,PERSONAL CARE,,1.11,,,6.0,,,1.06,,,33222.0,,,35215.0,,,17.0,
448507,LIFEBUOY BWTOTAL LMTD PUMP500ML,3223 - HEALTHY LIQUID SOAP,PERSONAL CARE,1.0,1.0,0.0,3.0,1.33,-0.5567,1.0,1.0,0.0,59000.0,45900.0,-0.222,59000.0,45900.0,-0.222,6.0,4.0,-0.3333
448508,LIFEBUOY BW TOTAL LMTD 100ML,3223 - HEALTHY LIQUID SOAP,PERSONAL CARE,1.0,1.0,0.0,7.5,0.33,-0.956,1.0,1.0,0.0,17900.0,14700.0,-0.1788,17900.0,14700.0,-0.1788,15.0,1.0,-0.9333
320826,NUVO BW MILD PROTECT 400ML,3223 - HEALTHY LIQUID SOAP,PERSONAL CARE,1.34,1.33,-0.0075,242.0,69.33,-0.7135,1.15,1.18,0.0261,29182.0,26647.0,-0.0869,33559.0,31443.0,-0.0631,422.0,176.0,-0.5829
321094,NUVO BW TOTAL PROTECT 400ML,3223 - HEALTHY LIQUID SOAP,PERSONAL CARE,1.24,1.47,0.1855,201.5,59.0,-0.7072,1.12,1.08,-0.0357,27083.0,29627.0,0.0939,30333.0,31997.0,0.0549,361.0,164.0,-0.5457
425786,NUVO FAMILY BW HIJAU 400ML (OL),3223 - HEALTHY LIQUID SOAP,PERSONAL CARE,1.5,,,1.0,,,1.0,,,31950.0,,,31950.0,,,2.0,,
425796,NUVO BW TOTAL PROTECT 800ML,3223 - HEALTHY LIQUID SOAP,PERSONAL CARE,1.14,1.08,-0.0526,82.5,32.0,-0.6121,1.15,1.09,-0.0522,46584.0,44370.0,-0.0475,53572.0,48363.0,-0.0972,143.0,88.0,-0.3846
427176,NUVO FAMILY BW UNGU 400ML (OL),3223 - HEALTHY LIQUID SOAP,PERSONAL CARE,4.0,,,0.5,,,1.0,,,85200.0,,,85200.0,,,1.0,,
427393,NUVO BW SAKINAH ZAITUN 400ML,3223 - HEALTHY LIQUID SOAP,PERSONAL CARE,1.18,1.37,0.161,236.0,78.67,-0.6667,1.15,1.14,-0.0087,25811.0,27482.0,0.0647,29683.0,31329.0,0.0555,410.0,207.0,-0.4951
432934,NUVO BW MILD PROTECT 800ML,3223 - HEALTHY LIQUID SOAP,PERSONAL CARE,1.14,1.18,0.0351,87.0,33.0,-0.6207,1.21,1.1,-0.0909,46759.0,49179.0,0.0518,56578.0,54097.0,-0.0439,144.0,90.0,-0.375
442232,NUVO FAMILY BW KUNING 800ML,3223 - HEALTHY LIQUID SOAP,PERSONAL CARE,1.15,1.08,-0.0609,68.5,35.33,-0.4842,1.1,1.07,-0.0273,46856.0,44377.0,-0.0529,51542.0,47483.0,-0.0788,124.0,99.0,-0.2016
444265,NUVO ICE COOL PROTECT BW 400ML,3223 - HEALTHY LIQUID SOAP,PERSONAL CARE,1.25,1.2,-0.04,75.0,60.33,-0.1956,1.07,1.12,0.0467,27188.0,24233.0,-0.1087,29091.0,27141.0,-0.067,140.0,162.0,0.1571
431444,PROGUARD BW SEA MINERALS 410ML,3223 - HEALTHY LIQUID SOAP,PERSONAL CARE,1.5,,,50.5,,,1.05,,,36690.0,,,38524.0,,,96.0,,
413198,ZEN BW SHISO&SDLWOOD 380G/380ML,3223 - HEALTHY LIQUID SOAP,PERSONAL CARE,,1.17,,,24.0,,,1.14,,,28000.0,,,31920.0,,,63.0,
413198,ZEN BW SHISO&SDLWOOD 400ML,3223 - HEALTHY LIQUID SOAP,PERSONAL CARE,1.2,,,73.5,,,1.18,,,28735.0,,,33907.0,,,125.0,,
441048,ZEN BW SHISO&SNDLWOOD 800ML,3223 - HEALTHY LIQUID SOAP,PERSONAL CARE,1.31,,,8.0,,,1.14,,,51312.0,,,58496.0,,,14.0,,
441048,ZEN BW SHISO&SNDLWOOD800G/800ML,3223 - HEALTHY LIQUID SOAP,PERSONAL CARE,,1.04,,,9.0,,,1.04,,,48637.0,,,50582.0,,,26.0,
441049,ZEN BW TEA TREE 800ML(OL),3223 - HEALTHY LIQUID SOAP,PERSONAL CARE,1.0,,,6.0,,,1.0,,,38417.0,,,38417.0,,,12.0,,
441050,ZEN BW SEA SALT 800ML(OL),3223 - HEALTHY LIQUID SOAP,PERSONAL CARE,1.0,,,4.0,,,1.0,,,38562.0,,,38562.0,,,8.0,,
444027,ZEN BW RED SHISHO&JNP380G/380ML,3223 - HEALTHY LIQUID SOAP,PERSONAL CARE,,1.07,,,9.67,,,1.04,,,25655.0,,,26681.0,,,28.0,
444027,ZEN BW RED SHISHO&JUNIPER 400ML,3223 - HEALTHY LIQUID SOAP,PERSONAL CARE,1.12,,,29.0,,,1.02,,,26897.0,,,27435.0,,,57.0,,
445218,ZEN BW JUNIPER BERRY 800ML (OL),3223 - HEALTHY LIQUID SOAP,PERSONAL CARE,1.06,,,8.0,,,1.07,,,41188.0,,,44071.0,,,15.0,,
410692,BETADINE WASH GT PROT100ML (OL),3224 - FEMININ HYGIENE,PERSONAL CARE,1.0,,,0.5,,,1.0,,,54500.0,,,54500.0,,,1.0,,
411190,BETADINE WASH FF&ACT 100ML (OL),3224 - FEMININ HYGIENE,PERSONAL CARE,1.0,,,1.0,,,1.0,,,54600.0,,,54600.0,,,2.0,,
415710,BETADINE N FLORAL 110ML (OL),3224 - FEMININ HYGIENE,PERSONAL CARE,1.0,,,0.5,,,1.0,,,21100.0,,,21100.0,,,1.0,,
425593,LACTACYD FEM ODOR FRESH 60ML,3224 - FEMININ HYGIENE,PERSONAL CARE,1.03,1.0,-0.0291,18.0,5.0,-0.7222,1.12,1.07,-0.0446,38025.0,37060.0,-0.0254,42588.0,39654.0,-0.0689,32.0,14.0,-0.5625
101281,PURBASARI S.SRH NATURAL 60ML,3224 - FEMININ HYGIENE,PERSONAL CARE,1.06,1.12,0.0566,34.5,13.67,-0.6038,1.17,1.14,-0.0256,10314.0,11268.0,0.0925,12067.0,12846.0,0.0646,59.0,36.0,-0.3898
466338,PURBASARI GOJI FEMINIME 100ML,3224 - FEMININ HYGIENE,PERSONAL CARE,,1.0,,,3.67,,,1.0,,,21391.0,,,21391.0,,,11.0,
112925,RESIK-V S.SRH MANJAKANI 90ML,3224 - FEMININ HYGIENE,PERSONAL CARE,1.0,1.0,0.0,13.5,3.33,-0.7533,1.04,1.43,0.375,24322.0,24360.0,0.0016,25295.0,34835.0,0.3771,26.0,7.0,-0.7308
126340,RESIK-V GODOKAN SIRIH 100ML,3224 - FEMININ HYGIENE,PERSONAL CARE,1.04,,,13.0,,,1.08,,,27319.0,,,29505.0,,,24.0,,
223083,RESIK-V S.SRH ANGGREK 90ML,3224 - FEMININ HYGIENE,PERSONAL CARE,1.02,1.0,-0.0196,26.0,8.33,-0.6796,1.11,1.04,-0.0631,14033.0,13484.0,-0.0391,15577.0,14023.0,-0.0998,47.0,24.0,-0.4894
401702,RESIK-V MANJAKANI WHT 90ML,3224 - FEMININ HYGIENE,PERSONAL CARE,,1.0,,,4.0,,,1.09,,,26417.0,,,28795.0,,,11.0,
445890,SECRET CLEAN PRPL FEM WASH100ML,3224 - FEMININ HYGIENE,PERSONAL CARE,1.0,1.0,0.0,9.0,1.0,-0.8889,1.0,1.0,0.0,24656.0,24800.0,0.0058,24656.0,24800.0,0.0058,18.0,3.0,-0.8333
448496,SECRET CLN FEM SPRY ROMN8ML(OL),3224 - FEMININ HYGIENE,PERSONAL CARE,1.0,,,3.0,,,1.0,,,17067.0,,,17067.0,,,6.0,,
448497,SECRET CLN FEM SPRY HAPY8ML(OL),3224 - FEMININ HYGIENE,PERSONAL CARE,1.0,,,1.5,,,1.0,,,16500.0,,,16500.0,,,3.0,,
310066,SUMBER AYU T.WHT CLEAR 90ML,3224 - FEMININ HYGIENE,PERSONAL CARE,1.0,1.0,0.0,13.0,5.67,-0.5638,1.0,1.0,0.0,27565.0,27371.0,-0.007,27565.0,27371.0,-0.007,26.0,17.0,-0.3462
406555,SUMBER AYU T.WHT PEARLY 90ML,3224 - FEMININ HYGIENE,PERSONAL CARE,1.0,1.0,0.0,18.0,6.0,-0.6667,1.03,1.06,0.0291,27111.0,27006.0,-0.0039,27924.0,28626.0,0.0251,35.0,17.0,-0.5143
459182,SUMBER AYU NATURAL ORCHID 110ML,3224 - FEMININ HYGIENE,PERSONAL CARE,,1.0,,,6.67,,,1.05,,,16630.0,,,17462.0,,,19.0,
404063,ALFAMART HS STRAWBERRY REF375ML,3225 - HAND SOAP,PERSONAL CARE,1.38,1.26,-0.087,142.0,43.67,-0.6925,1.15,1.18,0.0261,11632.0,10721.0,-0.0783,13377.0,12651.0,-0.0543,246.0,111.0,-0.5488
404064,ALFAMART HS STRAWBERRY BTL410ML,3225 - HAND SOAP,PERSONAL CARE,1.06,1.0,-0.0566,17.5,6.0,-0.6571,1.03,1.0,-0.0291,17906.0,16817.0,-0.0608,18443.0,16817.0,-0.0882,34.0,18.0,-0.4706
425632,ALFAMART HS GREEN TEA REF375ML,3225 - HAND SOAP,PERSONAL CARE,1.73,1.32,-0.237,111.0,27.33,-0.7538,1.18,1.12,-0.0508,15093.0,11384.0,-0.2457,17810.0,12750.0,-0.2841,188.0,73.0,-0.6117
426414,BAGUS HS STRAWBERRY REF 375ML,3225 - HAND SOAP,PERSONAL CARE,1.2,,,20.0,,,1.18,,,18065.0,,,21317.0,,,34.0,,
431194,BIODEF HW MNT YZU PCH200ML (OL),3225 - HAND SOAP,PERSONAL CARE,2.0,,,0.5,,,1.0,,,30000.0,,,30000.0,,,1.0,,
119811,BIORE HS FRUITY PUMP 250ML(OL),3225 - HAND SOAP,PERSONAL CARE,1.0,,,0.5,,,1.0,,,26000.0,,,26000.0,,,1.0,,
419989,LIFEBUOY HS PUMP TOTAL 10 200ML,3225 - HAND SOAP,PERSONAL CARE,1.0,1.0,0.0,5.5,2.33,-0.5764,1.0,1.0,0.0,23773.0,23843.0,0.0029,23773.0,23843.0,0.0029,11.0,7.0,-0.3636
433199,PROKLEEN HS STRAWBERRY 5L (OL),3225 - HAND SOAP,PERSONAL CARE,1.0,,,0.5,,,1.0,,,89900.0,,,89900.0,,,1.0,,
435231,PROKLEEN HS STRAW 800ML(OL),3225 - HAND SOAP,PERSONAL CARE,1.0,,,2.0,,,1.0,,,15500.0,,,15500.0,,,4.0,,
435232,PROKLEEN HS JPN TEA 800ML(OL),3225 - HAND SOAP,PERSONAL CARE,1.0,,,1.5,,,1.0,,,15500.0,,,15500.0,,,3.0,,
435233,PROKLEEN HS GRN BRZ 800ML(OL),3225 - HAND SOAP,PERSONAL CARE,1.17,,,3.0,,,1.0,,,18083.0,,,18083.0,,,6.0,,
435234,PROKLEEN HS FRSH LMON 800ML(OL),3225 - HAND SOAP,PERSONAL CARE,1.67,,,1.5,,,1.0,,,25833.0,,,25833.0,,,3.0,,
427399,SOUJI HS PUMP CHAMOMILE 410ML,3225 - HAND SOAP,PERSONAL CARE,1.09,1.0,-0.0826,11.0,4.0,-0.6364,1.0,1.0,0.0,23482.0,21733.0,-0.0745,23482.0,21733.0,-0.0745,22.0,12.0,-0.4545
427730,SOUJI HS CHAMOMILE REF 375ML,3225 - HAND SOAP,PERSONAL CARE,1.3,1.27,-0.0231,40.5,16.33,-0.5968,1.14,1.11,-0.0263,15426.0,15057.0,-0.0239,17586.0,16713.0,-0.0496,71.0,44.0,-0.3803
446131,SOUJI HS JAPANESE PEACE 375ML,3225 - HAND SOAP,PERSONAL CARE,1.18,1.15,-0.0254,48.0,11.0,-0.7708,1.13,1.06,-0.0619,13445.0,13612.0,0.0124,15193.0,14429.0,-0.0503,85.0,31.0,-0.6353
435019,SPUME HANDWASH 5L (OL),3225 - HAND SOAP,PERSONAL CARE,1.11,,,4.5,,,1.29,,,64444.0,,,83133.0,,,7.0,,
14257,YURI HS GRAPE PUMP 410ML (OL),3225 - HAND SOAP,PERSONAL CARE,3.0,,,1.5,,,1.0,,,92400.0,,,92400.0,,,3.0,,
14260,YURI HS STRW BTL 410ML(OL),3225 - HAND SOAP,PERSONAL CARE,7.0,,,0.5,,,1.0,,,215600.0,,,215600.0,,,1.0,,
14263,YURI HS APEL PUMP  410ML (OL),3225 - HAND SOAP,PERSONAL CARE,3.5,,,1.0,,,1.0,,,107800.0,,,107800.0,,,2.0,,
14335,YURI HS APPLE PCH 375ML(OL),3225 - HAND SOAP,PERSONAL CARE,1.75,,,2.0,,,1.0,,,32125.0,,,32125.0,,,4.0,,
14337,YURI HS GRAPE PCH 375ML (OL),3225 - HAND SOAP,PERSONAL CARE,1.2,,,2.5,,,1.0,,,21980.0,,,21980.0,,,5.0,,
14339,YURI HS STRAWBERRY REF 375ML,3225 - HAND SOAP,PERSONAL CARE,1.52,1.62,0.0658,10.5,8.67,-0.1743,1.17,1.62,0.3846,33938.0,37312.0,0.0994,39707.0,60445.0,0.5223,18.0,16.0,-0.1111
445373,YURI HS LIQ GRAPE 3.7L (OL),3225 - HAND SOAP,PERSONAL CARE,1.0,,,1.0,,,1.0,,,146900.0,,,146900.0,,,2.0,,
445374,YURI HS LIQ STRAWBERY 3.7L(OL),3225 - HAND SOAP,PERSONAL CARE,2.0,,,0.5,,,1.0,,,293800.0,,,293800.0,,,1.0,,
434885,KAHF BW ACNE&RLXNG200ML(DD)(OL),3226 - MEN SOAP,PERSONAL CARE,1.0,,,1.0,,,1.0,,,27000.0,,,27000.0,,,2.0,,
434886,KAHF BW BRG&CLNG200ML (DD)(OL),3226 - MEN SOAP,PERSONAL CARE,1.0,,,0.5,,,1.0,,,26900.0,,,26900.0,,,1.0,,
109043,CASABLANCA RO WHITE 50ML,3231 - WOMEN DEO,PERSONAL CARE,1.06,1.05,-0.0094,33.5,30.33,-0.0946,1.05,1.21,0.1524,16694.0,16575.0,-0.0071,17529.0,20056.0,0.1442,64.0,75.0,0.1719
232945,CASABLANCA RO PINK 50ML,3231 - WOMEN DEO,PERSONAL CARE,1.06,1.06,0.0,34.0,28.0,-0.1765,1.06,1.18,0.1132,16849.0,16705.0,-0.0085,17860.0,19712.0,0.1037,64.0,71.0,0.1094
438087,DEOREX BS NON FRAGRNCE 60ML(OL),3231 - WOMEN DEO,PERSONAL CARE,1.0,,,1.5,,,1.0,,,59900.0,,,59900.0,,,3.0,,
447100,DEOREX DS ODORIZER WHT 60ML(OL),3231 - WOMEN DEO,PERSONAL CARE,1.0,,,1.0,,,1.0,,,69900.0,,,69900.0,,,2.0,,
128396,DOVE WMN RO ULTIMATE WHT 40ML,3231 - WOMEN DEO,PERSONAL CARE,1.0,,,13.5,,,1.0,,,28381.0,,,28381.0,,,27.0,,
445222,DOVE WMN RO SERUM COLLAGEN 45ML,3231 - WOMEN DEO,PERSONAL CARE,1.0,1.0,0.0,29.0,13.33,-0.5403,1.0,1.08,0.08,27814.0,27900.0,0.0031,27814.0,30132.0,0.0833,58.0,37.0,-0.3621
433209,EVANGELINE WMN RO MIYA 50ML,3231 - WOMEN DEO,PERSONAL CARE,1.0,,,5.0,,,1.0,,,15030.0,,,15030.0,,,10.0,,
433210,EVANGELINE WMN RO MORI 50ML,3231 - WOMEN DEO,PERSONAL CARE,1.0,,,5.5,,,1.0,,,16055.0,,,16055.0,,,11.0,,
416153,LADY SPEED D.STK FREESIA45G(OL),3231 - WOMEN DEO,PERSONAL CARE,1.0,,,0.5,,,1.0,,,40000.0,,,40000.0,,,1.0,,
441052,LADY SPEED DEO BLOSSOM 45G(OL),3231 - WOMEN DEO,PERSONAL CARE,1.5,,,2.0,,,1.33,,,61050.0,,,81196.0,,,3.0,,
128703,NIVEA WMN RO INVIS B&W 50ML,3231 - WOMEN DEO,PERSONAL CARE,1.07,1.0,-0.0654,21.0,9.67,-0.5395,1.02,1.07,0.049,28914.0,27231.0,-0.0582,29492.0,29137.0,-0.012,41.0,27.0,-0.3415
320163,NIVEA WMN RO EXTRA WHITE 50ML,3231 - WOMEN DEO,PERSONAL CARE,1.07,1.0,-0.0654,52.5,12.0,-0.7714,1.02,1.09,0.0686,29865.0,28139.0,-0.0578,30462.0,30672.0,0.0069,103.0,33.0,-0.6796
410915,NIVEA WMN RO PEARL&BEAUTY50ML,3231 - WOMEN DEO,PERSONAL CARE,1.0,1.04,0.04,23.5,8.33,-0.6455,1.04,1.09,0.0481,27932.0,29604.0,0.0599,29049.0,32268.0,0.1108,45.0,23.0,-0.4889
415974,NIVEA WMN RO HIJAB WHT ACTV50ML,3231 - WOMEN DEO,PERSONAL CARE,1.0,1.5,0.5,13.5,0.67,-0.9504,1.08,1.0,-0.0741,28293.0,42150.0,0.4898,30556.0,42150.0,0.3794,25.0,2.0,-0.92
419985,NIVEA WMN RO WHT HIJAB F50ML,3231 - WOMEN DEO,PERSONAL CARE,1.0,1.0,0.0,20.0,9.67,-0.5165,1.05,1.0,-0.0476,28200.0,28359.0,0.0056,29610.0,28359.0,-0.0422,38.0,29.0,-0.2368
432305,NIVEA WMN RO HIJAB SOFT 50ML,3231 - WOMEN DEO,PERSONAL CARE,1.09,1.0,-0.0826,21.5,5.33,-0.7521,1.1,1.0,-0.0909,30823.0,28356.0,-0.08,33905.0,28356.0,-0.1637,39.0,16.0,-0.5897
459218,NIVEA WMN RO DERMA CONTROL 50ML,3231 - WOMEN DEO,PERSONAL CARE,,1.0,,,2.33,,,1.0,,,28200.0,,,28200.0,,,7.0,
11719,PIXY D.STK WOODY 34G,3231 - WOMEN DEO,PERSONAL CARE,1.25,,,10.0,,,1.0,,,16320.0,,,16320.0,,,20.0,,
412951,POSH WMN RO WHITENING 50ML1,3231 - WOMEN DEO,PERSONAL CARE,1.33,1.09,-0.1805,95.5,39.0,-0.5916,1.07,1.11,0.0374,22837.0,18718.0,-0.1804,24436.0,20777.0,-0.1497,179.0,105.0,-0.4134
412952,POSH WMN RO ANTI STAIN 50ML,3231 - WOMEN DEO,PERSONAL CARE,1.41,1.04,-0.2624,46.0,25.33,-0.4493,1.05,1.07,0.019,24412.0,17737.0,-0.2734,25633.0,18979.0,-0.2596,88.0,71.0,-0.1932
432543,POSH WMN RO HIJAB CHIC 50ML,3231 - WOMEN DEO,PERSONAL CARE,1.23,1.06,-0.1382,105.5,42.0,-0.6019,1.06,1.17,0.1038,20847.0,18086.0,-0.1324,22098.0,21161.0,-0.0424,199.0,108.0,-0.4573
321618,REXONA WMN RO SHOW CLEAN 50ML,3231 - WOMEN DEO,PERSONAL CARE,1.0,,,8.0,,,1.07,,,17006.0,,,18196.0,,,15.0,,
321619,REXONA WMN RO FREE SPIRIT50ML,3231 - WOMEN DEO,PERSONAL CARE,1.08,1.12,0.037,24.0,14.0,-0.4167,1.07,1.11,0.0374,24598.0,25248.0,0.0264,26320.0,28025.0,0.0648,45.0,38.0,-0.1556
321620,REXONA WMN RO INVIS DRY 50ML,3231 - WOMEN DEO,PERSONAL CARE,1.17,1.04,-0.1111,21.0,8.33,-0.6033,1.17,1.0,-0.1453,26500.0,23560.0,-0.1109,31005.0,23560.0,-0.2401,36.0,25.0,-0.3056
321648,REXONA WMN RO ADV WHT 50ML,3231 - WOMEN DEO,PERSONAL CARE,1.05,1.0,-0.0476,37.5,19.0,-0.4933,1.04,1.04,0.0,30055.0,28651.0,-0.0467,31257.0,29797.0,-0.0467,72.0,55.0,-0.2361
321650,REXONA WMN RO POWDER DRY 50ML,3231 - WOMEN DEO,PERSONAL CARE,1.17,1.05,-0.1026,27.0,14.0,-0.4815,1.08,1.02,-0.0556,26506.0,23769.0,-0.1033,28626.0,24244.0,-0.1531,50.0,41.0,-0.18
412599,REXONA WMN RO TEEN GLOWING 40ML,3231 - WOMEN DEO,PERSONAL CARE,1.1,1.05,-0.0455,72.5,22.0,-0.6966,1.07,1.03,-0.0374,19389.0,18314.0,-0.0554,20746.0,18863.0,-0.0908,136.0,64.0,-0.5294
412600,REXONA WMN RO TEEN DREAMY 40ML,3231 - WOMEN DEO,PERSONAL CARE,1.11,1.08,-0.027,58.0,21.67,-0.6264,1.05,1.07,0.019,19695.0,18977.0,-0.0365,20680.0,20305.0,-0.0181,111.0,61.0,-0.4505
434471,REXONA WMN RO HJB NT PCH&MT45ML,3231 - WOMEN DEO,PERSONAL CARE,1.0,,,0.5,,,1.0,,,25900.0,,,25900.0,,,1.0,,
443162,REXONA WMN RO ADVANCED SMT 45ML,3231 - WOMEN DEO,PERSONAL CARE,1.15,,,6.5,,,1.0,,,32415.0,,,32415.0,,,13.0,,
445272,REXONA WMN DEO LOT F.SPIRIT45ML,3231 - WOMEN DEO,PERSONAL CARE,1.03,1.0,-0.0291,51.0,3.0,-0.9412,1.06,1.12,0.0566,18018.0,15222.0,-0.1552,19099.0,17049.0,-0.1073,96.0,8.0,-0.9167
459562,REXONA WMN DEO WHOLE BODY 50ML,3231 - WOMEN DEO,PERSONAL CARE,,1.0,,,2.67,,,1.0,,,29500.0,,,29500.0,,,8.0,
452101,BELAGIO EDP PRESTIGE BLACK 50ML,3232 - WOMEN PARFUME & EDT,PERSONAL CARE,,1.0,,,3.67,,,1.22,,,36536.0,,,44574.0,,,9.0,
426781,BIZARRE EDP/EDT CHIC HAUTE 50ML,3232 - WOMEN PARFUME & EDT,PERSONAL CARE,1.0,1.0,0.0,3.5,1.67,-0.5229,1.0,1.0,0.0,39900.0,40020.0,0.003,39900.0,40020.0,0.003,7.0,5.0,-0.2857
444501,BONAVIE EDP FLEUR JRDN 30ML(OL),3232 - WOMEN PARFUME & EDT,PERSONAL CARE,1.0,,,0.5,,,1.0,,,58400.0,,,58400.0,,,1.0,,
444502,BONAVIE EDP MON PETIT 30ML(OL),3232 - WOMEN PARFUME & EDT,PERSONAL CARE,1.0,,,0.5,,,1.0,,,58400.0,,,58400.0,,,1.0,,
407598,CASABLANCA EDT/EDC PURE 100ML,3232 - WOMEN PARFUME & EDT,PERSONAL CARE,1.0,1.0,0.0,7.0,7.33,0.0471,1.0,1.0,0.0,28814.0,27900.0,-0.0317,28814.0,27900.0,-0.0317,14.0,22.0,0.5714
407891,CASABLANCA EDT/EDC RMNTC 100ML,3232 - WOMEN PARFUME & EDT,PERSONAL CARE,1.0,1.0,0.0,8.0,6.67,-0.1662,1.0,1.0,0.0,28788.0,27900.0,-0.0308,28788.0,27900.0,-0.0308,16.0,20.0,0.25
459111,ESKULIN EDP TWILIGHT AMOUR 30ML,3232 - WOMEN PARFUME & EDT,PERSONAL CARE,,1.07,,,14.67,,,1.02,,,33573.0,,,34244.0,,,43.0,
410917,EVANGELINE EDP RED SAKURA 100ML,3232 - WOMEN PARFUME & EDT,PERSONAL CARE,1.0,1.0,0.0,5.5,4.33,-0.2127,1.0,1.08,0.08,41555.0,41500.0,-0.0013,41555.0,44820.0,0.0786,11.0,12.0,0.0909
410919,EVANGELINE EDP BLACK SKR 100ML,3232 - WOMEN PARFUME & EDT,PERSONAL CARE,1.05,1.06,0.0095,10.5,5.33,-0.4924,1.05,1.0,-0.0476,43676.0,44094.0,0.0096,45860.0,44094.0,-0.0385,20.0,16.0,-0.2
427446,EVANGELINE EDP BLACK MUSK 100ML,3232 - WOMEN PARFUME & EDT,PERSONAL CARE,1.0,1.0,0.0,9.5,6.33,-0.3337,1.0,1.0,0.0,41521.0,41500.0,-0.0005,41521.0,41500.0,-0.0005,19.0,19.0,0.0
428435,EVANGELINE EDP WHITE MUSK 100ML,3232 - WOMEN PARFUME & EDT,PERSONAL CARE,1.06,1.0,-0.0566,8.0,4.67,-0.4162,1.07,1.0,-0.0654,44156.0,41500.0,-0.0602,47247.0,41500.0,-0.1216,15.0,14.0,-0.0667
431461,EVANGELINE EDP SLC BLK VNL100ML,3232 - WOMEN PARFUME & EDT,PERSONAL CARE,1.0,1.0,0.0,13.0,9.33,-0.2823,1.04,1.27,0.2212,41531.0,41500.0,-0.0007,43192.0,52705.0,0.2202,25.0,22.0,-0.12
440751,EVANGELINE EDP BABY PW100ML,3232 - WOMEN PARFUME & EDT,PERSONAL CARE,1.0,1.08,0.08,18.5,8.0,-0.5676,1.06,1.09,0.0283,41522.0,44975.0,0.0832,44013.0,49023.0,0.1138,35.0,22.0,-0.3714
448680,EVERSENSE EDP GLDN LUXE EXT30ML,3232 - WOMEN PARFUME & EDT,PERSONAL CARE,1.0,1.0,0.0,8.0,4.67,-0.4162,1.0,1.0,0.0,47600.0,49050.0,0.0305,47600.0,49050.0,0.0305,16.0,14.0,-0.125
448681,EVERSENSE EDP RYL ALLR EXT 30ML,3232 - WOMEN PARFUME & EDT,PERSONAL CARE,1.0,1.0,0.0,4.5,2.67,-0.4067,1.0,1.0,0.0,47500.0,49250.0,0.0368,47500.0,49250.0,0.0368,9.0,8.0,-0.1111
451572,EVERSENSE EXTRAIT EDP CLST30ML,3232 - WOMEN PARFUME & EDT,PERSONAL CARE,,1.0,,,4.33,,,1.3,,,48477.0,,,63020.0,,,10.0,
445464,FRES&NATURAL EDT SPRING 100ML,3232 - WOMEN PARFUME & EDT,PERSONAL CARE,1.05,1.0,-0.0476,10.5,5.33,-0.4924,1.05,1.0,-0.0476,32114.0,30500.0,-0.0503,33720.0,30500.0,-0.0955,20.0,16.0,-0.2
444732,IMPLORA EDP LEO 30ML (OL),3232 - WOMEN PARFUME & EDT,PERSONAL CARE,1.0,,,0.5,,,1.0,,,29900.0,,,29900.0,,,1.0,,
444733,IMPLORA EDP PISCES 30ML (OL),3232 - WOMEN PARFUME & EDT,PERSONAL CARE,1.0,,,0.5,,,1.0,,,29600.0,,,29600.0,,,1.0,,
444736,IMPLORA EDP CANCER 30ML (OL),3232 - WOMEN PARFUME & EDT,PERSONAL CARE,1.0,,,0.5,,,1.0,,,29600.0,,,29600.0,,,1.0,,
444739,IMPLORA EDP SAGITARIUS 30ML(OL),3232 - WOMEN PARFUME & EDT,PERSONAL CARE,1.0,,,0.5,,,1.0,,,29900.0,,,29900.0,,,1.0,,
444741,IMPLORA EDP SCORPIO 30ML (OL),3232 - WOMEN PARFUME & EDT,PERSONAL CARE,1.0,,,0.5,,,1.0,,,29900.0,,,29900.0,,,1.0,,
441994,LILITH&EVE EDP ANGEL30ML((OL),3232 - WOMEN PARFUME & EDT,PERSONAL CARE,1.0,,,0.5,,,1.0,,,76800.0,,,76800.0,,,1.0,,
412350,MARINA EDT FRESH SPARKLE 150ML,3232 - WOMEN PARFUME & EDT,PERSONAL CARE,1.0,1.0,0.0,16.0,6.33,-0.6044,1.1,1.06,-0.0364,25116.0,26500.0,0.0551,27628.0,28090.0,0.0167,29.0,18.0,-0.3793
444167,MARINA EDP LOVELY BLUSH 98ML,3232 - WOMEN PARFUME & EDT,PERSONAL CARE,1.0,1.0,0.0,11.5,1.33,-0.8843,1.0,1.0,0.0,35900.0,34250.0,-0.046,35900.0,34250.0,-0.046,23.0,4.0,-0.8261
416522,MORRIS EDP TRPCL RMNC 110ML(HB),3232 - WOMEN PARFUME & EDT,PERSONAL CARE,1.0,1.0,0.0,1.0,1.0,0.0,1.0,1.0,0.0,42650.0,42500.0,-0.0035,42650.0,42500.0,-0.0035,2.0,3.0,0.5
436514,MORRIS EDP PURE ROMANTIC 100ML,3232 - WOMEN PARFUME & EDT,PERSONAL CARE,1.0,1.0,0.0,7.0,3.67,-0.4757,1.0,1.1,0.1,42971.0,43173.0,0.0047,42971.0,47490.0,0.1052,14.0,10.0,-0.2857
436766,MORRIS EDP GLM M.LOVE 100ML(HB),3232 - WOMEN PARFUME & EDT,PERSONAL CARE,1.0,1.0,0.0,5.0,0.33,-0.934,1.0,1.0,0.0,43100.0,43900.0,0.0186,43100.0,43900.0,0.0186,10.0,1.0,-0.9
443358,MORRIS EDP WMN ROSE VNL 100ML,3232 - WOMEN PARFUME & EDT,PERSONAL CARE,1.0,1.11,0.11,4.0,3.0,-0.25,1.0,1.0,0.0,43400.0,48156.0,0.1096,43400.0,48156.0,0.1096,8.0,9.0,0.125
446476,MORRIS EDP LOVE ELIXIR 100ML,3232 - WOMEN PARFUME & EDT,PERSONAL CARE,1.0,1.0,0.0,3.0,0.33,-0.89,1.0,1.0,0.0,43000.0,42900.0,-0.0023,43000.0,42900.0,-0.0023,6.0,1.0,-0.8333
451251,NCO EDP AMETHYST 100ML,3232 - WOMEN PARFUME & EDT,PERSONAL CARE,,1.0,,,6.0,,,1.06,,,39500.0,,,41870.0,,,17.0,
451252,NCO EDP BLOOMIQUE 100ML,3232 - WOMEN PARFUME & EDT,PERSONAL CARE,,1.0,,,6.0,,,1.06,,,39500.0,,,41870.0,,,17.0,
416675,PINKBERRY EDP TWINKLE 50ML,3232 - WOMEN PARFUME & EDT,PERSONAL CARE,1.0,1.5,0.5,3.0,1.33,-0.5567,1.0,1.33,0.33,54567.0,82350.0,0.5092,54567.0,109526.0,1.0072,6.0,3.0,-0.5
416676,PINKBERRY EDP WILD BERRY 50ML,3232 - WOMEN PARFUME & EDT,PERSONAL CARE,1.0,1.17,0.17,3.0,2.0,-0.3333,1.0,1.2,0.2,45233.0,53550.0,0.1839,45233.0,64260.0,0.4206,6.0,5.0,-0.1667
416677,PINKBERRY EDP DREAM 50ML,3232 - WOMEN PARFUME & EDT,PERSONAL CARE,1.0,1.0,0.0,5.0,0.67,-0.866,1.0,1.0,0.0,33530.0,33900.0,0.011,33530.0,33900.0,0.011,10.0,2.0,-0.8
432292,PINKBERRY EDP WILD BLUSH 50ML,3232 - WOMEN PARFUME & EDT,PERSONAL CARE,1.0,,,1.5,,,1.0,,,45900.0,,,45900.0,,,3.0,,
435988,PINKBERRY EDP EIP ESPOIR 50ML,3232 - WOMEN PARFUME & EDT,PERSONAL CARE,1.0,,,1.0,,,1.0,,,35900.0,,,35900.0,,,2.0,,
441691,PINKBERRY EDP WILD DREAM 50ML,3232 - WOMEN PARFUME & EDT,PERSONAL CARE,1.0,1.0,0.0,1.0,0.33,-0.67,1.0,1.0,0.0,45900.0,45900.0,0.0,45900.0,45900.0,0.0,2.0,1.0,-0.5
450801,PINKBERRY EDP STARRY NIGHT 50ML,3232 - WOMEN PARFUME & EDT,PERSONAL CARE,,1.0,,,3.67,,,1.1,,,32900.0,,,36190.0,,,10.0,
450802,PINKBERRY EDP MERMAID TEARS50ML,3232 - WOMEN PARFUME & EDT,PERSONAL CARE,,1.0,,,3.0,,,1.0,,,32900.0,,,32900.0,,,9.0,
450803,PINKBERRY EDP SPRING WALTZ 50ML,3232 - WOMEN PARFUME & EDT,PERSONAL CARE,,1.0,,,1.33,,,1.0,,,32900.0,,,32900.0,,,4.0,
465642,PINKBERRY EDP TIME TRVL SET(OL),3232 - WOMEN PARFUME & EDT,PERSONAL CARE,1.0,,,0.5,,,1.0,,,89000.0,,,89000.0,,,1.0,,
416352,PUCELLE EDC DAINTY 100 ML,3232 - WOMEN PARFUME & EDT,PERSONAL CARE,1.0,1.0,0.0,3.0,3.0,0.0,1.0,1.12,0.12,43850.0,43233.0,-0.0141,43850.0,48421.0,0.1042,6.0,8.0,0.3333
428679,PUCELLE EDC LUCENT 100ML,3232 - WOMEN PARFUME & EDT,PERSONAL CARE,1.0,1.08,0.08,3.5,4.33,0.2371,1.0,1.0,0.0,43329.0,46908.0,0.0826,43329.0,46908.0,0.0826,7.0,13.0,0.8571
440199,PUCELLE EDP THE GODDESS 50ML,3232 - WOMEN PARFUME & EDT,PERSONAL CARE,1.0,,,13.5,,,1.04,,,34256.0,,,35626.0,,,26.0,,
440200,PUCELLE EDP  THE STUNNER 50ML,3232 - WOMEN PARFUME & EDT,PERSONAL CARE,1.0,1.1,0.1,13.0,3.33,-0.7438,1.08,1.0,-0.0741,34419.0,37810.0,0.0985,37173.0,37810.0,0.0171,24.0,10.0,-0.5833
446152,PUCELLE EDP LUXE SIGMA 50ML,3232 - WOMEN PARFUME & EDT,PERSONAL CARE,1.0,1.0,0.0,6.0,3.33,-0.445,1.0,1.11,0.11,34325.0,34440.0,0.0034,34325.0,38228.0,0.1137,12.0,9.0,-0.25
400836,REGAZZA EDT PASSIONATE 50ML,3232 - WOMEN PARFUME & EDT,PERSONAL CARE,1.0,1.0,0.0,5.0,6.33,0.266,1.0,1.0,0.0,30140.0,29058.0,-0.0359,30140.0,29058.0,-0.0359,10.0,19.0,0.9
400837,REGAZZA EDT GLOW 50ML,3232 - WOMEN PARFUME & EDT,PERSONAL CARE,1.0,1.05,0.05,5.5,6.33,0.1509,1.0,1.0,0.0,30055.0,30579.0,0.0174,30055.0,30579.0,0.0174,11.0,19.0,0.7273
440364,REGAZZA EDP LUXE FASCINTNG 50ML,3232 - WOMEN PARFUME & EDT,PERSONAL CARE,1.0,1.0,0.0,6.0,8.33,0.3883,1.09,1.04,-0.0459,36633.0,36532.0,-0.0028,39930.0,37993.0,-0.0485,11.0,24.0,1.1818
440365,REGAZZA EDP LUXE SPARKLING 50ML,3232 - WOMEN PARFUME & EDT,PERSONAL CARE,1.05,,,11.0,,,1.0,,,38177.0,,,38177.0,,,22.0,,
441259,SCARLETT EDP DREAMY 30ML,3232 - WOMEN PARFUME & EDT,PERSONAL CARE,1.0,1.0,0.0,14.0,3.67,-0.7379,1.0,1.0,0.0,59900.0,59936.0,0.0006,59900.0,59936.0,0.0006,28.0,11.0,-0.6071
441260,SCARLETT EDP PASSIONATE30ML(OL),3232 - WOMEN PARFUME & EDT,PERSONAL CARE,1.0,,,1.0,,,1.0,,,62900.0,,,62900.0,,,2.0,,
441261,SCARLETT EDP SWEET MEMORIES30ML,3232 - WOMEN PARFUME & EDT,PERSONAL CARE,1.05,1.0,-0.0476,9.5,3.33,-0.6495,1.12,1.11,-0.0089,63053.0,60320.0,-0.0433,70619.0,66955.0,-0.0519,17.0,9.0,-0.4706
441262,SCARLETT EDP EUPHORIA 30ML(OL),3232 - WOMEN PARFUME & EDT,PERSONAL CARE,1.14,,,3.5,,,1.17,,,71886.0,,,84107.0,,,6.0,,
444155,SCARLETT EDP LA FORET FAIRY30ML,3232 - WOMEN PARFUME & EDT,PERSONAL CARE,1.0,1.0,0.0,6.0,3.33,-0.445,1.2,1.0,-0.1667,59900.0,59960.0,0.001,71880.0,59960.0,-0.1658,10.0,10.0,0.0
447261,SCARLETT EDP GOLDEN ELIXIR 30ML,3232 - WOMEN PARFUME & EDT,PERSONAL CARE,1.0,1.0,0.0,8.0,4.33,-0.4588,1.07,1.08,0.0093,59900.0,59900.0,0.0,64093.0,64692.0,0.0093,15.0,12.0,-0.2
447895,SCARLETT EDP EXTRAIT VELVET30ML,3232 - WOMEN PARFUME & EDT,PERSONAL CARE,1.0,1.06,0.06,24.0,12.0,-0.5,1.07,1.12,0.0467,59900.0,63372.0,0.058,64093.0,70977.0,0.1074,45.0,32.0,-0.2889
459300,SCARLETT EDP EXTRAIT TEA 30ML,3232 - WOMEN PARFUME & EDT,PERSONAL CARE,,1.0,,,2.67,,,1.0,,,59900.0,,,59900.0,,,8.0,
459301,SCARLETT EDP EXTRAIT PCRSH 30ML,3232 - WOMEN PARFUME & EDT,PERSONAL CARE,,1.0,,,2.0,,,1.0,,,59900.0,,,59900.0,,,6.0,
425610,VITALIS EDP COUTURE 50ML,3232 - WOMEN PARFUME & EDT,PERSONAL CARE,1.0,1.0,0.0,4.0,1.67,-0.5825,1.0,1.0,0.0,58925.0,58960.0,0.0006,58925.0,58960.0,0.0006,8.0,5.0,-0.375
433445,VITALIS EDP S.KEEP GOING100ML,3232 - WOMEN PARFUME & EDT,PERSONAL CARE,1.0,1.14,0.14,9.0,2.33,-0.7411,1.06,1.0,-0.0566,40861.0,40943.0,0.002,43313.0,40943.0,-0.0547,17.0,7.0,-0.5882
451807,VITALIS EDP EXTRA BLOOM 50ML,3232 - WOMEN PARFUME & EDT,PERSONAL CARE,,1.04,,,8.67,,,1.04,,,34819.0,,,36212.0,,,25.0,
451808,VITALIS EDP GLAM SLAY 50ML,3232 - WOMEN PARFUME & EDT,PERSONAL CARE,,1.0,,,8.0,,,1.04,,,33517.0,,,34858.0,,,23.0,
465713,VITALIS EDP FOREVER ROSE 100ML,3232 - WOMEN PARFUME & EDT,PERSONAL CARE,1.0,,,4.0,,,1.0,,,41675.0,,,41675.0,,,8.0,,
407269,VIVELLE EDT SHIMMERING JOY100ML,3232 - WOMEN PARFUME & EDT,PERSONAL CARE,1.0,,,1.5,,,1.0,,,30500.0,,,30500.0,,,3.0,,
430880,MARINA BS LET'S TALK 150ML,3233 - WOMEN BODY SPRAY,PERSONAL CARE,1.06,1.0,-0.0566,17.5,6.0,-0.6571,1.06,1.12,0.0566,25289.0,23906.0,-0.0547,26806.0,26775.0,-0.0012,33.0,16.0,-0.5152
406751,POSH WMN BS BLAZE PINK 150ML,3233 - WOMEN BODY SPRAY,PERSONAL CARE,1.04,1.0,-0.0385,14.0,2.33,-0.8336,1.12,1.0,-0.1071,25121.0,24771.0,-0.0139,28136.0,24771.0,-0.1196,25.0,7.0,-0.72
417410,POSH HIJAB BS GREEN BLSSM 150ML,3233 - WOMEN BODY SPRAY,PERSONAL CARE,1.0,1.0,0.0,27.5,10.67,-0.612,1.1,1.03,-0.0636,24387.0,24284.0,-0.0042,26826.0,25013.0,-0.0676,50.0,31.0,-0.38
417412,POSH HIJAB BS PURPLE WISH 150ML,3233 - WOMEN BODY SPRAY,PERSONAL CARE,1.0,1.09,0.09,10.5,7.67,-0.2695,1.0,1.0,0.0,24248.0,26304.0,0.0848,24248.0,26304.0,0.0848,21.0,23.0,0.0952
435136,CASABLANCA BM ROMANTIC 100ML,3234 - WOMEN COLOGNE,PERSONAL CARE,1.0,1.0,0.0,5.5,15.0,1.7273,1.0,1.05,0.05,18118.0,17900.0,-0.012,18118.0,18795.0,0.0374,11.0,43.0,2.9091
114523,FRES&NAT BM BT21 UNGU 100ML,3234 - WOMEN COLOGNE,PERSONAL CARE,1.14,1.02,-0.1053,22.0,14.0,-0.3636,1.0,1.14,0.14,16343.0,14700.0,-0.1005,16343.0,16758.0,0.0254,44.0,37.0,-0.1591
114524,FRES&NAT BM BT21 PINK 100ML,3234 - WOMEN COLOGNE,PERSONAL CARE,1.07,1.06,-0.0093,34.5,29.67,-0.14,1.05,1.09,0.0381,15401.0,15200.0,-0.0131,16171.0,16568.0,0.0246,66.0,82.0,0.2424
412953,FRES&NAT BM HIJAB CTN DRM 100ML,3234 - WOMEN COLOGNE,PERSONAL CARE,1.07,1.15,0.0748,23.0,13.67,-0.4057,1.05,1.08,0.0286,15476.0,16607.0,0.0731,16250.0,17936.0,0.1038,44.0,38.0,-0.1364
412954,FRES&NAT BM HJB MID SECRET100ML,3234 - WOMEN COLOGNE,PERSONAL CARE,1.07,1.04,-0.028,30.0,24.33,-0.189,1.15,1.28,0.113,15498.0,15058.0,-0.0284,17823.0,19274.0,0.0814,52.0,57.0,0.0962
428133,FRES&NAT BM PINK CUPCAKE 100ML,3234 - WOMEN COLOGNE,PERSONAL CARE,1.0,1.06,0.06,22.0,26.33,0.1968,1.02,1.08,0.0588,14309.0,15352.0,0.0729,14595.0,16580.0,0.136,43.0,73.0,0.6977
438546,FRES&NAT BM BT21 YLW 100ML (OL),3234 - WOMEN COLOGNE,PERSONAL CARE,1.0,,,1.5,,,1.0,,,14300.0,,,14300.0,,,3.0,,
102162,VITALIS BM B.SCNT BIZZARE 120ML,3234 - WOMEN COLOGNE,PERSONAL CARE,1.0,1.0,0.0,6.5,4.0,-0.3846,1.08,1.09,0.0093,27900.0,29392.0,0.0535,30132.0,32037.0,0.0632,12.0,11.0,-0.0833
234592,VITALIS BM B.SCNT BLOSSOM 120ML,3234 - WOMEN COLOGNE,PERSONAL CARE,1.0,1.06,0.06,13.5,5.33,-0.6052,1.0,1.14,0.14,27941.0,30700.0,0.0987,27941.0,34998.0,0.2526,27.0,14.0,-0.4815
422723,ZWITSAL BM FOR ADULT 100ML,3234 - WOMEN COLOGNE,PERSONAL CARE,1.0,1.0,0.0,6.5,7.67,0.18,1.0,1.15,0.15,38246.0,39022.0,0.0203,38246.0,44875.0,0.1733,13.0,20.0,0.5385
232943,CASABLANCA MEN RO BLACK 50ML,3235 - MEN DEO ROLL ON,PERSONAL CARE,1.09,1.04,-0.0459,17.5,24.67,0.4097,1.09,1.07,-0.0183,17383.0,16493.0,-0.0512,18947.0,17648.0,-0.0686,32.0,69.0,1.1562
232944,CASABLANCA MEN RO BLUE 50ML,3235 - MEN DEO ROLL ON,PERSONAL CARE,1.13,1.01,-0.1062,38.5,24.0,-0.3766,1.08,1.18,0.0926,18145.0,16049.0,-0.1155,19597.0,18938.0,-0.0336,71.0,61.0,-0.1408
441818,KAHF MEN RO EXTRA DRY 45ML,3235 - MEN DEO ROLL ON,PERSONAL CARE,1.02,1.03,0.0098,24.5,12.67,-0.4829,1.04,1.09,0.0481,28624.0,29424.0,0.0279,29769.0,32072.0,0.0774,47.0,35.0,-0.2553
441842,KAHF MEN RO COOLING POWER 45ML,3235 - MEN DEO ROLL ON,PERSONAL CARE,1.02,1.0,-0.0196,29.5,13.33,-0.5481,1.07,1.08,0.0093,25432.0,25690.0,0.0101,27212.0,27745.0,0.0196,55.0,37.0,-0.3273
442210,KAHF MEN DEO RO CLN FRESH45ML,3235 - MEN DEO ROLL ON,PERSONAL CARE,1.08,1.0,-0.0741,13.0,6.0,-0.5385,1.04,1.0,-0.0385,26885.0,25194.0,-0.0629,27960.0,25194.0,-0.0989,25.0,18.0,-0.28
128704,NIVEA MEN RO INVIS B&W 50ML,3235 - MEN DEO ROLL ON,PERSONAL CARE,1.1,1.06,-0.0364,38.5,11.33,-0.7057,1.03,1.0,-0.0291,28052.0,27109.0,-0.0336,28894.0,27109.0,-0.0618,75.0,34.0,-0.5467
320164,NIVEA MEN RO COOL FRZE BLUE50ML,3235 - MEN DEO ROLL ON,PERSONAL CARE,1.02,1.0,-0.0196,20.5,8.0,-0.6098,1.02,1.0,-0.0196,25924.0,25633.0,-0.0112,26442.0,25633.0,-0.0306,40.0,24.0,-0.4
410913,NIVEA MEN RO DEEP DRY&CLN50ML,3235 - MEN DEO ROLL ON,PERSONAL CARE,1.12,1.08,-0.0357,20.0,8.0,-0.6,1.08,1.09,0.0093,28563.0,27988.0,-0.0201,30848.0,30507.0,-0.0111,37.0,22.0,-0.4054
415973,NIVEA MEN RO DEEP ESPRESSO 50ML,3235 - MEN DEO ROLL ON,PERSONAL CARE,1.05,,,9.5,,,1.0,,,25689.0,,,25689.0,,,19.0,,
426570,NIVEA MEN RO COOL FRZ GREEN50ML,3235 - MEN DEO ROLL ON,PERSONAL CARE,1.03,1.0,-0.0291,15.0,6.0,-0.6,1.0,1.0,0.0,26040.0,25633.0,-0.0156,26040.0,25633.0,-0.0156,30.0,18.0,-0.4
451021,NIVEA MEN DEO RO DERMA CNTR50ML,3235 - MEN DEO ROLL ON,PERSONAL CARE,,1.0,,,3.33,,,1.11,,,26200.0,,,29082.0,,,9.0,
426205,POSH MEN RO ACT COOL 50ML,3235 - MEN DEO ROLL ON,PERSONAL CARE,1.31,1.15,-0.1221,67.0,27.33,-0.5921,1.06,1.06,0.0,22207.0,19493.0,-0.1222,23539.0,20663.0,-0.1222,126.0,77.0,-0.3889
426834,POSH MEN RO ACT SPORT 50ML,3235 - MEN DEO ROLL ON,PERSONAL CARE,1.25,1.06,-0.152,70.5,36.33,-0.4847,1.09,1.11,0.0183,21225.0,18092.0,-0.1476,23135.0,20082.0,-0.132,129.0,98.0,-0.2403
431323,REXONA MEN RO SPORT DEF45ML NEW,3235 - MEN DEO ROLL ON,PERSONAL CARE,1.09,1.06,-0.0275,21.5,11.0,-0.4884,1.02,1.0,-0.0196,24609.0,23864.0,-0.0303,25101.0,23864.0,-0.0493,42.0,33.0,-0.2143
431324,REXONA MEN RO INVISIBLE DRY45ML,3235 - MEN DEO ROLL ON,PERSONAL CARE,1.08,1.04,-0.037,36.0,8.33,-0.7686,1.03,1.04,0.0097,24393.0,23416.0,-0.0401,25125.0,24353.0,-0.0307,70.0,24.0,-0.6571
431326,REXONA MEN RO ICE COOL45ML NEW,3235 - MEN DEO ROLL ON,PERSONAL CARE,1.12,1.03,-0.0804,41.0,21.33,-0.4798,1.08,1.1,0.0185,25273.0,23220.0,-0.0812,27295.0,25542.0,-0.0642,76.0,58.0,-0.2368
431328,REXONA MEN RO NAT FRSH LIME45ML,3235 - MEN DEO ROLL ON,PERSONAL CARE,1.02,1.06,0.0392,20.0,11.67,-0.4165,1.03,1.09,0.0583,29283.0,30140.0,0.0293,30161.0,32853.0,0.0893,39.0,32.0,-0.1795
431346,REXONA MEN RO INVIS ANTIBAC45ML,3235 - MEN DEO ROLL ON,PERSONAL CARE,1.0,,,0.5,,,1.0,,,25900.0,,,25900.0,,,1.0,,
431347,REXONA MEN RO ULT RECHARGE 45ML,3235 - MEN DEO ROLL ON,PERSONAL CARE,1.12,,,46.0,,,1.07,,,20870.0,,,22331.0,,,86.0,,
459076,REXONA MEN RO FIFA F.STRIKE40ML,3235 - MEN DEO ROLL ON,PERSONAL CARE,,1.04,,,8.0,,,1.04,,,23438.0,,,24376.0,,,23.0,
459077,REXONA MEN RO FIFA D.DFNDER40ML,3235 - MEN DEO ROLL ON,PERSONAL CARE,,1.11,,,3.0,,,1.0,,,25000.0,,,25000.0,,,9.0,
428847,AXE DS DARK TEMPTATION 135ML,3237 - MEN BODY SPRAY,PERSONAL CARE,1.0,1.0,0.0,4.0,2.0,-0.5,1.0,1.0,0.0,35563.0,35567.0,0.0001,35563.0,35567.0,0.0001,8.0,6.0,-0.25
428849,AXE DS BLACK 135ML,3237 - MEN BODY SPRAY,PERSONAL CARE,1.0,,,1.5,,,1.0,,,35500.0,,,35500.0,,,3.0,,
444866,AXE DS BLUE LAVENDER 135ML,3237 - MEN BODY SPRAY,PERSONAL CARE,1.0,1.0,0.0,5.5,2.0,-0.6364,1.1,1.0,-0.0909,44645.0,44500.0,-0.0032,49110.0,44500.0,-0.0939,10.0,6.0,-0.4
444867,AXE DS AQUA BERGAMOT 135ML,3237 - MEN BODY SPRAY,PERSONAL CARE,1.0,1.0,0.0,2.0,2.33,0.165,1.0,1.17,0.17,44600.0,44614.0,0.0003,44600.0,52198.0,0.1704,4.0,6.0,0.5
404618,POSH MEN BS BLACK GOLD 150ML,3237 - MEN BODY SPRAY,PERSONAL CARE,1.33,,,3.0,,,1.0,,,29167.0,,,29167.0,,,6.0,,
404619,POSH MEN BS COOL BLUE 150ML,3237 - MEN BODY SPRAY,PERSONAL CARE,1.1,1.07,-0.0273,20.0,14.0,-0.3,1.11,1.08,-0.027,27097.0,26095.0,-0.037,30078.0,28183.0,-0.063,36.0,39.0,0.0833
412950,POSH MEN BS RED EXTREME 150ML,3237 - MEN BODY SPRAY,PERSONAL CARE,1.07,1.07,0.0,7.5,4.67,-0.3773,1.15,1.08,-0.0609,26247.0,26164.0,-0.0032,30184.0,28257.0,-0.0638,13.0,13.0,0.0
448763,POSH MEN BS ICE AQUA FROST150ML,3237 - MEN BODY SPRAY,PERSONAL CARE,1.03,1.05,0.0194,16.0,14.67,-0.0831,1.03,1.1,0.068,24956.0,25380.0,0.017,25705.0,27918.0,0.0861,31.0,40.0,0.2903
423341,AXE POCKET DARK TEMPTATION 17ML,3238 - MEN COLOGNE,PERSONAL CARE,1.08,2.5,1.3148,6.0,0.67,-0.8883,1.2,1.0,-0.1667,15292.0,32500.0,1.1253,18350.0,32500.0,0.7711,10.0,2.0,-0.8
434768,AXE POCKET BLACK BLAST 17ML,3238 - MEN COLOGNE,PERSONAL CARE,1.0,,,1.5,,,1.0,,,13667.0,,,13667.0,,,3.0,,
230868,CASABLANCA B.MIST AQUA 100ML,3238 - MEN COLOGNE,PERSONAL CARE,1.0,1.05,0.05,14.0,12.33,-0.1193,1.08,1.12,0.037,18836.0,18868.0,0.0017,20343.0,21132.0,0.0388,26.0,33.0,0.2692
109046,BELLAGIO EDT/S.COLG RAVE 100ML,3239 - MEN PARFUME & EDT,PERSONAL CARE,1.12,1.25,0.1161,13.0,4.0,-0.6923,1.08,1.0,-0.0741,44958.0,49875.0,0.1094,48555.0,49875.0,0.0272,24.0,12.0,-0.5
403372,BELLAGIO EDP/EDT RAVE CLTR 50ML,3239 - MEN PARFUME & EDT,PERSONAL CARE,1.0,1.0,0.0,8.0,4.67,-0.4162,2.0,1.08,-0.46,29594.0,28900.0,-0.0235,59188.0,31212.0,-0.4727,8.0,13.0,0.625
426835,BELAGIO EDT/SCLG SPORT BLU100ML,3239 - MEN PARFUME & EDT,PERSONAL CARE,1.11,1.0,-0.0991,9.5,4.67,-0.5084,1.0,1.0,0.0,49421.0,44936.0,-0.0908,49421.0,44936.0,-0.0908,19.0,14.0,-0.2632
452102,BELAGIO EDP PRESTIGE BLUE 50ML,3239 - MEN PARFUME & EDT,PERSONAL CARE,,1.0,,,3.33,,,1.0,,,36540.0,,,36540.0,,,10.0,
444645,BRAVEN EDP CODE OUD WOOD 100ML,3239 - MEN PARFUME & EDT,PERSONAL CARE,1.0,1.0,0.0,7.5,3.33,-0.556,1.0,1.25,0.25,45500.0,45500.0,0.0,45500.0,56875.0,0.25,15.0,8.0,-0.4667
445015,BRAVEN EDP CODE COOL WATER 100M,3239 - MEN PARFUME & EDT,PERSONAL CARE,1.0,1.04,0.04,5.0,8.33,0.666,1.0,1.14,0.14,45500.0,47320.0,0.04,45500.0,53945.0,0.1856,10.0,22.0,1.2
459083,BRAVEN EXTRAIT AQUA 100ML,3239 - MEN PARFUME & EDT,PERSONAL CARE,,1.0,,,6.33,,,1.06,,,64900.0,,,68794.0,,,18.0,
407892,CASABLANCA EDT/S.COLG AQUA100ML,3239 - MEN PARFUME & EDT,PERSONAL CARE,1.0,1.08,0.08,9.5,12.0,0.2632,1.0,1.03,0.03,28574.0,30225.0,0.0578,28574.0,31132.0,0.0895,19.0,35.0,0.8421
416784,GATSBY EDT WHT UP SKY RFLCT50ML,3239 - MEN PARFUME & EDT,PERSONAL CARE,1.0,1.0,0.0,3.5,3.67,0.0486,1.0,1.0,0.0,32057.0,34982.0,0.0912,32057.0,34982.0,0.0912,7.0,11.0,0.5714
416785,GATSBY EDT WHT UP BLNC WOOD50ML,3239 - MEN PARFUME & EDT,PERSONAL CARE,1.0,1.0,0.0,4.0,2.33,-0.4175,1.0,1.0,0.0,32575.0,35043.0,0.0758,32575.0,35043.0,0.0758,8.0,7.0,-0.125
446366,GATSBY EDP BLUE AIR CODE 75ML,3239 - MEN PARFUME & EDT,PERSONAL CARE,1.0,1.08,0.08,6.5,4.0,-0.3846,1.0,1.0,0.0,38008.0,40833.0,0.0743,38008.0,40833.0,0.0743,13.0,12.0,-0.0769
446367,GATSBY EDP BOLD STAR CODE 75ML,3239 - MEN PARFUME & EDT,PERSONAL CARE,1.0,1.0,0.0,5.0,3.0,-0.4,1.0,1.12,0.12,37920.0,37667.0,-0.0067,37920.0,42187.0,0.1125,10.0,8.0,-0.2
426599,HOSE EDP BLUE 50ML,3239 - MEN PARFUME & EDT,PERSONAL CARE,1.0,,,1.5,,,1.0,,,35900.0,,,35900.0,,,3.0,,
434283,HOSE EDP GREY 50ML,3239 - MEN PARFUME & EDT,PERSONAL CARE,1.0,1.0,0.0,1.0,1.33,0.33,1.0,1.0,0.0,44400.0,44900.0,0.0113,44400.0,44900.0,0.0113,2.0,4.0,1.0
440290,HOSE EDP BLACK OUD 50ML,3239 - MEN PARFUME & EDT,PERSONAL CARE,1.0,1.0,0.0,5.0,2.67,-0.466,1.0,1.0,0.0,44900.0,44900.0,0.0,44900.0,44900.0,0.0,10.0,8.0,-0.2
443116,HOSE EDP BLUE SUPREME 50ML,3239 - MEN PARFUME & EDT,PERSONAL CARE,1.0,1.0,0.0,0.5,0.67,0.34,1.0,1.0,0.0,43900.0,35400.0,-0.1936,43900.0,35400.0,-0.1936,1.0,2.0,1.0
450290,HOSE EDP GREY SANTAL 50ML,3239 - MEN PARFUME & EDT,PERSONAL CARE,,1.5,,,0.67,,,1.0,,,67350.0,,,67350.0,,,2.0,
423641,KAHF EDT I.WTRFALL35ML (DD)(OL),3239 - MEN PARFUME & EDT,PERSONAL CARE,1.0,,,0.5,,,1.0,,,75000.0,,,75000.0,,,1.0,,
423642,KAHF EDT HMBL FRST35ML (DD)(OL),3239 - MEN PARFUME & EDT,PERSONAL CARE,1.0,,,0.5,,,1.0,,,75200.0,,,75200.0,,,1.0,,
426348,KAHF EDT REVRD OUD35ML (DD)(OL),3239 - MEN PARFUME & EDT,PERSONAL CARE,1.0,,,1.0,,,1.0,,,75000.0,,,75000.0,,,2.0,,
422812,MORRIS EDP LS METROPOLIS 100ML,3239 - MEN PARFUME & EDT,PERSONAL CARE,1.0,1.0,0.0,1.5,2.33,0.5533,1.0,1.0,0.0,44300.0,43986.0,-0.0071,44300.0,43986.0,-0.0071,3.0,7.0,1.3333
422868,MORRIS EDP LS CREATIVE 100ML,3239 - MEN PARFUME & EDT,PERSONAL CARE,1.0,1.0,0.0,1.5,2.67,0.78,1.5,1.0,-0.3333,43900.0,43950.0,0.0011,65850.0,43950.0,-0.3326,2.0,8.0,3.0
437797,MORRIS EDP BLACK WOODY 100ML,3239 - MEN PARFUME & EDT,PERSONAL CARE,1.0,1.0,0.0,2.5,3.0,0.2,1.0,1.0,0.0,48660.0,48500.0,-0.0033,48660.0,48500.0,-0.0033,5.0,9.0,0.8
437798,MORRIS EDP BLCK EDTN AQUA100ML,3239 - MEN PARFUME & EDT,PERSONAL CARE,1.0,1.0,0.0,1.0,2.0,1.0,1.0,1.0,0.0,48700.0,48700.0,0.0,48700.0,48700.0,0.0,2.0,6.0,2.0
443359,MORRIS EDP GREY VETIVER 100ML,3239 - MEN PARFUME & EDT,PERSONAL CARE,1.0,,,1.5,,,1.0,,,46967.0,,,46967.0,,,3.0,,
443360,MORRIS EDP WHITE FRESH 100ML,3239 - MEN PARFUME & EDT,PERSONAL CARE,1.0,1.0,0.0,4.5,3.67,-0.1844,1.0,1.0,0.0,48544.0,48682.0,0.0028,48544.0,48682.0,0.0028,9.0,11.0,0.2222
424322,NAPOLEON EDT NERO 100ML,3239 - MEN PARFUME & EDT,PERSONAL CARE,1.0,1.0,0.0,1.5,2.33,0.5533,1.0,1.0,0.0,65900.0,65900.0,0.0,65900.0,65900.0,0.0,3.0,7.0,1.3333
446784,NAPOLEON EDP NAVY 65ML,3239 - MEN PARFUME & EDT,PERSONAL CARE,1.0,1.09,0.09,8.0,3.67,-0.5412,1.0,1.0,0.0,41500.0,45273.0,0.0909,41500.0,45273.0,0.0909,16.0,11.0,-0.3125
433549,POSH MEN EDT RED BLT 100ML,3239 - MEN PARFUME & EDT,PERSONAL CARE,1.0,1.05,0.05,12.0,6.67,-0.4442,1.04,1.11,0.0673,30000.0,31560.0,0.052,31200.0,35032.0,0.1228,23.0,18.0,-0.2174
410776,ROMANO EDC FORCE 100ML,3239 - MEN PARFUME & EDT,PERSONAL CARE,1.0,1.0,0.0,1.5,1.33,-0.1133,1.0,1.0,0.0,56800.0,56925.0,0.0022,56800.0,56925.0,0.0022,3.0,4.0,0.3333
416398,ROMANO POCKET EDT FORCE 18ML,3239 - MEN PARFUME & EDT,PERSONAL CARE,1.04,1.06,0.0192,12.0,10.33,-0.1392,1.14,1.07,-0.0614,11854.0,12410.0,0.0469,13514.0,13279.0,-0.0174,21.0,29.0,0.381
433444,ROMANO EDT GRANDIOSE 100ML,3239 - MEN PARFUME & EDT,PERSONAL CARE,1.0,1.0,0.0,3.0,4.0,0.3333,1.0,1.0,0.0,56250.0,56625.0,0.0067,56250.0,56625.0,0.0067,6.0,12.0,1.0
440056,ROMANO POCKET EDT GRANDIOSE18ML,3239 - MEN PARFUME & EDT,PERSONAL CARE,1.06,,,8.5,,,1.0,,,11982.0,,,11982.0,,,17.0,,
440055,VITALIS MEN EDP MRNING RUN100ML,3239 - MEN PARFUME & EDT,PERSONAL CARE,1.0,1.0,0.0,3.5,5.0,0.4286,1.0,1.07,0.07,41586.0,41480.0,-0.0025,41586.0,44384.0,0.0673,7.0,14.0,1.0
451308,XCHANGE EXTRAIT AQUA MYTH 50ML,3239 - MEN PARFUME & EDT,PERSONAL CARE,,1.0,,,2.0,,,1.0,,,49750.0,,,49750.0,,,6.0,
451309,XCHANGE EXTRAIT NOIR ABSLT 50ML,3239 - MEN PARFUME & EDT,PERSONAL CARE,,1.0,,,1.33,,,1.0,,,49750.0,,,49750.0,,,4.0,
448279,AMATERASUN SUNSCREEN SPF35 40G,3240 - SUNSCREEN,PERSONAL CARE,1.0,1.0,0.0,7.5,5.33,-0.2893,1.07,1.0,-0.0654,39000.0,39000.0,0.0,41730.0,39000.0,-0.0654,14.0,16.0,0.1429
434857,AZARINE SUNSCREEN GELSPF45 30ML,3240 - SUNSCREEN,PERSONAL CARE,1.03,1.0,-0.0291,19.5,9.33,-0.5215,1.0,1.12,0.12,40428.0,39257.0,-0.029,40428.0,43968.0,0.0876,39.0,25.0,-0.359
436892,AZARINE SUNSC HYDRM40ML(DD)(OL),3240 - SUNSCREEN,PERSONAL CARE,1.0,,,1.0,,,1.0,,,54050.0,,,54050.0,,,2.0,,
439153,AZARINE SUNSCREEN CALMSPF35 40G,3240 - SUNSCREEN,PERSONAL CARE,1.0,1.0,0.0,17.0,5.33,-0.6865,1.0,1.0,0.0,39168.0,39119.0,-0.0013,39168.0,39119.0,-0.0013,34.0,16.0,-0.5294
442033,AZARINE SUNSCREEN HYD SPRAY50ML,3240 - SUNSCREEN,PERSONAL CARE,1.0,,,2.5,,,1.0,,,59760.0,,,59760.0,,,5.0,,
451725,AZZURA SUNSCREEN SPF50++ 30G,3240 - SUNSCREEN,PERSONAL CARE,,1.0,,,2.0,,,1.0,,,39500.0,,,39500.0,,,6.0,
433613,BIORE UV INSTANT COVR SPF50 30G,3240 - SUNSCREEN,PERSONAL CARE,1.03,1.11,0.0777,15.5,9.33,-0.3981,1.07,1.04,-0.028,41274.0,44193.0,0.0707,44163.0,45961.0,0.0407,29.0,27.0,-0.069
441687,BIORE UV SPF 50 ALOE 30G (OL),3240 - SUNSCREEN,PERSONAL CARE,1.5,,,1.0,,,1.0,,,52850.0,,,52850.0,,,2.0,,
445293,CLEAN FACE SUNSCREEN SPF50 30ML,3240 - SUNSCREEN,PERSONAL CARE,1.0,,,4.0,,,1.0,,,34750.0,,,34750.0,,,8.0,,
445635,DERMIES SUNSCREEN SPF30++30ML,3240 - SUNSCREEN,PERSONAL CARE,1.0,,,9.5,,,1.0,,,35000.0,,,35000.0,,,19.0,,
410498,EMINA SUN PRTC BATTLE S35 50ML,3240 - SUNSCREEN,PERSONAL CARE,1.0,1.0,0.0,10.0,2.0,-0.8,1.0,1.0,0.0,35380.0,37950.0,0.0726,35380.0,37950.0,0.0726,20.0,6.0,-0.7
443672,EMINA SUN BATTLE SPF50 CICA20ML,3240 - SUNSCREEN,PERSONAL CARE,1.0,,,2.5,,,1.0,,,27900.0,,,27900.0,,,5.0,,
451106,EMINA UV W. GEL SPF50++25ML(HB),3240 - SUNSCREEN,PERSONAL CARE,,1.0,,,0.33,,,1.0,,,38900.0,,,38900.0,,,1.0,
451106,EMINA UV WATER GEL SPF 50++25ML,3240 - SUNSCREEN,PERSONAL CARE,,1.0,,,2.0,,,1.0,,,38900.0,,,38900.0,,,6.0,
451869,FYNE SUNCREEN A.BARRIER 30ML,3240 - SUNSCREEN,PERSONAL CARE,,1.0,,,1.0,,,1.0,,,40900.0,,,40900.0,,,3.0,
448502,GARNIER SPR UV COOL 20ML (HB),3240 - SUNSCREEN,PERSONAL CARE,1.0,1.0,0.0,5.5,0.33,-0.94,1.0,1.0,0.0,42000.0,42000.0,0.0,42000.0,42000.0,0.0,11.0,1.0,-0.9091
434414,GLOW&LOVELY SPF35 + VIT C 40G,3240 - SUNSCREEN,PERSONAL CARE,1.08,1.0,-0.0741,6.5,1.67,-0.7431,1.0,1.0,0.0,41462.0,38680.0,-0.0671,41462.0,38680.0,-0.0671,13.0,5.0,-0.6154
465935,GLOW&LOVELY SNSC SPF50 30ML(HB),3240 - SUNSCREEN,PERSONAL CARE,,1.0,,,0.67,,,1.0,,,43500.0,,,43500.0,,,2.0,
465935,GLOW&LOVELY SUNSCRN SPF50++30ML,3240 - SUNSCREEN,PERSONAL CARE,1.0,,,3.0,,,1.0,,,43667.0,,,43667.0,,,6.0,,
431133,HANASUI SUNSCREEN SPF 50++ 30ML,3240 - SUNSCREEN,PERSONAL CARE,1.0,1.02,0.02,23.5,14.67,-0.3757,1.09,1.16,0.0642,38517.0,39580.0,0.0276,41984.0,45913.0,0.0936,43.0,38.0,-0.1163
436982,HANASUI SUNSCREEN SPF30 30ML,3240 - SUNSCREEN,PERSONAL CARE,1.0,1.05,0.05,16.0,7.0,-0.5625,1.0,1.05,0.05,27025.0,31676.0,0.1721,27025.0,33260.0,0.2307,32.0,20.0,-0.375
451253,HANASUI SUN CALM SPF 50++ 30ML,3240 - SUNSCREEN,PERSONAL CARE,,1.0,,,7.0,,,1.05,,,39510.0,,,41486.0,,,20.0,
448024,HOSE SUNSCREEN ADV PRTC OP 30ML,3240 - SUNSCREEN,PERSONAL CARE,1.0,1.0,0.0,1.5,1.0,-0.3333,1.0,1.0,0.0,45900.0,36300.0,-0.2092,45900.0,36300.0,-0.2092,3.0,3.0,0.0
435564,IMPLORA SUNSCREEN SPF40++50ML,3240 - SUNSCREEN,PERSONAL CARE,1.0,1.0,0.0,4.0,4.33,0.0825,1.0,1.08,0.08,44100.0,44508.0,0.0093,44100.0,48069.0,0.09,8.0,12.0,0.5
427249,KAHF SUNSCREEN MOIS SPF30 30ML,3240 - SUNSCREEN,PERSONAL CARE,1.0,1.0,0.0,4.5,4.33,-0.0378,1.0,1.0,0.0,47033.0,48000.0,0.0206,47033.0,48000.0,0.0206,9.0,13.0,0.4444
441358,NPURE CICA BEAT SUN35ML(DD)(OL),3240 - SUNSCREEN,PERSONAL CARE,1.0,,,0.5,,,1.0,,,93300.0,,,93300.0,,,1.0,,
438519,PIGEON TEEN SUNSC SPF3530ML,3240 - SUNSCREEN,PERSONAL CARE,1.0,1.0,0.0,6.0,2.67,-0.555,1.0,1.0,0.0,42900.0,43500.0,0.014,42900.0,43500.0,0.014,12.0,8.0,-0.3333
437791,PINKBERRY SUNSCREEN SPF40+ 30ML,3240 - SUNSCREEN,PERSONAL CARE,,1.0,,,0.33,,,1.0,,,49900.0,,,49900.0,,,1.0,
440937,POND'S SUN SERUM SPF50 30G (OL),3240 - SUNSCREEN,PERSONAL CARE,1.0,,,0.5,,,1.0,,,124500.0,,,124500.0,,,1.0,,
447472,PONDS UV BRIGHT SPF35 25G(OL),3240 - SUNSCREEN,PERSONAL CARE,3.0,,,1.0,,,1.0,,,102000.0,,,102000.0,,,2.0,,
447473,PONDS UV BRGHT SPF50 25G(OL),3240 - SUNSCREEN,PERSONAL CARE,1.67,,,1.5,,,1.5,,,102500.0,,,153750.0,,,2.0,,
448280,PONDS UV MIRACLE BRG SPF50 15G,3240 - SUNSCREEN,PERSONAL CARE,1.2,,,17.5,,,1.13,,,46680.0,,,52748.0,,,31.0,,
448280,PONDS UV MRCL BRG SPF50 15G(HB),3240 - SUNSCREEN,PERSONAL CARE,,1.0,,,3.33,,,1.0,,,38900.0,,,38900.0,,,10.0,
444777,SA SUNSCREEN SPF30 SRM 30G (OL),3240 - SUNSCREEN,PERSONAL CARE,1.0,,,0.5,,,1.0,,,34700.0,,,34700.0,,,1.0,,
443300,SCARLETT SUNSCRN UL SPF50 30ML,3240 - SUNSCREEN,PERSONAL CARE,1.08,1.0,-0.0741,12.0,6.0,-0.5,1.04,1.0,-0.0385,43275.0,39900.0,-0.078,45006.0,39900.0,-0.1135,23.0,18.0,-0.2174
452007,SCARLETT SUNSCR ACNE SPF35 30ML,3240 - SUNSCREEN,PERSONAL CARE,,1.0,,,1.33,,,1.0,,,39900.0,,,39900.0,,,4.0,
448449,SHINZU'I SUNSCREEN SPF35 30G,3240 - SUNSCREEN,PERSONAL CARE,1.0,,,5.5,,,1.0,,,39000.0,,,39000.0,,,11.0,,
448449,SHINZU'I SUNSCRN SPF35 30G (HB),3240 - SUNSCREEN,PERSONAL CARE,,1.17,,,2.0,,,1.2,,,45500.0,,,54600.0,,,5.0,
437217,SKINTIFIC SNSC MS50ML(DD)(OL),3240 - SUNSCREEN,PERSONAL CARE,1.0,,,0.5,,,1.0,,,86300.0,,,86300.0,,,1.0,,
439220,SKINTIFIC SNSC MST120ML(DD)(OL),3240 - SUNSCREEN,PERSONAL CARE,1.33,,,1.5,,,1.0,,,138800.0,,,138800.0,,,3.0,,
440263,THE ORIGINOTE SCRN CR SPF50 50G,3240 - SUNSCREEN,PERSONAL CARE,1.14,1.0,-0.1228,3.5,1.33,-0.62,1.0,1.0,0.0,54157.0,48400.0,-0.1063,54157.0,48400.0,-0.1063,7.0,4.0,-0.4286
424126,WARDAH UV SHIELD SPF35 40ML,3240 - SUNSCREEN,PERSONAL CARE,1.08,1.0,-0.0741,13.0,3.67,-0.7177,1.04,1.1,0.0577,43523.0,47664.0,0.0951,45264.0,52430.0,0.1583,25.0,10.0,-0.6
439633,WARDAH UV SHIELD SPF50+25ML,3240 - SUNSCREEN,PERSONAL CARE,1.0,1.0,0.0,19.5,6.33,-0.6754,1.03,1.0,-0.0291,40295.0,40563.0,0.0067,41504.0,40563.0,-0.0227,38.0,19.0,-0.5
444148,WARDAH UV SHLD ACNE SPF35++35ML,3240 - SUNSCREEN,PERSONAL CARE,1.0,1.0,0.0,25.0,6.67,-0.7332,1.02,1.05,0.0294,40294.0,40375.0,0.002,41100.0,42394.0,0.0315,49.0,19.0,-0.6122
114383,ACNES FW FIGHTS BAC&ACNE CR 50G,3241 - FACIAL WASH SOAP,PERSONAL CARE,1.0,1.09,0.09,38.0,15.67,-0.5876,1.04,1.09,0.0481,20038.0,22440.0,0.1199,20840.0,24460.0,0.1737,73.0,43.0,-0.411
144629,ACNES FF OIL CTRL 100G(DD)(OL),3241 - FACIAL WASH SOAP,PERSONAL CARE,1.0,,,2.0,,,1.33,,,30300.0,,,40299.0,,,3.0,,
144630,ACNES FF DEEP PORE 100G(OL),3241 - FACIAL WASH SOAP,PERSONAL CARE,1.0,,,1.5,,,1.0,,,30267.0,,,30267.0,,,3.0,,
320036,ACNES FW COMPLETE WHITE 50G,3241 - FACIAL WASH SOAP,PERSONAL CARE,1.02,1.05,0.0294,23.0,14.0,-0.3913,1.07,1.14,0.0654,21433.0,21895.0,0.0216,22933.0,24960.0,0.0884,43.0,37.0,-0.1395
321744,BDL FW BRIGHT PAPAYA 100G,3241 - FACIAL WASH SOAP,PERSONAL CARE,1.0,1.03,0.03,12.5,11.0,-0.12,1.0,1.06,0.06,26500.0,27700.0,0.0453,26500.0,29362.0,0.108,25.0,31.0,0.24
261756,BIORE PORE PACK BLACK 4S,3241 - FACIAL WASH SOAP,PERSONAL CARE,1.11,1.0,-0.0991,13.5,2.0,-0.8519,1.0,1.0,0.0,16852.0,15333.0,-0.0901,16852.0,15333.0,-0.0901,27.0,6.0,-0.7778
416290,CETAPHIL GNTL SKIN CLS 59ML(HB),3241 - FACIAL WASH SOAP,PERSONAL CARE,1.0,1.0,0.0,4.5,0.67,-0.8511,1.0,1.0,0.0,55944.0,56500.0,0.0099,55944.0,56500.0,0.0099,9.0,2.0,-0.7778
824904,CETAPHIL CLNSR GENTLE 500ML(OL),3241 - FACIAL WASH SOAP,PERSONAL CARE,1.0,,,0.5,,,1.0,,,215000.0,,,215000.0,,,1.0,,
110208,CLEAN&CLEAR OIL C.FILM BLUE 60S,3241 - FACIAL WASH SOAP,PERSONAL CARE,1.0,1.2,0.2,3.5,1.67,-0.5229,1.0,1.0,0.0,36757.0,49100.0,0.3358,36757.0,49100.0,0.3358,7.0,5.0,-0.2857
116409,CLEAN&CLEAR FF ESS FOAMING100ML,3241 - FACIAL WASH SOAP,PERSONAL CARE,1.06,1.0,-0.0566,39.0,6.67,-0.829,1.07,1.0,-0.0654,31436.0,31265.0,-0.0054,33637.0,31265.0,-0.0705,73.0,20.0,-0.726
446475,CLEAN&CLEAR FW VIT C 100ML,3241 - FACIAL WASH SOAP,PERSONAL CARE,1.12,1.06,-0.0536,28.5,12.0,-0.5789,1.08,1.06,-0.0185,33186.0,32939.0,-0.0074,35841.0,34915.0,-0.0258,53.0,34.0,-0.3585
440079,COSRX LOW PH CLNSR50ML(DD)(OL),3241 - FACIAL WASH SOAP,PERSONAL CARE,1.0,,,0.5,,,1.0,,,59000.0,,,59000.0,,,1.0,,
445634,DERMIES FW PH BALANCE 60G,3241 - FACIAL WASH SOAP,PERSONAL CARE,1.05,,,22.0,,,1.13,,,36591.0,,,41348.0,,,39.0,,
110853,DREAM FAC SOAP PAPAYA 100G (HB),3241 - FACIAL WASH SOAP,PERSONAL CARE,1.0,1.0,0.0,11.5,0.67,-0.9417,1.0,1.0,0.0,18139.0,19200.0,0.0585,18139.0,19200.0,0.0585,23.0,2.0,-0.913
413641,EMINA FF BRIGHT STUFF 50ML,3241 - FACIAL WASH SOAP,PERSONAL CARE,1.0,1.0,0.0,25.0,5.0,-0.8,1.02,1.0,-0.0196,21980.0,23460.0,0.0673,22420.0,23460.0,0.0464,49.0,15.0,-0.6939
416816,EMINA FF NIACINAMIDE 100ML,3241 - FACIAL WASH SOAP,PERSONAL CARE,,1.0,,,3.67,,,1.0,,,35500.0,,,35500.0,,,11.0,
422922,EMINA FF BRG STUFF ACNE50ML(HB),3241 - FACIAL WASH SOAP,PERSONAL CARE,,1.0,,,0.33,,,1.0,,,24500.0,,,24500.0,,,1.0,
422922,EMINA FF BRIGHT STUFF ACNE 50ML,3241 - FACIAL WASH SOAP,PERSONAL CARE,1.0,,,12.5,,,1.04,,,23736.0,,,24685.0,,,24.0,,
10124,GARNIER FF BC FOAM 50ML,3241 - FACIAL WASH SOAP,PERSONAL CARE,1.0,1.0,0.0,10.5,4.33,-0.5876,1.05,1.08,0.0286,26543.0,26677.0,0.005,27870.0,28811.0,0.0338,20.0,12.0,-0.4
114085,GARNIER FF BRGHT CMPLT 100ML,3241 - FACIAL WASH SOAP,PERSONAL CARE,1.16,1.43,0.2328,28.5,20.33,-0.2867,1.04,1.27,0.2212,48016.0,59133.0,0.2315,49937.0,75099.0,0.5039,55.0,48.0,-0.1273
144254,GARNIER FFBRGT CMPLT SCRUB100ML,3241 - FACIAL WASH SOAP,PERSONAL CARE,1.14,1.34,0.1754,25.0,22.33,-0.1068,1.06,1.26,0.1887,47380.0,55709.0,0.1758,50223.0,70193.0,0.3976,47.0,53.0,0.1277
320082,GARNIER FF SAKURA GLOW 100ML,3241 - FACIAL WASH SOAP,PERSONAL CARE,1.07,1.5,0.4019,22.0,18.0,-0.1818,1.07,1.38,0.2897,44352.0,62180.0,0.402,47457.0,85808.0,0.8081,41.0,39.0,-0.0488
446339,GARNIER FW BC SRM VIT C 100ML,3241 - FACIAL WASH SOAP,PERSONAL CARE,1.06,1.18,0.1132,16.0,7.33,-0.5419,1.0,1.1,0.1,46231.0,52814.0,0.1424,46231.0,58095.0,0.2566,32.0,20.0,-0.375
437306,GINZA FW BRGT MOUSSE 110ML,3241 - FACIAL WASH SOAP,PERSONAL CARE,1.0,1.0,0.0,10.5,0.33,-0.9686,1.0,1.0,0.0,39500.0,39500.0,0.0,39500.0,39500.0,0.0,21.0,1.0,-0.9524
437309,GINZA FW ACNE MOUSSE 110ML,3241 - FACIAL WASH SOAP,PERSONAL CARE,1.0,,,4.5,,,1.0,,,39500.0,,,39500.0,,,9.0,,
437309,GINZA FW ACNE MOUSSE 110ML (HB),3241 - FACIAL WASH SOAP,PERSONAL CARE,,1.0,,,1.0,,,1.0,,,39500.0,,,39500.0,,,3.0,
443125,GLAD2GLOW MLK AMN ACD CLNS80G,3241 - FACIAL WASH SOAP,PERSONAL CARE,1.0,1.0,0.0,6.5,5.33,-0.18,1.0,1.07,0.07,42300.0,43963.0,0.0393,42300.0,47040.0,0.1121,13.0,15.0,0.1538
443194,GLAD2GLOW FW BLUBERRY 70ML,3241 - FACIAL WASH SOAP,PERSONAL CARE,1.02,1.0,-0.0196,22.5,10.33,-0.5409,1.05,1.07,0.019,43453.0,40897.0,-0.0588,45626.0,43760.0,-0.0409,43.0,29.0,-0.3256
446317,GLAD2GLOW FW CENTELLA S.ACD70ML,3241 - FACIAL WASH SOAP,PERSONAL CARE,1.0,1.0,0.0,11.0,9.67,-0.1209,1.22,1.26,0.0328,42373.0,42207.0,-0.0039,51695.0,53181.0,0.0287,18.0,23.0,0.2778
450975,GLAD2GLOW FW VITA C POWER 80G,3241 - FACIAL WASH SOAP,PERSONAL CARE,,1.0,,,0.67,,,1.0,,,43900.0,,,43900.0,,,2.0,
451639,GLAD2GLOW FW MATCHA ACNE 80G,3241 - FACIAL WASH SOAP,PERSONAL CARE,,1.0,,,2.0,,,1.2,,,46883.0,,,56260.0,,,5.0,
451832,GLAD2GLOW FW LOW PH GENT 70ML,3241 - FACIAL WASH SOAP,PERSONAL CARE,,1.0,,,1.33,,,1.0,,,40875.0,,,40875.0,,,4.0,
451833,GLAD2GLOW FW DEEP PORE 70ML,3241 - FACIAL WASH SOAP,PERSONAL CARE,,1.0,,,3.67,,,1.0,,,40873.0,,,40873.0,,,11.0,
451835,GLAD2GLOW MCLR WTR PEACH 130ML,3241 - FACIAL WASH SOAP,PERSONAL CARE,,1.0,,,1.33,,,1.0,,,30300.0,,,30300.0,,,4.0,
400443,GLOW&LOVELY FF MULTI VIT 100G,3241 - FACIAL WASH SOAP,PERSONAL CARE,1.57,2.3,0.465,44.5,32.33,-0.2735,1.09,1.17,0.0734,54167.0,79338.0,0.4647,59042.0,92825.0,0.5722,82.0,83.0,0.0122
400498,GLOW&LOVELY FF MULTI VIT 50G,3241 - FACIAL WASH SOAP,PERSONAL CARE,1.0,1.0,0.0,10.0,9.0,-0.1,1.0,1.08,0.08,20470.0,21781.0,0.064,20470.0,23523.0,0.1491,20.0,25.0,0.25
424005,GLOW&LOVELY FF VIT C GLOW 100G,3241 - FACIAL WASH SOAP,PERSONAL CARE,1.66,2.26,0.3614,25.0,16.67,-0.3332,1.06,1.14,0.0755,57176.0,78058.0,0.3652,60607.0,88986.0,0.4682,47.0,44.0,-0.0638
126108,HADA LABO FF ULTIMATE MOIST 50G,3241 - FACIAL WASH SOAP,PERSONAL CARE,,1.0,,,10.33,,,1.11,,,28900.0,,,32079.0,,,28.0,
126109,HADA LABO FF ULTIMATE WHTN 50G,3241 - FACIAL WASH SOAP,PERSONAL CARE,,1.0,,,10.67,,,1.03,,,28891.0,,,29758.0,,,31.0,
128691,HIMALAYA FF PURIFY NEEM 100ML,3241 - FACIAL WASH SOAP,PERSONAL CARE,1.03,1.05,0.0194,15.5,6.67,-0.5697,1.03,1.11,0.0777,41358.0,37800.0,-0.086,42599.0,41958.0,-0.015,30.0,18.0,-0.4
414281,HIMALAYA FW MOIST ALOE100ML(OL),3241 - FACIAL WASH SOAP,PERSONAL CARE,1.0,,,1.5,,,1.0,,,35000.0,,,35000.0,,,3.0,,
439535,HIMALAYA FW NEEM 150ML(OL),3241 - FACIAL WASH SOAP,PERSONAL CARE,1.0,,,0.5,,,1.0,,,50600.0,,,50600.0,,,1.0,,
445214,HIMALAYA FW DARK SPOT 100ML(OL),3241 - FACIAL WASH SOAP,PERSONAL CARE,1.0,,,2.0,,,1.0,,,31950.0,,,31950.0,,,4.0,,
128432,JF FF ANTI ACNE 70G,3241 - FACIAL WASH SOAP,PERSONAL CARE,1.0,,,10.5,,,1.05,,,25919.0,,,27215.0,,,20.0,,
807764,JF SULFUR FF ACNE PROTC 70G(OL),3241 - FACIAL WASH SOAP,PERSONAL CARE,1.33,,,1.5,,,1.5,,,31867.0,,,47800.0,,,2.0,,
441595,KOJIC PLNKTN F.SOAP BRGHT 90G,3241 - FACIAL WASH SOAP,PERSONAL CARE,1.0,1.09,0.09,11.5,7.33,-0.3626,1.1,1.0,-0.0909,29130.0,32150.0,0.1037,32043.0,32150.0,0.0033,21.0,22.0,0.0476
128984,KOJIE.SAN SOAP DREAM WHT65G(HB),3241 - FACIAL WASH SOAP,PERSONAL CARE,1.09,1.0,-0.0826,11.5,2.33,-0.7974,1.05,1.4,0.3333,21630.0,19971.0,-0.0767,22712.0,27959.0,0.231,22.0,5.0,-0.7727
320057,KOJIE SAN SOAP S.LIGHTENING 65G,3241 - FACIAL WASH SOAP,PERSONAL CARE,1.14,1.18,0.0351,72.0,24.67,-0.6574,1.19,1.28,0.0756,19939.0,22242.0,0.1155,23727.0,28470.0,0.1999,121.0,58.0,-0.5207
427224,KOJIE SAN B.SOAP HYDROMOIST 65G,3241 - FACIAL WASH SOAP,PERSONAL CARE,1.04,1.13,0.0865,36.0,15.33,-0.5742,1.04,1.02,-0.0192,21819.0,23780.0,0.0899,22692.0,24256.0,0.0689,69.0,45.0,-0.3478
431010,KOJIE SAN SOAP BANDED TRVL4X30G,3241 - FACIAL WASH SOAP,PERSONAL CARE,1.0,1.04,0.04,9.5,8.0,-0.1579,1.0,1.04,0.04,30900.0,33021.0,0.0686,30900.0,34342.0,0.1114,19.0,23.0,0.2105
431198,LOREAL FW GLYCOLIC100ML(DD)(OL),3241 - FACIAL WASH SOAP,PERSONAL CARE,1.0,,,1.0,,,1.0,,,62000.0,,,62000.0,,,2.0,,
431199,LOREAL FW GLYCOLIC 50ML(OL),3241 - FACIAL WASH SOAP,PERSONAL CARE,1.0,,,0.5,,,1.0,,,33600.0,,,33600.0,,,1.0,,
211240,NIVEA FF SPARKLING BRIGHT 100G,3241 - FACIAL WASH SOAP,PERSONAL CARE,1.03,,,14.5,,,1.12,,,39152.0,,,43850.0,,,26.0,,
211240,NIVEA FF SPRKL BRGHT 100G (HB),3241 - FACIAL WASH SOAP,PERSONAL CARE,,1.0,,,0.33,,,1.0,,,37700.0,,,37700.0,,,1.0,
117803,PIGEON FF 100G,3241 - FACIAL WASH SOAP,PERSONAL CARE,1.0,1.05,0.05,19.5,12.67,-0.3503,1.0,1.03,0.03,25972.0,27313.0,0.0516,25972.0,28132.0,0.0832,39.0,37.0,-0.0513
428513,PIGEON FF ACNE CARE 100ML,3241 - FACIAL WASH SOAP,PERSONAL CARE,1.0,,,3.5,,,1.0,,,29586.0,,,29586.0,,,7.0,,
434694,PIGEON TEEN FF DM 100G(DD)(OL),3241 - FACIAL WASH SOAP,PERSONAL CARE,1.0,,,4.5,,,1.0,,,26011.0,,,26011.0,,,9.0,,
437815,PINKBERRY FW CLNSR BRIGHT 100ML,3241 - FACIAL WASH SOAP,PERSONAL CARE,1.0,1.0,0.0,1.0,3.0,2.0,1.0,1.0,0.0,29900.0,29900.0,0.0,29900.0,29900.0,0.0,2.0,9.0,3.5
437816,PINKBERRY FF CLNSR AHACNE 100ML,3241 - FACIAL WASH SOAP,PERSONAL CARE,1.0,1.0,0.0,0.5,0.67,0.34,1.0,1.0,0.0,29900.0,29900.0,0.0,29900.0,29900.0,0.0,1.0,2.0,1.0
412898,POISE FF LUMINOUS WHITE 100G,3241 - FACIAL WASH SOAP,PERSONAL CARE,1.06,1.07,0.0094,63.5,24.33,-0.6169,1.02,1.14,0.1176,29513.0,31205.0,0.0573,30103.0,35574.0,0.1817,124.0,64.0,-0.4839
413904,POISE FF CLEAR SHINE 100G,3241 - FACIAL WASH SOAP,PERSONAL CARE,1.02,1.1,0.0784,22.0,13.67,-0.3786,1.05,1.08,0.0286,28534.0,32056.0,0.1234,29961.0,34620.0,0.1555,42.0,38.0,-0.0952
428674,POISE FF ANTI BACTERIAL 100G,3241 - FACIAL WASH SOAP,PERSONAL CARE,1.02,1.0,-0.0196,22.5,7.67,-0.6591,1.05,1.21,0.1524,28576.0,29204.0,0.022,30005.0,35337.0,0.1777,43.0,19.0,-0.5581
400491,POND'S FF P.WHT POLLUTION 100G,3241 - FACIAL WASH SOAP,PERSONAL CARE,1.25,2.43,0.944,45.5,24.0,-0.4725,1.21,1.38,0.1405,53143.0,103525.0,0.948,64303.0,142864.0,1.2217,75.0,52.0,-0.3067
400492,POND'S FF WHITE BRIGHT BTY100G,3241 - FACIAL WASH SOAP,PERSONAL CARE,1.52,2.76,0.8158,76.5,45.0,-0.4118,1.27,1.61,0.2677,61695.0,111659.0,0.8099,78353.0,179771.0,1.2944,120.0,84.0,-0.3
400493,POND'S FF WB PINKISH WHT 50G,3241 - FACIAL WASH SOAP,PERSONAL CARE,1.0,1.0,0.0,13.0,4.0,-0.6923,1.04,1.0,-0.0385,26812.0,27467.0,0.0244,27884.0,27467.0,-0.015,25.0,12.0,-0.52
425492,POND'S FF BRIGHT WHIP CLGN 100G,3241 - FACIAL WASH SOAP,PERSONAL CARE,1.0,1.65,0.65,13.0,11.33,-0.1285,1.04,1.13,0.0865,50554.0,78303.0,0.5489,52576.0,88482.0,0.6829,25.0,30.0,0.2
448422,PONDS FW GENT CERA-HYAMINO 90ML,3241 - FACIAL WASH SOAP,PERSONAL CARE,1.0,2.57,1.57,10.5,4.67,-0.5552,1.05,1.0,-0.0476,42900.0,110336.0,1.5719,45045.0,110336.0,1.4495,20.0,14.0,-0.3
407111,RDL FACE SOAP PAPAYA 135G,3241 - FACIAL WASH SOAP,PERSONAL CARE,1.0,1.0,0.0,7.5,7.33,-0.0227,1.0,1.0,0.0,37673.0,37659.0,-0.0004,37673.0,37659.0,-0.0004,15.0,22.0,0.4667
428147,SAFI ACNE EXP WF SEBUM 100G(OL),3241 - FACIAL WASH SOAP,PERSONAL CARE,1.0,,,0.5,,,1.0,,,33400.0,,,33400.0,,,1.0,,
432848,SAFI WH NAT BRIGHT GF 50GR (OL),3241 - FACIAL WASH SOAP,PERSONAL CARE,1.0,,,1.5,,,1.0,,,15900.0,,,15900.0,,,3.0,,
117286,SARIAYU FF ANTI ACNE 75G (HB),3241 - FACIAL WASH SOAP,PERSONAL CARE,1.04,1.0,-0.0385,13.5,0.67,-0.9504,1.12,1.0,-0.1071,29674.0,31500.0,0.0615,33235.0,31500.0,-0.0522,24.0,2.0,-0.9167
428735,SCARLETT FW BRIGHT 100ML (HB),3241 - FACIAL WASH SOAP,PERSONAL CARE,1.07,1.0,-0.0654,7.5,0.67,-0.9107,1.07,1.0,-0.0654,53227.0,49900.0,-0.0625,56953.0,49900.0,-0.1238,14.0,2.0,-0.8571
451402,SCARLETT FW LOW PH ACNE 70ML,3241 - FACIAL WASH SOAP,PERSONAL CARE,,1.0,,,1.0,,,1.0,,,39500.0,,,39500.0,,,3.0,
451403,SCARLETT FW LOW PH BRIGHT 70ML,3241 - FACIAL WASH SOAP,PERSONAL CARE,,1.0,,,3.0,,,1.0,,,39500.0,,,39500.0,,,9.0,
446636,SCORA FW SALICYLIC 75ML,3241 - FACIAL WASH SOAP,PERSONAL CARE,1.0,1.0,0.0,21.0,14.33,-0.3176,1.11,1.13,0.018,38943.0,38874.0,-0.0018,43227.0,43928.0,0.0162,38.0,38.0,0.0
442050,SENKA FW P.WHIP BEAUTY 50G (HB),3241 - FACIAL WASH SOAP,PERSONAL CARE,1.05,,,10.0,,,1.11,,,40425.0,,,44872.0,,,18.0,,
444210,SENKA FF ACNE CARE 100G (OL),3241 - FACIAL WASH SOAP,PERSONAL CARE,1.0,,,0.5,,,1.0,,,74700.0,,,74700.0,,,1.0,,
444212,SENKA FF PERFECT WHITE 100G(OL),3241 - FACIAL WASH SOAP,PERSONAL CARE,1.0,,,0.5,,,1.0,,,57500.0,,,57500.0,,,1.0,,
229088,SHINZU'I FW NIA-C WHT 80+20ML,3241 - FACIAL WASH SOAP,PERSONAL CARE,1.04,1.04,0.0,38.5,15.0,-0.6104,1.03,1.15,0.1165,32104.0,32273.0,0.0053,33067.0,37114.0,0.1224,75.0,39.0,-0.48
321116,SHINZU'I FW NIA C CICA 80+20ML,3241 - FACIAL WASH SOAP,PERSONAL CARE,1.0,,,11.0,,,1.0,,,30800.0,,,30800.0,,,22.0,,
321116,SHINZU'I FW NIA CICA80+20ML(HB),3241 - FACIAL WASH SOAP,PERSONAL CARE,,1.0,,,2.33,,,1.0,,,30971.0,,,30971.0,,,7.0,
439192,SOMETHINC LOW JLY CLN 40ML (HB),3241 - FACIAL WASH SOAP,PERSONAL CARE,1.0,,,14.0,,,1.04,,,43000.0,,,44720.0,,,27.0,,
403227,WARDAH FF CRYTL SECRET AHA100ML,3241 - FACIAL WASH SOAP,PERSONAL CARE,1.0,1.09,0.09,20.5,7.33,-0.6424,1.0,1.05,0.05,44500.0,49655.0,0.1158,44500.0,52138.0,0.1716,41.0,21.0,-0.4878
408127,WARDAH FF C-DEFENSE 100ML,3241 - FACIAL WASH SOAP,PERSONAL CARE,1.07,1.0,-0.0654,7.0,2.67,-0.6186,1.17,1.14,-0.0256,43821.0,41012.0,-0.0641,51271.0,46754.0,-0.0881,12.0,7.0,-0.4167
411988,WARDAH FF BRIGHT+OIL 100ML,3241 - FACIAL WASH SOAP,PERSONAL CARE,1.06,1.0,-0.0566,24.5,6.67,-0.7278,1.0,1.05,0.05,38171.0,36460.0,-0.0448,38171.0,38283.0,0.0029,49.0,19.0,-0.6122
411989,WARDAH FF BRIGHT+SMOOTH 100ML,3241 - FACIAL WASH SOAP,PERSONAL CARE,1.02,1.1,0.0784,21.0,7.0,-0.6667,1.02,1.05,0.0294,36798.0,40114.0,0.0901,37534.0,42120.0,0.1222,41.0,20.0,-0.5122
421494,WARDAH FF LG WHIP 100 ML,3241 - FACIAL WASH SOAP,PERSONAL CARE,1.0,1.0,0.0,9.5,7.33,-0.2284,1.0,1.05,0.05,38932.0,39473.0,0.0139,38932.0,41447.0,0.0646,19.0,21.0,0.1053
432277,YOU FF AMINO AC-TTACK 100G,3241 - FACIAL WASH SOAP,PERSONAL CARE,1.0,1.0,0.0,7.5,4.33,-0.4227,1.0,1.0,0.0,30900.0,30900.0,0.0,30900.0,30900.0,0.0,15.0,13.0,-0.1333
440342,YOU RAD GLW FW 100G(DD)(OL),3241 - FACIAL WASH SOAP,PERSONAL CARE,1.0,,,1.5,,,1.0,,,39033.0,,,39033.0,,,3.0,,
447446,YOU FF AMINO GLW 100G (HB),3241 - FACIAL WASH SOAP,PERSONAL CARE,1.0,,,4.0,,,1.0,,,30900.0,,,30900.0,,,8.0,,
408525,VIVA MILK CLEAN BENGKOANG 200ML,3242 - FACIAL CLEANSER MILK,PERSONAL CARE,1.04,1.03,-0.0096,56.5,22.67,-0.5988,1.06,1.06,0.0,17195.0,17085.0,-0.0064,18227.0,18110.0,-0.0064,107.0,64.0,-0.4019
432247,HANASUI F&G SPRAY60ML (DD)(OL),3243 - FACIAL CLEANSER TONIC,PERSONAL CARE,1.5,,,1.0,,,1.0,,,41250.0,,,41250.0,,,2.0,,
441270,NPURE BRIGHTENING PAD 17.5G(OL),3243 - FACIAL CLEANSER TONIC,PERSONAL CARE,1.0,,,0.5,,,1.0,,,23900.0,,,23900.0,,,1.0,,
213741,OVALE FAC LOT PRFT LMNS 200ML,3243 - FACIAL CLEANSER TONIC,PERSONAL CARE,1.0,1.0,0.0,15.5,7.67,-0.5052,1.03,1.05,0.0194,35810.0,35461.0,-0.0097,36884.0,37234.0,0.0095,30.0,22.0,-0.2667
219729,OVALE FAC LOT A.ACNE 200ML (HB),3243 - FACIAL CLEANSER TONIC,PERSONAL CARE,1.0,1.0,0.0,7.0,0.33,-0.9529,1.17,1.0,-0.1453,35529.0,35500.0,-0.0008,41569.0,35500.0,-0.146,12.0,1.0,-0.9167
419214,SAFI UB 2IN1 CLNSR&TNR150ML(OL),3243 - FACIAL CLEANSER TONIC,PERSONAL CARE,1.0,,,1.0,,,2.0,,,47700.0,,,95400.0,,,1.0,,
408526,VIVA TONER BENGKOANG 200ML,3243 - FACIAL CLEANSER TONIC,PERSONAL CARE,1.06,1.0,-0.0566,39.5,18.67,-0.5273,1.05,1.08,0.0286,17073.0,15970.0,-0.0646,17927.0,17248.0,-0.0379,75.0,52.0,-0.3067
427428,VIVA AIR MAWAR 200ML,3243 - FACIAL CLEANSER TONIC,PERSONAL CARE,1.05,1.0,-0.0476,46.5,26.33,-0.4338,1.07,1.07,0.0,13938.0,13073.0,-0.0621,14914.0,13988.0,-0.0621,87.0,74.0,-0.1494
320188,WARDAH TONER ACNE PORE100ML(OL),3243 - FACIAL CLEANSER TONIC,PERSONAL CARE,1.0,,,1.0,,,1.0,,,32450.0,,,32450.0,,,2.0,,
437200,WHITELAB BRG TNR100ML(DD)(OL),3243 - FACIAL CLEANSER TONIC,PERSONAL CARE,1.0,,,0.5,,,1.0,,,44900.0,,,44900.0,,,1.0,,
450611,EMINA MCLR HYBR&SMTH 300ML (HB),3244 - CLEANSER,PERSONAL CARE,,1.0,,,1.67,,,1.0,,,50020.0,,,50020.0,,,5.0,
450611,EMINA MCLR HYBRG&SMOOTH 300ML,3244 - CLEANSER,PERSONAL CARE,1.0,1.0,0.0,1.0,0.33,-0.67,1.0,1.0,0.0,49900.0,50900.0,0.02,49900.0,50900.0,0.02,2.0,1.0,-0.5
444721,FACETOLOGY ACNE MCLR WTR 100ML,3244 - CLEANSER,PERSONAL CARE,1.0,1.0,0.0,10.0,4.67,-0.533,1.0,1.08,0.08,33040.0,32971.0,-0.0021,33040.0,35609.0,0.0778,20.0,13.0,-0.35
403597,GARNIER MCLR WTR PINK 125ML,3244 - CLEANSER,PERSONAL CARE,1.07,1.04,-0.028,54.0,15.33,-0.7161,1.3,1.05,-0.1923,46159.0,44774.0,-0.03,60007.0,47013.0,-0.2165,83.0,44.0,-0.4699
413418,GARNIER MCLR WTR PINK 50ML,3244 - CLEANSER,PERSONAL CARE,1.05,1.04,-0.0095,19.0,8.0,-0.5789,1.31,1.09,-0.1679,26232.0,26125.0,-0.0041,34364.0,28476.0,-0.1713,29.0,22.0,-0.2414
425826,GARNIER MCLR WTR VIT C 125ML,3244 - CLEANSER,PERSONAL CARE,1.06,1.0,-0.0566,17.5,10.0,-0.4286,1.4,1.11,-0.2071,45477.0,42900.0,-0.0567,63668.0,47619.0,-0.2521,25.0,27.0,0.08
426243,GARNIER MCLR WTR ROSE 125ML,3244 - CLEANSER,PERSONAL CARE,1.05,1.0,-0.0476,21.5,7.33,-0.6591,1.48,1.38,-0.0676,44914.0,42900.0,-0.0448,66473.0,59202.0,-0.1094,29.0,16.0,-0.4483
433628,GARNIER MICELLAR PINK400ML(OL),3244 - CLEANSER,PERSONAL CARE,1.0,1.0,0.0,0.5,0.67,0.34,1.0,1.0,0.0,114600.0,109000.0,-0.0489,114600.0,109000.0,-0.0489,1.0,2.0,1.0
436212,GARNIER MCLR WTR SALICYLIC125ML,3244 - CLEANSER,PERSONAL CARE,1.04,1.04,0.0,28.5,8.67,-0.6958,1.36,1.18,-0.1324,44423.0,44550.0,0.0029,60415.0,52569.0,-0.1299,42.0,22.0,-0.4762
440939,GARNIER MICELLAR BLUE400ML(OL),3244 - CLEANSER,PERSONAL CARE,1.0,,,0.5,,,1.0,,,110100.0,,,110100.0,,,1.0,,
447546,GARNIER MICELLAR PINK 2X125ML,3244 - CLEANSER,PERSONAL CARE,1.0,,,5.5,,,1.22,,,48082.0,,,58660.0,,,9.0,,
451109,GARNIER MCLR PEELING 125ML,3244 - CLEANSER,PERSONAL CARE,,1.0,,,1.0,,,1.0,,,33500.0,,,33500.0,,,3.0,
451404,GARNIER MCLR WTR PINK 300+100ML,3244 - CLEANSER,PERSONAL CARE,,1.0,,,0.33,,,1.0,,,69500.0,,,69500.0,,,1.0,
451404,GARNIER MCLR WTR PINK 360+40ML,3244 - CLEANSER,PERSONAL CARE,,1.0,,,1.67,,,1.0,,,69500.0,,,69500.0,,,5.0,
443870,GLAD2GLOW MCLR CHERRY BLS130ML,3244 - CLEANSER,PERSONAL CARE,1.0,1.0,0.0,25.5,5.67,-0.7776,1.02,1.0,-0.0196,32057.0,30947.0,-0.0346,32698.0,30947.0,-0.0536,50.0,17.0,-0.66
444835,GLAD2GLOW MCR CHERRY BLSM 300ML,3244 - CLEANSER,PERSONAL CARE,1.0,1.0,0.0,11.0,6.67,-0.3936,1.0,1.0,0.0,52345.0,51620.0,-0.0139,52345.0,51620.0,-0.0139,22.0,20.0,-0.0909
447273,GLAD2GLOW MCLR SENSITV CR130ML,3244 - CLEANSER,PERSONAL CARE,1.0,1.0,0.0,7.5,0.33,-0.956,1.07,1.0,-0.0654,30860.0,24000.0,-0.2223,33020.0,24000.0,-0.2732,14.0,1.0,-0.9286
447530,GLAD2GLOW MCLR YUJA VIT-C 130ML,3244 - CLEANSER,PERSONAL CARE,1.0,1.0,0.0,11.0,0.33,-0.97,1.0,1.0,0.0,30855.0,30300.0,-0.018,30855.0,30300.0,-0.018,22.0,1.0,-0.9545
447531,GLAD2GLOW MCLR MUGWORT SLC130ML,3244 - CLEANSER,PERSONAL CARE,1.0,1.0,0.0,7.5,1.67,-0.7773,1.25,1.0,-0.2,30927.0,31580.0,0.0211,38659.0,31580.0,-0.1831,12.0,5.0,-0.5833
433861,HANASUI MCLR CLNSG WTR100ML(OL),3244 - CLEANSER,PERSONAL CARE,1.0,,,2.0,,,4.0,,,25275.0,,,101100.0,,,1.0,,
450882,HANASUI MICELAR BRIGHT 300ML,3244 - CLEANSER,PERSONAL CARE,,1.0,,,3.0,,,1.0,,,53500.0,,,53500.0,,,9.0,
436092,KYE MCLR CLSNG WTRMLN 15S(OL),3244 - CLEANSER,PERSONAL CARE,1.0,,,1.0,,,1.0,,,17450.0,,,17450.0,,,2.0,,
429393,NIVEA MCLR OIL&ACNE 125ML,3244 - CLEANSER,PERSONAL CARE,1.0,1.0,0.0,11.0,0.67,-0.9391,1.1,1.0,-0.0909,39000.0,39500.0,0.0128,42900.0,39500.0,-0.0793,20.0,2.0,-0.9
437160,NIVEA MCLR PEARL BRGT 400ML(OL),3244 - CLEANSER,PERSONAL CARE,1.0,,,0.5,,,1.0,,,94000.0,,,94000.0,,,1.0,,
465936,NPURE MICELAR ACNE CLEAR 300ML,3244 - CLEANSER,PERSONAL CARE,,1.0,,,1.0,,,1.0,,,50800.0,,,50800.0,,,3.0,
446744,PIGEON TEENS MCLR BRGT100ML(OL),3244 - CLEANSER,PERSONAL CARE,1.0,,,0.5,,,1.0,,,28000.0,,,28000.0,,,1.0,,
443572,POISE MICELLAR LMNS WHITE 125ML,3244 - CLEANSER,PERSONAL CARE,1.04,1.02,-0.0192,27.5,13.67,-0.5029,1.08,1.05,-0.0278,26736.0,27146.0,0.0153,28875.0,28503.0,-0.0129,51.0,39.0,-0.2353
416839,POND'S MCLR WTR ROSE 100ML,3244 - CLEANSER,PERSONAL CARE,1.03,1.0,-0.0291,19.5,4.33,-0.7779,1.11,1.0,-0.0991,32059.0,34869.0,0.0877,35585.0,34869.0,-0.0201,35.0,13.0,-0.6286
416839,POND'S MCLR WTR ROSE 100ML (HB),3244 - CLEANSER,PERSONAL CARE,,1.0,,,0.67,,,1.0,,,35700.0,,,35700.0,,,2.0,
417859,POND'S MCLR WTR ACTV CHARC100ML,3244 - CLEANSER,PERSONAL CARE,1.18,,,16.5,,,1.03,,,29497.0,,,30382.0,,,32.0,,
432850,SAFI NAT MICELLAR NEEM200ML(OL),3244 - CLEANSER,PERSONAL CARE,1.0,,,1.0,,,1.0,,,45200.0,,,45200.0,,,2.0,,
443872,THE ORIGINOTE MCLR HYLRS 300ML,3244 - CLEANSER,PERSONAL CARE,1.0,1.0,0.0,8.5,5.67,-0.3329,1.0,1.13,0.13,54265.0,55524.0,0.0232,54265.0,62742.0,0.1562,17.0,15.0,-0.1176
416786,WARDAH MCLR PB T.UP 100ML (HB),3244 - CLEANSER,PERSONAL CARE,,1.0,,,2.0,,,1.0,,,34000.0,,,34000.0,,,6.0,
416786,WARDAH MCLR PB TONE UP 100ML,3244 - CLEANSER,PERSONAL CARE,1.0,,,21.5,,,1.13,,,34035.0,,,38460.0,,,38.0,,
443023,AZARINE MOIST PURE RDC 30G,3245 - MOISTURIZER,PERSONAL CARE,1.0,,,1.0,,,1.0,,,48450.0,,,48450.0,,,2.0,,
445872,AZARINE MOIST LUMINOUS 30G(OL),3245 - MOISTURIZER,PERSONAL CARE,1.0,,,0.5,,,1.0,,,47000.0,,,47000.0,,,1.0,,
117259,CITRA MOIST PEARLY WHITE UV 40G,3245 - MOISTURIZER,PERSONAL CARE,1.0,1.0,0.0,5.0,2.0,-0.6,1.0,1.0,0.0,56100.0,56333.0,0.0042,56100.0,56333.0,0.0042,10.0,6.0,-0.4
446747,DERMIES MOIST SOSRO 20G,3245 - MOISTURIZER,PERSONAL CARE,1.0,,,4.5,,,1.0,,,28000.0,,,28000.0,,,9.0,,
414935,EMINA B.STF MOIST CREAM 20ML,3245 - MOISTURIZER,PERSONAL CARE,1.0,1.0,0.0,2.5,0.33,-0.868,1.0,1.0,0.0,29500.0,29500.0,0.0,29500.0,29500.0,0.0,5.0,1.0,-0.8
421325,EMINA B.STF MOIST CRM ACNE20ML,3245 - MOISTURIZER,PERSONAL CARE,1.0,,,1.5,,,1.0,,,25000.0,,,25000.0,,,3.0,,
448566,EMINA MOIST NIACINAMIDE 30G,3245 - MOISTURIZER,PERSONAL CARE,,1.0,,,2.33,,,1.0,,,44029.0,,,44029.0,,,7.0,
448567,EMINA MOIST CERAMIDE 30G (HB),3245 - MOISTURIZER,PERSONAL CARE,,1.0,,,0.67,,,1.0,,,43900.0,,,43900.0,,,2.0,
410981,GARNIER LC SERUM CRM YUZU 20ML,3245 - MOISTURIZER,PERSONAL CARE,1.0,1.0,0.0,3.5,1.33,-0.62,1.4,1.0,-0.2857,42986.0,43125.0,0.0032,60180.0,43125.0,-0.2834,5.0,4.0,-0.2
444594,GARNIER MOIST GEL SAKURA 20ML,3245 - MOISTURIZER,PERSONAL CARE,1.22,,,4.5,,,1.12,,,52433.0,,,58725.0,,,8.0,,
444595,GARNIER MOIST GEL BC VITC 20ML,3245 - MOISTURIZER,PERSONAL CARE,1.0,,,4.5,,,1.0,,,42900.0,,,42900.0,,,9.0,,
451582,GARNIER MOIST DRY TCH VIT C 30M,3245 - MOISTURIZER,PERSONAL CARE,,1.0,,,1.67,,,1.0,,,49900.0,,,49900.0,,,5.0,
451585,GARNIER MOIST DRY TCH NIAC 30ML,3245 - MOISTURIZER,PERSONAL CARE,,1.0,,,0.67,,,1.0,,,49900.0,,,49900.0,,,2.0,
465926,GINZA MOIST TXA BRIGHT 30G (HB),3245 - MOISTURIZER,PERSONAL CARE,1.0,,,1.5,,,1.0,,,37000.0,,,37000.0,,,3.0,,
440545,GLAD2GLOW MOIST CENTELA 55G,3245 - MOISTURIZER,PERSONAL CARE,1.0,1.0,0.0,12.0,10.67,-0.1108,1.04,1.14,0.0962,44642.0,46569.0,0.0432,46428.0,53089.0,0.1435,23.0,28.0,0.2174
440711,GLAD2GLOW MOIST BLUBERRY 30ML,3245 - MOISTURIZER,PERSONAL CARE,1.0,1.0,0.0,10.0,5.67,-0.433,1.11,1.06,-0.045,44610.0,47600.0,0.067,49517.0,50456.0,0.019,18.0,16.0,-0.1111
440715,GLAD2GLOW MOIST POMEGRANATE 30G,3245 - MOISTURIZER,PERSONAL CARE,1.0,1.0,0.0,15.0,11.0,-0.2667,1.0,1.1,0.1,44540.0,46967.0,0.0545,44540.0,51664.0,0.1599,30.0,30.0,0.0
445037,GLAD2GLOW MOIST PEACH RETNL 30G,3245 - MOISTURIZER,PERSONAL CARE,1.04,1.0,-0.0385,11.5,3.33,-0.7104,1.0,1.11,0.11,54261.0,51530.0,-0.0503,54261.0,57198.0,0.0541,23.0,9.0,-0.6087
124226,GLOW&LOVELY CREAM MULTI VIT 50G,3245 - MOISTURIZER,PERSONAL CARE,1.0,1.0,0.0,10.5,2.33,-0.7781,1.11,1.0,-0.0991,45776.0,46300.0,0.0114,50811.0,46300.0,-0.0888,19.0,7.0,-0.6316
143875,GLOW&LOVELY CREAM MULTI VIT 25G,3245 - MOISTURIZER,PERSONAL CARE,1.06,1.0,-0.0566,15.5,4.33,-0.7206,1.03,1.08,0.0485,25935.0,24662.0,-0.0491,26713.0,26635.0,-0.0029,30.0,12.0,-0.6
408553,GLOW&LOVELY PWD CRM 2IN1 20G,3245 - MOISTURIZER,PERSONAL CARE,1.0,1.0,0.0,5.5,4.33,-0.2127,1.0,1.0,0.0,29645.0,30131.0,0.0164,29645.0,30131.0,0.0164,11.0,13.0,0.1818
459351,GLOW&LOVELY GLASSBRIGHT GEL 30G,3245 - MOISTURIZER,PERSONAL CARE,,1.0,,,2.0,,,1.0,,,37900.0,,,37900.0,,,6.0,
126106,HADA LABO MOIS GKJ100ML(DD)(OL),3245 - MOISTURIZER,PERSONAL CARE,1.0,,,0.5,,,1.0,,,41800.0,,,41800.0,,,1.0,,
441526,HANASUI CRM PROB MOIST 30G,3245 - MOISTURIZER,PERSONAL CARE,1.0,1.0,0.0,15.0,2.67,-0.822,1.03,1.14,0.1068,44527.0,46500.0,0.0443,45863.0,53010.0,0.1558,29.0,7.0,-0.7586
450538,HANASUI MOIST BRIGHT EXP 30G,3245 - MOISTURIZER,PERSONAL CARE,,1.0,,,6.33,,,1.0,,,46563.0,,,46563.0,,,19.0,
440371,IMPLORA MOIST GEL CRMD 50ML(OL),3245 - MOISTURIZER,PERSONAL CARE,1.0,,,0.5,,,1.0,,,63800.0,,,63800.0,,,1.0,,
440372,IMPLORA MOIST CRMD REF50ML(OL),3245 - MOISTURIZER,PERSONAL CARE,1.0,,,0.5,,,1.0,,,29900.0,,,29900.0,,,1.0,,
320365,KOJIE SAN FC HYDMOIST LGTNG 30G,3245 - MOISTURIZER,PERSONAL CARE,1.0,,,3.5,,,1.17,,,51000.0,,,59670.0,,,6.0,,
450494,MS GLOW DUAL CREAM 30+30G,3245 - MOISTURIZER,PERSONAL CARE,,1.0,,,4.0,,,1.33,,,60000.0,,,79800.0,,,9.0,
442310,OLAY TE 7IN1 DAY50G+NGT 50G(OL),3245 - MOISTURIZER,PERSONAL CARE,1.0,,,1.0,,,1.0,,,215000.0,,,215000.0,,,2.0,,
434540,OMG MOIST PEACH GLOW 25G,3245 - MOISTURIZER,PERSONAL CARE,1.0,,,3.5,,,1.0,,,19014.0,,,19014.0,,,7.0,,
432283,PIGEON TEEN MOIST50ML (DD)(OL),3245 - MOISTURIZER,PERSONAL CARE,1.0,,,1.0,,,1.0,,,39500.0,,,39500.0,,,2.0,,
445223,PINKBERRY MOIST CERACALM 30ML,3245 - MOISTURIZER,PERSONAL CARE,1.0,,,0.5,,,1.0,,,29900.0,,,29900.0,,,1.0,,
402638,POND'S WB PERFECT CRM NRML 20G,3245 - MOISTURIZER,PERSONAL CARE,1.0,1.0,0.0,6.5,2.0,-0.6923,1.0,1.0,0.0,34731.0,34750.0,0.0005,34731.0,34750.0,0.0005,13.0,6.0,-0.5385
402640,POND'S BRIGHT NIASL CRM 40G(OL),3245 - MOISTURIZER,PERSONAL CARE,1.0,,,1.0,,,1.0,,,54250.0,,,54250.0,,,2.0,,
404037,POND'S AGE MIRACLE NIGHT CRM10G,3245 - MOISTURIZER,PERSONAL CARE,1.0,1.0,0.0,6.5,2.67,-0.5892,1.18,1.0,-0.1525,45685.0,45750.0,0.0014,53908.0,45750.0,-0.1513,11.0,8.0,-0.2727
404038,POND'S AGE MIRACLE DAY CRM 10G,3245 - MOISTURIZER,PERSONAL CARE,1.0,1.08,0.08,8.0,4.0,-0.5,1.14,1.0,-0.1228,41888.0,45825.0,0.094,47752.0,45825.0,-0.0404,14.0,12.0,-0.1429
404040,POND'S AGE MRCL NGT CRM 50G(OL),3245 - MOISTURIZER,PERSONAL CARE,1.0,,,1.5,,,1.0,,,203567.0,,,203567.0,,,3.0,,
404405,POND'S BRIGHT MRCEL CRM 40G(OL),3245 - MOISTURIZER,PERSONAL CARE,1.0,,,0.5,,,1.0,,,54200.0,,,54200.0,,,1.0,,
449143,POND'S BRIGHT MRCL MOIST50G(OL),3245 - MOISTURIZER,PERSONAL CARE,1.0,,,0.5,,,1.0,,,119000.0,,,119000.0,,,1.0,,
459352,POND'S MOIST NIARCORCINOL 15G,3245 - MOISTURIZER,PERSONAL CARE,,1.0,,,1.67,,,1.0,,,43900.0,,,43900.0,,,5.0,
419211,SAFI NIGHTCRM RENEWAL 25G (OL),3245 - MOISTURIZER,PERSONAL CARE,1.0,,,0.5,,,1.0,,,73000.0,,,73000.0,,,1.0,,
446867,SCARLETT MOIST GLW.BRG40ML (HB),3245 - MOISTURIZER,PERSONAL CARE,1.0,,,3.5,,,1.17,,,42829.0,,,50110.0,,,6.0,,
447548,SCORA HYDRAMOIST 45ML,3245 - MOISTURIZER,PERSONAL CARE,1.0,1.0,0.0,6.5,5.0,-0.2308,1.0,1.0,0.0,39992.0,39920.0,-0.0018,39992.0,39920.0,-0.0018,13.0,15.0,0.1538
448448,SHINZU'I MOIST WHITE ESSNTL30ML,3245 - MOISTURIZER,PERSONAL CARE,1.0,1.0,0.0,3.0,0.67,-0.7767,1.0,1.0,0.0,51900.0,41500.0,-0.2004,51900.0,41500.0,-0.2004,6.0,2.0,-0.6667
440262,THE ORIGINOTE MOIST HYALU 50ML,3245 - MOISTURIZER,PERSONAL CARE,1.09,1.0,-0.0826,5.5,2.33,-0.5764,1.0,1.0,0.0,51545.0,48500.0,-0.0591,51545.0,48500.0,-0.0591,11.0,7.0,-0.3636
441944,THE ORIGINOTE MOIST BRGHT 50ML,3245 - MOISTURIZER,PERSONAL CARE,1.12,1.07,-0.0446,4.0,5.0,0.25,1.14,1.0,-0.1228,60887.0,59187.0,-0.0279,69411.0,59187.0,-0.1473,7.0,15.0,1.1429
441945,THE ORIGINOTE MOIST CICA 50ML,3245 - MOISTURIZER,PERSONAL CARE,1.0,,,4.5,,,1.0,,,47789.0,,,47789.0,,,9.0,,
126082,WARDAH LG DAY CREAM 20ML,3245 - MOISTURIZER,PERSONAL CARE,1.0,,,3.5,,,1.0,,,36929.0,,,36929.0,,,7.0,,
403226,WARDAH CTL SCRT NG15ML(DD)(OL),3245 - MOISTURIZER,PERSONAL CARE,1.0,,,0.5,,,1.0,,,53900.0,,,53900.0,,,1.0,,
448861,WARDAH MOIST GEL SYRDNC 399 30G,3245 - MOISTURIZER,PERSONAL CARE,1.02,1.0,-0.0196,20.0,4.0,-0.8,1.0,1.0,0.0,49985.0,49233.0,-0.015,49985.0,49233.0,-0.015,40.0,12.0,-0.7
437683,BIOAQUA FLW PRF SKR 28G(DD)(OL),3246 - FACE MASK,PERSONAL CARE,4.0,,,0.5,,,1.0,,,16000.0,,,16000.0,,,1.0,,
459204,DERMA ANGEL ACNE CLAY STICK 20G,3246 - FACE MASK,PERSONAL CARE,,1.0,,,0.33,,,1.0,,,47500.0,,,47500.0,,,1.0,
440960,FREEMAN CM MINT&LEMON 175ML(OL),3246 - FACE MASK,PERSONAL CARE,1.0,,,1.5,,,1.0,,,93800.0,,,93800.0,,,3.0,,
448240,FREEMAN WTR PEONY MASK 175G(OL),3246 - FACE MASK,PERSONAL CARE,1.0,,,4.0,,,1.0,,,92150.0,,,92150.0,,,8.0,,
448241,FREEMAN DEAD SEA MASK 175G (OL),3246 - FACE MASK,PERSONAL CARE,1.0,,,6.0,,,1.0,,,90908.0,,,90908.0,,,12.0,,
440547,GLAD2GLOW CLYMSK STK25G,3246 - FACE MASK,PERSONAL CARE,1.0,1.0,0.0,2.5,2.33,-0.068,1.0,1.0,0.0,41900.0,47000.0,0.1217,41900.0,47000.0,0.1217,5.0,7.0,0.4
321078,HIMALAYA MASK PURIFY NEEM 100ML,3246 - FACE MASK,PERSONAL CARE,1.0,1.0,0.0,2.5,1.33,-0.468,1.0,1.0,0.0,44160.0,42900.0,-0.0285,44160.0,42900.0,-0.0285,5.0,4.0,-0.2
459900,HIMALAYA CLAY STICK NEEM 30G,3246 - FACE MASK,PERSONAL CARE,,1.0,,,1.0,,,1.0,,,49900.0,,,49900.0,,,3.0,
436276,MEDIHEAL SM N.M.F AMPL25ML(OL),3246 - FACE MASK,PERSONAL CARE,3.5,,,1.0,,,1.0,,,87150.0,,,87150.0,,,2.0,,
436278,MEDIHEAL AMP MS TH 25ML(DD)(OL),3246 - FACE MASK,PERSONAL CARE,4.0,,,0.5,,,1.0,,,103600.0,,,103600.0,,,1.0,,
436279,MEDIHEAL MSK TEATR 24ML(DD)(OL),3246 - FACE MASK,PERSONAL CARE,4.0,,,0.5,,,1.0,,,103600.0,,,103600.0,,,1.0,,
445304,OVALE CLAY MASK PERF PURIFY 50G,3246 - FACE MASK,PERSONAL CARE,1.0,,,4.5,,,1.0,,,29500.0,,,29500.0,,,9.0,,
437914,PIGEON TEEN SLPG MSK30G(DD)(OL),3246 - FACE MASK,PERSONAL CARE,1.0,,,1.0,,,1.0,,,36000.0,,,36000.0,,,2.0,,
437223,SKINTIFIC MUGWRT STK40G(DD)(OL),3246 - FACE MASK,PERSONAL CARE,1.0,,,0.5,,,1.0,,,135200.0,,,135200.0,,,1.0,,
444941,YOU SM ACNEPLUS 5X25G (OL),3246 - FACE MASK,PERSONAL CARE,1.0,,,0.5,,,1.0,,,35900.0,,,35900.0,,,1.0,,
114384,ACNES SEALING JELL 9G(DD)(OL),3247 - ANTI ACNE,PERSONAL CARE,1.0,,,2.0,,,1.0,,,19250.0,,,19250.0,,,4.0,,
400796,ACNOL ACNE LOTION 10ML (OL),3247 - ANTI ACNE,PERSONAL CARE,1.0,,,0.5,,,1.0,,,21500.0,,,21500.0,,,1.0,,
419548,DERMA ANGEL ACNE PATCH 6S,3247 - ANTI ACNE,PERSONAL CARE,1.11,1.08,-0.027,61.0,4.0,-0.9344,1.23,1.09,-0.1138,18954.0,18683.0,-0.0143,23313.0,20364.0,-0.1265,99.0,11.0,-0.8889
422494,DERMA ANGEL ACNE PATCH 18S(OL),3247 - ANTI ACNE,PERSONAL CARE,1.4,,,2.5,,,1.25,,,55160.0,,,68950.0,,,4.0,,
422495,DERMA ANGEL ACNE PATCH NIGHT 6S,3247 - ANTI ACNE,PERSONAL CARE,1.35,1.1,-0.1852,17.0,3.33,-0.8041,1.17,1.0,-0.1453,24494.0,19860.0,-0.1892,28658.0,19860.0,-0.307,29.0,10.0,-0.6552
440045,DERMA ANGEL DAY 6+3 NIGHT,3247 - ANTI ACNE,PERSONAL CARE,1.0,1.16,0.16,0.5,8.33,15.66,1.0,1.14,0.14,17500.0,19760.0,0.1291,17500.0,22526.0,0.2872,1.0,22.0,21.0
445870,DERMA ANGEL ACNE PTCH PLS DY 6S,3247 - ANTI ACNE,PERSONAL CARE,1.02,1.0,-0.0196,22.5,7.0,-0.6889,1.1,1.24,0.1273,19433.0,19024.0,-0.021,21376.0,23590.0,0.1036,41.0,17.0,-0.5854
445871,DERMA ANGEL ACNE PTCH PLS NG 6S,3247 - ANTI ACNE,PERSONAL CARE,1.05,1.36,0.2952,21.0,4.67,-0.7776,1.08,1.0,-0.0741,20976.0,27143.0,0.294,22654.0,27143.0,0.1982,39.0,14.0,-0.641
466065,DERMA ANGEL ACNE PATCH HOLO 6S,3247 - ANTI ACNE,PERSONAL CARE,,1.0,,,2.67,,,1.0,,,22000.0,,,22000.0,,,8.0,
440546,GLAD2GLOW ACNE CENTELLA 5G (OL),3247 - ANTI ACNE,PERSONAL CARE,1.0,,,0.5,,,1.0,,,35900.0,,,35900.0,,,1.0,,
807765,JF SULFUR ANTI ACNE GEL 10G(OL),3247 - ANTI ACNE,PERSONAL CARE,1.0,,,0.5,,,1.0,,,25900.0,,,25900.0,,,1.0,,
807766,JF SULFUR ACNE SPOT GEL 10G(OL),3247 - ANTI ACNE,PERSONAL CARE,1.0,,,0.5,,,1.0,,,24900.0,,,24900.0,,,1.0,,
408539,NOURISH ACNE PLAST 12S,3247 - ANTI ACNE,PERSONAL CARE,1.0,1.0,0.0,20.0,2.33,-0.8835,1.29,1.17,-0.093,19160.0,19671.0,0.0267,24716.0,23015.0,-0.0688,31.0,6.0,-0.8065
144779,SARIAYU INT ACNE CARE 12ML (OL),3247 - ANTI ACNE,PERSONAL CARE,1.0,,,0.5,,,1.0,,,25500.0,,,25500.0,,,1.0,,
441317,VIO ACNE PATCH CHARACTER 24S,3247 - ANTI ACNE,PERSONAL CARE,1.0,,,4.5,,,1.0,,,38089.0,,,38089.0,,,9.0,,
442182,VIO ACNE PATCH CHRT ANIMAL 24S,3247 - ANTI ACNE,PERSONAL CARE,1.0,,,1.0,,,1.0,,,41000.0,,,41000.0,,,2.0,,
447105,VIO POST ACNE HYD PATCH 18S(OL),3247 - ANTI ACNE,PERSONAL CARE,1.0,,,0.5,,,1.0,,,14900.0,,,14900.0,,,1.0,,
432282,YOU ACNE PLUS SPOT CARE 15G,3247 - ANTI ACNE,PERSONAL CARE,1.0,,,1.5,,,1.0,,,41500.0,,,41500.0,,,3.0,,
466133,YOU ACNEPLUS SPOT CARE PRO 15G,3247 - ANTI ACNE,PERSONAL CARE,,1.0,,,2.33,,,1.17,,,38500.0,,,45045.0,,,6.0,
447630,BARBER DAILY FW BRG RDNC 100ML,3248 - MEN FACIAL FOAM SOAP,PERSONAL CARE,1.0,1.02,0.02,14.5,13.33,-0.0807,1.04,1.11,0.0673,36769.0,38188.0,0.0386,38240.0,42389.0,0.1085,28.0,36.0,0.2857
447631,BARBER DAILY FW ACNE CARE 100ML,3248 - MEN FACIAL FOAM SOAP,PERSONAL CARE,1.0,1.02,0.02,25.0,22.0,-0.12,1.14,1.22,0.0702,36782.0,37779.0,0.0271,41931.0,46090.0,0.0992,44.0,54.0,0.2273
452185,BARBER DAILY FW SENSITIVE 100ML,3248 - MEN FACIAL FOAM SOAP,PERSONAL CARE,,1.0,,,1.33,,,1.0,,,39950.0,,,39950.0,,,4.0,
144723,BIORE MENS FW ACNE BRG CR 100ML,3248 - MEN FACIAL FOAM SOAP,PERSONAL CARE,,1.0,,,7.33,,,1.0,,,36859.0,,,36859.0,,,22.0,
144724,BIORE MENS FF WHITE/BRIGHT 100G,3248 - MEN FACIAL FOAM SOAP,PERSONAL CARE,1.08,1.05,-0.0278,12.0,6.67,-0.4442,1.04,1.05,0.0096,39646.0,38725.0,-0.0232,41232.0,40661.0,-0.0138,23.0,19.0,-0.1739
144725,BIORE MENS FF COOL OIL 100G,3248 - MEN FACIAL FOAM SOAP,PERSONAL CARE,1.0,1.06,0.06,19.5,11.0,-0.4359,1.08,1.03,-0.0463,36590.0,39255.0,0.0728,39517.0,40433.0,0.0232,36.0,32.0,-0.1111
425570,BIORE MENS FF BRIGHT OIL 100G,3248 - MEN FACIAL FOAM SOAP,PERSONAL CARE,1.03,1.0,-0.0291,18.0,5.0,-0.7222,1.0,1.07,0.07,37556.0,36580.0,-0.026,37556.0,39141.0,0.0422,36.0,14.0,-0.6111
440286,BIORE MENS FW BRIGHT EXPR 100ML,3248 - MEN FACIAL FOAM SOAP,PERSONAL CARE,1.04,1.12,0.0769,13.0,5.67,-0.5638,1.04,1.13,0.0865,37923.0,41053.0,0.0825,39440.0,46390.0,0.1762,25.0,15.0,-0.4
451361,FYNE FW ACNE CARE OIL CLR 100ML,3248 - MEN FACIAL FOAM SOAP,PERSONAL CARE,,1.0,,,2.0,,,1.0,,,39900.0,,,39900.0,,,6.0,
451362,FYNE FW BRGHT UP OIL CTRL 100ML,3248 - MEN FACIAL FOAM SOAP,PERSONAL CARE,,1.0,,,2.33,,,1.0,,,39900.0,,,39900.0,,,7.0,
117289,GARNIER MEN TL ICY SCRUB 100ML,3248 - MEN FACIAL FOAM SOAP,PERSONAL CARE,1.17,1.11,-0.0513,11.5,6.33,-0.4496,1.1,1.06,-0.0364,51552.0,48668.0,-0.0559,56707.0,51588.0,-0.0903,21.0,18.0,-0.1429
122403,GARNIER MEN TL OIL FOAM 100ML,3248 - MEN FACIAL FOAM SOAP,PERSONAL CARE,1.0,1.0,0.0,3.5,0.67,-0.8086,1.4,1.0,-0.2857,43900.0,44150.0,0.0057,61460.0,44150.0,-0.2816,5.0,2.0,-0.6
124211,GARNIER MEN FF ACNOFIGHT 100ML,3248 - MEN FACIAL FOAM SOAP,PERSONAL CARE,1.22,1.26,0.0328,18.0,6.33,-0.6483,1.16,1.36,0.1724,53689.0,55516.0,0.034,62279.0,75502.0,0.2123,31.0,14.0,-0.5484
128817,GARNIER MEN FF A.FG WASABI100ML,3248 - MEN FACIAL FOAM SOAP,PERSONAL CARE,1.16,1.04,-0.1034,15.5,9.0,-0.4194,1.11,1.29,0.1622,51074.0,45985.0,-0.0996,56692.0,59321.0,0.0464,28.0,21.0,-0.25
143601,GARNIER MEN FF ACNOFIGHT 50ML,3248 - MEN FACIAL FOAM SOAP,PERSONAL CARE,1.0,1.0,0.0,3.0,2.67,-0.11,1.0,1.14,0.14,30983.0,31612.0,0.0203,30983.0,36038.0,0.1632,6.0,7.0,0.1667
320098,GARNIER MEN FF TL WHT+OIL 100ML,3248 - MEN FACIAL FOAM SOAP,PERSONAL CARE,1.06,1.06,0.0,17.0,6.0,-0.6471,1.1,1.12,0.0182,46556.0,46906.0,0.0075,51212.0,52535.0,0.0258,31.0,16.0,-0.4839
320099,GARNIER MEN FF P.W D.FOAM100ML,3248 - MEN FACIAL FOAM SOAP,PERSONAL CARE,1.08,1.09,0.0093,12.5,7.67,-0.3864,1.09,1.15,0.055,47524.0,47761.0,0.005,51801.0,54925.0,0.0603,23.0,20.0,-0.1304
320100,GARNIER MEN FF TB SUP DUO 50ML,3248 - MEN FACIAL FOAM SOAP,PERSONAL CARE,1.0,,,5.0,,,1.0,,,24600.0,,,24600.0,,,10.0,,
410980,GARNIER MEN FF 3IN1 CHAR 100ML,3248 - MEN FACIAL FOAM SOAP,PERSONAL CARE,1.04,1.05,0.0096,12.0,6.33,-0.4725,1.04,1.12,0.0769,45804.0,46679.0,0.0191,47636.0,52280.0,0.0975,23.0,17.0,-0.2609
413627,GARNIER MEN FF 3IN1 CHAR 50ML,3248 - MEN FACIAL FOAM SOAP,PERSONAL CARE,1.08,1.0,-0.0741,6.0,1.67,-0.7217,1.0,1.0,0.0,33575.0,31380.0,-0.0654,33575.0,31380.0,-0.0654,12.0,5.0,-0.5833
450447,GARNIER MEN FF ACNOFIGHT 150ML,3248 - MEN FACIAL FOAM SOAP,PERSONAL CARE,1.0,1.0,0.0,0.5,2.0,3.0,1.0,1.0,0.0,43900.0,43900.0,0.0,43900.0,43900.0,0.0,1.0,6.0,5.0
450448,GARNIER MEN FF TURBOBRIGHT150ML,3248 - MEN FACIAL FOAM SOAP,PERSONAL CARE,,1.33,,,1.0,,,1.0,,,52533.0,,,52533.0,,,3.0,
451110,GARNIER MEN FW ACNO FIGHT 100ML,3248 - MEN FACIAL FOAM SOAP,PERSONAL CARE,,1.12,,,2.67,,,1.0,,,49138.0,,,49138.0,,,8.0,
439536,HIMALAYA FW MEN LICORC100ML(OL),3248 - MEN FACIAL FOAM SOAP,PERSONAL CARE,1.2,,,2.5,,,1.0,,,35640.0,,,35640.0,,,5.0,,
436113,HOSE FF ACNE&OIL DEEP CLN 100ML,3248 - MEN FACIAL FOAM SOAP,PERSONAL CARE,1.0,1.0,0.0,1.5,3.67,1.4467,1.0,1.0,0.0,29733.0,26491.0,-0.109,29733.0,26491.0,-0.109,3.0,11.0,2.6667
436114,HOSE FF FRESH&BRIGHT ACT 100ML,3248 - MEN FACIAL FOAM SOAP,PERSONAL CARE,1.0,1.0,0.0,2.0,4.0,1.0,1.0,1.0,0.0,29525.0,27333.0,-0.0742,29525.0,27333.0,-0.0742,4.0,12.0,2.0
423646,KAHF FF ENERGIZING&BRIGHT 100ML,3248 - MEN FACIAL FOAM SOAP,PERSONAL CARE,1.03,1.0,-0.0291,31.5,18.33,-0.4181,1.03,1.04,0.0097,47470.0,46075.0,-0.0294,48894.0,47918.0,-0.02,61.0,53.0,-0.1311
423647,KAHF FF OIL&ACNE CARE 100ML,3248 - MEN FACIAL FOAM SOAP,PERSONAL CARE,1.0,1.0,0.0,21.5,12.67,-0.4107,1.05,1.09,0.0381,45988.0,45961.0,-0.0006,48287.0,50097.0,0.0375,41.0,35.0,-0.1463
427902,KAHF FF SCRUB EXFOLIATING100ML,3248 - MEN FACIAL FOAM SOAP,PERSONAL CARE,1.0,1.0,0.0,10.0,4.0,-0.6,1.0,1.0,0.0,46530.0,47225.0,0.0149,46530.0,47225.0,0.0149,20.0,12.0,-0.4
432462,KAHF FF OIL&COMEDO 100ML,3248 - MEN FACIAL FOAM SOAP,PERSONAL CARE,1.0,1.0,0.0,17.5,9.67,-0.4474,1.0,1.12,0.12,47509.0,47821.0,0.0066,47509.0,53560.0,0.1274,35.0,26.0,-0.2571
445967,KAHF FF ACN&POR CLNS SCRB 100ML,3248 - MEN FACIAL FOAM SOAP,PERSONAL CARE,1.0,1.0,0.0,15.5,4.33,-0.7206,1.07,1.0,-0.0654,46016.0,46454.0,0.0095,49237.0,46454.0,-0.0565,29.0,13.0,-0.5517
450862,KAHF FF ACNE GEL 100ML,3248 - MEN FACIAL FOAM SOAP,PERSONAL CARE,,1.0,,,1.67,,,1.0,,,47580.0,,,47580.0,,,5.0,
450863,KAHF FF BRIGHT GEL 100ML,3248 - MEN FACIAL FOAM SOAP,PERSONAL CARE,,1.07,,,4.67,,,1.0,,,51336.0,,,51336.0,,,14.0,
441598,MORRIS MENS FF OIL CONT 100ML,3248 - MEN FACIAL FOAM SOAP,PERSONAL CARE,1.0,1.0,0.0,10.0,4.67,-0.533,1.0,1.0,0.0,35400.0,33900.0,-0.0424,35400.0,33900.0,-0.0424,20.0,14.0,-0.3
441599,MORRIS MENS FF BRGT&MOIST 100ML,3248 - MEN FACIAL FOAM SOAP,PERSONAL CARE,1.0,,,4.0,,,1.0,,,34962.0,,,34962.0,,,8.0,,
448689,MS GLOW MEN FW ACNOTION 100ML,3248 - MEN FACIAL FOAM SOAP,PERSONAL CARE,1.0,1.0,0.0,2.0,3.67,0.835,1.0,1.0,0.0,44900.0,44900.0,0.0,44900.0,44900.0,0.0,4.0,11.0,1.75
448729,MS GLOW MEN FW HYDRA 100ML,3248 - MEN FACIAL FOAM SOAP,PERSONAL CARE,1.0,1.1,0.1,0.5,3.33,5.66,1.0,1.0,0.0,44900.0,58370.0,0.3,44900.0,58370.0,0.3,1.0,10.0,9.0
448739,MS GLOW MEN FW ULTBRGHT 100ML,3248 - MEN FACIAL FOAM SOAP,PERSONAL CARE,1.0,1.06,0.06,3.5,5.67,0.62,1.0,1.13,0.13,44900.0,47541.0,0.0588,44900.0,53721.0,0.1965,7.0,15.0,1.1429
264542,NIVEA MEN FF WHT DARKSPOT 100ML,3248 - MEN FACIAL FOAM SOAP,PERSONAL CARE,1.0,1.0,0.0,15.5,4.33,-0.7206,1.07,1.0,-0.0654,44458.0,44577.0,0.0027,47570.0,44577.0,-0.0629,29.0,13.0,-0.5517
418170,NIVEA MEN FF WHT DARKSPOT 50ML,3248 - MEN FACIAL FOAM SOAP,PERSONAL CARE,1.0,1.0,0.0,1.5,1.67,0.1133,1.0,1.0,0.0,30000.0,30500.0,0.0167,30000.0,30500.0,0.0167,3.0,5.0,0.6667
451054,NIVEA MEN E.BRG MUD FOAM 100ML,3248 - MEN FACIAL FOAM SOAP,PERSONAL CARE,,1.07,,,5.0,,,1.07,,,47893.0,,,51246.0,,,14.0,
126280,POND'S MEN FF WHITE BOOST 100ML,3248 - MEN FACIAL FOAM SOAP,PERSONAL CARE,1.05,1.06,0.0095,11.0,5.67,-0.4845,1.1,1.0,-0.0909,45514.0,46082.0,0.0125,50065.0,46082.0,-0.0796,20.0,17.0,-0.15
126281,POND'S MEN FF ACNE SOL 100ML,3248 - MEN FACIAL FOAM SOAP,PERSONAL CARE,1.0,1.13,0.13,7.0,5.0,-0.2857,1.0,1.0,0.0,43971.0,49527.0,0.1264,43971.0,49527.0,0.1264,14.0,15.0,0.0714
411613,POND'S MEN FF LIGHT OIL CLR100G,3248 - MEN FACIAL FOAM SOAP,PERSONAL CARE,1.0,,,4.0,,,1.0,,,34775.0,,,34775.0,,,8.0,,
435665,PONDS MEN FF ULT BRGHT OIL100ML,3248 - MEN FACIAL FOAM SOAP,PERSONAL CARE,1.0,1.0,0.0,10.5,3.0,-0.7143,1.0,1.0,0.0,38738.0,43589.0,0.1252,38738.0,43589.0,0.1252,21.0,9.0,-0.5714
446308,TOTAL CARE MEN FW BRG INT 100ML,3248 - MEN FACIAL FOAM SOAP,PERSONAL CARE,,1.03,,,11.67,,,1.09,,,32914.0,,,35876.0,,,32.0,
445964,EMINA GLO RAD+ EYE SRM 15ML(OL),3249 - SERUM ESSENCE,PERSONAL CARE,1.0,,,0.5,,,1.0,,,82000.0,,,82000.0,,,1.0,,
447687,ERHA AGE CORRECT SRM 20ML (OL),3249 - SERUM ESSENCE,PERSONAL CARE,1.0,,,0.5,,,1.0,,,182900.0,,,182900.0,,,1.0,,
450598,GARNIER SERUM BOOST BRIGHT 8ML,3249 - SERUM ESSENCE,PERSONAL CARE,1.0,,,0.5,,,1.0,,,31500.0,,,31500.0,,,1.0,,
450598,GARNIER SRM BOOST BRGHT 8ML(HB),3249 - SERUM ESSENCE,PERSONAL CARE,,1.0,,,0.67,,,1.0,,,31500.0,,,31500.0,,,2.0,
417911,HANASUI SERUM WHTENING GOLD20ML,3249 - SERUM ESSENCE,PERSONAL CARE,1.0,1.0,0.0,8.0,4.33,-0.4588,1.07,1.0,-0.0654,28244.0,29892.0,0.0583,30221.0,29892.0,-0.0109,15.0,13.0,-0.1333
417912,HANASUI SERUM VIT C+COLLAGN20ML,3249 - SERUM ESSENCE,PERSONAL CARE,1.0,1.0,0.0,12.5,4.33,-0.6536,1.14,1.18,0.0351,28272.0,29292.0,0.0361,32230.0,34565.0,0.0724,22.0,11.0,-0.5
417913,HANASUI SERUM ANTI ACNE 20ML,3249 - SERUM ESSENCE,PERSONAL CARE,1.1,1.0,-0.0909,5.0,1.67,-0.666,1.11,1.0,-0.0991,31050.0,29580.0,-0.0473,34466.0,29580.0,-0.1418,9.0,5.0,-0.4444
434612,HANASUI BRIGHT SERUM20ML(OL),3249 - SERUM ESSENCE,PERSONAL CARE,1.0,,,0.5,,,1.0,,,26600.0,,,26600.0,,,1.0,,
434614,HANASUI POST ACNE SERUM20ML(OL),3249 - SERUM ESSENCE,PERSONAL CARE,1.0,,,0.5,,,1.0,,,26600.0,,,26600.0,,,1.0,,
434615,HANASUI  ACNE SERUM 20ML(OL),3249 - SERUM ESSENCE,PERSONAL CARE,1.0,,,0.5,,,1.0,,,26200.0,,,26200.0,,,1.0,,
434617,HANASUI SERUM PWR BRIGHT 20ML,3249 - SERUM ESSENCE,PERSONAL CARE,1.08,1.0,-0.0741,13.0,4.33,-0.6669,1.18,1.08,-0.0847,33962.0,34900.0,0.0276,40075.0,37692.0,-0.0595,22.0,12.0,-0.4545
445439,HIMALAYA DARK SPOT SRM 15ML(OL),3249 - SERUM ESSENCE,PERSONAL CARE,1.0,,,1.0,,,1.0,,,42750.0,,,42750.0,,,2.0,,
447160,HIMALAYA BRIGT VITC SRM15ML(OL),3249 - SERUM ESSENCE,PERSONAL CARE,1.0,,,1.0,,,1.0,,,42750.0,,,42750.0,,,2.0,,
432690,IMPLORA PEELING SERUM 20ML (OL),3249 - SERUM ESSENCE,PERSONAL CARE,1.0,,,0.5,,,1.0,,,32900.0,,,32900.0,,,1.0,,
440393,IMPLORA EYE SRM CRYSTL 20ML(OL),3249 - SERUM ESSENCE,PERSONAL CARE,1.0,,,0.5,,,1.0,,,44900.0,,,44900.0,,,1.0,,
440321,PIGEON TEENS HYDRA SRM 20ML(OL),3249 - SERUM ESSENCE,PERSONAL CARE,1.0,,,0.5,,,1.0,,,37000.0,,,37000.0,,,1.0,,
440322,PIGEON TEEN BRG HRS SRM20ML(DD),3249 - SERUM ESSENCE,PERSONAL CARE,1.5,,,1.0,,,1.0,,,59850.0,,,59850.0,,,2.0,,
440323,PIGEON TEEN ACN SRM20ML(DD)(OL),3249 - SERUM ESSENCE,PERSONAL CARE,1.0,,,1.5,,,1.0,,,37000.0,,,37000.0,,,3.0,,
446742,PIGEON TEENS X-FOLT SRM20ML(OL),3249 - SERUM ESSENCE,PERSONAL CARE,1.0,,,0.5,,,1.0,,,37000.0,,,37000.0,,,1.0,,
437819,PINKBERRY SERUM ACNE 15ML,3249 - SERUM ESSENCE,PERSONAL CARE,1.0,1.0,0.0,0.5,0.33,-0.34,1.0,1.0,0.0,27500.0,28000.0,0.0182,27500.0,28000.0,0.0182,1.0,1.0,0.0
433596,PONDS AGE MRCL SRM ESS 30G (OL),3249 - SERUM ESSENCE,PERSONAL CARE,1.0,,,1.0,,,2.0,,,220400.0,,,440800.0,,,1.0,,
447030,PONDS SERUM BRIGHT MR NIGHT 14G,3249 - SERUM ESSENCE,PERSONAL CARE,1.0,1.0,0.0,1.5,1.0,-0.3333,1.0,1.0,0.0,43900.0,34700.0,-0.2096,43900.0,34700.0,-0.2096,3.0,3.0,0.0
447031,PONDS SERUM BRIGHT MR DAY 14G,3249 - SERUM ESSENCE,PERSONAL CARE,1.0,,,3.5,,,1.0,,,38900.0,,,38900.0,,,7.0,,
447031,PONDS SRM BRGHT MR DAY 14G (HB),3249 - SERUM ESSENCE,PERSONAL CARE,,2.0,,,0.33,,,1.0,,,77800.0,,,77800.0,,,1.0,
437220,SKINTIFIC 5X CRM BARIER KIT(OL),3249 - SERUM ESSENCE,PERSONAL CARE,1.0,,,1.5,,,1.5,,,226133.0,,,339200.0,,,2.0,,
465939,VIVA SRM GOLD WHITENING 20ML,3249 - SERUM ESSENCE,PERSONAL CARE,1.0,1.0,0.0,0.5,3.67,6.34,1.0,1.0,0.0,25900.0,25900.0,0.0,25900.0,25900.0,0.0,1.0,11.0,10.0
465940,VIVA SRM VIT C COLLAGEN 20ML,3249 - SERUM ESSENCE,PERSONAL CARE,,1.0,,,3.0,,,1.5,,,25900.0,,,38850.0,,,6.0,
440347,YOU RAD GLW ILM SR20ML(DD)(OL),3249 - SERUM ESSENCE,PERSONAL CARE,1.0,,,0.5,,,1.0,,,78800.0,,,78800.0,,,1.0,,
416449,CITRA ALOE MFUNCTION GEL180ML,3251 - BODY LOTION,PERSONAL CARE,1.0,,,0.5,,,1.0,,,27900.0,,,27900.0,,,1.0,,
447767,CITRA HBL RDC GLOW PEARLY 210ML,3251 - BODY LOTION,PERSONAL CARE,1.06,1.0,-0.0566,16.0,6.0,-0.625,1.0,1.0,0.0,26031.0,24544.0,-0.0571,26031.0,24544.0,-0.0571,32.0,18.0,-0.4375
447768,CITRA HBL  PERFECT BRG BK 210ML,3251 - BODY LOTION,PERSONAL CARE,1.0,1.0,0.0,21.0,9.67,-0.5395,1.0,1.0,0.0,24548.0,24555.0,0.0003,24548.0,24555.0,0.0003,42.0,29.0,-0.3095
447770,CITRA HBL  EXT MOIST AVCD 210ML,3251 - BODY LOTION,PERSONAL CARE,1.08,1.0,-0.0741,20.0,2.33,-0.8835,1.08,1.0,-0.0741,31175.0,29000.0,-0.0698,33669.0,29000.0,-0.1387,37.0,7.0,-0.8108
448562,CITRA HBL BENGKOANG UV380ML(OL),3251 - BODY LOTION,PERSONAL CARE,9.33,,,1.5,,,1.0,,,420100.0,,,420100.0,,,3.0,,
448563,CITRA HBL PEARLY UV 380ML(OL),3251 - BODY LOTION,PERSONAL CARE,9.0,,,1.5,,,1.0,,,403000.0,,,403000.0,,,3.0,,
442126,EARTH LOVE LIFE BL STF250ML(OL),3251 - BODY LOTION,PERSONAL CARE,1.0,,,0.5,,,1.0,,,73000.0,,,73000.0,,,1.0,,
442128,EARTH LOVE LIFE BL LAV250ML(OL),3251 - BODY LOTION,PERSONAL CARE,1.0,,,0.5,,,1.0,,,72000.0,,,72000.0,,,1.0,,
429218,EMERON LOVELY HBL GLOWY 500ML,3251 - BODY LOTION,PERSONAL CARE,1.08,1.03,-0.0463,26.5,10.67,-0.5974,1.02,1.07,0.049,19358.0,19006.0,-0.0182,19745.0,20336.0,0.0299,52.0,30.0,-0.4231
436300,EMERON HBL BENGKOANG 500ML(OL),3251 - BODY LOTION,PERSONAL CARE,1.33,,,3.0,,,1.0,,,24000.0,,,24000.0,,,6.0,,
436301,EMERON HBL NOURISH 400ML(OL),3251 - BODY LOTION,PERSONAL CARE,1.71,,,7.0,,,1.0,,,18464.0,,,18464.0,,,14.0,,
436302,EMERON LOVELY HBL PRL WHT 500ML,3251 - BODY LOTION,PERSONAL CARE,1.06,1.0,-0.0566,26.5,12.0,-0.5472,1.04,1.12,0.0769,19087.0,18050.0,-0.0543,19850.0,20216.0,0.0184,51.0,32.0,-0.3725
440165,EMERON HBL INTENTS 400ML(OL),3251 - BODY LOTION,PERSONAL CARE,1.4,,,5.0,,,1.0,,,15070.0,,,15070.0,,,10.0,,
440166,EMERON HBL DEEP CARING400ML(OL),3251 - BODY LOTION,PERSONAL CARE,1.33,,,1.5,,,1.0,,,14433.0,,,14433.0,,,3.0,,
445263,EMERON LOVELY HBL NUTRIENT500ML,3251 - BODY LOTION,PERSONAL CARE,1.17,1.03,-0.1197,33.0,13.0,-0.6061,1.06,1.05,-0.0094,21027.0,18462.0,-0.122,22289.0,19385.0,-0.1303,62.0,37.0,-0.4032
448653,EMERON LOVELY HBL BRGT500ML(OL),3251 - BODY LOTION,PERSONAL CARE,1.0,,,1.0,,,1.0,,,18000.0,,,18000.0,,,2.0,,
447103,FELINZ HAIR RMOV WAX STB 6S(OL),3251 - BODY LOTION,PERSONAL CARE,1.0,,,0.5,,,1.0,,,37900.0,,,37900.0,,,1.0,,
431237,FRESH LIVING MINYAK ZAITUN 50ML,3251 - BODY LOTION,PERSONAL CARE,1.02,1.05,0.0294,26.5,20.33,-0.2328,1.51,1.69,0.1192,14181.0,14584.0,0.0284,21413.0,24647.0,0.151,35.0,36.0,0.0286
452010,GLAD2GLOW B.SRM NIACNM BRG180ML,3251 - BODY LOTION,PERSONAL CARE,,1.0,,,0.67,,,1.0,,,40900.0,,,40900.0,,,2.0,
452011,GLAD2GLOW B.SRM RTNL BRG 180ML,3251 - BODY LOTION,PERSONAL CARE,,1.5,,,0.67,,,1.0,,,61350.0,,,61350.0,,,2.0,
444348,HANASUI B.SRM JOYFUL 180ML,3251 - BODY LOTION,PERSONAL CARE,1.0,1.0,0.0,3.0,0.33,-0.89,1.0,1.0,0.0,29500.0,35500.0,0.2034,29500.0,35500.0,0.2034,6.0,1.0,-0.8333
144314,HERBORIST MINYAK ZAITUN 150ML,3251 - BODY LOTION,PERSONAL CARE,1.0,1.0,0.0,3.0,2.0,-0.3333,1.0,1.0,0.0,41417.0,41650.0,0.0056,41417.0,41650.0,0.0056,6.0,6.0,0.0
107357,MARINA HBL NAT R.MOIST190ML,3251 - BODY LOTION,PERSONAL CARE,1.14,1.05,-0.0789,54.5,30.67,-0.4372,1.11,1.12,0.009,10350.0,9571.0,-0.0753,11489.0,10720.0,-0.0669,98.0,82.0,-0.1633
143464,MARINA HBL UV WHT H&GL460ML,3251 - BODY LOTION,PERSONAL CARE,1.23,1.03,-0.1626,61.0,25.0,-0.5902,1.03,1.19,0.1553,24089.0,20037.0,-0.1682,24812.0,23844.0,-0.039,118.0,63.0,-0.4661
232696,MARINA HBL UV WHT H&G 185ML,3251 - BODY LOTION,PERSONAL CARE,1.1,1.01,-0.0818,61.5,27.33,-0.5556,1.01,1.06,0.0495,11308.0,10754.0,-0.049,11421.0,11399.0,-0.0019,122.0,77.0,-0.3689
320706,MARINA HBL A.POLLTN SPF30 185ML,3251 - BODY LOTION,PERSONAL CARE,1.03,1.04,0.0097,47.0,15.67,-0.6666,1.09,1.07,-0.0183,18676.0,18800.0,0.0066,20357.0,20116.0,-0.0118,86.0,44.0,-0.4884
414828,MARINA HBL UVWHT COLGN185ML,3251 - BODY LOTION,PERSONAL CARE,1.03,1.02,-0.0097,57.5,15.33,-0.7334,1.05,1.07,0.019,10239.0,10154.0,-0.0083,10751.0,10865.0,0.0106,110.0,43.0,-0.6091
431458,MARINA B.SRM MAQUI ANTIOXI185ML,3251 - BODY LOTION,PERSONAL CARE,1.1,,,24.5,,,1.09,,,12012.0,,,13093.0,,,45.0,,
116403,MR MINYAK ZAITUN 175ML,3251 - BODY LOTION,PERSONAL CARE,1.0,1.23,0.23,3.5,4.33,0.2371,1.0,1.0,0.0,43900.0,57231.0,0.3037,43900.0,57231.0,0.3037,7.0,13.0,0.8571
124634,MR MINYAK ZAITUN 75ML,3251 - BODY LOTION,PERSONAL CARE,1.0,1.0,0.0,10.5,5.67,-0.46,1.0,1.13,0.13,24948.0,27653.0,0.1084,24948.0,31248.0,0.2525,21.0,15.0,-0.2857
122817,NATUR-E HBL MOIST 245ML,3251 - BODY LOTION,PERSONAL CARE,1.04,1.0,-0.0385,13.0,9.33,-0.2823,1.08,1.0,-0.0741,31954.0,30500.0,-0.0455,34510.0,30500.0,-0.1162,24.0,28.0,0.1667
402497,NATUR-E HBL PROTECT&GLW 245ML,3251 - BODY LOTION,PERSONAL CARE,1.11,1.0,-0.0991,4.5,4.33,-0.0378,1.0,1.08,0.08,40478.0,35900.0,-0.1131,40478.0,38772.0,-0.0421,9.0,12.0,0.3333
445754,NATURALLY SPKNG HBL COCOA 180ML,3251 - BODY LOTION,PERSONAL CARE,1.0,,,14.5,,,1.07,,,44900.0,,,48043.0,,,27.0,,
445758,NATURALLY SPKNG HBL MGSTN 180ML,3251 - BODY LOTION,PERSONAL CARE,1.0,,,18.0,,,1.16,,,44900.0,,,52084.0,,,31.0,,
144233,NIVEA HBL INTV MOIST 400ML (OL),3251 - BODY LOTION,PERSONAL CARE,1.0,,,1.0,,,1.0,,,74700.0,,,74700.0,,,2.0,,
403386,NIVEA BL EX WHT INSTNT GLW200ML,3251 - BODY LOTION,PERSONAL CARE,1.08,1.0,-0.0741,12.5,3.0,-0.76,1.0,1.29,0.29,42280.0,39444.0,-0.0671,42280.0,50883.0,0.2035,25.0,7.0,-0.72
444475,PIGEON TEENS B.SRM BRIGHT 100ML,3251 - BODY LOTION,PERSONAL CARE,1.0,,,1.0,,,1.0,,,37700.0,,,37700.0,,,2.0,,
429822,PURBASARI MINYAK ZAITUN 150ML,3251 - BODY LOTION,PERSONAL CARE,1.0,1.0,0.0,22.5,9.0,-0.6,1.02,1.04,0.0196,27940.0,28407.0,0.0167,28499.0,29543.0,0.0366,44.0,26.0,-0.4091
433667,PURBASARI HBL HABATUSSAUDA200ML,3251 - BODY LOTION,PERSONAL CARE,,1.0,,,11.33,,,1.1,,,18853.0,,,20738.0,,,31.0,
445797,PURBASARI M.ZAITUN ROSE 150ML,3251 - BODY LOTION,PERSONAL CARE,1.03,1.0,-0.0291,18.0,8.0,-0.5556,1.03,1.09,0.0583,28742.0,28012.0,-0.0254,29604.0,30533.0,0.0314,35.0,22.0,-0.3714
446745,PURBASARI B.SRM YUZU&SFRN 180ML,3251 - BODY LOTION,PERSONAL CARE,1.16,,,9.5,,,1.06,,,28063.0,,,29747.0,,,18.0,,
446746,PURBASARI B.SRM WTMLN&MRG 180ML,3251 - BODY LOTION,PERSONAL CARE,1.09,1.0,-0.0826,5.5,0.33,-0.94,1.0,1.0,0.0,25309.0,28900.0,0.1419,25309.0,28900.0,0.1419,11.0,1.0,-0.9091
438561,SCARLETT B.LOT JOLLY 180ML,3251 - BODY LOTION,PERSONAL CARE,1.0,1.0,0.0,8.0,6.33,-0.2088,1.07,1.12,0.0467,48900.0,39500.0,-0.1922,52323.0,44240.0,-0.1545,15.0,17.0,0.1333
438562,SCARLETT B.LOT HAPPY 180ML (HB),3251 - BODY LOTION,PERSONAL CARE,1.0,1.0,0.0,4.5,0.67,-0.8511,1.0,1.0,0.0,37900.0,33900.0,-0.1055,37900.0,33900.0,-0.1055,9.0,2.0,-0.7778
438755,SCARLETT B.LOT CHARMING 180ML,3251 - BODY LOTION,PERSONAL CARE,1.0,1.11,0.11,9.5,3.0,-0.6842,1.0,1.12,0.12,48900.0,43622.0,-0.1079,48900.0,48857.0,-0.0009,19.0,8.0,-0.5789
446608,SCARLETT HBL CHARMING 300ML(OL),3251 - BODY LOTION,PERSONAL CARE,1.0,,,0.5,,,1.0,,,69000.0,,,69000.0,,,1.0,,
446609,SCARLETT HBL JOLLY 300ML(OL),3251 - BODY LOTION,PERSONAL CARE,1.0,,,0.5,,,1.0,,,69000.0,,,69000.0,,,1.0,,
117705,SHINZU'I HBL KIREI 210ML,3251 - BODY LOTION,PERSONAL CARE,1.03,1.0,-0.0291,18.5,5.33,-0.7119,1.06,1.0,-0.0566,29859.0,29031.0,-0.0277,31651.0,29031.0,-0.0828,35.0,16.0,-0.5429
450313,SLAVINA HBL SPILL N.200ML (HB),3251 - BODY LOTION,PERSONAL CARE,,1.0,,,0.33,,,1.0,,,49500.0,,,49500.0,,,1.0,
450314,SLAVINA HBL RED OPIUM 200ML,3251 - BODY LOTION,PERSONAL CARE,1.0,,,2.5,,,1.0,,,49500.0,,,49500.0,,,5.0,,
450314,SLAVINA HBL RED OPIUM 200ML(HB),3251 - BODY LOTION,PERSONAL CARE,,1.0,,,1.0,,,1.0,,,49500.0,,,49500.0,,,3.0,
450315,SLAVINA HBL S.STARS 200ML (HB),3251 - BODY LOTION,PERSONAL CARE,,1.0,,,1.33,,,1.0,,,49500.0,,,49500.0,,,4.0,
450315,SLAVINA HBL SHOOTING STARS 200M,3251 - BODY LOTION,PERSONAL CARE,1.0,,,0.5,,,1.0,,,49500.0,,,49500.0,,,1.0,,
110845,VASELINE HBL HEALTHY WHT N100ML,3251 - BODY LOTION,PERSONAL CARE,1.04,1.04,0.0,12.5,9.0,-0.28,1.04,1.04,0.0,21232.0,21600.0,0.0173,22081.0,22464.0,0.0173,24.0,26.0,0.0833
116502,VASELINE HBL HLTY BRGHT 200ML,3251 - BODY LOTION,PERSONAL CARE,1.07,1.26,0.1776,37.0,22.0,-0.4054,1.06,1.14,0.0755,35291.0,43173.0,0.2233,37408.0,49217.0,0.3157,70.0,58.0,-0.1714
143958,VASELINE HBL ALOE SOOTHE 200ML,3251 - BODY LOTION,PERSONAL CARE,1.0,1.0,0.0,12.5,6.33,-0.4936,1.04,1.0,-0.0385,33940.0,34784.0,0.0249,35298.0,34784.0,-0.0146,24.0,19.0,-0.2083
321823,VASELINE HBL SBLOCK SPF30 100ML,3251 - BODY LOTION,PERSONAL CARE,1.0,,,2.0,,,1.0,,,70500.0,,,70500.0,,,4.0,,
405471,VASELINE HBL BRGT SPF 400ML(OL),3251 - BODY LOTION,PERSONAL CARE,1.0,,,0.5,,,1.0,,,68100.0,,,68100.0,,,1.0,,
405879,VASELINE REPAIRING JELLY 50ML,3251 - BODY LOTION,PERSONAL CARE,1.0,1.0,0.0,12.0,5.67,-0.5275,1.0,1.06,0.06,36883.0,36959.0,0.0021,36883.0,39177.0,0.0622,24.0,16.0,-0.3333
406010,VASELINE PETRO JLY ORI100ML(OL),3251 - BODY LOTION,PERSONAL CARE,1.22,,,4.5,,,1.12,,,66000.0,,,73920.0,,,8.0,,
414502,VASELINE HBL HW FRESH&FAIR200ML,3251 - BODY LOTION,PERSONAL CARE,1.0,1.2,0.2,8.5,3.33,-0.6082,1.0,1.11,0.11,32853.0,41630.0,0.2672,32853.0,46209.0,0.4065,17.0,9.0,-0.4706
436337,VASELINE BL GLTH 200ML(DD)(OL),3251 - BODY LOTION,PERSONAL CARE,1.0,,,1.5,,,1.0,,,64100.0,,,64100.0,,,3.0,,
320894,VEET H.REMOVAL CRM NORMAL 60G,3251 - BODY LOTION,PERSONAL CARE,1.0,1.0,0.0,9.5,2.33,-0.7547,1.0,1.0,0.0,60521.0,63586.0,0.0506,60521.0,63586.0,0.0506,19.0,7.0,-0.6316
452025,WHITE INC B.LOT ALPHA GLW 180ML,3251 - BODY LOTION,PERSONAL CARE,,1.0,,,8.0,,,1.09,,,29900.0,,,32591.0,,,22.0,
438819,CITRA B.SERUM COMP GLOW 180ML,3252 - BODY SERUM,PERSONAL CARE,1.0,,,3.0,,,1.0,,,29200.0,,,29200.0,,,6.0,,
438821,CITRA BODY SERUM PROTC GLW180ML,3252 - BODY SERUM,PERSONAL CARE,1.0,,,4.0,,,1.0,,,29200.0,,,29200.0,,,8.0,,
451152,CITRA B.SRM RADIANT FRESH 180ML,3252 - BODY SERUM,PERSONAL CARE,,1.0,,,3.67,,,1.0,,,29500.0,,,29500.0,,,11.0,
451153,CITRA B.SRM BRIGHT SPARKLE180ML,3252 - BODY SERUM,PERSONAL CARE,,1.0,,,3.0,,,1.29,,,29278.0,,,37769.0,,,7.0,
449825,GLAD2GLOW B.SRM TRP VELVET180ML,3252 - BODY SERUM,PERSONAL CARE,1.0,1.0,0.0,1.0,1.33,0.33,1.0,1.0,0.0,52450.0,40825.0,-0.2216,52450.0,40825.0,-0.2216,2.0,4.0,1.0
449826,GLAD2GLOW B.SRM CRM BERRY 180ML,3252 - BODY SERUM,PERSONAL CARE,1.0,1.0,0.0,2.5,2.0,-0.2,1.0,1.2,0.2,52460.0,40833.0,-0.2216,52460.0,49000.0,-0.066,5.0,5.0,0.0
444349,HANASUI B.SRM CHEERFUL 180ML,3252 - BODY SERUM,PERSONAL CARE,1.0,1.0,0.0,6.0,0.33,-0.945,1.0,1.0,0.0,34633.0,29900.0,-0.1367,34633.0,29900.0,-0.1367,12.0,1.0,-0.9167
433054,HERBORIST B.SERUM ORGE180ML(OL),3252 - BODY SERUM,PERSONAL CARE,1.0,,,0.5,,,1.0,,,25000.0,,,25000.0,,,1.0,,
433055,HERBORIST B.SRM AP&BR180ML (HB),3252 - BODY SERUM,PERSONAL CARE,1.0,1.0,0.0,2.5,0.33,-0.868,1.0,1.0,0.0,30260.0,30200.0,-0.002,30260.0,30200.0,-0.002,5.0,1.0,-0.8
442209,LAVOJOY B.SRM LET IT GLOW 180ML,3252 - BODY SERUM,PERSONAL CARE,1.0,1.0,0.0,5.0,7.33,0.466,1.0,1.1,0.1,42500.0,42500.0,0.0,42500.0,46750.0,0.1,10.0,20.0,1.0
447527,LAVOJOY B.SRM KEEP IT CHL 180ML,3252 - BODY SERUM,PERSONAL CARE,,1.0,,,2.0,,,1.5,,,35350.0,,,53025.0,,,4.0,
126270,NIVEA B.SERUM EXT WHT 180ML,3252 - BODY SERUM,PERSONAL CARE,1.02,1.0,-0.0196,20.0,4.33,-0.7835,1.05,1.08,0.0286,42538.0,36854.0,-0.1336,44665.0,39802.0,-0.1089,38.0,12.0,-0.6842
321788,NIVEA BS INSTANT GLOW 180ML(OL),3252 - BODY SERUM,PERSONAL CARE,1.0,,,0.5,,,1.0,,,55800.0,,,55800.0,,,1.0,,
434030,NIVEA B.SRM 10 SUPER VIT 180ML,3252 - BODY SERUM,PERSONAL CARE,1.12,1.48,0.3214,12.0,9.0,-0.25,1.0,1.08,0.08,56812.0,74548.0,0.3122,56812.0,80512.0,0.4172,24.0,25.0,0.0417
444687,NIVEA B.SRM C&E 180ML,3252 - BODY SERUM,PERSONAL CARE,1.0,,,6.5,,,1.0,,,49500.0,,,49500.0,,,13.0,,
444687,NIVEA B.SRM C&E 180ML (HB),3252 - BODY SERUM,PERSONAL CARE,,1.0,,,0.67,,,1.0,,,49450.0,,,49450.0,,,2.0,
451020,NIVEA B.SRM SUP10 YOUTH 170ML,3252 - BODY SERUM,PERSONAL CARE,,1.0,,,1.67,,,1.0,,,50500.0,,,50500.0,,,5.0,
459207,NIVEA B.SRM C&AHA 170ML,3252 - BODY SERUM,PERSONAL CARE,,1.0,,,0.33,,,1.0,,,42500.0,,,42500.0,,,1.0,
434138,PINKBERRY B.SRM BRIGHT 180ML,3252 - BODY SERUM,PERSONAL CARE,,1.0,,,1.0,,,1.0,,,40067.0,,,40067.0,,,3.0,
434138,PINKBERRY BODY SRM BRIGHT 180ML,3252 - BODY SERUM,PERSONAL CARE,1.0,,,1.0,,,1.0,,,39400.0,,,39400.0,,,2.0,,
438240,PURBASARI B.SRM WHT GLOW 180ML,3252 - BODY SERUM,PERSONAL CARE,1.0,1.0,0.0,11.5,6.67,-0.42,1.0,1.05,0.05,28935.0,29380.0,0.0154,28935.0,30849.0,0.0661,23.0,19.0,-0.1739
443678,PURBASARI B.SRM CYBRG 180ML(HB),3252 - BODY SERUM,PERSONAL CARE,,1.0,,,2.33,,,1.0,,,29086.0,,,29086.0,,,7.0,
443678,PURBASARI B.SRM CYBRIGHT 180ML,3252 - BODY SERUM,PERSONAL CARE,1.0,,,6.0,,,1.0,,,28900.0,,,28900.0,,,12.0,,
451587,PURBASARI B.SRM GLUTA BRG 180ML,3252 - BODY SERUM,PERSONAL CARE,,1.02,,,14.67,,,1.02,,,29489.0,,,30079.0,,,43.0,
447482,SCARLETT B.SRM AHA 120ML,3252 - BODY SERUM,PERSONAL CARE,1.0,1.0,0.0,3.5,3.33,-0.0486,1.0,1.0,0.0,39900.0,39900.0,0.0,39900.0,39900.0,0.0,7.0,10.0,0.4286
459063,SCARLETT B.SRM VEL ROUNGE 170ML,3252 - BODY SERUM,PERSONAL CARE,,1.0,,,4.67,,,1.0,,,44871.0,,,44871.0,,,14.0,
459075,SCARLETT B.SRM PURPLE KISS170ML,3252 - BODY SERUM,PERSONAL CARE,,1.0,,,3.67,,,1.0,,,44900.0,,,44900.0,,,11.0,
126477,VASELINE B.SRM SPF30 180ML,3252 - BODY SERUM,PERSONAL CARE,,1.0,,,1.67,,,1.0,,,58900.0,,,58900.0,,,5.0,
420813,VASELINE B.SERUM SOFT GLW 180ML,3252 - BODY SERUM,PERSONAL CARE,1.12,1.17,0.0446,25.5,16.0,-0.3725,1.02,1.07,0.049,44190.0,46156.0,0.0445,45074.0,49387.0,0.0957,50.0,45.0,-0.1
432392,VASELINE B.SRM HJB SPF20 180ML,3252 - BODY SERUM,PERSONAL CARE,1.0,1.0,0.0,14.0,8.67,-0.3807,1.0,1.0,0.0,39500.0,39585.0,0.0022,39500.0,39585.0,0.0022,28.0,26.0,-0.0714
440796,VASELINE B.SRM GLT-HYA100ML(HB),3252 - BODY SERUM,PERSONAL CARE,1.0,1.0,0.0,18.0,1.0,-0.9444,1.12,1.0,-0.1071,33211.0,32900.0,-0.0094,37196.0,32900.0,-0.1155,32.0,3.0,-0.9062
443497,VASELINE B.SRM GLT PR 200ML(HB),3252 - BODY SERUM,PERSONAL CARE,1.22,,,4.5,,,1.0,,,70889.0,,,70889.0,,,9.0,,
451086,VASELINE B.SRM GLUTA FLAW 180ML,3252 - BODY SERUM,PERSONAL CARE,,1.05,,,6.67,,,1.05,,,51280.0,,,53844.0,,,19.0,
451087,VASELINE B.SRM GLUTA DEWY 180ML,3252 - BODY SERUM,PERSONAL CARE,,1.0,,,4.33,,,1.18,,,56154.0,,,66262.0,,,11.0,
432512,HANASUI B.SPA EXFO COFFEE 130ML,3253 - BODY SCRUB,PERSONAL CARE,1.06,,,9.0,,,1.2,,,16361.0,,,19633.0,,,15.0,,
432513,HANASUI B.SPA EXFO STRWBRY130ML,3253 - BODY SCRUB,PERSONAL CARE,1.08,1.0,-0.0741,6.5,1.0,-0.8462,1.0,1.0,0.0,16692.0,13500.0,-0.1912,16692.0,13500.0,-0.1912,13.0,3.0,-0.7692
112865,HERBORIST LULUR WHT MILK 100G,3253 - BODY SCRUB,PERSONAL CARE,1.06,1.0,-0.0566,8.0,5.0,-0.375,1.0,1.07,0.07,22012.0,20893.0,-0.0508,22012.0,22356.0,0.0156,16.0,14.0,-0.125
321161,HERBORIST LULUR BALI ZAITUN100G,3253 - BODY SCRUB,PERSONAL CARE,1.07,1.12,0.0467,7.5,2.67,-0.644,1.0,1.0,0.0,21880.0,23112.0,0.0563,21880.0,23112.0,0.0563,15.0,8.0,-0.4667
437972,HERBORIST MNR B.SCR S&M200G,3253 - BODY SCRUB,PERSONAL CARE,1.0,1.0,0.0,6.5,3.33,-0.4877,1.0,1.0,0.0,23431.0,23540.0,0.0047,23431.0,23540.0,0.0047,13.0,10.0,-0.2308
466055,HERBORIST B.SCUB NAT STRAW 100G,3253 - BODY SCRUB,PERSONAL CARE,,1.0,,,3.33,,,1.0,,,24900.0,,,24900.0,,,10.0,
172374,PURBASARI LULUR PEMUTIH 200G,3253 - BODY SCRUB,PERSONAL CARE,1.05,1.06,0.0095,22.0,11.33,-0.485,1.0,1.06,0.06,21111.0,21624.0,0.0243,21111.0,22921.0,0.0857,44.0,32.0,-0.2727
229362,PURBASARI LULUR BGKOANG 200G,3253 - BODY SCRUB,PERSONAL CARE,1.03,1.0,-0.0291,19.5,4.0,-0.7949,1.08,1.0,-0.0741,20692.0,20092.0,-0.029,22347.0,20092.0,-0.1009,36.0,12.0,-0.6667
321480,PURBASARI LULUR PNGATIN REF500G,3253 - BODY SCRUB,PERSONAL CARE,,1.0,,,6.0,,,1.0,,,34067.0,,,34067.0,,,18.0,
438242,PURBASARI LULUR COFFEE 200G,3253 - BODY SCRUB,PERSONAL CARE,1.0,1.0,0.0,16.0,6.0,-0.625,1.03,1.12,0.0874,19900.0,19900.0,0.0,20497.0,22288.0,0.0874,31.0,16.0,-0.4839
438243,PURBASARI LULUR SAKURA 200G,3253 - BODY SCRUB,PERSONAL CARE,1.0,1.04,0.04,26.5,8.67,-0.6728,1.0,1.08,0.08,19900.0,20665.0,0.0384,19900.0,22318.0,0.1215,53.0,24.0,-0.5472
100987,SHINZU'I B.SCRUB MATSU 200G,3253 - BODY SCRUB,PERSONAL CARE,1.06,1.0,-0.0566,25.5,6.67,-0.7384,1.06,1.0,-0.0566,20731.0,19575.0,-0.0558,21975.0,19575.0,-0.1092,48.0,20.0,-0.5833
143154,SHINZU'I B.SCRUB SAKURA 200G,3253 - BODY SCRUB,PERSONAL CARE,1.0,1.08,0.08,38.5,13.0,-0.6623,1.03,1.03,0.0,19505.0,21092.0,0.0814,20090.0,21725.0,0.0814,75.0,38.0,-0.4933
263137,SHINZU'I B.SCRUB KIREI 200G,3253 - BODY SCRUB,PERSONAL CARE,1.02,1.0,-0.0196,24.5,5.0,-0.7959,1.04,1.0,-0.0385,20249.0,20007.0,-0.012,21059.0,20007.0,-0.05,47.0,15.0,-0.6809
320868,SHINZU'I BS MYORI 200G(OL),3253 - BODY SCRUB,PERSONAL CARE,1.44,,,4.5,,,1.0,,,25278.0,,,25278.0,,,9.0,,
440005,SHINZU'I EXFO GLW SPA ICHGO130G,3253 - BODY SCRUB,PERSONAL CARE,1.06,2.0,0.8868,8.0,1.33,-0.8338,1.07,1.0,-0.0654,15938.0,28500.0,0.7882,17054.0,28500.0,0.6712,15.0,4.0,-0.7333
440006,SHINZU'I EXFO GLW SPA CICA 130G,3253 - BODY SCRUB,PERSONAL CARE,1.0,,,1.5,,,1.0,,,13000.0,,,13000.0,,,3.0,,
441045,SHINZU'I BS SPA CICA 260ML(OL),3253 - BODY SCRUB,PERSONAL CARE,1.0,,,1.0,,,1.0,,,23000.0,,,23000.0,,,2.0,,
441046,SHINZU'I BS SPA ICHIGO260ML(OL),3253 - BODY SCRUB,PERSONAL CARE,1.5,,,2.0,,,1.33,,,34500.0,,,45885.0,,,3.0,,
441047,SHINZU'I BS SPA HONEY 260ML(OL),3253 - BODY SCRUB,PERSONAL CARE,1.0,,,1.0,,,1.0,,,23000.0,,,23000.0,,,2.0,,
143105,VIENNA B.S CRUB GOAT MILK 250G,3253 - BODY SCRUB,PERSONAL CARE,1.0,,,7.0,,,1.56,,,28071.0,,,43791.0,,,9.0,,
436889,AZARINE SUNSCREN BABY 100ML(OL),3257 - SUNBLOCK,PERSONAL CARE,1.0,,,0.5,,,1.0,,,53900.0,,,53900.0,,,1.0,,
437174,AZZURA CSN02 NATURAL15G(OL),3261 - FOUNDATION,PERSONAL CARE,1.0,,,0.5,,,1.0,,,123000.0,,,123000.0,,,1.0,,
422230,MAYBELINE FDN FIT ME 128 5ML,3261 - FOUNDATION,PERSONAL CARE,1.0,1.0,0.0,2.0,0.67,-0.665,1.0,1.0,0.0,38525.0,38550.0,0.0006,38525.0,38550.0,0.0006,4.0,2.0,-0.5
422231,MAYBELINE FDN FIT ME 220 5ML,3261 - FOUNDATION,PERSONAL CARE,1.0,,,2.0,,,1.0,,,38500.0,,,38500.0,,,4.0,,
439222,SKINTIFIC CUSHS 02 11G (DD)(OL),3261 - FOUNDATION,PERSONAL CARE,1.0,,,0.5,,,1.0,,,186400.0,,,186400.0,,,1.0,,
439223,SKINTIFIC CUSHS 03 11G (DD)(OL),3261 - FOUNDATION,PERSONAL CARE,1.0,,,0.5,,,1.0,,,180400.0,,,180400.0,,,1.0,,
439225,SKINTIFIC CUSHN SPF BEIG11G(OL),3261 - FOUNDATION,PERSONAL CARE,1.0,,,0.5,,,1.0,,,178000.0,,,178000.0,,,1.0,,
446795,SOMETHINC SUN SPF BJOUX50ML(OL),3261 - FOUNDATION,PERSONAL CARE,1.0,,,1.0,,,1.0,,,173550.0,,,173550.0,,,2.0,,
320263,WARDAH BB CRM LG LIGHT 15ML,3261 - FOUNDATION,PERSONAL CARE,1.0,1.0,0.0,5.0,1.33,-0.734,1.0,1.0,0.0,39300.0,40250.0,0.0242,39300.0,40250.0,0.0242,10.0,4.0,-0.6
446941,AZARINE TWC 210 ALMOND 8G (OL),3262 - COMPACT POWDER,PERSONAL CARE,1.0,,,0.5,,,1.0,,,80000.0,,,80000.0,,,1.0,,
431484,AZZURA TWC MTEFNSH  02 NTRL 12G,3262 - COMPACT POWDER,PERSONAL CARE,1.0,1.0,0.0,0.5,0.33,-0.34,1.0,1.0,0.0,45500.0,45500.0,0.0,45500.0,45500.0,0.0,1.0,1.0,0.0
437162,AZZURA TWC 01 LIGHT14G(OL),3262 - COMPACT POWDER,PERSONAL CARE,1.25,,,2.0,,,1.0,,,44375.0,,,44375.0,,,4.0,,
437163,AZZURA TWC 02 NATURAL14G(OL),3262 - COMPACT POWDER,PERSONAL CARE,1.6,,,2.5,,,1.0,,,56800.0,,,56800.0,,,5.0,,
437164,AZZURA TWC 03 IVORY 14G(OL),3262 - COMPACT POWDER,PERSONAL CARE,1.0,,,2.5,,,1.0,,,35500.0,,,35500.0,,,5.0,,
437170,AZZURA PWD 01 LIGHT30G(OL),3262 - COMPACT POWDER,PERSONAL CARE,1.33,,,1.5,,,1.0,,,46533.0,,,46533.0,,,3.0,,
437171,AZZURA PWD 02 NATURAL30G(OL),3262 - COMPACT POWDER,PERSONAL CARE,1.75,,,2.0,,,1.0,,,61075.0,,,61075.0,,,4.0,,
437172,AZZURA PWD 03 IVORY 30G (OL),3262 - COMPACT POWDER,PERSONAL CARE,1.0,,,0.5,,,1.0,,,33000.0,,,33000.0,,,1.0,,
416787,EMINA BRGT STUFF LOOSPWD55G,3262 - COMPACT POWDER,PERSONAL CARE,1.0,1.0,0.0,1.5,1.33,-0.1133,1.0,1.0,0.0,31233.0,31900.0,0.0214,31233.0,31900.0,0.0214,3.0,4.0,0.3333
431288,HANASUI PRF CHK BL&GO01(DD)(OL),3262 - COMPACT POWDER,PERSONAL CARE,1.0,,,0.5,,,1.0,,,35500.0,,,35500.0,,,1.0,,
443482,IMPLORA DTD TWC 01 PORCN10G(OL),3262 - COMPACT POWDER,PERSONAL CARE,1.0,,,0.5,,,1.0,,,49800.0,,,49800.0,,,1.0,,
443483,IMPLORA DTD TWC 04 HONEY10G(OL),3262 - COMPACT POWDER,PERSONAL CARE,1.0,,,0.5,,,1.0,,,50300.0,,,50300.0,,,1.0,,
443486,IMPLORA DTD TWC 04 REF 10G (OL),3262 - COMPACT POWDER,PERSONAL CARE,1.0,,,0.5,,,1.0,,,34500.0,,,34500.0,,,1.0,,
225394,MARCKS BEDAK CREME 40G,3262 - COMPACT POWDER,PERSONAL CARE,1.11,,,4.5,,,1.0,,,23611.0,,,23611.0,,,9.0,,
321141,MARCKS BEDAK NATURAL BEIGE 20G,3262 - COMPACT POWDER,PERSONAL CARE,,1.0,,,0.33,,,1.0,,,37900.0,,,37900.0,,,1.0,
412051,MARCKS TEENS COMP PWD CREME 12G,3262 - COMPACT POWDER,PERSONAL CARE,1.0,,,1.5,,,1.0,,,31233.0,,,31233.0,,,3.0,,
414506,MARINA COMP PWD UV PROTECT 12G,3262 - COMPACT POWDER,PERSONAL CARE,1.11,1.43,0.2883,9.5,2.33,-0.7547,1.06,1.0,-0.0566,13500.0,17343.0,0.2847,14310.0,17343.0,0.2119,18.0,7.0,-0.6111
221195,PIGEON TEENS CP UV NAT 14G (OL),3262 - COMPACT POWDER,PERSONAL CARE,1.0,,,0.5,,,1.0,,,42600.0,,,42600.0,,,1.0,,
158654,PIXY TWC UV WHT NAT BEIGE REF,3262 - COMPACT POWDER,PERSONAL CARE,1.0,1.25,0.25,1.5,1.33,-0.1133,1.0,1.0,0.0,32867.0,40250.0,0.2246,32867.0,40250.0,0.2246,3.0,4.0,0.3333
221427,PIXY TWC UV WHT NAT WHITE REF,3262 - COMPACT POWDER,PERSONAL CARE,1.0,1.0,0.0,3.0,1.0,-0.6667,1.0,1.0,0.0,32367.0,32367.0,0.0,32367.0,32367.0,0.0,6.0,3.0,-0.5
221462,PIXY TWC UV WHT NAT WHITE 12.2G,3262 - COMPACT POWDER,PERSONAL CARE,1.0,1.0,0.0,1.0,0.67,-0.33,1.0,1.0,0.0,54200.0,54200.0,0.0,54200.0,54200.0,0.0,2.0,2.0,0.0
410231,POND'S MAGIC POWDER BB 50G,3262 - COMPACT POWDER,PERSONAL CARE,1.0,,,2.5,,,1.0,,,28760.0,,,28760.0,,,5.0,,
126086,WARDAH LG PF TWC LF 02G.BG 12G,3262 - COMPACT POWDER,PERSONAL CARE,1.0,1.0,0.0,1.0,0.33,-0.67,1.0,1.0,0.0,63500.0,65900.0,0.0378,63500.0,65900.0,0.0378,2.0,1.0,-0.5
126087,WARDAH LG PF TWC LF 02G.BG REF,3262 - COMPACT POWDER,PERSONAL CARE,1.0,1.0,0.0,6.5,0.67,-0.8969,1.0,1.0,0.0,42492.0,44500.0,0.0473,42492.0,44500.0,0.0473,13.0,2.0,-0.8462
143827,WARDAH PWD 1 LIGHT BEIGE30G(OL),3262 - COMPACT POWDER,PERSONAL CARE,1.0,,,0.5,,,1.0,,,41800.0,,,41800.0,,,1.0,,
144042,WARDAH LG PF TWC LF 03S.PNK 12G,3262 - COMPACT POWDER,PERSONAL CARE,,1.0,,,0.33,,,1.0,,,63900.0,,,63900.0,,,1.0,
144050,WARDAH LG PF TWC LF 03S.PNK REF,3262 - COMPACT POWDER,PERSONAL CARE,1.0,1.0,0.0,3.0,4.33,0.4433,1.0,1.0,0.0,42750.0,44223.0,0.0345,42750.0,44223.0,0.0345,6.0,13.0,1.1667
411977,WARDAH LGH MATTE PDR 01 LIGHT B,3262 - COMPACT POWDER,PERSONAL CARE,1.0,1.0,0.0,3.5,0.33,-0.9057,1.0,1.0,0.0,37129.0,44500.0,0.1985,37129.0,44500.0,0.1985,7.0,1.0,-0.8571
436988,HANASUI EYEBROWTIFUL BROWN (OL),3264 - EYE,PERSONAL CARE,1.0,,,1.5,,,1.0,,,14600.0,,,14600.0,,,3.0,,
436989,HANASUI E.BRW PC BLCK (DD)(OL),3264 - EYE,PERSONAL CARE,1.0,,,0.5,,,1.0,,,13800.0,,,13800.0,,,1.0,,
436991,HANASUI EYETRACTIVE LNR PEN(OL),3264 - EYE,PERSONAL CARE,1.0,,,1.0,,,1.0,,,31600.0,,,31600.0,,,2.0,,
443480,IMPLORA DTD BRW ASH BR0.08G(OL),3264 - EYE,PERSONAL CARE,1.0,,,1.5,,,1.0,,,17667.0,,,17667.0,,,3.0,,
443481,IMPLORA DTD BRW D.BRWN0.08G(OL),3264 - EYE,PERSONAL CARE,1.25,,,2.0,,,1.33,,,21700.0,,,28861.0,,,3.0,,
443495,IMPLORA BROW PMD D.GEY 2.5G(OL),3264 - EYE,PERSONAL CARE,1.0,,,0.5,,,1.0,,,24700.0,,,24700.0,,,1.0,,
417951,MAYBELLINE HIGH IMPACT TATO LNR,3264 - EYE,PERSONAL CARE,1.0,1.0,0.0,1.5,0.67,-0.5533,1.0,1.0,0.0,89000.0,89000.0,0.0,89000.0,89000.0,0.0,3.0,2.0,-0.3333
431159,MBL LASH SENS SKY H.MSC(DD)(OL),3264 - EYE,PERSONAL CARE,1.33,,,1.5,,,1.0,,,194133.0,,,194133.0,,,3.0,,
817955,MAYBELLINE HYPER CURL BLCK BLIS,3264 - EYE,PERSONAL CARE,1.0,1.0,0.0,1.5,1.0,-0.3333,1.0,1.0,0.0,95667.0,95667.0,0.0,95667.0,95667.0,0.0,3.0,3.0,0.0
415944,MOKO MOKO MASCARA MDNIGHT BLCK,3264 - EYE,PERSONAL CARE,1.0,1.0,0.0,3.5,0.33,-0.9057,1.17,1.0,-0.1453,28571.0,28600.0,0.001,33428.0,28600.0,-0.1444,6.0,1.0,-0.8333
422375,"MOKO MOKO EYE LINER BLACK 2,5ML",3264 - EYE,PERSONAL CARE,1.0,,,1.5,,,1.0,,,28500.0,,,28500.0,,,3.0,,
416649,PINKBERRY PRF MTCH EYLN0.5G(DD),3264 - EYE,PERSONAL CARE,1.0,,,0.5,,,1.0,,,54900.0,,,54900.0,,,1.0,,
422269,PINKBERRY PRF BRW BLCK1.6GR(DD),3264 - EYE,PERSONAL CARE,1.0,1.0,0.0,3.0,0.33,-0.89,1.0,1.0,0.0,24900.0,20000.0,-0.1968,24900.0,20000.0,-0.1968,6.0,1.0,-0.8333
422270,PINKBERRY PRF BRW BRWN1.6GR,3264 - EYE,PERSONAL CARE,1.0,,,2.0,,,1.0,,,24900.0,,,24900.0,,,4.0,,
439031,SOMETHINC BRW DRAK BRN 0.1G(OL),3264 - EYE,PERSONAL CARE,1.0,,,0.5,,,1.0,,,68900.0,,,68900.0,,,1.0,,
410768,VIENNA EYE PADS COLLAGEN 4S(OL),3264 - EYE,PERSONAL CARE,1.0,,,0.5,,,1.0,,,20900.0,,,20900.0,,,1.0,,
135452,VIVA PENCIL ALIS COKLAT,3264 - EYE,PERSONAL CARE,1.0,1.14,0.14,0.5,2.33,3.66,1.0,1.0,0.0,44500.0,52000.0,0.1685,44500.0,52000.0,0.1685,1.0,7.0,6.0
409049,VIVA PENCIL ALIS DRK BROWN 1.3G,3264 - EYE,PERSONAL CARE,1.0,1.0,0.0,1.5,1.67,0.1133,1.0,1.0,0.0,44500.0,44660.0,0.0036,44500.0,44660.0,0.0036,3.0,5.0,0.6667
56204,VIVA PENCIL ALIS HITAM,3264 - EYE,PERSONAL CARE,1.0,1.0,0.0,1.5,0.67,-0.5533,1.0,1.0,0.0,44900.0,45500.0,0.0134,44900.0,45500.0,0.0134,3.0,2.0,-0.3333
420936,WARDAH EYELINER BLACK 1.14G,3264 - EYE,PERSONAL CARE,1.0,1.0,0.0,1.5,1.0,-0.3333,1.0,1.0,0.0,48667.0,48600.0,-0.0014,48667.0,48600.0,-0.0014,3.0,3.0,0.0
431480,AZZURA LIPCRM SWT BROWNIE 06 4G,3265 - LIPS,PERSONAL CARE,1.0,,,0.5,,,1.0,,,55500.0,,,55500.0,,,1.0,,
437167,AZZURA LS 05 PASSIONATE3G(OL),3265 - LIPS,PERSONAL CARE,1.5,,,1.0,,,1.0,,,60750.0,,,60750.0,,,2.0,,
437169,AZZURA LS 08 WILDBERRYICE3G(OL),3265 - LIPS,PERSONAL CARE,1.0,,,0.5,,,1.0,,,40500.0,,,40500.0,,,1.0,,
437180,AZZURA LIPCRM08 LOVE 4G(OL),3265 - LIPS,PERSONAL CARE,1.0,,,0.5,,,1.0,,,54500.0,,,54500.0,,,1.0,,
437181,AZZURA LIPSTICK02 ORANGE3G(OL),3265 - LIPS,PERSONAL CARE,1.0,,,0.5,,,1.0,,,41500.0,,,41500.0,,,1.0,,
437182,AZZURA LIPSTICK 03 ROSE 3G(OL),3265 - LIPS,PERSONAL CARE,1.0,,,0.5,,,1.0,,,42000.0,,,42000.0,,,1.0,,
444772,EMINA AIRY SURPRS TINT01 3G(OL),3265 - LIPS,PERSONAL CARE,1.0,,,0.5,,,1.0,,,65000.0,,,65000.0,,,1.0,,
421367,HANASUI MTDRB LIPCRM 06(DD)(OL),3265 - LIPS,PERSONAL CARE,1.0,,,0.5,,,1.0,,,26500.0,,,26500.0,,,1.0,,
421368,HANASUI MTDRB LIPCRM 07(DD)(OL),3265 - LIPS,PERSONAL CARE,1.0,,,0.5,,,1.0,,,28600.0,,,28600.0,,,1.0,,
424945,HANASUI LIPCRM BW SGR4G(DD)(OL),3265 - LIPS,PERSONAL CARE,1.0,,,0.5,,,1.0,,,29000.0,,,29000.0,,,1.0,,
424946,HANASUI LIPCRM SLT CM4G(DD)(OL),3265 - LIPS,PERSONAL CARE,1.0,,,1.0,,,1.0,,,26500.0,,,26500.0,,,2.0,,
436984,HANASUI LIP COOPER07 3.5G(OL),3265 - LIPS,PERSONAL CARE,1.0,,,0.5,,,1.0,,,19000.0,,,19000.0,,,1.0,,
436985,HANASUI LIP DREAMY09 3.5G(OL),3265 - LIPS,PERSONAL CARE,1.0,,,1.0,,,1.0,,,20500.0,,,20500.0,,,2.0,,
413313,HIMALAYA LIP BALM 10G(OL),3265 - LIPS,PERSONAL CARE,1.0,,,1.5,,,1.0,,,18633.0,,,18633.0,,,3.0,,
431950,IMPLORA LIP VLT HONEST 4.8G(OL),3265 - LIPS,PERSONAL CARE,1.0,,,1.0,,,1.0,,,22800.0,,,22800.0,,,2.0,,
434422,IMPLORA LIP VELV ATTR 4.8G (OL),3265 - LIPS,PERSONAL CARE,1.0,,,0.5,,,1.0,,,22500.0,,,22500.0,,,1.0,,
435565,IMPLORA JLY TINT MRIPOSA5ML(OL),3265 - LIPS,PERSONAL CARE,1.0,,,1.0,,,1.0,,,22500.0,,,22500.0,,,2.0,,
435570,IMPLORA JLY TINT BURNST 5ML(OL),3265 - LIPS,PERSONAL CARE,1.0,,,0.5,,,1.0,,,22500.0,,,22500.0,,,1.0,,
443488,IMPLORA DTD LIP BLT 01 1.5G(OL),3265 - LIPS,PERSONAL CARE,1.0,,,0.5,,,1.0,,,27000.0,,,27000.0,,,1.0,,
443491,IMPLORA DTD LIP CRM 01 UP4G(OL),3265 - LIPS,PERSONAL CARE,1.0,,,1.0,,,1.0,,,23700.0,,,23700.0,,,2.0,,
443492,IMPLORA DTD LIP CRM03 PAS4G(OL),3265 - LIPS,PERSONAL CARE,1.0,,,0.5,,,1.0,,,25200.0,,,25200.0,,,1.0,,
443493,IMPLORA DTD LIP CRM 06 AT4G(OL),3265 - LIPS,PERSONAL CARE,1.0,,,1.0,,,1.0,,,22200.0,,,22200.0,,,2.0,,
192353,LIP ICE SHEER COLOR STRAW 2G,3265 - LIPS,PERSONAL CARE,1.0,1.0,0.0,8.0,1.67,-0.7912,1.23,1.0,-0.187,30825.0,30900.0,0.0024,37915.0,30900.0,-0.185,13.0,5.0,-0.6154
448183,LOREAL INFALBLE LIP210 5ML(OL),3265 - LIPS,PERSONAL CARE,1.0,,,0.5,,,1.0,,,126100.0,,,126100.0,,,1.0,,
448187,LOREAL INFALBLE LIP630 5ML(OL),3265 - LIPS,PERSONAL CARE,1.0,,,0.5,,,1.0,,,123100.0,,,123100.0,,,1.0,,
436800,MAYBELLINE SS VNL INK 130(OL),3265 - LIPS,PERSONAL CARE,1.0,,,0.5,,,1.0,,,109900.0,,,109900.0,,,1.0,,
415943,MOKO MOKO LIP CREAM DREAMYPINK,3265 - LIPS,PERSONAL CARE,1.0,1.0,0.0,0.5,0.33,-0.34,1.0,1.0,0.0,28500.0,28500.0,0.0,28500.0,28500.0,0.0,1.0,1.0,0.0
425915,"MOKO MOKO LIP TINT STBERY 2,5ML",3265 - LIPS,PERSONAL CARE,1.0,,,3.5,,,1.17,,,29186.0,,,34148.0,,,6.0,,
221754,NIVEA LIP CARE STR 4.8ML,3265 - LIPS,PERSONAL CARE,,1.0,,,0.33,,,1.0,,,38500.0,,,38500.0,,,1.0,
434608,OMG LIP CREAM LATTE 3.5G (OL),3265 - LIPS,PERSONAL CARE,1.0,,,1.0,,,1.0,,,25950.0,,,25950.0,,,2.0,,
434609,OMG LIP CREAM CAPPUCINO3.5G(OL),3265 - LIPS,PERSONAL CARE,1.0,,,0.5,,,1.0,,,25900.0,,,25900.0,,,1.0,,
436516,PINKBERRY LIP GELATO BLCRN4.2ML,3265 - LIPS,PERSONAL CARE,1.0,,,0.5,,,1.0,,,47700.0,,,47700.0,,,1.0,,
419297,PURE PAW PAW ORI 25G (OL),3265 - LIPS,PERSONAL CARE,1.0,,,0.5,,,1.0,,,65000.0,,,65000.0,,,1.0,,
415932,VASELINE LIPS STICK ROSY4.8G,3265 - LIPS,PERSONAL CARE,1.0,1.0,0.0,9.0,1.67,-0.8144,1.06,1.0,-0.0566,32544.0,32580.0,0.0011,34497.0,32580.0,-0.0556,17.0,5.0,-0.7059
416280,VASELINE LIP CARE ROSI TUB 7G,3265 - LIPS,PERSONAL CARE,,1.0,,,0.33,,,1.0,,,46500.0,,,46500.0,,,1.0,
426577,VASELINE LIP BLM ROSY TUB10G,3265 - LIPS,PERSONAL CARE,1.0,2.0,1.0,4.5,0.33,-0.9267,1.0,1.0,0.0,35200.0,70400.0,1.0,35200.0,70400.0,1.0,9.0,1.0,-0.8889
404017,WARDAH EXCLS MT LIP05 SPCHLS4G,3265 - LIPS,PERSONAL CARE,1.0,,,0.5,,,1.0,,,72900.0,,,72900.0,,,1.0,,
404026,WARDAH EXCLS MT LIP08 P.CRED4G,3265 - LIPS,PERSONAL CARE,1.0,1.0,0.0,0.5,1.0,1.0,1.0,1.0,0.0,72900.0,75500.0,0.0357,72900.0,75500.0,0.0357,1.0,3.0,2.0
404027,WARDAH EXCLS MT LIP09 P.MAUVE4,3265 - LIPS,PERSONAL CARE,1.0,1.0,0.0,0.5,0.67,0.34,1.0,1.0,0.0,72900.0,75500.0,0.0357,72900.0,75500.0,0.0357,1.0,2.0,1.0
416357,WARDAH LIP BALM STRWBERY 4G,3265 - LIPS,PERSONAL CARE,1.07,1.0,-0.0654,7.5,2.33,-0.6893,1.0,1.17,0.17,36267.0,34000.0,-0.0625,36267.0,39780.0,0.0969,15.0,6.0,-0.6
420938,WARDAH FIT MT.LIPS05 BLOSOM3.6,3265 - LIPS,PERSONAL CARE,1.0,,,1.0,,,1.0,,,52900.0,,,52900.0,,,2.0,,
420939,WARDAH FIT MT.LIPS08 W.BRWN3.6,3265 - LIPS,PERSONAL CARE,1.0,1.0,0.0,0.5,0.67,0.34,1.0,1.0,0.0,52900.0,54900.0,0.0378,52900.0,54900.0,0.0378,1.0,2.0,1.0
421545,WARDAH MATTE LIP 13 SWEET4G(OL),3265 - LIPS,PERSONAL CARE,1.0,,,0.5,,,1.0,,,75900.0,,,75900.0,,,1.0,,
441905,WARDAH GLT LIP04 E3.5G(DD)(OL),3265 - LIPS,PERSONAL CARE,1.0,,,1.0,,,1.0,,,94300.0,,,94300.0,,,2.0,,
448300,WARDAH LIP BALM ROSE 7G(OL),3265 - LIPS,PERSONAL CARE,1.0,,,1.0,,,1.0,,,47450.0,,,47450.0,,,2.0,,
438042,IMPLORA NAIL POLISH NUDES(OL),3266 - NAIL,PERSONAL CARE,1.0,,,0.5,,,1.0,,,30500.0,,,30500.0,,,1.0,,
438043,IMPLORA NAIL POLISH RED(OL),3266 - NAIL,PERSONAL CARE,1.0,,,1.0,,,1.0,,,30500.0,,,30500.0,,,2.0,,
112784,GILLETTE MACH 3 CARD 2S (OL),3281 - RAZOR,PERSONAL CARE,1.0,,,1.0,,,1.0,,,89900.0,,,89900.0,,,2.0,,
192591,GILLETTE VECTOR 1S,3281 - RAZOR,PERSONAL CARE,1.06,1.0,-0.0566,8.5,4.67,-0.4506,1.0,1.08,0.08,28153.0,28979.0,0.0293,28153.0,31297.0,0.1117,17.0,13.0,-0.2353
431960,VENUS RAZOR CMFRT TEA 2UP(OL),3281 - RAZOR,PERSONAL CARE,1.0,,,0.5,,,1.0,,,110000.0,,,110000.0,,,1.0,,
459438,GILLETTE BLUE FLEXI 3 PRO 1S,3281 - RAZOR,PERSONAL CARE,,1.0,,,1.0,,,1.0,,,30900.0,,,30900.0,,,3.0,
436000,VENUS SMOOTH SENSITIVE 2UP (OL),3281 - RAZOR,PERSONAL CARE,1.0,,,0.5,,,1.0,,,95000.0,,,95000.0,,,1.0,,
434390,ALFAMART CUKUR 3 MATA PISAU 1S,3282 - DISPOSABLE RAZOR,PERSONAL CARE,1.01,1.0,-0.0099,44.5,23.33,-0.4757,1.01,1.01,0.0,9509.0,9607.0,0.0103,9604.0,9703.0,0.0103,88.0,69.0,-0.2159
450848,ALFAMART RAZOR ONE PIECE B2G1,3282 - DISPOSABLE RAZOR,PERSONAL CARE,,1.0,,,11.33,,,1.0,,,18018.0,,,18018.0,,,34.0,
114000,GILLETTE BLUE II PLUS 1S,3282 - DISPOSABLE RAZOR,PERSONAL CARE,1.1,1.0,-0.0909,40.5,21.33,-0.4733,1.03,1.0,-0.0291,13722.0,12514.0,-0.088,14134.0,12514.0,-0.1146,79.0,64.0,-0.1899
117110,GILLETTE BLUE 3 1S,3282 - DISPOSABLE RAZOR,PERSONAL CARE,1.0,1.0,0.0,9.0,2.67,-0.7033,1.0,1.0,0.0,24144.0,26788.0,0.1095,24144.0,26788.0,0.1095,18.0,8.0,-0.5556
124222,GILLETTE RAZOR MACH 3 1UP(OL),3282 - DISPOSABLE RAZOR,PERSONAL CARE,1.0,,,1.0,,,1.0,,,66250.0,,,66250.0,,,2.0,,
144392,GILLETTE FLEXY BLUE 3X 2S,3282 - DISPOSABLE RAZOR,PERSONAL CARE,1.0,1.0,0.0,0.5,2.33,3.66,1.0,1.0,0.0,45500.0,43929.0,-0.0345,45500.0,43929.0,-0.0345,1.0,7.0,6.0
144393,GILLETTE BLUE 2FLEXI 2S,3282 - DISPOSABLE RAZOR,PERSONAL CARE,1.0,,,3.0,,,1.0,,,16033.0,,,16033.0,,,6.0,,
407217,GILLETE BLUE 3 SIMPLE 1S,3282 - DISPOSABLE RAZOR,PERSONAL CARE,1.01,1.0,-0.0099,40.0,15.0,-0.625,1.03,1.02,-0.0097,15536.0,16667.0,0.0728,16002.0,17000.0,0.0624,78.0,44.0,-0.4359
409154,GILLETTE BLUE II PLUS 3+1S,3282 - DISPOSABLE RAZOR,PERSONAL CARE,1.05,1.0,-0.0476,33.0,8.0,-0.7576,1.05,1.09,0.0381,37295.0,43367.0,0.1628,39160.0,47270.0,0.2071,63.0,22.0,-0.6508
428613,GILETTE GOAL II 3+1S,3282 - DISPOSABLE RAZOR,PERSONAL CARE,1.0,1.0,0.0,12.5,9.33,-0.2536,1.0,1.04,0.04,31612.0,28186.0,-0.1084,31612.0,29313.0,-0.0727,25.0,27.0,0.08
435215,GILLETTE FLEXI VIBE 1S,3282 - DISPOSABLE RAZOR,PERSONAL CARE,1.0,,,3.0,,,1.0,,,23600.0,,,23600.0,,,6.0,,
436900,GILLETTE BLUE FLEXIBLE 1S,3282 - DISPOSABLE RAZOR,PERSONAL CARE,1.01,1.01,0.0,42.0,22.67,-0.4602,1.0,1.03,0.03,11913.0,12166.0,0.0212,11913.0,12531.0,0.0519,84.0,66.0,-0.2143
437382,GILLETTE SIMPLY VENUS 2S,3282 - DISPOSABLE RAZOR,PERSONAL CARE,1.0,1.0,0.0,68.5,11.33,-0.8346,1.01,1.0,-0.0099,23011.0,24547.0,0.0668,23241.0,24547.0,0.0562,136.0,34.0,-0.75
446176,GILLETTE GOAL 2 HRDC 2S,3282 - DISPOSABLE RAZOR,PERSONAL CARE,1.0,,,22.0,,,1.1,,,19000.0,,,20900.0,,,40.0,,
446176,GILLETTE GOAL II ALAT CUKUR 2S,3282 - DISPOSABLE RAZOR,PERSONAL CARE,,1.02,,,14.33,,,1.1,,,19530.0,,,21483.0,,,39.0,
447765,GILLETTE BLUE 3 FLEXI 3S,3282 - DISPOSABLE RAZOR,PERSONAL CARE,1.11,1.03,-0.0721,9.5,10.67,0.1232,1.06,1.03,-0.0283,43037.0,40153.0,-0.067,45619.0,41358.0,-0.0934,18.0,31.0,0.7222
123513,SCHICK EXACTA WOMEN 2+1(OL),3282 - DISPOSABLE RAZOR,PERSONAL CARE,1.0,,,5.5,,,1.1,,,19382.0,,,21320.0,,,10.0,,
192592,GILLETTE VECTOR CARTRIDGE REF2S,3283 - REFILL RAZOR,PERSONAL CARE,1.0,1.04,0.04,12.0,8.67,-0.2775,1.04,1.04,0.0,27175.0,30127.0,0.1086,28262.0,31332.0,0.1086,23.0,25.0,0.087
435214,GILLETTE FLEXI VIBE REF 2S,3283 - REFILL RAZOR,PERSONAL CARE,1.0,1.0,0.0,3.5,0.67,-0.8086,1.0,1.0,0.0,30286.0,23600.0,-0.2208,30286.0,23600.0,-0.2208,7.0,2.0,-0.7143
9147,GILLETTE GOAL SILET MERAH REF,3283 - REFILL RAZOR,PERSONAL CARE,1.0,1.1,0.1,3.5,3.33,-0.0486,1.0,1.0,0.0,21071.0,22940.0,0.0887,21071.0,22940.0,0.0887,7.0,10.0,0.4286
123515,SCHICK EXACTA 2 REF 2S(OL),3283 - REFILL RAZOR,PERSONAL CARE,1.0,,,0.5,,,1.0,,,19000.0,,,19000.0,,,1.0,,
109881,GILLETTE FOAMY LEMONLIME 175G,3284 - SHAVING CARE,PERSONAL CARE,1.0,1.0,0.0,3.0,3.0,0.0,1.0,1.0,0.0,46900.0,53933.0,0.15,46900.0,53933.0,0.15,6.0,9.0,0.5
330064,ALFAMART KAPAS KECANTIKAN 50G,3331 - BEAUTY COTTON,PERSONAL CARE,1.09,1.06,-0.0275,181.0,76.67,-0.5764,1.12,1.12,0.0,11649.0,10685.0,-0.0828,13047.0,11967.0,-0.0828,322.0,206.0,-0.3602
116033,SELECTION KAPAS SPECIAL 175S,3331 - BEAUTY COTTON,PERSONAL CARE,1.08,1.05,-0.0278,118.5,48.67,-0.5893,1.04,1.05,0.0096,21573.0,20939.0,-0.0294,22436.0,21986.0,-0.0201,227.0,139.0,-0.3877
25452,SELECTION KAPAS MINI 35G,3331 - BEAUTY COTTON,PERSONAL CARE,1.05,1.02,-0.0286,476.0,117.0,-0.7542,1.12,1.07,-0.0446,8737.0,8548.0,-0.0216,9785.0,9146.0,-0.0653,851.0,328.0,-0.6146
330012,SELECTION KAPAS BULAT 80S,3331 - BEAUTY COTTON,PERSONAL CARE,1.07,1.05,-0.0187,82.5,24.33,-0.7051,1.09,1.12,0.0275,19645.0,19358.0,-0.0146,21413.0,21681.0,0.0125,152.0,65.0,-0.5724
450606,ALFA DISNEY SPONS BATH D125,4271 - BATHROOM ACCESSORIES,PERSONAL CARE,,1.0,,,1.67,,,1.0,,,22900.0,,,22900.0,,,5.0,
430901,ALFAMART BATH SPONGE,4271 - BATHROOM ACCESSORIES,PERSONAL CARE,1.0,1.0,0.0,35.0,14.33,-0.5906,1.06,1.08,0.0189,16306.0,16372.0,0.004,17284.0,17682.0,0.023,66.0,40.0,-0.3939
121568,ALFAMART BRS SETRA RAMOS 5KG,1511 - RICE,STAPLE NEED,1.11,1.09,-0.018,174.0,59.67,-0.6571,1.27,1.18,-0.0709,82849.0,81159.0,-0.0204,105218.0,95768.0,-0.0898,273.0,152.0,-0.4432
125619,ALFAMART BRS PND WANGI 5KG,1511 - RICE,STAPLE NEED,1.09,,,23.0,,,1.53,,,119457.0,,,182769.0,,,30.0,,
402359,ALFAMART BRS MERAH 2KG,1511 - RICE,STAPLE NEED,1.06,1.05,-0.0094,75.0,34.67,-0.5377,1.23,1.3,0.0569,47170.0,46639.0,-0.0113,58019.0,60631.0,0.045,122.0,80.0,-0.3443
407967,FS BRS SETRA WANGI 5KG,1511 - RICE,STAPLE NEED,1.14,,,482.5,,,1.52,,,84845.0,,,128964.0,,,634.0,,
408242,ALFAMART BRS ROJO PREMIUM 5KG,1511 - RICE,STAPLE NEED,1.02,1.06,0.0392,21.5,37.67,0.7521,1.08,1.12,0.037,76233.0,79115.0,0.0378,82332.0,88609.0,0.0762,40.0,101.0,1.525
411688,UN-GLU BRS 5KG,1511 - RICE,STAPLE NEED,1.05,1.06,0.0095,28.5,26.67,-0.0642,1.3,1.13,-0.1308,78421.0,79156.0,0.0094,101947.0,89446.0,-0.1226,44.0,71.0,0.6136
413633,ALFAMART BRS SETRA PULEN 5KG,1511 - RICE,STAPLE NEED,1.15,,,385.5,,,1.3,,,86346.0,,,112250.0,,,593.0,,
415506,ALFAMART BRS PULEN WANGI 5KG,1511 - RICE,STAPLE NEED,1.1,,,5.0,,,1.11,,,81950.0,,,90965.0,,,9.0,,
427245,ALFAMART BRS SETRA PREMIUM 5KG,1511 - RICE,STAPLE NEED,1.12,,,84.0,,,1.14,,,83443.0,,,95125.0,,,147.0,,
432296,ALFAMART BRS MERAH FS 2KG,1511 - RICE,STAPLE NEED,1.0,2.0,1.0,0.5,0.33,-0.34,1.0,1.0,0.0,47500.0,95000.0,1.0,47500.0,95000.0,1.0,1.0,1.0,0.0
440311,ALFAMART BRS RAMOS PRM 2.5KG,1511 - RICE,STAPLE NEED,1.07,,,575.0,,,1.44,,,39982.0,,,57574.0,,,796.0,,
432452,ANAK RAJA BRS 5KG (CL)(OL),1511 - RICE,STAPLE NEED,1.43,,,53.0,,,1.19,,,107566.0,,,128004.0,,,89.0,,
437484,ANAK RAJA BRS 1KG (OL),1511 - RICE,STAPLE NEED,2.18,,,5.5,,,1.0,,,34909.0,,,34909.0,,,11.0,,
441418,ANAK RAJA BRS HIJAU LG 5KG (OL),1511 - RICE,STAPLE NEED,1.46,,,6.5,,,1.08,,,108885.0,,,117596.0,,,12.0,,
441521,ANAKRAJA BRS KHUSUS PULENWNG5KG,1511 - RICE,STAPLE NEED,1.61,1.06,-0.3416,34.5,60.33,0.7487,1.28,1.1,-0.1406,119935.0,100260.0,-0.164,153517.0,110286.0,-0.2816,54.0,164.0,2.037
447253,ANAK RAJA BERAS ORGANIK 5KG(OL),1511 - RICE,STAPLE NEED,1.0,,,1.5,,,1.0,,,127500.0,,,127500.0,,,3.0,,
443564,DAILY MEAL NASI JAGUNG 1KG (OL),1511 - RICE,STAPLE NEED,2.0,,,0.5,,,1.0,,,75800.0,,,75800.0,,,1.0,,
412991,FORTUNE BERAS 5KG(OL),1511 - RICE,STAPLE NEED,1.34,,,132.5,,,1.38,,,99029.0,,,136660.0,,,192.0,,
427994,FS BRS KETAN PUTIH 1KG (OL),1511 - RICE,STAPLE NEED,1.0,,,2.0,,,1.0,,,32675.0,,,32675.0,,,4.0,,
442025,FS BRS SETRA RAMOS PREMIUM 5KG,1511 - RICE,STAPLE NEED,1.13,,,195.5,,,1.33,,,84766.0,,,112739.0,,,295.0,,
459339,HOK-1 BRS PREMIUM 5KG,1511 - RICE,STAPLE NEED,,1.08,,,130.33,,,1.24,,,80597.0,,,99940.0,,,315.0,
447249,KONGBAP ORIGINAL 1KG (OL),1511 - RICE,STAPLE NEED,3.0,,,0.5,,,1.0,,,218700.0,,,218700.0,,,1.0,,
447250,KONGBAP CHIASEED 1KG (OL),1511 - RICE,STAPLE NEED,2.0,,,1.0,,,1.0,,,145800.0,,,145800.0,,,2.0,,
432545,LAHAP BRS PREMIUM 5KG,1511 - RICE,STAPLE NEED,,1.14,,,141.0,,,1.48,,,85067.0,,,125899.0,,,286.0,
441866,MENTARI BRS 5KG,1511 - RICE,STAPLE NEED,1.15,1.2,0.0435,32.5,49.0,0.5077,1.48,1.46,-0.0135,85962.0,90718.0,0.0553,127224.0,132448.0,0.0411,44.0,101.0,1.2955
459316,PUTRI BATIK BRS 5KG,1511 - RICE,STAPLE NEED,,1.12,,,13.33,,,1.25,,,83812.0,,,104765.0,,,32.0,
407371,RAJA PLATINUM BRS SUPER 5KG,1511 - RICE,STAPLE NEED,1.17,1.19,0.0171,1140.5,323.33,-0.7165,1.39,1.33,-0.0432,87138.0,88987.0,0.0212,121122.0,118353.0,-0.0229,1643.0,732.0,-0.5545
437864,RAJA ULTIMA BRS PREMIUM 5KG,1511 - RICE,STAPLE NEED,1.22,1.18,-0.0328,1348.5,162.33,-0.8796,1.51,1.27,-0.1589,91230.0,88187.0,-0.0334,137757.0,111997.0,-0.187,1786.0,382.0,-0.7861
412990,SANIA BRS PREMIUM 5KG,1511 - RICE,STAPLE NEED,1.22,1.14,-0.0656,1418.0,206.33,-0.8545,1.46,1.25,-0.1438,91066.0,84730.0,-0.0696,132956.0,105912.0,-0.2034,1946.0,496.0,-0.7451
459391,SAWAH JINGGA BRS 5KG,1511 - RICE,STAPLE NEED,,1.12,,,5.67,,,1.21,,,86059.0,,,104131.0,,,14.0,
433979,SPHP/MEDIUM BRS BULOG 5KG,1511 - RICE,STAPLE NEED,,1.19,,,141.67,,,1.55,,,74371.0,,,115275.0,,,275.0,
438476,SUMO MERAH BRS KHUSUS 5KG,1511 - RICE,STAPLE NEED,1.7,1.22,-0.2824,51.5,46.33,-0.1004,1.43,1.19,-0.1678,153893.0,111201.0,-0.2774,220067.0,132329.0,-0.3987,72.0,117.0,0.625
438478,SUMO HIJAU BRS EKONOMIS 5KG(OL),1511 - RICE,STAPLE NEED,2.0,2.0,0.0,131.0,0.33,-0.9975,1.42,1.0,-0.2958,148042.0,149000.0,0.0065,210220.0,149000.0,-0.2912,185.0,1.0,-0.9946
448471,SUMO MERAH BERAS 3KG(OL),1511 - RICE,STAPLE NEED,1.33,,,19.5,,,1.15,,,74218.0,,,85351.0,,,34.0,,
448472,SUMO HIJAU BERAS 3KG(OL),1511 - RICE,STAPLE NEED,3.36,,,41.5,,,1.63,,,153705.0,,,250539.0,,,51.0,,
106908,TOPI KOKI BRS STR RAMOS 5KG,1511 - RICE,STAPLE NEED,1.24,,,162.0,,,1.25,,,92665.0,,,115831.0,,,259.0,,
459340,TOPI KOKI BRS LONG GRAIN 2.5KG,1511 - RICE,STAPLE NEED,,1.18,,,13.33,,,1.25,,,69208.0,,,86510.0,,,32.0,
150096,TROP'S BERAS MERAH 1KG (OL),1511 - RICE,STAPLE NEED,1.0,,,2.0,,,1.0,,,44900.0,,,44900.0,,,4.0,,
121576,ALFAMART GULA LOKAL 1KG,1512 - SUGAR,STAPLE NEED,1.28,1.5,0.1719,73.0,49.67,-0.3196,1.35,1.06,-0.2148,22414.0,26309.0,0.1738,30259.0,27888.0,-0.0784,108.0,140.0,0.2963
121579,ALFAMART GULA MERAH 400G,1512 - SUGAR,STAPLE NEED,1.08,1.03,-0.0463,49.5,19.67,-0.6026,1.06,1.11,0.0472,16104.0,15429.0,-0.0419,17070.0,17126.0,0.0033,93.0,53.0,-0.4301
121580,ALFAMART GULA BATU A 250G,1512 - SUGAR,STAPLE NEED,1.05,1.55,0.4762,11.0,3.67,-0.6664,1.05,1.0,-0.0476,11764.0,17255.0,0.4668,12352.0,17255.0,0.3969,21.0,11.0,-0.4762
125620,ALFAMART GULA PUTIH 1KG,1512 - SUGAR,STAPLE NEED,1.33,1.41,0.0602,33.0,34.0,0.0303,1.18,1.04,-0.1186,23333.0,24706.0,0.0588,27533.0,25694.0,-0.0668,56.0,98.0,0.75
420848,FS GULA KRISTAL PUTIH 1KG,1512 - SUGAR,STAPLE NEED,,1.58,,,8.67,,,1.08,,,27596.0,,,29804.0,,,24.0,
406643,GMP GULA KRISTAL PUTIH  1KG,1512 - SUGAR,STAPLE NEED,1.49,2.19,0.4698,1889.0,756.0,-0.5998,2.02,1.82,-0.099,26028.0,38318.0,0.4722,52577.0,69739.0,0.3264,1870.0,1243.0,-0.3353
220766,GULAKU GULA TEBU KUNING 1KG,1512 - SUGAR,STAPLE NEED,1.4,1.29,-0.0786,530.0,324.0,-0.3887,1.4,1.37,-0.0214,24450.0,22613.0,-0.0751,34230.0,30980.0,-0.0949,759.0,707.0,-0.0685
221587,GULAKU GULA TEBU PREMIUM 1KG,1512 - SUGAR,STAPLE NEED,1.38,1.6,0.1594,770.0,199.67,-0.7407,1.48,1.27,-0.1419,24205.0,28164.0,0.1636,35823.0,35768.0,-0.0015,1041.0,471.0,-0.5476
428417,GULAVIT GULA VIT C+D 1KG,1512 - SUGAR,STAPLE NEED,1.59,1.79,0.1258,281.0,161.0,-0.427,1.37,1.24,-0.0949,27838.0,31304.0,0.1245,38138.0,38817.0,0.0178,409.0,388.0,-0.0513
105782,HAAN GULA AREN 250G,1512 - SUGAR,STAPLE NEED,1.11,1.1,-0.009,22.5,13.0,-0.4222,1.29,1.05,-0.186,28333.0,29549.0,0.0429,36550.0,31026.0,-0.1511,35.0,37.0,0.0571
95102,IE-IE GULA BATU CRYSTAL 200G,1512 - SUGAR,STAPLE NEED,1.0,1.0,0.0,1.5,1.33,-0.1133,1.0,1.0,0.0,19900.0,19900.0,0.0,19900.0,19900.0,0.0,3.0,4.0,0.3333
438858,MAHORAHORA GULA AREN PCH 200G,1512 - SUGAR,STAPLE NEED,1.04,1.02,-0.0192,62.5,30.0,-0.52,1.15,1.3,0.1304,19656.0,19320.0,-0.0171,22604.0,25116.0,0.1111,109.0,69.0,-0.367
401698,PSM GULA PREMIUM 1KG,1512 - SUGAR,STAPLE NEED,1.48,1.62,0.0946,363.5,184.0,-0.4938,1.49,1.27,-0.1477,25901.0,28691.0,0.1077,38592.0,36438.0,-0.0558,489.0,436.0,-0.1084
405970,ROSE BRAND GULA TEBU PREMIUM1KG,1512 - SUGAR,STAPLE NEED,1.43,1.6,0.1189,678.0,188.67,-0.7217,1.41,1.13,-0.1986,24959.0,28105.0,0.126,35192.0,31759.0,-0.0976,959.0,499.0,-0.4797
406128,ROSE BRAND GULA TEBU KUNING 1KG,1512 - SUGAR,STAPLE NEED,1.49,1.87,0.255,1205.5,379.0,-0.6856,1.63,1.36,-0.1656,26050.0,32907.0,0.2632,42462.0,44754.0,0.054,1476.0,833.0,-0.4356
413204,ROSE BRAND GULA HALUS 500G (OL),1512 - SUGAR,STAPLE NEED,1.0,,,2.0,,,1.0,,,14900.0,,,14900.0,,,4.0,,
422842,ROSE BRAND SRP FRUKTOSA500G(OL),1512 - SUGAR,STAPLE NEED,1.0,,,1.0,,,1.0,,,19900.0,,,19900.0,,,2.0,,
420822,SUS GULA PASIR LOKAL PUTIH 1KG,1512 - SUGAR,STAPLE NEED,1.19,1.33,0.1176,51.0,11.0,-0.7843,1.23,1.1,-0.1057,20760.0,23333.0,0.1239,25535.0,25666.0,0.0051,83.0,30.0,-0.6386
431476,SUS GULA PASIR LOKAL KUNING 1KG,1512 - SUGAR,STAPLE NEED,1.43,1.13,-0.2098,3.5,7.67,1.1914,1.17,1.1,-0.0598,25000.0,19783.0,-0.2087,29250.0,21761.0,-0.256,6.0,21.0,2.5
170041,KOBE TEP ROTI CRISPY 200G (OL),1513 - FLOUR,STAPLE NEED,1.41,,,11.0,,,1.1,,,15245.0,,,16770.0,,,20.0,,
168246,KUNCI BIRU TEP TERIGU 1KG,1513 - FLOUR,STAPLE NEED,1.16,1.12,-0.0345,131.5,53.67,-0.5919,1.12,1.05,-0.0625,16865.0,16448.0,-0.0247,18889.0,17270.0,-0.0857,234.0,154.0,-0.3419
105098,MAIZENAKU TEP PATI JGG 300G(OL),1513 - FLOUR,STAPLE NEED,1.13,,,7.5,,,1.0,,,13487.0,,,13487.0,,,15.0,,
7487,MAIZENAKU CORN STARCH BOX 150G,1513 - FLOUR,STAPLE NEED,1.17,1.21,0.0342,72.5,48.67,-0.3287,1.01,1.04,0.0297,8793.0,9041.0,0.0282,8881.0,9403.0,0.0588,143.0,141.0,-0.014
261135,MAMA SUKA TEP ROTI 100G,1513 - FLOUR,STAPLE NEED,1.18,1.27,0.0763,77.0,27.33,-0.6451,1.05,1.09,0.0381,10616.0,11691.0,0.1013,11147.0,12743.0,0.1432,147.0,75.0,-0.4898
422762,MAMA SUKA TEP MAIZENA 150G,1513 - FLOUR,STAPLE NEED,1.1,1.11,0.0091,110.5,44.33,-0.5988,1.04,1.04,0.0,5973.0,6237.0,0.0442,6212.0,6486.0,0.0441,213.0,128.0,-0.3991
422598,CAP PAKTANI GNG TEP TAPIOKA500G,1513 - FLOUR,STAPLE NEED,1.07,1.07,0.0,185.0,66.0,-0.6432,1.09,1.05,-0.0367,14510.0,14267.0,-0.0167,15816.0,14980.0,-0.0529,340.0,189.0,-0.4441
440504,ROSE BRAND TPG MZNA 250G,1513 - FLOUR,STAPLE NEED,1.08,1.07,-0.0093,116.5,46.33,-0.6023,1.04,1.08,0.0385,7140.0,7266.0,0.0176,7426.0,7847.0,0.0567,224.0,129.0,-0.4241
7433,ROSE BRAND TEP BERAS 500G,1513 - FLOUR,STAPLE NEED,1.09,1.07,-0.0183,121.5,45.67,-0.6241,1.08,1.05,-0.0278,13626.0,13442.0,-0.0135,14716.0,14114.0,-0.0409,224.0,131.0,-0.4152
7434,ROSE BRAND TEP KETAN 500G,1513 - FLOUR,STAPLE NEED,1.08,1.19,0.1019,37.5,16.0,-0.5733,1.04,1.07,0.0288,18825.0,20683.0,0.0987,19578.0,22131.0,0.1304,72.0,45.0,-0.375
410290,SANIA TEP TERIGU SBG 1KG,1513 - FLOUR,STAPLE NEED,1.11,1.11,0.0,252.5,79.0,-0.6871,1.17,1.13,-0.0342,16861.0,16803.0,-0.0034,19727.0,18987.0,-0.0375,431.0,209.0,-0.5151
168245,SEGITIGA BIRU TEP TERIGU 1KG,1513 - FLOUR,STAPLE NEED,1.12,1.12,0.0,280.5,98.0,-0.6506,1.12,1.08,-0.0357,17047.0,17197.0,0.0088,19093.0,18573.0,-0.0272,502.0,271.0,-0.4602
123332,ALFAMART MYK GRG PCH 2L,1521 - PALM COOKING OIL,STAPLE NEED,1.23,1.14,-0.0732,105.5,57.33,-0.4566,1.23,1.14,-0.0732,48282.0,44802.0,-0.0721,59387.0,51074.0,-0.14,171.0,151.0,-0.117
192730,BIMOLI MYK GRG PCH 2L,1521 - PALM COOKING OIL,STAPLE NEED,1.27,1.21,-0.0472,126.5,259.0,1.0474,1.13,1.18,0.0442,51799.0,48475.0,-0.0642,58533.0,57200.0,-0.0228,224.0,660.0,1.9464
211141,BIMOLI MYK GRG PCH 1L,1521 - PALM COOKING OIL,STAPLE NEED,1.09,1.23,0.1284,219.5,153.33,-0.3015,1.18,1.18,0.0,23016.0,25377.0,0.1026,27159.0,29945.0,0.1026,373.0,390.0,0.0456
211378,BIMOLI MYK GRG SPESIAL PCH 2L,1521 - PALM COOKING OIL,STAPLE NEED,1.34,1.2,-0.1045,49.0,54.33,0.1088,1.15,1.15,0.0,57354.0,49633.0,-0.1346,65957.0,57078.0,-0.1346,85.0,142.0,0.6706
433436,CAMAR MYK GRG PCH 2L,1521 - PALM COOKING OIL,STAPLE NEED,1.3,1.27,-0.0231,166.5,78.33,-0.5295,1.15,1.17,0.0174,50809.0,53160.0,0.0463,58430.0,62197.0,0.0645,289.0,201.0,-0.3045
156747,FILMA MYK GRG PCH 2L,1521 - PALM COOKING OIL,STAPLE NEED,1.37,1.21,-0.1168,574.0,151.33,-0.7364,1.26,1.16,-0.0794,56135.0,53498.0,-0.047,70730.0,62058.0,-0.1226,914.0,390.0,-0.5733
113222,FORTUNE MYK GRG PCH 2L,1521 - PALM COOKING OIL,STAPLE NEED,1.3,1.2,-0.0769,377.5,231.0,-0.3881,1.18,1.23,0.0424,52485.0,48554.0,-0.0749,61932.0,59721.0,-0.0357,638.0,562.0,-0.1191
437794,HARUMAS MYK GRG PCH 2L,1521 - PALM COOKING OIL,STAPLE NEED,1.36,1.26,-0.0735,310.0,213.33,-0.3118,1.23,1.24,0.0081,52799.0,51554.0,-0.0236,64943.0,63927.0,-0.0156,506.0,518.0,0.0237
195673,SANIA MYK GRG PCH 1L,1521 - PALM COOKING OIL,STAPLE NEED,1.14,1.21,0.0614,331.0,238.0,-0.281,1.15,1.25,0.087,23192.0,24615.0,0.0614,26671.0,30769.0,0.1537,574.0,571.0,-0.0052
195674,SANIA MYK GRG PCH 2L,1521 - PALM COOKING OIL,STAPLE NEED,1.32,1.22,-0.0758,867.0,468.67,-0.4594,1.33,1.25,-0.0602,53517.0,49373.0,-0.0774,71178.0,61716.0,-0.1329,1306.0,1123.0,-0.1401
121905,SOVIA MYK GRG PCH 2L,1521 - PALM COOKING OIL,STAPLE NEED,1.29,1.18,-0.0853,359.0,185.0,-0.4847,1.23,1.2,-0.0244,51708.0,47555.0,-0.0803,63601.0,57066.0,-0.1027,583.0,461.0,-0.2093
244111,SUNCO MYK GRG PCH 2L,1521 - PALM COOKING OIL,STAPLE NEED,1.45,1.49,0.0276,2225.0,1031.0,-0.5366,1.48,1.47,-0.0068,62355.0,63127.0,0.0124,92285.0,92797.0,0.0055,2999.0,2107.0,-0.2974
113079,TROPICAL MYK GRG PET 2L,1521 - PALM COOKING OIL,STAPLE NEED,1.3,1.29,-0.0077,1485.5,583.0,-0.6075,1.38,1.28,-0.0725,53820.0,54033.0,0.004,74272.0,69162.0,-0.0688,2159.0,1370.0,-0.3654
451350,TROPICAL MYK GRG PET 1.5L,1521 - PALM COOKING OIL,STAPLE NEED,,1.33,,,133.0,,,1.16,,,41536.0,,,48182.0,,,344.0,
61132,TROPICAL MYK GRG PET 1L,1521 - PALM COOKING OIL,STAPLE NEED,1.14,1.11,-0.0263,935.0,222.67,-0.7619,1.3,1.19,-0.0846,23668.0,23990.0,0.0136,30768.0,28548.0,-0.0722,1438.0,559.0,-0.6113
6965,BARCO MYK GRG KELAPA PCH 1L,1522 - OTHER COOKING OIL,STAPLE NEED,1.32,1.21,-0.0833,59.0,12.67,-0.7853,1.17,1.09,-0.0684,78825.0,72511.0,-0.0801,92225.0,79037.0,-0.143,101.0,35.0,-0.6535
110132,BERTOLLI OLVOIL LIGHT 250ML(OL),1522 - OTHER COOKING OIL,STAPLE NEED,1.0,,,0.5,,,1.0,,,85000.0,,,85000.0,,,1.0,,
110160,BERTOLLI OLVOIL VIRGIN250ML(OL),1522 - OTHER COOKING OIL,STAPLE NEED,1.0,,,0.5,,,1.0,,,90100.0,,,90100.0,,,1.0,,
150069,BERTOLLI OLVOIL LIGHT 500ML(OL),1522 - OTHER COOKING OIL,STAPLE NEED,2.0,,,0.5,,,1.0,,,321800.0,,,321800.0,,,1.0,,
150072,BERTOLLI OLVOIL VIRGIN500ML(OL),1522 - OTHER COOKING OIL,STAPLE NEED,1.0,,,0.5,,,1.0,,,175000.0,,,175000.0,,,1.0,,
802286,DOUGO CANOLA OIL BTL 1L (OL),1522 - OTHER COOKING OIL,STAPLE NEED,1.0,,,1.0,,,1.0,,,73500.0,,,73500.0,,,2.0,,
802290,DOUGO CORN OIL BTL 1L (OL),1522 - OTHER COOKING OIL,STAPLE NEED,1.0,,,0.5,,,1.0,,,84900.0,,,84900.0,,,1.0,,
436396,IKAN DORANG VCO 250ML (OL),1522 - OTHER COOKING OIL,STAPLE NEED,1.0,,,0.5,,,1.0,,,66900.0,,,66900.0,,,1.0,,
436397,IKAN DORANG MYK KELAPA950ML(OL),1522 - OTHER COOKING OIL,STAPLE NEED,1.0,,,4.0,,,1.14,,,60325.0,,,68770.0,,,7.0,,
110106,MAZOLA CORN OIL PET 900ML (OL),1522 - OTHER COOKING OIL,STAPLE NEED,1.33,,,1.5,,,1.0,,,154100.0,,,154100.0,,,3.0,,
150044,MAZOLA CANOLA OIL PET 900ML(OL),1522 - OTHER COOKING OIL,STAPLE NEED,1.33,,,1.5,,,1.0,,,138267.0,,,138267.0,,,3.0,,
150047,MAZOLA SOYA OIL PET 900ML (OL),1522 - OTHER COOKING OIL,STAPLE NEED,1.0,,,0.5,,,1.0,,,103700.0,,,103700.0,,,1.0,,
810642,MAZOLA SUNFLW OIL PET 900ML(OL),1522 - OTHER COOKING OIL,STAPLE NEED,1.33,,,1.5,,,1.0,,,138000.0,,,138000.0,,,3.0,,
432378,SANIA ROYALE SOYA OIL 1L (OL),1522 - OTHER COOKING OIL,STAPLE NEED,1.11,,,4.5,,,1.12,,,49111.0,,,55004.0,,,8.0,,
150097,TROP'S MYK KANOLA PET 946ML(OL),1522 - OTHER COOKING OIL,STAPLE NEED,1.0,,,1.0,,,2.0,,,84500.0,,,169000.0,,,1.0,,
466318,5IN1 BLUE BAND SBG SAC 190G,1523 - MARGARINE & BUTTER,STAPLE NEED,1.22,1.21,-0.0082,29.5,105.67,2.582,1.05,1.06,0.0095,8420.0,8368.0,-0.0062,8841.0,8870.0,0.0033,56.0,300.0,4.3571
420993,BLUE BAND CAKE COOKIE SAC 200G,1523 - MARGARINE & BUTTER,STAPLE NEED,1.54,1.82,0.1818,101.5,59.0,-0.4187,1.17,1.2,0.0256,22836.0,25976.0,0.1375,26718.0,31171.0,0.1667,174.0,147.0,-0.1552
421468,BLUE BAND SBG TUB 230/250G,1523 - MARGARINE & BUTTER,STAPLE NEED,,1.43,,,23.33,,,1.04,,,30771.0,,,32002.0,,,67.0,
421468,BLUE BAND SBG TUB 250G,1523 - MARGARINE & BUTTER,STAPLE NEED,1.15,1.34,0.1652,83.0,47.33,-0.4298,1.09,1.08,-0.0092,24817.0,26800.0,0.0799,27051.0,28944.0,0.07,152.0,131.0,-0.1382
421469,BLUE BAND SBG SAC 200G,1523 - MARGARINE & BUTTER,STAPLE NEED,1.28,1.22,-0.0469,618.0,168.0,-0.7282,1.23,1.18,-0.0407,13085.0,12487.0,-0.0457,16095.0,14735.0,-0.0845,1001.0,427.0,-0.5734
100703,FILMA MARGARIN SBG SAC 200G,1523 - MARGARINE & BUTTER,STAPLE NEED,1.31,1.36,0.0382,395.0,159.33,-0.5966,1.18,1.15,-0.0254,9830.0,10214.0,0.0391,11599.0,11746.0,0.0127,667.0,414.0,-0.3793
103227,FORVITA MARGARIN SAC 200G,1523 - MARGARINE & BUTTER,STAPLE NEED,1.33,1.41,0.0602,553.5,194.67,-0.6483,1.19,1.2,0.0084,10117.0,9724.0,-0.0388,12039.0,11669.0,-0.0307,927.0,486.0,-0.4757
109005,FORVITA MARGARIN BOX 250G,1523 - MARGARINE & BUTTER,STAPLE NEED,1.01,1.04,0.0297,61.5,30.67,-0.5013,1.06,1.11,0.0472,13785.0,13774.0,-0.0008,14612.0,15289.0,0.0463,116.0,83.0,-0.2845
465921,FORVITA MARGARIN TUB 200G,1523 - MARGARINE & BUTTER,STAPLE NEED,1.19,1.08,-0.0924,187.5,101.0,-0.4613,1.07,1.12,0.0467,10517.0,8715.0,-0.1713,11253.0,9761.0,-0.1326,349.0,271.0,-0.2235
193858,PALMIA MARGARIN SAC 200G,1523 - MARGARINE & BUTTER,STAPLE NEED,1.26,1.47,0.1667,111.0,109.33,-0.015,1.09,1.17,0.0734,8916.0,10149.0,0.1383,9718.0,11874.0,0.2219,203.0,281.0,0.3842
121582,ALFAMART KACANG HIJAU 250G,1531 - SEED & BEAN,STAPLE NEED,1.06,1.14,0.0755,41.0,14.67,-0.6422,1.06,1.13,0.066,11565.0,12441.0,0.0757,12259.0,14058.0,0.1467,77.0,39.0,-0.4935
436596,ALFAMART KACANG HIJAU (A) 250G,1531 - SEED & BEAN,STAPLE NEED,1.0,1.0,0.0,2.5,0.33,-0.868,1.0,1.0,0.0,11200.0,11200.0,0.0,11200.0,11200.0,0.0,5.0,1.0,-0.8
436314,FINNA KACANG HIJAU 450G (OL),1531 - SEED & BEAN,STAPLE NEED,1.0,,,1.5,,,1.5,,,25233.0,,,37850.0,,,2.0,,
436315,FINNA KACANG MERAH 450G (OL),1531 - SEED & BEAN,STAPLE NEED,1.0,,,0.5,,,1.0,,,26000.0,,,26000.0,,,1.0,,
436316,FINNA JAGUNG POPCORN 500G (OL),1531 - SEED & BEAN,STAPLE NEED,1.25,,,2.0,,,1.0,,,20225.0,,,20225.0,,,4.0,,
112602,GARUDA POPCORN CARAMEL BUT 80G,1531 - SEED & BEAN,STAPLE NEED,1.35,1.17,-0.1333,41.0,15.67,-0.6178,1.08,1.15,0.0648,13572.0,11821.0,-0.129,14658.0,13594.0,-0.0726,76.0,41.0,-0.4605
402122,KONGBAP MULTI GRAIN MIX 150G,1531 - SEED & BEAN,STAPLE NEED,1.83,,,3.0,,,1.5,,,24150.0,,,36225.0,,,4.0,,
425648,FINNA KRUP UDANG SELERAKU 200G,1532 - SUNDRIED CRACKER,STAPLE NEED,1.14,1.16,0.0175,50.5,14.33,-0.7162,1.29,1.26,-0.0233,9924.0,10121.0,0.0199,12802.0,12752.0,-0.0039,78.0,34.0,-0.5641
435171,FINNA KRUP UDANG MINI 250G (OL),1532 - SUNDRIED CRACKER,STAPLE NEED,1.0,,,0.5,,,1.0,,,30900.0,,,30900.0,,,1.0,,
801809,NY SIOK UDANG OVAL 500G (OL),1532 - SUNDRIED CRACKER,STAPLE NEED,1.0,,,1.0,,,1.0,,,157900.0,,,157900.0,,,2.0,,
101405,NUTRIJELL JELLY PWD GRAPE 15G,1611 - POWDER JELLY,STAPLE NEED,1.2,1.3,0.0833,55.5,22.33,-0.5977,1.04,1.08,0.0385,7580.0,8376.0,0.105,7883.0,9046.0,0.1475,107.0,62.0,-0.4206
115541,NUTRIJELL JELLY PWD CINCAU 15G,1611 - POWDER JELLY,STAPLE NEED,1.43,1.34,-0.0629,59.0,22.33,-0.6215,1.17,1.29,0.1026,8888.0,8639.0,-0.028,10399.0,11144.0,0.0716,101.0,52.0,-0.4851
216911,NUTRIJELL JELLY PWD STR 15G,1611 - POWDER JELLY,STAPLE NEED,1.26,1.26,0.0,61.5,25.67,-0.5826,1.09,1.15,0.055,7866.0,8148.0,0.0359,8574.0,9370.0,0.0928,113.0,67.0,-0.4071
216913,NUTRIJELL JELLY PWD LECI 15G,1611 - POWDER JELLY,STAPLE NEED,1.27,1.39,0.0945,69.0,25.67,-0.628,1.03,1.05,0.0194,7916.0,8969.0,0.133,8153.0,9417.0,0.155,134.0,73.0,-0.4552
216915,NUTRIJELL JELLY PWD PLAIN 15G,1611 - POWDER JELLY,STAPLE NEED,1.42,1.51,0.0634,62.5,29.67,-0.5253,1.12,1.11,-0.0089,8781.0,9643.0,0.0982,9835.0,10704.0,0.0884,112.0,80.0,-0.2857
223177,NUTRIJELL JELLY PWD MANGO 15G,1611 - POWDER JELLY,STAPLE NEED,1.27,1.32,0.0394,53.5,26.67,-0.5015,1.1,1.03,-0.0636,7882.0,8515.0,0.0803,8670.0,8770.0,0.0115,97.0,78.0,-0.1959
223788,NUTRIJELL JELLY PWD CHOCO 30G,1611 - POWDER JELLY,STAPLE NEED,1.3,1.28,-0.0154,75.5,42.0,-0.4437,1.09,1.03,-0.055,10150.0,10250.0,0.0099,11064.0,10558.0,-0.0457,138.0,122.0,-0.1159
439788,NUTRIJELL JELLY PWD DARK CHO24G,1611 - POWDER JELLY,STAPLE NEED,1.24,1.42,0.1452,55.0,19.67,-0.6424,1.11,1.09,-0.018,9282.0,11120.0,0.198,10303.0,12121.0,0.1765,99.0,54.0,-0.4545
459574,NUTRIJELL JELLY PWD KOPI 20G,1611 - POWDER JELLY,STAPLE NEED,,1.37,,,30.67,,,1.12,,,10683.0,,,11965.0,,,82.0,
410821,SWALLOW GLOBE AGAR WHITE 7G,1611 - POWDER JELLY,STAPLE NEED,1.76,1.64,-0.0682,163.5,66.67,-0.5922,1.12,1.08,-0.0357,10575.0,9718.0,-0.081,11844.0,10495.0,-0.1139,291.0,186.0,-0.3608
411612,SWALLOW GLOBE AGAR RED 7G,1611 - POWDER JELLY,STAPLE NEED,1.32,1.39,0.053,36.5,21.33,-0.4156,1.07,1.03,-0.0374,7886.0,8233.0,0.044,8438.0,8480.0,0.005,68.0,62.0,-0.0882
412039,HAAN PUD CHOCOLATE 130G,1612 - PROCESSED PUDDING,STAPLE NEED,1.21,1.15,-0.0496,81.5,18.0,-0.7791,1.12,1.08,-0.0357,18373.0,17456.0,-0.0499,20578.0,18852.0,-0.0839,146.0,50.0,-0.6575
110858,MOM'S RECIPE SP MATCHA PCH 100G,1612 - PROCESSED PUDDING,STAPLE NEED,1.2,1.11,-0.075,63.5,30.0,-0.5276,1.08,1.06,-0.0185,16384.0,15111.0,-0.0777,17695.0,16018.0,-0.0948,118.0,85.0,-0.2797
110860,MOM'S RECIPE SP STR PCH 110G,1612 - PROCESSED PUDDING,STAPLE NEED,1.12,,,8.0,,,1.0,,,13050.0,,,13050.0,,,16.0,,
409083,MOM'S RECIPE SP BUBGUM 155G(OL),1612 - PROCESSED PUDDING,STAPLE NEED,1.2,,,2.5,,,1.0,,,18500.0,,,18500.0,,,5.0,,
428151,MOM'S RECIPE SP PEACH 155G (OL),1612 - PROCESSED PUDDING,STAPLE NEED,1.0,,,2.0,,,1.0,,,15375.0,,,15375.0,,,4.0,,
428152,MOM'S RECIPE SP BISCUIT155G(OL),1612 - PROCESSED PUDDING,STAPLE NEED,1.0,,,1.5,,,1.0,,,15167.0,,,15167.0,,,3.0,,
428153,MOM'S RECIPE SP AVOCADO155G(OL),1612 - PROCESSED PUDDING,STAPLE NEED,1.0,,,2.0,,,1.0,,,15250.0,,,15250.0,,,4.0,,
434210,MOM'S RECIPE SP LYCHEE 155G(OL),1612 - PROCESSED PUDDING,STAPLE NEED,1.2,,,2.5,,,1.0,,,18300.0,,,18300.0,,,5.0,,
436659,MOM'S RECIPE SP STR 155G (OL),1612 - PROCESSED PUDDING,STAPLE NEED,1.25,,,2.0,,,1.0,,,19125.0,,,19125.0,,,4.0,,
441177,MOM'S RECIPE SP CHOCO PCH 110G,1612 - PROCESSED PUDDING,STAPLE NEED,1.18,1.2,0.0169,98.5,45.67,-0.5363,1.13,1.1,-0.0265,16087.0,16387.0,0.0186,18178.0,18026.0,-0.0084,174.0,125.0,-0.2816
441178,MOM'S RECIPE SP BUBGUM PCH 110G,1612 - PROCESSED PUDDING,STAPLE NEED,1.16,1.0,-0.1379,55.5,6.67,-0.8798,1.14,1.0,-0.1228,15805.0,12925.0,-0.1822,18018.0,12925.0,-0.2827,97.0,20.0,-0.7938
441179,MOM'S RECIPE SP TARO PCH 110G,1612 - PROCESSED PUDDING,STAPLE NEED,1.21,1.16,-0.0413,78.0,39.67,-0.4914,1.07,1.13,0.0561,16390.0,15771.0,-0.0378,17537.0,17821.0,0.0162,146.0,105.0,-0.2808
120716,MY VLA VANILA 60G,1612 - PROCESSED PUDDING,STAPLE NEED,1.36,1.29,-0.0515,162.5,52.33,-0.678,1.14,1.09,-0.0439,8675.0,8954.0,0.0322,9890.0,9760.0,-0.0131,284.0,144.0,-0.493
115539,NUTRIJELL PUD SS COKLAT 145G,1612 - PROCESSED PUDDING,STAPLE NEED,1.23,1.13,-0.0813,102.5,52.0,-0.4927,1.09,1.03,-0.055,16708.0,15579.0,-0.0676,18212.0,16046.0,-0.1189,188.0,152.0,-0.1915
115540,NUTRIJELL PUD SS MANGGA 170G,1612 - PROCESSED PUDDING,STAPLE NEED,1.21,1.15,-0.0496,112.0,56.67,-0.494,1.14,1.06,-0.0702,15823.0,15228.0,-0.0376,18038.0,16142.0,-0.1051,197.0,160.0,-0.1878
121248,NUTRIJELL PUD SS STROBERI 145G,1612 - PROCESSED PUDDING,STAPLE NEED,1.13,1.15,0.0177,54.0,42.67,-0.2098,1.09,1.06,-0.0275,14696.0,15242.0,0.0372,16019.0,16157.0,0.0086,99.0,121.0,0.2222
430971,NUTRIJELL PUD SS BELG CHOCO130G,1612 - PROCESSED PUDDING,STAPLE NEED,1.12,1.35,0.2054,69.0,45.0,-0.3478,1.08,1.06,-0.0185,15091.0,18933.0,0.2546,16298.0,20069.0,0.2314,128.0,127.0,-0.0078
446363,PONDAN SILKY PDG CHOCO 100G(OL),1612 - PROCESSED PUDDING,STAPLE NEED,1.0,,,1.0,,,1.0,,,12250.0,,,12250.0,,,2.0,,
160027,KOEPOE PERISA VANILLA 20G,1621 - ESSENCE,STAPLE NEED,1.02,1.08,0.0588,48.0,21.67,-0.5485,1.02,1.02,0.0,9596.0,10123.0,0.0549,9788.0,10325.0,0.0549,94.0,64.0,-0.3191
4826,KOEPOE SP PENGEMULSI 30G,1621 - ESSENCE,STAPLE NEED,1.03,1.08,0.0485,76.0,23.67,-0.6886,1.08,1.03,-0.0463,10536.0,11062.0,0.0499,11379.0,11394.0,0.0013,141.0,69.0,-0.5106
160020,COLATTA CHOCO CHIPS 150G (OL),1622 - COLOURING & FLAVOURING,STAPLE NEED,1.45,,,5.5,,,1.0,,,25327.0,,,25327.0,,,11.0,,
438865,COLATTA DARK COMPOUND CHO 180G,1622 - COLOURING & FLAVOURING,STAPLE NEED,1.09,1.07,-0.0183,48.5,15.33,-0.6839,1.13,1.12,-0.0088,24915.0,24837.0,-0.0031,28154.0,27817.0,-0.012,86.0,41.0,-0.5233
105243,KOEPOE PASTA PANDAN 60ML,1622 - COLOURING & FLAVOURING,STAPLE NEED,1.0,,,1.5,,,1.0,,,10767.0,,,10767.0,,,3.0,,
160025,KOEPOE PASTA COKELAT 60ML (OL),1622 - COLOURING & FLAVOURING,STAPLE NEED,1.0,,,0.5,,,1.0,,,10200.0,,,10200.0,,,1.0,,
160026,KOEPOE PASTA VANILLA 60ML (OL),1622 - COLOURING & FLAVOURING,STAPLE NEED,1.0,,,2.5,,,1.0,,,10200.0,,,10200.0,,,5.0,,
160028,KOEPOE PASTA COCOPND 60ML (OL),1622 - COLOURING & FLAVOURING,STAPLE NEED,1.0,,,1.0,,,1.0,,,9700.0,,,9700.0,,,2.0,,
439524,TULIP DARK CHOCOLATE 225G(OL),1622 - COLOURING & FLAVOURING,STAPLE NEED,1.0,,,0.5,,,1.0,,,23000.0,,,23000.0,,,1.0,,
8045,VAN HOUTEN COCOA PWD BOX 80G,1622 - COLOURING & FLAVOURING,STAPLE NEED,1.01,1.06,0.0495,41.5,18.0,-0.5663,1.12,1.04,-0.0714,31136.0,32500.0,0.0438,34872.0,33800.0,-0.0307,74.0,52.0,-0.2973
125798,HAAN RAGI INSTANT 44G (OL),1623 - BAKING POWDER,STAPLE NEED,1.67,,,3.0,,,1.0,,,24167.0,,,24167.0,,,6.0,,
105061,KOEPOE TBM 80G (OL),1623 - BAKING POWDER,STAPLE NEED,1.0,,,0.5,,,1.0,,,17200.0,,,17200.0,,,1.0,,
4815,KOEPOE BAKING POWDER 45G,1623 - BAKING POWDER,STAPLE NEED,1.04,1.02,-0.0192,90.5,32.0,-0.6464,1.03,1.02,-0.0097,7686.0,7556.0,-0.0169,7917.0,7707.0,-0.0265,175.0,94.0,-0.4629
4818,KOEPOE SODA KUE 81G,1623 - BAKING POWDER,STAPLE NEED,1.05,1.05,0.0,108.0,38.0,-0.6481,1.03,1.03,0.0,6412.0,6423.0,0.0017,6604.0,6616.0,0.0018,210.0,111.0,-0.4714
110014,HAAN PANCAKE MIX VANILA180G(OL),1624 - INSTANT PROCESS FOOD,STAPLE NEED,1.0,,,1.5,,,1.0,,,19900.0,,,19900.0,,,3.0,,
125374,HAAN PANCAKE MIX CHESSE150G(OL),1624 - INSTANT PROCESS FOOD,STAPLE NEED,1.0,,,1.0,,,1.0,,,19900.0,,,19900.0,,,2.0,,
424303,HAAN WIPPY CREAM PCH 200G (OL),1624 - INSTANT PROCESS FOOD,STAPLE NEED,1.0,,,1.0,,,1.0,,,44950.0,,,44950.0,,,2.0,,
401119,NUTRICAKE BROWNIES COKLAT 230G,1624 - INSTANT PROCESS FOOD,STAPLE NEED,1.15,1.09,-0.0522,54.0,17.67,-0.6728,1.11,1.06,-0.045,18886.0,18111.0,-0.041,20963.0,19198.0,-0.0842,97.0,50.0,-0.4845
105837,PONDAN PANCAKE MIX 250G (OL),1624 - INSTANT PROCESS FOOD,STAPLE NEED,1.11,,,4.5,,,1.12,,,21078.0,,,23607.0,,,8.0,,
422572,PONDAN BWN KUKUS PCH 230G,1624 - INSTANT PROCESS FOOD,STAPLE NEED,1.11,1.14,0.027,43.5,14.33,-0.6706,1.1,1.05,-0.0455,18194.0,18670.0,0.0262,20013.0,19604.0,-0.0204,79.0,41.0,-0.481
426217,PONDAN MAPLE SYRUP 12X40ML (OL),1624 - INSTANT PROCESS FOOD,STAPLE NEED,1.0,,,0.5,,,1.0,,,40000.0,,,40000.0,,,1.0,,
446361,PONDAN PANCAKE CHOCO 125G(OL),1624 - INSTANT PROCESS FOOD,STAPLE NEED,1.0,,,0.5,,,1.0,,,14500.0,,,14500.0,,,1.0,,
406561,FIBER CREME MP CREAMER 100G,1625 - COCONUT MILK,STAPLE NEED,1.12,1.39,0.2411,161.5,68.67,-0.5748,1.21,1.18,-0.0248,18595.0,25453.0,0.3688,22500.0,30035.0,0.3349,268.0,175.0,-0.347
101444,KARA SUN SANTAN TCA 65ML,1625 - COCONUT MILK,STAPLE NEED,2.58,1.85,-0.2829,942.5,307.67,-0.6736,1.25,1.21,-0.032,15318.0,10931.0,-0.2864,19148.0,13227.0,-0.3092,1513.0,764.0,-0.495
185246,KARA SUN SANTAN TP 200ML,1625 - COCONUT MILK,STAPLE NEED,1.25,1.27,0.016,85.0,14.67,-0.8274,1.16,1.1,-0.0517,24786.0,26211.0,0.0575,28752.0,28832.0,0.0028,147.0,40.0,-0.7279
195422,KARA SANTAN CRM HIJAU TP 200ML,1625 - COCONUT MILK,STAPLE NEED,1.32,1.41,0.0682,36.0,18.0,-0.5,1.09,1.04,-0.0459,27832.0,29511.0,0.0603,30337.0,30691.0,0.0117,66.0,52.0,-0.2121
433190,MAMA KOKO SANTAN TCA 65ML,1625 - COCONUT MILK,STAPLE NEED,1.69,1.86,0.1006,178.0,151.0,-0.1517,1.16,1.27,0.0948,9967.0,9134.0,-0.0836,11562.0,11600.0,0.0033,306.0,358.0,0.1699
160037,SASA SANTAN BUBUK 20G,1625 - COCONUT MILK,STAPLE NEED,1.6,1.71,0.0687,58.5,48.67,-0.168,1.1,1.04,-0.0545,5750.0,6009.0,0.045,6325.0,6249.0,-0.012,106.0,140.0,0.3208
407838,SASA SANTAN TCA 65ML,1625 - COCONUT MILK,STAPLE NEED,2.23,2.28,0.0224,585.5,273.67,-0.5326,1.31,1.25,-0.0458,11840.0,12105.0,0.0224,15510.0,15131.0,-0.0244,895.0,656.0,-0.267
410189,SASA SANTAN TP 200ML,1625 - COCONUT MILK,STAPLE NEED,1.3,1.5,0.1538,83.5,16.0,-0.8084,1.18,1.04,-0.1186,25338.0,29306.0,0.1566,29899.0,30478.0,0.0194,141.0,46.0,-0.6738
402997,AJINOMOTO MSG 90/100G,1711 - MSG ( MONO SODIUM GLUTAMATE ),STAPLE NEED,1.38,1.11,-0.1957,192.0,97.67,-0.4913,1.45,1.3,-0.1034,6924.0,5549.0,-0.1986,10040.0,7214.0,-0.2815,265.0,226.0,-0.1472
4944,AJINOMOTO MSG 250G,1711 - MSG ( MONO SODIUM GLUTAMATE ),STAPLE NEED,1.06,1.09,0.0283,18.0,7.33,-0.5928,1.16,1.22,0.0517,16342.0,16718.0,0.023,18957.0,20396.0,0.0759,31.0,18.0,-0.4194
4970,SASA MSG 100G,1711 - MSG ( MONO SODIUM GLUTAMATE ),STAPLE NEED,1.04,1.03,-0.0096,154.5,70.33,-0.5448,1.11,1.08,-0.027,7183.0,7105.0,-0.0109,7973.0,7673.0,-0.0376,278.0,196.0,-0.295
4971,SASA MSG 250G,1711 - MSG ( MONO SODIUM GLUTAMATE ),STAPLE NEED,1.06,1.09,0.0283,68.5,40.67,-0.4063,1.16,1.28,0.1034,17132.0,17580.0,0.0261,19873.0,22502.0,0.1323,118.0,95.0,-0.1949
412059,ALFAMART GARAM 500G,1712 - SALT,STAPLE NEED,1.02,1.04,0.0196,123.5,15.33,-0.8759,1.12,1.05,-0.0625,9083.0,9893.0,0.0892,10173.0,10388.0,0.0211,221.0,44.0,-0.8009
5016,DOLPIN GARAM MEJA 500G,1712 - SALT,STAPLE NEED,1.09,1.07,-0.0183,134.5,51.0,-0.6208,1.05,1.09,0.0381,14973.0,14659.0,-0.021,15722.0,15978.0,0.0163,255.0,140.0,-0.451
62390,KAPAL GARAM 250G,1712 - SALT,STAPLE NEED,1.06,1.04,-0.0189,49.5,26.33,-0.4681,1.02,1.01,-0.0098,3288.0,3223.0,-0.0198,3354.0,3255.0,-0.0295,97.0,78.0,-0.1959
62391,KAPAL GARAM 500G,1712 - SALT,STAPLE NEED,1.08,1.09,0.0093,75.5,31.33,-0.585,1.07,1.11,0.0374,6571.0,7177.0,0.0922,7031.0,7966.0,0.133,141.0,85.0,-0.3972
432781,PURA PURE SALT COARSE 300GR(OL),1712 - SALT,STAPLE NEED,1.0,,,0.5,,,1.0,,,39000.0,,,39000.0,,,1.0,,
435456,PURA HMLYN SALT GARLIC 125G(OL),1712 - SALT,STAPLE NEED,1.0,,,3.0,,,1.0,,,45000.0,,,45000.0,,,6.0,,
435457,PURA HMLYN SALT PEPPER 125G(OL),1712 - SALT,STAPLE NEED,1.0,,,1.5,,,1.0,,,45000.0,,,45000.0,,,3.0,,
440128,PURA THE PURES SEA SALT300G(OL),1712 - SALT,STAPLE NEED,1.0,,,2.5,,,1.25,,,39000.0,,,48750.0,,,4.0,,
173904,REFINA GARAM MEJA 500G,1712 - SALT,STAPLE NEED,1.05,1.14,0.0857,176.0,68.33,-0.6118,1.12,1.06,-0.0536,11922.0,12721.0,0.067,13353.0,13484.0,0.0098,313.0,194.0,-0.3802
121584,ALFAMART LADA PUTIH REF 50G,1713 - SPICES,STAPLE NEED,1.03,1.0,-0.0291,46.0,12.33,-0.732,1.11,1.23,0.1081,15748.0,16700.0,0.0605,17480.0,20541.0,0.1751,83.0,30.0,-0.6386
435474,DESAKU KETUMBAR 100G (OL),1713 - SPICES,STAPLE NEED,1.0,,,4.0,,,1.14,,,13025.0,,,14848.0,,,7.0,,
435475,DESAKU KUNYIT 100G (OL),1713 - SPICES,STAPLE NEED,1.0,,,1.5,,,1.0,,,18967.0,,,18967.0,,,3.0,,
435476,DESAKU BALADO 12.5G (OL),1713 - SPICES,STAPLE NEED,3.0,,,3.5,,,1.0,,,8700.0,,,8700.0,,,7.0,,
435477,DESAKU KARI 12.5G (OL),1713 - SPICES,STAPLE NEED,3.0,,,3.0,,,1.2,,,8700.0,,,10440.0,,,5.0,,
435478,DESAKU SAMBAL GORENG 12.5G (OL),1713 - SPICES,STAPLE NEED,4.0,,,1.5,,,1.0,,,11600.0,,,11600.0,,,3.0,,
435479,DESAKU OPOR 12.5G(OL),1713 - SPICES,STAPLE NEED,3.0,,,0.5,,,1.0,,,8700.0,,,8700.0,,,1.0,,
435480,DESAKU GULAI 12.5G (OL),1713 - SPICES,STAPLE NEED,3.75,,,2.0,,,1.0,,,10875.0,,,10875.0,,,4.0,,
447906,JAY'S GARLIC BREAD 20G(OL),1713 - SPICES,STAPLE NEED,1.0,,,1.0,,,1.0,,,18200.0,,,18200.0,,,2.0,,
447908,JAY'S PAPRIKA POWDER 12G(OL),1713 - SPICES,STAPLE NEED,1.0,,,1.0,,,1.0,,,10250.0,,,10250.0,,,2.0,,
447909,JAY'S OREGANO LEAVES 6G (OL),1713 - SPICES,STAPLE NEED,1.0,,,1.0,,,1.0,,,10000.0,,,10000.0,,,2.0,,
447910,JAY'S BASIL LEAVES 5G(OL),1713 - SPICES,STAPLE NEED,1.0,,,0.5,,,1.0,,,11100.0,,,11100.0,,,1.0,,
447911,JAY'S PARSLEY LEAVES 4G(OL),1713 - SPICES,STAPLE NEED,1.0,,,2.0,,,1.0,,,10250.0,,,10250.0,,,4.0,,
447912,JAY'S CRUSHED BLK PEPPER 8G(OL),1713 - SPICES,STAPLE NEED,1.0,,,1.0,,,1.0,,,11500.0,,,11500.0,,,2.0,,
447913,JAY'S CINNAMON GROUND 12G(OL),1713 - SPICES,STAPLE NEED,1.0,,,1.5,,,1.0,,,10133.0,,,10133.0,,,3.0,,
429915,KOEPOE GARLIC POWDER 130G (OL),1713 - SPICES,STAPLE NEED,1.0,,,5.5,,,1.0,,,18827.0,,,18827.0,,,11.0,,
429916,KOEPOE OREGANO LEAVES 42G (OL),1713 - SPICES,STAPLE NEED,1.0,,,2.5,,,1.0,,,19900.0,,,19900.0,,,5.0,,
429917,KOEPOE PARSLEY LEAVES 19G (OL),1713 - SPICES,STAPLE NEED,1.0,,,1.5,,,1.0,,,13500.0,,,13500.0,,,3.0,,
433346,KOEPOE LADA HITAM BUBUK 83G(OL),1713 - SPICES,STAPLE NEED,1.0,,,2.0,,,1.0,,,24525.0,,,24525.0,,,4.0,,
4795,KOEPOE LADA PUTIH BUBUK POT 85G,1713 - SPICES,STAPLE NEED,1.02,1.0,-0.0196,27.0,8.33,-0.6915,1.0,1.04,0.04,31472.0,30900.0,-0.0182,31472.0,32136.0,0.0211,54.0,24.0,-0.5556
121821,LADAKU MERICA BUBUK 8X1G,1713 - SPICES,STAPLE NEED,1.14,1.13,-0.0088,137.0,25.33,-0.8151,1.12,1.07,-0.0446,5462.0,6253.0,0.1448,6117.0,6691.0,0.0938,244.0,71.0,-0.709
432785,PURA SEASONING BEEF 100G (OL),1713 - SPICES,STAPLE NEED,1.0,,,0.5,,,1.0,,,65000.0,,,65000.0,,,1.0,,
438426,LEMONILO GORME KALDU JAMUR 40G,1714 - STOCK SOUP,STAPLE NEED,1.0,,,1.0,,,1.0,,,5900.0,,,5900.0,,,2.0,,
448658,MAGGI BMB PENYEDAP SBG 80G,1714 - STOCK SOUP,STAPLE NEED,,1.12,,,16.0,,,1.14,,,7200.0,,,8208.0,,,42.0,
170072,MASAKO BMB PNYDP SAPI 250G,1714 - STOCK SOUP,STAPLE NEED,1.18,1.04,-0.1186,61.5,17.33,-0.7182,1.22,1.13,-0.0738,13038.0,11438.0,-0.1227,15906.0,12925.0,-0.1874,101.0,46.0,-0.5446
170073,MASAKO BMB PNYDP AYAM 250G,1714 - STOCK SOUP,STAPLE NEED,1.08,1.12,0.037,104.0,40.33,-0.6122,1.28,1.33,0.0391,11941.0,12846.0,0.0758,15284.0,17085.0,0.1178,163.0,91.0,-0.4417
434450,MASAKO AYAM LIGHT 50G (OL),1714 - STOCK SOUP,STAPLE NEED,1.0,,,1.5,,,1.0,,,4900.0,,,4900.0,,,3.0,,
442248,MASAKO BMB KALDU JAMUR 40G,1714 - STOCK SOUP,STAPLE NEED,1.19,1.2,0.0084,47.5,13.67,-0.7122,1.06,1.17,0.1038,5132.0,5180.0,0.0094,5440.0,6061.0,0.1142,90.0,35.0,-0.6111
163443,ROYCO BMB PLZT AYAM PCH 94G,1714 - STOCK SOUP,STAPLE NEED,1.03,1.06,0.0291,152.5,63.67,-0.5825,1.16,1.13,-0.0259,6535.0,6671.0,0.0208,7581.0,7538.0,-0.0057,262.0,169.0,-0.355
171189,ROYCO BMB PLZT SAPI PCH 94G,1714 - STOCK SOUP,STAPLE NEED,1.07,,,104.0,,,1.06,,,5848.0,,,6199.0,,,196.0,,
407641,ROYCO BMB PLZT AYAM 230G,1714 - STOCK SOUP,STAPLE NEED,1.06,1.07,0.0094,131.5,57.0,-0.5665,1.16,1.16,0.0,13397.0,13419.0,0.0016,15541.0,15566.0,0.0016,226.0,147.0,-0.3496
407642,ROYCO BMB PLZT SAPI 230G,1714 - STOCK SOUP,STAPLE NEED,1.08,1.09,0.0093,63.5,36.33,-0.4279,1.2,1.22,0.0167,13498.0,13690.0,0.0142,16198.0,16702.0,0.0311,106.0,89.0,-0.1604
420992,ROYCO BMB KALDU JAMUR 36G,1714 - STOCK SOUP,STAPLE NEED,1.08,,,38.0,,,1.12,,,5424.0,,,6075.0,,,68.0,,
441513,SEDAAP BMB PLZT AYAM 250G,1714 - STOCK SOUP,STAPLE NEED,1.27,1.4,0.1024,147.5,38.0,-0.7424,1.27,1.25,-0.0157,12618.0,13895.0,0.1012,16025.0,17369.0,0.0839,233.0,91.0,-0.6094
441514,SEDAAP BMB PLZT SAPI 250G,1714 - STOCK SOUP,STAPLE NEED,1.34,1.22,-0.0896,131.5,30.33,-0.7694,1.41,1.2,-0.1489,13250.0,12076.0,-0.0886,18682.0,14491.0,-0.2243,186.0,76.0,-0.5914
424838,TOTOLE KALDU JAMUR SAC 40G,1714 - STOCK SOUP,STAPLE NEED,1.3,1.37,0.0538,647.5,199.0,-0.6927,1.32,1.29,-0.0227,8718.0,9660.0,0.1081,11508.0,12461.0,0.0828,982.0,464.0,-0.5275
427991,TOTOLE KALDU JAMUR SAC 400G(OL),1714 - STOCK SOUP,STAPLE NEED,1.33,,,10.5,,,1.24,,,71881.0,,,89132.0,,,17.0,,
436655,TROP'S KALDU AYAM JAMUR100G(OL),1714 - STOCK SOUP,STAPLE NEED,1.0,,,1.0,,,1.0,,,27900.0,,,27900.0,,,2.0,,
170155,BAMBOE BMB RAWON 54G,1715 - MEAL MAKER,STAPLE NEED,1.16,1.32,0.1379,56.5,13.67,-0.7581,1.05,1.0,-0.0476,12595.0,14493.0,0.1507,13225.0,14493.0,0.0959,108.0,41.0,-0.6204
170159,BAMBOE BMB TOMYUM 60G,1715 - MEAL MAKER,STAPLE NEED,1.27,1.27,0.0,37.0,18.67,-0.4954,1.04,1.02,-0.0192,16993.0,17102.0,0.0064,17673.0,17444.0,-0.013,71.0,55.0,-0.2254
441038,BLUE BAND KULINER AYAM BWG 40G,1715 - MEAL MAKER,STAPLE NEED,1.33,,,1.5,,,1.0,,,5600.0,,,5600.0,,,3.0,,
441039,BLUE BAND KULINER SAPI BBQ 40G,1715 - MEAL MAKER,STAPLE NEED,2.64,,,5.5,,,1.0,,,11073.0,,,11073.0,,,11.0,,
447600,DESAKU MARINASI PCH 100G,1715 - MEAL MAKER,STAPLE NEED,,1.02,,,20.67,,,1.02,,,13945.0,,,14224.0,,,61.0,
111309,INDOFOOD RACIK GULAI 45G,1715 - MEAL MAKER,STAPLE NEED,1.29,1.23,-0.0465,73.0,23.33,-0.6804,1.06,1.09,0.0283,8839.0,8410.0,-0.0485,9369.0,9167.0,-0.0216,138.0,64.0,-0.5362
4619,INDOFOOD RACIK SOTO AYAM 45G,1715 - MEAL MAKER,STAPLE NEED,1.37,1.35,-0.0146,67.0,28.33,-0.5772,1.09,1.2,0.1009,9474.0,9302.0,-0.0182,10327.0,11162.0,0.0809,123.0,71.0,-0.4228
90560,INDOFOOD RACIK KARE 45G,1715 - MEAL MAKER,STAPLE NEED,1.21,1.35,0.1157,57.0,21.0,-0.6316,1.08,1.17,0.0833,8186.0,9079.0,0.1091,8841.0,10622.0,0.2014,106.0,54.0,-0.4906
90561,INDOFOOD RACIK RENDANG 50G,1715 - MEAL MAKER,STAPLE NEED,1.4,1.43,0.0214,139.5,32.0,-0.7706,1.05,1.1,0.0476,9644.0,9747.0,0.0107,10126.0,10722.0,0.0589,265.0,87.0,-0.6717
90562,INDOFOOD RACIK OPOR AYAM 45G,1715 - MEAL MAKER,STAPLE NEED,1.4,1.26,-0.1,57.5,30.0,-0.4783,1.07,1.14,0.0654,9664.0,8613.0,-0.1088,10340.0,9819.0,-0.0504,107.0,79.0,-0.2617
170105,KOBE BMB NASI GRG SPR PEDAS 20G,1715 - MEAL MAKER,STAPLE NEED,1.48,1.2,-0.1892,88.5,17.0,-0.8079,1.13,1.11,-0.0177,3618.0,3041.0,-0.1595,4088.0,3376.0,-0.1742,157.0,46.0,-0.707
437329,KOBE BMB NASI UDUK 3X15G,1715 - MEAL MAKER,STAPLE NEED,,1.12,,,8.0,,,1.04,,,8438.0,,,8776.0,,,23.0,
437329,KOBE BMB NASI UDUK 3X15G (OL),1715 - MEAL MAKER,STAPLE NEED,1.0,,,5.5,,,1.0,,,7009.0,,,7009.0,,,11.0,,
439836,KOBE BMB NASI KUNING 3X15G,1715 - MEAL MAKER,STAPLE NEED,1.2,1.59,0.325,25.5,9.0,-0.6471,1.04,1.35,0.2981,8971.0,11944.0,0.3314,9330.0,16124.0,0.7282,49.0,20.0,-0.5918
444588,KOBE BUMBU NASI BEBEK 3X20G(OL),1715 - MEAL MAKER,STAPLE NEED,1.5,,,4.0,,,1.0,,,10625.0,,,10625.0,,,8.0,,
444589,KOBE BUMBU RENDANG 3X20G (OL),1715 - MEAL MAKER,STAPLE NEED,1.73,,,5.5,,,1.1,,,12209.0,,,13430.0,,,10.0,,
465666,KOBE SELERA BMB AYM LENGKUAS80G,1715 - MEAL MAKER,STAPLE NEED,1.65,1.44,-0.1273,57.5,15.0,-0.7391,1.13,1.12,-0.0088,4778.0,4767.0,-0.0023,5399.0,5339.0,-0.0111,102.0,40.0,-0.6078
448406,LAHAP BARENG IGA SAMBEL150G(OL),1715 - MEAL MAKER,STAPLE NEED,1.0,,,1.0,,,1.0,,,47050.0,,,47050.0,,,2.0,,
448407,LAHAP BARENG LIDAH SBL 150G(OL),1715 - MEAL MAKER,STAPLE NEED,1.0,,,2.0,,,1.0,,,45375.0,,,45375.0,,,4.0,,
448408,LAHAP BARENG EMPAL KRIUK60G(OL),1715 - MEAL MAKER,STAPLE NEED,1.0,,,3.0,,,1.0,,,45317.0,,,45317.0,,,6.0,,
448409,LAHAP BARENGCUMI IRENG 150G(OL),1715 - MEAL MAKER,STAPLE NEED,1.0,,,2.0,,,1.0,,,38500.0,,,38500.0,,,4.0,,
448410,LAHAP BARENG AYAM PEDAS150G(OL),1715 - MEAL MAKER,STAPLE NEED,1.5,,,2.0,,,1.0,,,48600.0,,,48600.0,,,4.0,,
448411,LAHAP BARENG AYAM B SMR150G(OL),1715 - MEAL MAKER,STAPLE NEED,1.0,,,2.0,,,1.0,,,32375.0,,,32375.0,,,4.0,,
439226,LEE KUM KEE KUNG PASTE 100G(OL),1715 - MEAL MAKER,STAPLE NEED,1.0,,,0.5,,,1.0,,,31300.0,,,31300.0,,,1.0,,
262012,RACIK BMB SAYUR ASEM 33G,1715 - MEAL MAKER,STAPLE NEED,1.48,1.47,-0.0068,73.5,16.33,-0.7778,1.13,1.02,-0.0973,3412.0,3384.0,-0.0082,3856.0,3452.0,-0.1048,130.0,48.0,-0.6308
262013,RACIK BMB AYAM GRG 25G,1715 - MEAL MAKER,STAPLE NEED,1.99,1.64,-0.1759,206.0,45.0,-0.7816,1.14,1.08,-0.0526,4606.0,3829.0,-0.1687,5251.0,4135.0,-0.2125,362.0,125.0,-0.6547
426459,RACIK BMB NASI GRG SOSIS 3X20G,1715 - MEAL MAKER,STAPLE NEED,1.11,1.03,-0.0721,83.5,20.0,-0.7605,1.09,1.05,-0.0367,7685.0,7130.0,-0.0722,8377.0,7486.0,-0.1064,153.0,57.0,-0.6275
446225,RASA MASA BMB GULAI AYAM 40G,1715 - MEAL MAKER,STAPLE NEED,1.83,1.0,-0.4536,17.5,1.0,-0.9429,1.03,1.0,-0.0291,7131.0,3900.0,-0.4531,7345.0,3900.0,-0.469,34.0,3.0,-0.9118
446226,RASA MASA BMB RENDANG 50G,1715 - MEAL MAKER,STAPLE NEED,1.53,1.3,-0.1503,39.0,3.33,-0.9146,1.01,1.0,-0.0099,8395.0,7150.0,-0.1483,8479.0,7150.0,-0.1567,77.0,10.0,-0.8701
449017,RASA MASA BMB OPOR AYAM 40G,1715 - MEAL MAKER,STAPLE NEED,1.42,1.38,-0.0282,6.0,2.67,-0.555,1.09,1.0,-0.0826,5525.0,5362.0,-0.0295,6022.0,5362.0,-0.1096,11.0,8.0,-0.2727
415465,ROYCO BMB AYAM TELUR ASIN 22G,1715 - MEAL MAKER,STAPLE NEED,1.36,1.4,0.0294,57.5,31.33,-0.4551,1.07,1.06,-0.0093,11403.0,11655.0,0.0221,12201.0,12354.0,0.0125,107.0,89.0,-0.1682
449479,ROYCO BMB RENDANG 45G,1715 - MEAL MAKER,STAPLE NEED,,1.13,,,7.67,,,1.05,,,7913.0,,,8309.0,,,22.0,
102170,SAJIKU BMB NASI GRG AYAM 20G,1715 - MEAL MAKER,STAPLE NEED,1.54,1.77,0.1494,147.5,64.67,-0.5616,1.15,1.17,0.0174,3612.0,3999.0,0.1071,4154.0,4679.0,0.1264,256.0,166.0,-0.3516
105908,SAJIKU BMB AYAM GORENG 24G,1715 - MEAL MAKER,STAPLE NEED,1.27,1.22,-0.0394,24.5,7.67,-0.6869,1.17,1.1,-0.0598,2869.0,2696.0,-0.0603,3357.0,2966.0,-0.1165,42.0,21.0,-0.5
112340,SAJIKU BMB NASI GRG PEDAS 20G,1715 - MEAL MAKER,STAPLE NEED,1.36,1.53,0.125,57.5,28.33,-0.5073,1.07,1.1,0.028,3329.0,3506.0,0.0532,3562.0,3857.0,0.0828,107.0,77.0,-0.2804
113550,SASA BMB LUMUR AYAM SPECIAL 26G,1715 - MEAL MAKER,STAPLE NEED,1.76,1.95,0.108,70.0,28.0,-0.6,1.11,1.18,0.0631,4104.0,4458.0,0.0863,4555.0,5260.0,0.1548,126.0,71.0,-0.4365
170029,SASA BMB UNGKEP AYAM KALASAN33G,1715 - MEAL MAKER,STAPLE NEED,1.57,1.75,0.1146,50.0,17.0,-0.66,1.12,1.06,-0.0536,3458.0,3839.0,0.1102,3873.0,4069.0,0.0506,89.0,48.0,-0.4607
441487,SASA BMB KARI JEPANG ORI 40G,1715 - MEAL MAKER,STAPLE NEED,1.25,1.4,0.12,65.5,33.0,-0.4962,1.19,1.12,-0.0588,12144.0,13619.0,0.1215,14451.0,15253.0,0.0555,110.0,88.0,-0.2
446983,TUDUNG BMB NASI KUNING 55G(OL),1715 - MEAL MAKER,STAPLE NEED,2.0,,,0.5,,,1.0,,,23800.0,,,23800.0,,,1.0,,
125633,KOBE TEP KENTUCKY CRISP 200G,1716 - FLOUR SEASONING,STAPLE NEED,1.26,1.26,0.0,131.0,37.67,-0.7124,1.11,1.06,-0.045,9342.0,9312.0,-0.0032,10370.0,9871.0,-0.0481,237.0,107.0,-0.5485
170043,KOBE TEP KENTUCKY CRISP850G(OL),1716 - FLOUR SEASONING,STAPLE NEED,1.0,,,4.5,,,1.12,,,25967.0,,,29083.0,,,8.0,,
170045,KOBE TEP BAKWAN KRESS 200G,1716 - FLOUR SEASONING,STAPLE NEED,1.26,1.27,0.0079,110.5,27.33,-0.7527,1.09,1.05,-0.0367,9230.0,9341.0,0.012,10061.0,9808.0,-0.0251,203.0,78.0,-0.6158
170051,KOBE TEP TEMPE GRG KRIUK 200G,1716 - FLOUR SEASONING,STAPLE NEED,1.19,1.16,-0.0252,101.5,31.67,-0.688,1.08,1.09,0.0093,8752.0,8509.0,-0.0278,9452.0,9275.0,-0.0187,188.0,87.0,-0.5372
446362,PONDAN TPG BAKSO GRG 100G(OL),1716 - FLOUR SEASONING,STAPLE NEED,2.5,,,2.0,,,1.33,,,17400.0,,,23142.0,,,3.0,,
437096,RACIK TEP BMB SBG 210G,1716 - FLOUR SEASONING,STAPLE NEED,1.24,1.16,-0.0645,84.5,63.33,-0.2505,1.17,1.17,0.0,8514.0,7929.0,-0.0687,9961.0,9277.0,-0.0687,144.0,163.0,0.1319
106844,SAJIKU TEPUNG BMB SBG 220G,1716 - FLOUR SEASONING,STAPLE NEED,1.22,,,93.5,,,1.16,,,10021.0,,,11624.0,,,161.0,,
106844,SAJIKU TEPUNG BMB SBG210/220G,1716 - FLOUR SEASONING,STAPLE NEED,,1.35,,,15.33,,,1.0,,,10852.0,,,10852.0,,,46.0,
106844,SAJIKU TEPUNG BMB SBG220/210G,1716 - FLOUR SEASONING,STAPLE NEED,,1.25,,,35.33,,,1.05,,,10039.0,,,10541.0,,,101.0,
200181,SAJIKU TEP GOLD CRISPY 200G,1716 - FLOUR SEASONING,STAPLE NEED,1.14,,,3.5,,,1.0,,,7829.0,,,7829.0,,,7.0,,
107981,SASA TEP PISANG GRG VANILA 210G,1716 - FLOUR SEASONING,STAPLE NEED,1.3,1.28,-0.0154,147.0,76.33,-0.4807,1.09,1.04,-0.0459,9665.0,9554.0,-0.0115,10535.0,9936.0,-0.0569,270.0,220.0,-0.1852
113599,SASA TEP BMB ORIGINAL 210G,1716 - FLOUR SEASONING,STAPLE NEED,1.35,1.18,-0.1259,257.5,108.67,-0.578,1.14,1.13,-0.0088,10067.0,8797.0,-0.1262,11476.0,9941.0,-0.1338,452.0,288.0,-0.3628
118939,SASA TEP SBG HOT SPCY 210G,1716 - FLOUR SEASONING,STAPLE NEED,1.18,1.18,0.0,106.5,50.67,-0.5242,1.13,1.09,-0.0354,8774.0,8739.0,-0.004,9915.0,9526.0,-0.0392,189.0,140.0,-0.2593
118961,SASA TEP BMB KENTUCKY 200G,1716 - FLOUR SEASONING,STAPLE NEED,1.3,1.21,-0.0692,184.5,98.67,-0.4652,1.12,1.12,0.0,9697.0,8999.0,-0.072,10861.0,10079.0,-0.072,330.0,264.0,-0.2
170014,SASA TEP BAKWAN 210/225G,1716 - FLOUR SEASONING,STAPLE NEED,1.3,,,124.0,,,1.1,,,9714.0,,,10685.0,,,225.0,,
170014,SASA TEP BAKWAN 210G,1716 - FLOUR SEASONING,STAPLE NEED,,1.17,,,72.33,,,1.14,,,8659.0,,,9871.0,,,190.0,
170089,SASA TEP BMB AYAM RENYH900G(OL),1716 - FLOUR SEASONING,STAPLE NEED,1.3,,,13.5,,,1.12,,,24426.0,,,27357.0,,,24.0,,
446982,TUDUNG TP BMB PERKEDEL 50G (OL),1716 - FLOUR SEASONING,STAPLE NEED,2.12,,,4.0,,,1.14,,,12012.0,,,13694.0,,,7.0,,
446985,TUDUNG TP BMB CIRENG 100G(OL),1716 - FLOUR SEASONING,STAPLE NEED,2.0,,,0.5,,,1.0,,,17800.0,,,17800.0,,,1.0,,
101388,ABC TERASI UDANG 20X3.8G,"1717 - SHRIMP PASTE, PEANUT SAUCE AND OTHER",STAPLE NEED,1.0,1.07,0.07,56.0,14.67,-0.738,1.03,1.05,0.0194,8830.0,9877.0,0.1186,9095.0,10371.0,0.1403,109.0,42.0,-0.6147
441920,ABC BUMBU KCG SERBAGUNA 180G,"1717 - SHRIMP PASTE, PEANUT SAUCE AND OTHER",STAPLE NEED,1.08,1.33,0.2315,13.0,6.0,-0.5385,1.04,1.06,0.0192,18192.0,21611.0,0.1879,18920.0,22908.0,0.2108,25.0,17.0,-0.32
446840,ABC BMB KACANG SERBAGUNA PCH60G,"1717 - SHRIMP PASTE, PEANUT SAUCE AND OTHER",STAPLE NEED,1.1,1.11,0.0091,26.0,9.33,-0.6412,1.04,1.0,-0.0385,6087.0,6482.0,0.0649,6330.0,6482.0,0.024,50.0,28.0,-0.44
432725,ALFAMART BAWANG GRG PCH 60G,"1717 - SHRIMP PASTE, PEANUT SAUCE AND OTHER",STAPLE NEED,1.05,1.11,0.0571,21.0,6.0,-0.7143,1.56,1.8,0.1538,25152.0,28244.0,0.1229,39237.0,50839.0,0.2957,27.0,10.0,-0.6296
112782,ENAK ECO SBL PECEL PEDAS 185G,"1717 - SHRIMP PASTE, PEANUT SAUCE AND OTHER",STAPLE NEED,1.0,1.07,0.07,0.5,5.0,9.0,1.0,1.07,0.07,17800.0,20880.0,0.173,17800.0,22342.0,0.2552,1.0,14.0,13.0
106485,INDOFOOD BMB KTG GRGKEJU25G,"1717 - SHRIMP PASTE, PEANUT SAUCE AND OTHER",STAPLE NEED,1.16,,,22.0,,,1.07,,,5680.0,,,6078.0,,,41.0,,
106485,INDOFOOD BMB TABURI KEJU 25G,"1717 - SHRIMP PASTE, PEANUT SAUCE AND OTHER",STAPLE NEED,,1.26,,,11.67,,,1.13,,,6160.0,,,6961.0,,,31.0,
106486,INDOFOOD BMB KTG GRG BBQ25G,"1717 - SHRIMP PASTE, PEANUT SAUCE AND OTHER",STAPLE NEED,1.14,,,14.0,,,1.08,,,5600.0,,,6048.0,,,26.0,,
106486,INDOFOOD BMB TABURI BBQ 25G,"1717 - SHRIMP PASTE, PEANUT SAUCE AND OTHER",STAPLE NEED,,1.08,,,4.0,,,1.0,,,5308.0,,,5308.0,,,12.0,
118379,ABC SBL ASLI PET 270ML,1721 - CHILLI,STAPLE NEED,1.07,1.09,0.0187,98.5,45.0,-0.5431,1.06,1.12,0.0566,17799.0,18113.0,0.0176,18867.0,20287.0,0.0753,185.0,121.0,-0.3459
118380,ABC SBL EXT PEDAS BTL 270ML,1721 - CHILLI,STAPLE NEED,1.06,1.23,0.1604,166.0,42.67,-0.743,1.08,1.09,0.0093,17658.0,20638.0,0.1688,19071.0,22495.0,0.1795,306.0,117.0,-0.6176
118381,ABC SBL TERASI SAC 10X18G,1721 - CHILLI,STAPLE NEED,1.07,1.08,0.0093,44.5,16.0,-0.6404,1.07,1.0,-0.0654,16348.0,17058.0,0.0434,17492.0,17058.0,-0.0248,83.0,48.0,-0.4217
121810,ABC SAMBAL ASLI PCH 380G (OL),1721 - CHILLI,STAPLE NEED,1.5,,,4.0,,,1.14,,,25950.0,,,29583.0,,,7.0,,
121811,ABC SBL EXT PEDAS PCH 380G,1721 - CHILLI,STAPLE NEED,1.1,1.09,-0.0091,50.0,33.0,-0.34,1.02,1.09,0.0686,20922.0,21324.0,0.0192,21340.0,23243.0,0.0892,98.0,91.0,-0.0714
432238,ABC SBL ASLI PEDAS 1KG (OL),1721 - CHILLI,STAPLE NEED,1.0,,,1.0,,,1.0,,,34000.0,,,34000.0,,,2.0,,
432239,ABC SBL EXT PEDAS 950G (OL),1721 - CHILLI,STAPLE NEED,1.0,,,3.5,,,1.0,,,31829.0,,,31829.0,,,7.0,,
440438,ABC SAMBAL EXTREME PDS 130ML,1721 - CHILLI,STAPLE NEED,1.0,,,0.5,,,1.0,,,9900.0,,,9900.0,,,1.0,,
440439,ABC SBL EXTRM PDS PET 270ML,1721 - CHILLI,STAPLE NEED,1.04,1.03,-0.0096,57.0,39.67,-0.304,1.09,1.05,-0.0367,17954.0,17682.0,-0.0151,19570.0,18566.0,-0.0513,105.0,113.0,0.0762
4504,ABC SBL ASLI PET 130ML,1721 - CHILLI,STAPLE NEED,2.22,1.41,-0.3649,88.0,37.67,-0.5719,1.07,1.04,-0.028,20070.0,12897.0,-0.3574,21475.0,13413.0,-0.3754,164.0,109.0,-0.3354
4505,ABC SBL ASLI BTL 335ML,1721 - CHILLI,STAPLE NEED,1.12,1.1,-0.0179,112.0,19.33,-0.8274,1.09,1.12,0.0275,22171.0,21895.0,-0.0124,24166.0,24522.0,0.0147,206.0,52.0,-0.7476
4557,ABC SBL EXT PEDAS PET 130ML,1721 - CHILLI,STAPLE NEED,2.57,1.66,-0.3541,110.5,47.67,-0.5686,1.06,1.05,-0.0094,23222.0,15006.0,-0.3538,24615.0,15756.0,-0.3599,209.0,136.0,-0.3493
4597,ABC SBL EXT PEDAS BTL 335ML,1721 - CHILLI,STAPLE NEED,1.09,1.18,0.0826,102.0,27.67,-0.7287,1.14,1.08,-0.0526,21558.0,23435.0,0.0871,24576.0,25310.0,0.0299,179.0,77.0,-0.5698
123557,BONCABE ORIGINAL LV15 BTL 45G,1721 - CHILLI,STAPLE NEED,1.03,1.04,0.0097,94.0,35.67,-0.6205,1.06,1.1,0.0377,11868.0,11951.0,0.007,12580.0,13146.0,0.045,178.0,97.0,-0.4551
403916,BONCABE ORIGINAL LV30 BTL 40G,1721 - CHILLI,STAPLE NEED,1.01,1.02,0.0099,51.0,27.33,-0.4641,1.05,1.05,0.0,15687.0,15933.0,0.0157,16471.0,16730.0,0.0157,97.0,78.0,-0.1959
427284,BONCABE MAX END LV50 BTL 30G,1721 - CHILLI,STAPLE NEED,1.12,1.2,0.0714,58.5,18.0,-0.6923,1.11,1.06,-0.045,18756.0,20167.0,0.0752,20819.0,21377.0,0.0268,105.0,51.0,-0.5143
407989,CUK SBL IKAN ASIN KLTK CUP 135G,1721 - CHILLI,STAPLE NEED,1.0,,,0.5,,,1.0,,,24200.0,,,24200.0,,,1.0,,
107425,DELMONTE SBL EXT HOT PET 135ML,1721 - CHILLI,STAPLE NEED,1.11,1.07,-0.036,195.0,77.0,-0.6051,1.06,1.02,-0.0377,8078.0,7835.0,-0.0301,8563.0,7992.0,-0.0667,367.0,226.0,-0.3842
107468,DELMONTE SBL EXTRA HOT BAG24X8G,1721 - CHILLI,STAPLE NEED,1.16,1.31,0.1293,103.0,40.33,-0.6084,1.13,1.11,-0.0177,9287.0,10679.0,0.1499,10494.0,11854.0,0.1296,183.0,109.0,-0.4044
109004,DELMONTE SBL EXT HOT BTL 330ML,1721 - CHILLI,STAPLE NEED,1.04,1.01,-0.0288,137.0,35.67,-0.7396,1.06,1.07,0.0094,16834.0,16425.0,-0.0243,17844.0,17575.0,-0.0151,258.0,100.0,-0.6124
427727,DELMONTE SBL EXTHOT PCH 1KG(OL),1721 - CHILLI,STAPLE NEED,1.25,,,4.0,,,1.0,,,31125.0,,,31125.0,,,8.0,,
427728,DELMONTE TOMATO PCH 1KG (OL),1721 - CHILLI,STAPLE NEED,1.0,,,7.5,,,1.0,,,19047.0,,,19047.0,,,15.0,,
111354,DUA BELIBIS S CABE BTL 335ML,1721 - CHILLI,STAPLE NEED,1.05,1.07,0.019,83.5,27.33,-0.6727,1.08,1.12,0.037,25834.0,26451.0,0.0239,27901.0,29625.0,0.0618,155.0,73.0,-0.529
111355,DUA BELIBIS S CABE PET 135ML,1721 - CHILLI,STAPLE NEED,1.06,1.01,-0.0472,98.5,49.67,-0.4957,1.03,1.06,0.0291,10681.0,10195.0,-0.0455,11001.0,10807.0,-0.0176,191.0,140.0,-0.267
113175,DUA BELIBIS SAUS CABE 24X8G(OL),1721 - CHILLI,STAPLE NEED,1.8,1.0,-0.4444,2.5,0.33,-0.868,1.0,1.0,0.0,23400.0,13300.0,-0.4316,23400.0,13300.0,-0.4316,5.0,1.0,-0.8
431082,DUA BELIBIS S CABE PCH 1KG (OL),1721 - CHILLI,STAPLE NEED,1.0,,,3.5,,,1.0,,,41814.0,,,41814.0,,,7.0,,
431083,DUA BELIBIS S CABE PET 650G(OL),1721 - CHILLI,STAPLE NEED,1.08,,,6.5,,,1.08,,,38077.0,,,41123.0,,,12.0,,
431084,DUA BELIBIS S TOMAT PCH 1KG(OL),1721 - CHILLI,STAPLE NEED,1.0,,,2.0,,,1.0,,,23900.0,,,23900.0,,,4.0,,
438353,DUA BELIBIS S CABE PET 235ML,1721 - CHILLI,STAPLE NEED,1.11,1.02,-0.0811,141.5,45.67,-0.6772,1.08,1.08,0.0,18529.0,17026.0,-0.0811,20011.0,18388.0,-0.0811,261.0,127.0,-0.5134
451001,DUA BELIBIS SCABE LADA PET235ML,1721 - CHILLI,STAPLE NEED,,1.04,,,24.0,,,1.06,,,18646.0,,,19765.0,,,68.0,
451002,DUA BELIBIS SCABE EXTRAPET235ML,1721 - CHILLI,STAPLE NEED,,1.04,,,45.33,,,1.03,,,20674.0,,,21294.0,,,132.0,
10076,FINNA EXTRA HOT SAUCE340ML (OL),1721 - CHILLI,STAPLE NEED,1.17,,,6.0,,,1.0,,,16217.0,,,16217.0,,,12.0,,
10077,FINNA DIPPING CHICKEN 340ML(OL),1721 - CHILLI,STAPLE NEED,1.0,,,1.0,,,1.0,,,18250.0,,,18250.0,,,2.0,,
427958,HEINZ TMT KETCHUP PET 325G(OL),1721 - CHILLI,STAPLE NEED,1.08,,,6.5,,,1.0,,,19846.0,,,19846.0,,,13.0,,
101385,INDOFOOD SBL EKS PEDAS PET335ML,1721 - CHILLI,STAPLE NEED,1.03,1.04,0.0097,39.0,37.0,-0.0513,1.01,1.04,0.0297,17846.0,18030.0,0.0103,18024.0,18751.0,0.0403,77.0,107.0,0.3896
113652,INDOFOOD SBL EKS PEDAS PET275ML,1721 - CHILLI,STAPLE NEED,1.07,1.06,-0.0093,241.5,90.67,-0.6246,1.11,1.12,0.009,14652.0,14582.0,-0.0048,16264.0,16332.0,0.0042,434.0,242.0,-0.4424
211157,INDOFOOD SBL BANGKOK PET 335ML,1721 - CHILLI,STAPLE NEED,1.03,1.03,0.0,73.0,32.0,-0.5616,1.05,1.05,0.0,19588.0,19641.0,0.0027,20567.0,20623.0,0.0027,139.0,91.0,-0.3453
220416,INDOFOOD SBL EKS PEDAS PET135ML,1721 - CHILLI,STAPLE NEED,1.13,1.02,-0.0973,143.5,50.33,-0.6493,1.05,1.03,-0.019,8832.0,8146.0,-0.0777,9274.0,8390.0,-0.0953,274.0,146.0,-0.4672
265411,INDOFOOD SBL PEDAS PET 275ML,1721 - CHILLI,STAPLE NEED,1.01,1.02,0.0099,73.5,75.67,0.0295,1.04,1.05,0.0096,13985.0,13962.0,-0.0016,14544.0,14660.0,0.008,142.0,216.0,0.5211
427441,INDOFOOD SBL DAHSYAT PET 275ML,1721 - CHILLI,STAPLE NEED,1.05,1.01,-0.0381,121.0,72.67,-0.3994,1.18,1.13,-0.0424,15833.0,15231.0,-0.038,18683.0,17211.0,-0.0788,205.0,193.0,-0.0585
4538,INDOFOOD SBL PEDAS PET 135ML,1721 - CHILLI,STAPLE NEED,1.09,1.03,-0.055,69.0,35.67,-0.483,1.04,1.05,0.0096,8550.0,8179.0,-0.0434,8892.0,8588.0,-0.0342,133.0,102.0,-0.2331
448412,LAHAP BARENG SAMBEL TRS110G(OL),1721 - CHILLI,STAPLE NEED,1.0,,,1.5,,,1.0,,,27633.0,,,27633.0,,,3.0,,
448413,LAHAP BARENG SAMBEL BWG110G(OL),1721 - CHILLI,STAPLE NEED,4.0,,,0.5,,,1.0,,,110000.0,,,110000.0,,,1.0,,
448414,LAHAP BARENG SAMBEL LJO110G(OL),1721 - CHILLI,STAPLE NEED,1.0,,,1.0,,,1.0,,,27500.0,,,27500.0,,,2.0,,
437887,LITTLE DRAGON SMBL BWG10X8G(OL),1721 - CHILLI,STAPLE NEED,1.0,,,1.0,,,1.0,,,20000.0,,,20000.0,,,2.0,,
412645,MAMA SUKA HOTLAVA PET 320G,1721 - CHILLI,STAPLE NEED,1.01,1.03,0.0198,49.0,23.33,-0.5239,1.08,1.03,-0.0463,16051.0,16663.0,0.0381,17335.0,17163.0,-0.0099,91.0,68.0,-0.2527
418332,MAMA SUKA VOLCANO PET 310G,1721 - CHILLI,STAPLE NEED,1.02,1.03,0.0098,47.5,20.0,-0.5789,1.17,1.09,-0.0684,16239.0,16752.0,0.0316,19000.0,18260.0,-0.0389,81.0,55.0,-0.321
436189,MAMA SUKA GIMBORI ORI BTL30G,1721 - CHILLI,STAPLE NEED,1.08,1.09,0.0093,100.5,60.0,-0.403,1.13,1.13,0.0,14979.0,15281.0,0.0202,16926.0,17268.0,0.0202,178.0,159.0,-0.1067
436190,MAMA SUKA GIMBORI SPICY BTL 25G,1721 - CHILLI,STAPLE NEED,,1.0,,,11.67,,,1.06,,,13900.0,,,14734.0,,,33.0,
109546,SASA SBL EXTRA PEDAS 24S,1721 - CHILLI,STAPLE NEED,1.15,1.31,0.1391,27.0,30.33,0.1233,1.1,1.15,0.0455,9133.0,10262.0,0.1236,10046.0,11801.0,0.1747,49.0,79.0,0.6122
440673,SASA SBL TERASI ALASUNDA 10X18G,1721 - CHILLI,STAPLE NEED,1.0,,,4.5,,,1.0,,,13333.0,,,13333.0,,,9.0,,
441389,SASA SAMBAL ASLI PCH 950G (OL),1721 - CHILLI,STAPLE NEED,1.0,,,1.5,,,1.0,,,21333.0,,,21333.0,,,3.0,,
466094,SASA SBL EKSTRA PEDAS PET 275ML,1721 - CHILLI,STAPLE NEED,1.0,1.0,0.0,23.5,29.0,0.234,1.02,1.09,0.0686,16300.0,16300.0,0.0,16626.0,17767.0,0.0686,46.0,80.0,0.7391
123835,ULEG SBL TERASI SAC 10X17/18G,1721 - CHILLI,STAPLE NEED,,1.1,,,27.0,,,1.07,,,18281.0,,,19561.0,,,76.0,
123835,ULEG SBL TERASI SAC 10X17G,1721 - CHILLI,STAPLE NEED,,1.04,,,15.33,,,1.05,,,17324.0,,,18190.0,,,44.0,
123835,ULEG SBL TERASI SAC 10X18G,1721 - CHILLI,STAPLE NEED,1.09,,,85.0,,,1.1,,,18325.0,,,20158.0,,,154.0,,
170189,ABC SAUS TOMAT PET 270ML,1722 - TOMATO,STAPLE NEED,1.04,1.01,-0.0288,34.5,26.0,-0.2464,1.05,1.07,0.019,17113.0,17169.0,0.0033,17969.0,18371.0,0.0224,66.0,73.0,0.1061
170061,DELMONTE KETCHUP TOMATOBAG24X8G,1722 - TOMATO,STAPLE NEED,1.17,1.15,-0.0171,104.5,52.67,-0.496,1.12,1.31,0.1696,7622.0,7517.0,-0.0138,8537.0,9847.0,0.1534,186.0,121.0,-0.3495
170190,DELMONTE BBQ SC PCH 250G,1722 - TOMATO,STAPLE NEED,1.21,1.23,0.0165,121.5,67.0,-0.4486,1.05,1.06,0.0095,13412.0,13642.0,0.0171,14083.0,14461.0,0.0268,231.0,189.0,-0.1818
400033,DELMONTE SPAGHETTI SC PCH 250G,1722 - TOMATO,STAPLE NEED,1.16,1.19,0.0259,180.0,72.67,-0.5963,1.14,1.15,0.0088,12883.0,13125.0,0.0188,14687.0,15094.0,0.0277,317.0,189.0,-0.4038
422359,DELMONTE KETCHUP PET 265ML,1722 - TOMATO,STAPLE NEED,1.06,1.03,-0.0283,292.5,109.0,-0.6274,1.09,1.08,-0.0092,12595.0,12308.0,-0.0228,13729.0,13293.0,-0.0318,537.0,303.0,-0.4358
429914,DELMONTE BBQ SC PCH 1KG (OL),1722 - TOMATO,STAPLE NEED,1.0,,,0.5,,,1.0,,,34900.0,,,34900.0,,,1.0,,
436187,DELMONTE BLK PEPPER SC 250G(OL),1722 - TOMATO,STAPLE NEED,1.36,,,5.5,,,1.22,,,15682.0,,,19132.0,,,9.0,,
436188,DELMONTE KOREAN BBQ SC 250G(OL),1722 - TOMATO,STAPLE NEED,1.2,,,2.5,,,1.0,,,13800.0,,,13800.0,,,5.0,,
445051,DELMONTE CARBNARA MUSRM180G(OL),1722 - TOMATO,STAPLE NEED,1.0,,,2.5,,,1.0,,,17900.0,,,17900.0,,,5.0,,
445052,DELMONTE CARBONARA 180G (OL),1722 - TOMATO,STAPLE NEED,1.0,,,0.5,,,1.0,,,17900.0,,,17900.0,,,1.0,,
445212,DELMONTE CARBONARA CHS PCH 180G,1722 - TOMATO,STAPLE NEED,1.06,1.11,0.0472,45.0,22.0,-0.5111,1.07,1.02,-0.0467,20794.0,21789.0,0.0479,22250.0,22225.0,-0.0011,84.0,65.0,-0.2262
427213,HEINZ TOMATO KETCHUP PCH 125G,1722 - TOMATO,STAPLE NEED,1.04,,,34.0,,,1.08,,,9251.0,,,9991.0,,,63.0,,
113266,LA FONTE BLGNS BEEF PCH 315G,1722 - TOMATO,STAPLE NEED,1.07,1.03,-0.0374,116.0,39.33,-0.6609,1.08,1.06,-0.0185,22159.0,21375.0,-0.0354,23932.0,22658.0,-0.0532,214.0,111.0,-0.4813
414797,LA FONTE BLGNS CHICKEN PCH 290G,1722 - TOMATO,STAPLE NEED,1.04,1.04,0.0,27.5,25.67,-0.0665,1.08,1.03,-0.0463,21318.0,21909.0,0.0277,23023.0,22566.0,-0.0198,51.0,75.0,0.4706
448329,LA FONTE CARBONARA PASTA SC315G,1722 - TOMATO,STAPLE NEED,1.06,1.11,0.0472,27.0,15.0,-0.4444,1.23,1.0,-0.187,27987.0,29444.0,0.0521,34424.0,29444.0,-0.1447,44.0,45.0,0.0227
441390,SASA SAMBAL TOMATO PCH 950G(OL),1722 - TOMATO,STAPLE NEED,1.6,,,2.5,,,1.0,,,30240.0,,,30240.0,,,5.0,,
221623,ABC KECAP MNS REF 685G,1723 - SOY SAUCE,STAPLE NEED,1.6,1.17,-0.2688,241.0,62.0,-0.7427,1.17,1.09,-0.0684,39993.0,29313.0,-0.267,46792.0,31951.0,-0.3172,413.0,171.0,-0.586
418465,ABC KECAP MANIS REF 825G (OL),1723 - SOY SAUCE,STAPLE NEED,1.0,,,5.0,,,1.0,,,26900.0,,,26900.0,,,10.0,,
4286,ABC KECAP MNS PET 130ML,1723 - SOY SAUCE,STAPLE NEED,1.05,1.06,0.0095,109.5,41.67,-0.6195,1.04,1.08,0.0385,11350.0,11426.0,0.0067,11804.0,12340.0,0.0454,210.0,116.0,-0.4476
4292,ABC KECAP MNS PET 275ML,1723 - SOY SAUCE,STAPLE NEED,1.05,1.06,0.0095,67.0,31.67,-0.5273,1.09,1.13,0.0367,22796.0,23016.0,0.0097,24848.0,26008.0,0.0467,123.0,84.0,-0.3171
4393,ABC KECAP ASIN PET 131ML,1723 - SOY SAUCE,STAPLE NEED,1.08,1.08,0.0,168.0,67.0,-0.6012,1.05,1.07,0.019,7333.0,7527.0,0.0265,7700.0,8054.0,0.046,320.0,187.0,-0.4156
115308,BANGO KECAP MNS PET 385G,1723 - SOY SAUCE,STAPLE NEED,1.04,1.04,0.0,102.0,49.0,-0.5196,1.11,1.11,0.0,26485.0,26780.0,0.0111,29398.0,29726.0,0.0112,184.0,132.0,-0.2826
118272,BANGO KECAP MNS REF 280G,1723 - SOY SAUCE,STAPLE NEED,1.0,,,0.5,,,1.0,,,13100.0,,,13100.0,,,1.0,,
265287,BANGO KECAP MNS REF 700G,1723 - SOY SAUCE,STAPLE NEED,2.33,2.32,-0.0043,495.0,207.33,-0.5812,1.24,1.15,-0.0726,61808.0,61360.0,-0.0072,76642.0,70564.0,-0.0793,799.0,539.0,-0.3254
425829,BANGO KECAP MNS 1.525/1.5KG(OL),1723 - SOY SAUCE,STAPLE NEED,2.3,,,21.5,,,1.59,,,129960.0,,,206636.0,,,27.0,,
429264,BANGO KECAP MANIS REF 950G,1723 - SOY SAUCE,STAPLE NEED,1.28,1.1,-0.1406,103.5,61.67,-0.4042,1.16,1.11,-0.0431,43806.0,37870.0,-0.1355,50815.0,42036.0,-0.1728,178.0,167.0,-0.0618
4300,BANGO KECAP MNS PET 189G,1723 - SOY SAUCE,STAPLE NEED,1.22,1.04,-0.1475,234.0,105.67,-0.5484,1.08,1.06,-0.0185,14300.0,12150.0,-0.1503,15444.0,12879.0,-0.1661,434.0,300.0,-0.3088
440273,BANGO KECAP MNS GURIH REF 550G,1723 - SOY SAUCE,STAPLE NEED,1.09,,,87.0,,,1.07,,,20816.0,,,22273.0,,,162.0,,
465714,BANGO KCP MANIS REF 380G,1723 - SOY SAUCE,STAPLE NEED,1.13,1.14,0.0088,334.0,154.0,-0.5389,1.1,1.12,0.0182,17452.0,17060.0,-0.0225,19197.0,19107.0,-0.0047,608.0,412.0,-0.3224
435038,HATI ANGSA KECAP ASIN 275ML(OL),1723 - SOY SAUCE,STAPLE NEED,1.07,,,7.5,,,1.0,,,13333.0,,,13333.0,,,15.0,,
216793,INDOFOOD KCP MNS REF 725G,1723 - SOY SAUCE,STAPLE NEED,,1.18,,,99.0,,,1.12,,,22146.0,,,24804.0,,,266.0,
216793,INDOFOOD KCP MNS REF 725G/520ML,1723 - SOY SAUCE,STAPLE NEED,1.14,,,121.5,,,1.15,,,21348.0,,,24550.0,,,211.0,,
435039,BENTENGSH KECAP MNS 300ML,1723 - SOY SAUCE,STAPLE NEED,1.06,1.06,0.0,39.5,16.0,-0.5949,1.05,1.14,0.0857,18223.0,18229.0,0.0003,19134.0,20781.0,0.0861,75.0,42.0,-0.44
426225,LEE KUM KEE PRMSOY SC500ML(OL),1723 - SOY SAUCE,STAPLE NEED,1.25,,,4.0,,,1.0,,,56250.0,,,56250.0,,,8.0,,
109669,SEDAAP KECAP MNS REF 700G,1723 - SOY SAUCE,STAPLE NEED,2.25,1.7,-0.2444,392.5,110.0,-0.7197,1.51,1.25,-0.1722,47171.0,35827.0,-0.2405,71228.0,44784.0,-0.3713,520.0,265.0,-0.4904
421437,SEDAAP KCP KDLHTM PCH 725G,1723 - SOY SAUCE,STAPLE NEED,1.23,1.19,-0.0325,219.5,98.67,-0.5505,1.1,1.13,0.0273,28812.0,28034.0,-0.027,31693.0,31678.0,-0.0005,398.0,261.0,-0.3442
441986,SEDAAP KECAP MNS REF 280G,1723 - SOY SAUCE,STAPLE NEED,1.19,1.09,-0.084,168.5,85.0,-0.4955,1.15,1.15,0.0,10114.0,9303.0,-0.0802,11631.0,10698.0,-0.0802,294.0,222.0,-0.2449
443768,SEDAAP KCP KDLHTM SPC PACK 728G,1723 - SOY SAUCE,STAPLE NEED,1.11,,,27.5,,,1.02,,,26064.0,,,26585.0,,,54.0,,
426117,TROP'S SOY SAUCE PET 200ML (OL),1723 - SOY SAUCE,STAPLE NEED,1.0,,,1.0,,,1.0,,,29900.0,,,29900.0,,,2.0,,
105583,ABC MINYAK WIJEN BTL 195ML,1724 - LIQUID SAUCE & VINEGAR,STAPLE NEED,1.07,1.0,-0.0654,7.0,3.67,-0.4757,1.0,1.0,0.0,63964.0,61500.0,-0.0385,63964.0,61500.0,-0.0385,14.0,11.0,-0.2143
63005,ABC KECAP INGGRIS BTL 195ML,1724 - LIQUID SAUCE & VINEGAR,STAPLE NEED,1.0,1.0,0.0,34.0,12.0,-0.6471,1.03,1.09,0.0583,15832.0,16300.0,0.0296,16307.0,17767.0,0.0895,66.0,33.0,-0.5
440503,CAP GAJAH CITRIX ACID 50G (OL),1724 - LIQUID SAUCE & VINEGAR,STAPLE NEED,5.0,,,0.5,,,1.0,,,14500.0,,,14500.0,,,1.0,,
405215,DUA BELIBIS CUKA DAPUR PET150ML,1724 - LIQUID SAUCE & VINEGAR,STAPLE NEED,1.08,1.11,0.0278,66.0,24.33,-0.6314,1.03,1.04,0.0097,5633.0,5777.0,0.0256,5802.0,6008.0,0.0355,128.0,70.0,-0.4531
10082,FINNA SC OYSTER 200ML (OL),1724 - LIQUID SAUCE & VINEGAR,STAPLE NEED,1.0,,,3.5,,,1.0,,,17900.0,,,17900.0,,,7.0,,
427721,KIKKOMAN SC BULGOGI 300G (OL),1724 - LIQUID SAUCE & VINEGAR,STAPLE NEED,1.0,,,2.0,,,1.0,,,23550.0,,,23550.0,,,4.0,,
427722,KIKKOMAN KECAPASIN JPG150ML(OL),1724 - LIQUID SAUCE & VINEGAR,STAPLE NEED,1.0,,,4.5,,,1.0,,,21000.0,,,21000.0,,,9.0,,
427725,KIKKOMAN SC TERIYAKIBWG300G(OL),1724 - LIQUID SAUCE & VINEGAR,STAPLE NEED,1.0,,,3.0,,,1.0,,,21000.0,,,21000.0,,,6.0,,
427726,KIKKOMAN SC GOCHUJANG 300G (OL),1724 - LIQUID SAUCE & VINEGAR,STAPLE NEED,1.0,,,0.5,,,1.0,,,22000.0,,,22000.0,,,1.0,,
439522,KIKKOMAN SAUS BARBEQUE 300G(OL),1724 - LIQUID SAUCE & VINEGAR,STAPLE NEED,1.0,,,0.5,,,1.0,,,23000.0,,,23000.0,,,1.0,,
439523,KIKKOMAN SC TRYK LD HTM300G(OL),1724 - LIQUID SAUCE & VINEGAR,STAPLE NEED,1.12,,,4.0,,,1.0,,,23188.0,,,23188.0,,,8.0,,
120404,LEEKUMKEE WIJEN 115ML,1724 - LIQUID SAUCE & VINEGAR,STAPLE NEED,1.1,1.0,-0.0909,43.0,16.0,-0.6279,1.02,1.0,-0.0196,55355.0,50131.0,-0.0944,56462.0,50131.0,-0.1121,84.0,48.0,-0.4286
170117,LEE KUM KEE SC OYST JMR510G(OL),1724 - LIQUID SAUCE & VINEGAR,STAPLE NEED,1.0,,,1.0,,,1.0,,,52900.0,,,52900.0,,,2.0,,
170119,LEE KUM KEE WIJEN 207ML (OL),1724 - LIQUID SAUCE & VINEGAR,STAPLE NEED,1.63,,,9.5,,,1.12,,,112942.0,,,126495.0,,,17.0,,
426224,LEE KUM KEE CHILIOIL 205ML(OL),1724 - LIQUID SAUCE & VINEGAR,STAPLE NEED,1.5,,,1.0,,,1.0,,,65850.0,,,65850.0,,,2.0,,
429913,LEE KUM KEE SC SEAFOOD410ML(OL),1724 - LIQUID SAUCE & VINEGAR,STAPLE NEED,1.0,,,0.5,,,1.0,,,42900.0,,,42900.0,,,1.0,,
810605,LEE KUM KEE SC OYST PDA770G(OL),1724 - LIQUID SAUCE & VINEGAR,STAPLE NEED,1.08,,,6.5,,,1.0,,,73892.0,,,73892.0,,,13.0,,
810607,LEEKUMKEE SC OYSTER PDA 145G,1724 - LIQUID SAUCE & VINEGAR,STAPLE NEED,1.38,1.04,-0.2464,134.5,38.0,-0.7175,1.08,1.08,0.0,21999.0,16647.0,-0.2433,23759.0,17979.0,-0.2433,250.0,106.0,-0.576
403344,MAGGI SAUS TIRAM PET 150G,1724 - LIQUID SAUCE & VINEGAR,STAPLE NEED,1.04,1.04,0.0,105.5,39.0,-0.6303,1.13,1.12,-0.0088,10359.0,10350.0,-0.0009,11706.0,11592.0,-0.0097,187.0,104.0,-0.4439
446320,MAHSURI SAUS CABE 235G(OL),1724 - LIQUID SAUCE & VINEGAR,STAPLE NEED,1.33,,,4.5,,,1.0,,,26533.0,,,26533.0,,,9.0,,
810611,MAHSURI SAUS TIRAM 255G(OL),1724 - LIQUID SAUCE & VINEGAR,STAPLE NEED,1.0,,,2.0,,,1.0,,,23500.0,,,23500.0,,,4.0,,
425551,MAMA SUKA BULGOGI PET 320G,1724 - LIQUID SAUCE & VINEGAR,STAPLE NEED,1.11,1.14,0.027,18.5,17.0,-0.0811,1.09,1.09,0.0,19295.0,20157.0,0.0447,21032.0,21971.0,0.0446,34.0,47.0,0.3824
428784,ROYCO SAUS TIRAM PET 135ML,1724 - LIQUID SAUCE & VINEGAR,STAPLE NEED,1.02,1.02,0.0,48.5,17.33,-0.6427,1.02,1.02,0.0,11533.0,11517.0,-0.0014,11764.0,11747.0,-0.0014,95.0,51.0,-0.4632
432422,ROYCO SAUS TIRAM PET 275ML,1724 - LIQUID SAUCE & VINEGAR,STAPLE NEED,1.07,1.03,-0.0374,43.0,25.0,-0.4186,1.08,1.25,0.1574,19898.0,19096.0,-0.0403,21490.0,23870.0,0.1107,80.0,60.0,-0.25
102172,SAORI SAUS TIRAM PET 133ML,1724 - LIQUID SAUCE & VINEGAR,STAPLE NEED,1.0,1.0,0.0,217.5,117.33,-0.4606,1.04,1.1,0.0577,13071.0,12756.0,-0.0241,13594.0,14032.0,0.0322,419.0,321.0,-0.2339
103309,SAORI SAUS TIRAM SAC 23ML,1724 - LIQUID SAUCE & VINEGAR,STAPLE NEED,1.18,1.26,0.0678,53.0,15.67,-0.7043,1.08,1.0,-0.0741,4027.0,4287.0,0.0646,4349.0,4287.0,-0.0143,98.0,47.0,-0.5204
103310,SAORI SAUS TERIYAKI PET 135ML,1724 - LIQUID SAUCE & VINEGAR,STAPLE NEED,1.01,1.01,0.0,68.5,24.0,-0.6496,1.04,1.01,-0.0288,12995.0,12862.0,-0.0102,13515.0,12991.0,-0.0388,132.0,71.0,-0.4621
170080,SAORI SAUS TIRAM PET 270ML,1724 - LIQUID SAUCE & VINEGAR,STAPLE NEED,1.04,1.01,-0.0288,154.5,52.67,-0.6591,1.07,1.14,0.0654,22376.0,21741.0,-0.0284,23942.0,24785.0,0.0352,289.0,139.0,-0.519
420834,SAORI LADA HITAM PET 133ML,1724 - LIQUID SAUCE & VINEGAR,STAPLE NEED,1.03,1.02,-0.0097,39.5,16.33,-0.5866,1.05,1.02,-0.0286,12968.0,12943.0,-0.0019,13616.0,13202.0,-0.0304,75.0,48.0,-0.36
442179,SAORI SAUS TIRAM 1L (OL),1724 - LIQUID SAUCE & VINEGAR,STAPLE NEED,1.06,,,8.5,,,1.0,,,55588.0,,,55588.0,,,17.0,,
442180,SAORI SAUS TERIYAKI 1L (OL),1724 - LIQUID SAUCE & VINEGAR,STAPLE NEED,1.0,,,2.0,,,1.33,,,52500.0,,,69825.0,,,3.0,,
70670,SEDAP WANGI SAUS INGR 320ML(OL),1724 - LIQUID SAUCE & VINEGAR,STAPLE NEED,1.0,,,1.5,,,1.0,,,30900.0,,,30900.0,,,3.0,,
441319,TTS SUPERIOR LIGHT SOY150ML(OL),1724 - LIQUID SAUCE & VINEGAR,STAPLE NEED,1.0,,,0.5,,,1.0,,,15000.0,,,15000.0,,,1.0,,
170126,KEWPIE MAYO ORI 150G (CL)(OL),1725 - DRESSING,STAPLE NEED,1.05,1.1,0.0476,30.0,9.67,-0.6777,1.02,1.04,0.0196,36200.0,38069.0,0.0516,36924.0,39592.0,0.0723,59.0,28.0,-0.5254
428851,KEWPIE MAYO ORI SAC 70G,1725 - DRESSING,STAPLE NEED,1.62,1.38,-0.1481,65.5,29.67,-0.547,1.15,1.07,-0.0696,18459.0,15771.0,-0.1456,21228.0,16875.0,-0.2051,114.0,83.0,-0.2719
434982,KEWPIE SAUS CAESAR 200ML (OL),1725 - DRESSING,STAPLE NEED,1.0,,,1.0,,,1.0,,,34700.0,,,34700.0,,,2.0,,
439831,KEWPIE WIJEN SANGRAI SAC 50ML,1725 - DRESSING,STAPLE NEED,2.23,1.58,-0.2915,92.5,47.33,-0.4883,1.09,1.18,0.0826,17597.0,12536.0,-0.2876,19181.0,14792.0,-0.2288,170.0,120.0,-0.2941
802165,KEWPIE SAUS WIJEN 200ML,1725 - DRESSING,STAPLE NEED,1.05,1.06,0.0095,72.0,24.0,-0.6667,1.06,1.14,0.0755,41735.0,42011.0,0.0066,44239.0,47893.0,0.0826,136.0,63.0,-0.5368
123399,MAESTRO MAYO PCH 1KG (OL),1725 - DRESSING,STAPLE NEED,1.0,,,4.0,,,1.0,,,32000.0,,,32000.0,,,8.0,,
125165,MAESTRO MAYO PREMIUM SAC 100G,1725 - DRESSING,STAPLE NEED,1.53,1.34,-0.1242,190.5,49.67,-0.7393,1.11,1.07,-0.036,9073.0,7936.0,-0.1253,10071.0,8492.0,-0.1568,344.0,139.0,-0.5959
416512,MAESTRO THO ISLAND SAC 100G,1725 - DRESSING,STAPLE NEED,1.33,1.25,-0.0602,44.5,38.0,-0.1461,1.11,1.15,0.036,7822.0,7379.0,-0.0566,8682.0,8486.0,-0.0226,80.0,99.0,0.2375
426669,MAESTRO SAUS WIJEN 237ML (OL),1725 - DRESSING,STAPLE NEED,1.0,,,3.5,,,1.0,,,19914.0,,,19914.0,,,7.0,,
123427,MAMA SUKA MAYONAIS 300G,1725 - DRESSING,STAPLE NEED,1.0,1.04,0.04,10.5,9.33,-0.1114,1.0,1.04,0.04,28929.0,31132.0,0.0762,28929.0,32377.0,0.1192,21.0,27.0,0.2857
439789,MAMASUKA KIMCHI ORI 50G(OL),1725 - DRESSING,STAPLE NEED,1.0,,,1.5,,,1.0,,,11900.0,,,11900.0,,,3.0,,
439790,MAMASUKA KIMCHI SPICY 50G(OL),1725 - DRESSING,STAPLE NEED,1.67,,,3.0,,,1.0,,,19833.0,,,19833.0,,,6.0,,
121000,MAYUMI MAYONNAISE SAC 100G,1725 - DRESSING,STAPLE NEED,1.2,1.11,-0.075,46.5,38.67,-0.1684,1.09,1.13,0.0367,9646.0,8672.0,-0.101,10514.0,9799.0,-0.068,85.0,103.0,0.2118
178000,MAYUMI MAYONNAISE PEDAS SAC100G,1725 - DRESSING,STAPLE NEED,1.01,1.22,0.2079,35.5,20.0,-0.4366,1.08,1.09,0.0093,9135.0,10707.0,0.1721,9866.0,11671.0,0.183,66.0,55.0,-0.1667
437788,MAYUMI SAUS SALAD BUAH70G (OL),1725 - DRESSING,STAPLE NEED,2.0,,,0.5,,,1.0,,,11800.0,,,11800.0,,,1.0,,
452198,KORNETKU SAPI SAC 50G,1811 - CANNED MEAT,STAPLE NEED,,1.38,,,2.67,,,1.14,,,8938.0,,,10189.0,,,7.0,
113261,KORNETKU SAPI CAN 200G,1811 - CANNED MEAT,STAPLE NEED,,1.05,,,25.33,,,1.12,,,23036.0,,,25800.0,,,68.0,
113261,PRONAS KORNETKU SAPI CAN 200G,1811 - CANNED MEAT,STAPLE NEED,1.06,,,79.5,,,1.07,,,21713.0,,,23233.0,,,148.0,,
113977,PRONAS CORNED BEEF SAC 50G,1811 - CANNED MEAT,STAPLE NEED,1.23,1.21,-0.0163,112.5,50.67,-0.5496,1.07,1.14,0.0654,11160.0,11491.0,0.0297,11941.0,13100.0,0.0971,210.0,133.0,-0.3667
3939,PRONAS CORNED BEEF CAN 198G,1811 - CANNED MEAT,STAPLE NEED,1.06,1.03,-0.0283,31.0,25.67,-0.1719,1.05,1.17,0.1143,29347.0,29347.0,0.0,30814.0,34336.0,0.1143,59.0,66.0,0.1186
3942,PRONAS CORNED BEEF CAN 340G,1811 - CANNED MEAT,STAPLE NEED,1.02,1.1,0.0784,21.0,10.33,-0.5081,1.05,1.15,0.0952,41521.0,46032.0,0.1086,43597.0,52937.0,0.2142,40.0,27.0,-0.325
441695,PRONAS CORNED BEEF JAMUR 198G,1811 - CANNED MEAT,STAPLE NEED,1.0,,,9.0,,,1.0,,,22900.0,,,22900.0,,,18.0,,
441800,PRONAS CORNED BEEF JMR 340G(OL),1811 - CANNED MEAT,STAPLE NEED,1.0,,,0.5,,,1.0,,,36500.0,,,36500.0,,,1.0,,
442300,PRONAS LUNCHEON AYAM 340G( OL),1811 - CANNED MEAT,STAPLE NEED,1.0,,,1.0,,,1.0,,,36900.0,,,36900.0,,,2.0,,
108709,ABC SARDINES EXT PEDAS CAN 425G,1812 - CANNED SEAFOOD,STAPLE NEED,1.11,1.05,-0.0541,70.5,36.67,-0.4799,1.05,1.15,0.0952,32408.0,30491.0,-0.0592,34028.0,35065.0,0.0305,134.0,96.0,-0.2836
263636,ABC SARDINES EXT PEDAS CAN 155G,1812 - CANNED SEAFOOD,STAPLE NEED,1.26,1.25,-0.0079,221.0,59.0,-0.733,1.11,1.1,-0.009,16393.0,16366.0,-0.0016,18196.0,18003.0,-0.0106,399.0,161.0,-0.5965
4053,ABC SARDINES TOMAT CAN 425G,1812 - CANNED SEAFOOD,STAPLE NEED,1.07,1.08,0.0093,47.5,25.67,-0.4596,1.07,1.05,-0.0187,31363.0,32890.0,0.0487,33558.0,34534.0,0.0291,89.0,73.0,-0.1798
54273,ABC SARDINES CHILI CAN 155G,1812 - CANNED SEAFOOD,STAPLE NEED,1.22,1.24,0.0164,161.0,53.67,-0.6666,1.1,1.08,-0.0182,15870.0,16076.0,0.013,17457.0,17362.0,-0.0054,294.0,149.0,-0.4932
54274,ABC SARDINES SAUS CABAI CAN425G,1812 - CANNED SEAFOOD,STAPLE NEED,1.14,1.07,-0.0614,42.0,31.67,-0.246,1.12,1.04,-0.0714,33330.0,31305.0,-0.0608,37330.0,32557.0,-0.1279,75.0,91.0,0.2133
432245,ASAHI SARDINES TOMAT CAN 155G,1812 - CANNED SEAFOOD,STAPLE NEED,1.37,1.46,0.0657,85.5,25.33,-0.7037,1.08,1.13,0.0463,14789.0,16109.0,0.0893,15972.0,18203.0,0.1397,158.0,67.0,-0.5759
432246,ASAHI SARDINES PEDAS CAN 155G,1812 - CANNED SEAFOOD,STAPLE NEED,1.29,1.25,-0.031,121.0,37.0,-0.6942,1.11,1.1,-0.009,13902.0,13582.0,-0.023,15431.0,14940.0,-0.0318,219.0,101.0,-0.5388
4016,BOTAN MACKEREL CAN 425G,1812 - CANNED SEAFOOD,STAPLE NEED,1.09,1.16,0.0642,17.5,10.67,-0.3903,1.09,1.0,-0.0826,45857.0,49128.0,0.0713,49984.0,49128.0,-0.0171,32.0,32.0,0.0
432028,FIESTA MAKAREL CABAI CAN 425G,1812 - CANNED SEAFOOD,STAPLE NEED,1.15,1.06,-0.0783,30.5,23.67,-0.2239,1.07,1.11,0.0374,27226.0,28549.0,0.0486,29132.0,31689.0,0.0878,57.0,64.0,0.1228
444206,FIESTA SARDEN CABAI CAN 155G,1812 - CANNED SEAFOOD,STAPLE NEED,1.32,1.25,-0.053,111.5,38.0,-0.6592,1.11,1.12,0.009,12832.0,13328.0,0.0387,14244.0,14927.0,0.048,201.0,102.0,-0.4925
115282,MAYA TUNA MYK KEDELAI CAN 185G,1812 - CANNED SEAFOOD,STAPLE NEED,,1.38,,,5.33,,,1.14,,,36713.0,,,41853.0,,,14.0,
115282,MAYA TUNA VEGE OIL CAN 185G,1812 - CANNED SEAFOOD,STAPLE NEED,1.08,1.56,0.4444,44.0,9.0,-0.7955,1.21,1.08,-0.1074,28828.0,41667.0,0.4454,34882.0,45000.0,0.2901,73.0,25.0,-0.6575
4034,MAYA SARDINES CAN 155G,1812 - CANNED SEAFOOD,STAPLE NEED,1.41,1.22,-0.1348,70.5,40.0,-0.4326,1.06,1.19,0.1226,17292.0,14931.0,-0.1365,18330.0,17768.0,-0.0307,133.0,101.0,-0.2406
4035,MAYA SARDINES CAN 425G,1812 - CANNED SEAFOOD,STAPLE NEED,1.11,1.09,-0.018,28.5,29.33,0.0291,1.06,1.1,0.0377,33918.0,31425.0,-0.0735,35953.0,34568.0,-0.0385,54.0,80.0,0.4815
113612,SUNBELL TUNA CHILI SC 185G(OL),1812 - CANNED SEAFOOD,STAPLE NEED,1.0,,,0.5,,,1.0,,,21500.0,,,21500.0,,,1.0,,
113613,SUNBELL TUNA BMB NASGOR185G(OL),1812 - CANNED SEAFOOD,STAPLE NEED,1.0,,,0.5,,,1.0,,,26000.0,,,26000.0,,,1.0,,
436318,SUNBELL TUNA VEGE OIL 185G (OL),1812 - CANNED SEAFOOD,STAPLE NEED,1.0,,,1.0,,,1.0,,,26000.0,,,26000.0,,,2.0,,
441340,TTS CHAMPIGNON MUSHROOM198G(OL),1813 - CANNED VEGETABLE,STAPLE NEED,1.0,,,1.0,,,1.0,,,11900.0,,,11900.0,,,2.0,,
431771,IMPERIAL PEACH HALVES 425G (OL),1814 - CANNED FRUIT,STAPLE NEED,1.0,,,0.5,,,1.0,,,20200.0,,,20200.0,,,1.0,,
447914,IMPERIAL LYCHEE SYRUP 565G(OL),1814 - CANNED FRUIT,STAPLE NEED,1.0,,,1.0,,,1.0,,,36900.0,,,36900.0,,,2.0,,
447681,SUNPRIDE TROPICAL FRUT 825G(OL),1814 - CANNED FRUIT,STAPLE NEED,1.0,,,1.0,,,1.0,,,24500.0,,,24500.0,,,2.0,,
447771,SUNPRIDE PNAPPLE SLICE 567G(OL),1814 - CANNED FRUIT,STAPLE NEED,1.0,,,1.5,,,1.0,,,22500.0,,,22500.0,,,3.0,,
441320,TTS LONGAN 567G(OL),1814 - CANNED FRUIT,STAPLE NEED,1.0,,,1.0,,,1.0,,,35400.0,,,35400.0,,,2.0,,
125700,ALFAMART ABON SAPI 100G,1821 - DRIED MEAT,STAPLE NEED,1.19,1.21,0.0168,113.5,62.33,-0.4508,1.27,1.31,0.0315,19342.0,19449.0,0.0055,24564.0,25478.0,0.0372,179.0,143.0,-0.2011
432634,GARSA ABON AYAM 75G,1821 - DRIED MEAT,STAPLE NEED,1.0,1.0,0.0,0.5,0.33,-0.34,1.0,1.0,0.0,19000.0,19000.0,0.0,19000.0,19000.0,0.0,1.0,1.0,0.0
412563,PRONAS ABON SAPI ORI 100G(OL),1821 - DRIED MEAT,STAPLE NEED,1.0,,,0.5,,,1.0,,,35900.0,,,35900.0,,,1.0,,
438344,ALFA MUJIGAE ROSE TOPOKKI 200G,1915 - PASTA,STAPLE NEED,1.0,,,2.0,,,1.0,,,16350.0,,,16350.0,,,4.0,,
190020,GREEN VALLEY M&C CHSE200G(OL),1915 - PASTA,STAPLE NEED,1.5,,,2.0,,,2.0,,,42450.0,,,84900.0,,,2.0,,
441694,GREEN VALLEY M&C QOARTO200G(OL),1915 - PASTA,STAPLE NEED,1.0,,,0.5,,,1.0,,,27900.0,,,27900.0,,,1.0,,
105630,LA FONTE FETTUCINE 450G(OL),1915 - PASTA,STAPLE NEED,1.75,,,4.0,,,1.14,,,31850.0,,,36309.0,,,7.0,,
146273,LA FONTE SPAGHETTI 225G,1915 - PASTA,STAPLE NEED,1.23,1.22,-0.0081,347.5,123.67,-0.6441,1.17,1.08,-0.0769,12291.0,12253.0,-0.0031,14380.0,13233.0,-0.0798,595.0,344.0,-0.4218
216003,LA FONTE MCRN CHEESE 63G,1915 - PASTA,STAPLE NEED,1.77,1.44,-0.1864,100.0,39.0,-0.61,1.18,1.12,-0.0508,11054.0,9046.0,-0.1817,13044.0,10132.0,-0.2232,170.0,104.0,-0.3882
221340,LA FONTE SPAGHETTI SC BLGS 117G,1915 - PASTA,STAPLE NEED,1.7,1.37,-0.1941,61.5,29.0,-0.5285,1.02,1.07,0.049,12859.0,10313.0,-0.198,13116.0,11035.0,-0.1587,120.0,81.0,-0.325
407279,LA FONTE LASAGNA 230G(OL),1915 - PASTA,STAPLE NEED,1.5,,,1.0,,,1.0,,,33950.0,,,33950.0,,,2.0,,
449094,LA FONTE CHIFFERI RIGTE450G(OL),1915 - PASTA,STAPLE NEED,1.0,,,3.0,,,1.0,,,16517.0,,,16517.0,,,6.0,,
428941,LADANG LIMA PASTA CHS 115G (OL),1915 - PASTA,STAPLE NEED,1.0,,,0.5,,,1.0,,,27000.0,,,27000.0,,,1.0,,
8865,MAKARONIKU ELBOW BOX 200G(OL),1915 - PASTA,STAPLE NEED,1.57,,,3.5,,,1.0,,,20271.0,,,20271.0,,,7.0,,
425549,MAMA SUKA TOPOKKI ORI 132G,1915 - PASTA,STAPLE NEED,1.05,1.12,0.0667,20.0,19.0,-0.05,1.0,1.06,0.06,20200.0,22119.0,0.095,20200.0,23446.0,0.1607,40.0,54.0,0.35
427872,MAMA SUKA TOPOKKI CRM 133G,1915 - PASTA,STAPLE NEED,1.12,1.09,-0.0268,26.0,17.67,-0.3204,1.0,1.02,0.02,21494.0,21557.0,0.0029,21494.0,21988.0,0.023,52.0,52.0,0.0
424891,MUJIGAE TOPOKKI 180G,1915 - PASTA,STAPLE NEED,1.12,1.05,-0.0625,16.5,12.67,-0.2321,1.06,1.09,0.0283,23861.0,22663.0,-0.0502,25293.0,24703.0,-0.0233,31.0,35.0,0.129
432291,MUJIGAE SPICY TOPOKKI 195G,1915 - PASTA,STAPLE NEED,1.07,1.22,0.1402,22.5,3.0,-0.8667,1.0,1.0,0.0,22689.0,26156.0,0.1528,22689.0,26156.0,0.1528,45.0,9.0,-0.8
427373,OMMASON TEOKBOKKI 180G,1915 - PASTA,STAPLE NEED,1.11,1.28,0.1532,14.0,6.0,-0.5714,1.12,1.06,-0.0536,16496.0,19039.0,0.1542,18476.0,20181.0,0.0923,25.0,17.0,-0.32
450857,POP SPAGETI SPICY CARBONARA 80G,1915 - PASTA,STAPLE NEED,,1.84,,,130.33,,,1.09,,,6445.0,,,7025.0,,,360.0,
450858,POP SPAGETI SPICY BOLOGNESE 84G,1915 - PASTA,STAPLE NEED,,1.95,,,130.0,,,1.09,,,6838.0,,,7453.0,,,357.0,
110093,SAN REMO PASTA MAC CHS 120G(OL),1915 - PASTA,STAPLE NEED,1.0,,,0.5,,,1.0,,,27000.0,,,27000.0,,,1.0,,
110094,SAN REMO PASTA 4CHEESE 120G(OL),1915 - PASTA,STAPLE NEED,1.0,,,1.0,,,1.0,,,27000.0,,,27000.0,,,2.0,,
426760,SAN REMO SPAGHETTI 500G(OL),1915 - PASTA,STAPLE NEED,1.0,,,3.0,,,1.0,,,24900.0,,,24900.0,,,6.0,,
810666,SAN REMO FUSILLI 500G (OL),1915 - PASTA,STAPLE NEED,1.0,,,2.0,,,1.0,,,27000.0,,,27000.0,,,4.0,,
466156,WONHAE TOPOKKI CARBONARA 80G,1915 - PASTA,STAPLE NEED,1.36,1.39,0.0221,74.5,148.0,0.9866,1.1,1.17,0.0636,14235.0,14680.0,0.0313,15659.0,17176.0,0.0969,135.0,380.0,1.8148
444755,WOW SPAGETI CARBONARA 80G,1915 - PASTA,STAPLE NEED,2.3,2.64,0.1478,774.5,569.67,-0.2645,1.2,1.21,0.0083,8325.0,9233.0,0.1091,9990.0,11172.0,0.1183,1292.0,1410.0,0.0913
444756,WOW SPAGETI BOLOGNESE 76G,1915 - PASTA,STAPLE NEED,2.0,2.37,0.185,547.5,465.33,-0.1501,1.14,1.15,0.0088,7189.0,8296.0,0.154,8195.0,9540.0,0.1641,957.0,1213.0,0.2675
448657,WOW SPAGETI AGLIO OLIO 75G,1915 - PASTA,STAPLE NEED,1.72,1.8,0.0465,511.5,344.0,-0.3275,1.12,1.14,0.0179,6208.0,6312.0,0.0168,6953.0,7196.0,0.0349,915.0,908.0,-0.0077
120964,MAMA SUKA SUP KRIM JGG 55G(OL),1921 - INSTANT SOUP,STAPLE NEED,1.0,,,1.5,,,1.0,,,8900.0,,,8900.0,,,3.0,,
120965,MAMA SUKA SUP KRIM AYAM 55G,1921 - INSTANT SOUP,STAPLE NEED,1.12,1.18,0.0536,34.0,20.33,-0.4021,1.06,1.2,0.1321,10859.0,11844.0,0.0907,11511.0,14213.0,0.2347,64.0,51.0,-0.2031
432441,MAMA SUKA SUP SAYUR 55G (OL),1921 - INSTANT SOUP,STAPLE NEED,1.6,,,2.5,,,1.0,,,14240.0,,,14240.0,,,5.0,,
432442,MAMA SUKA SUP DAGING 55G (OL),1921 - INSTANT SOUP,STAPLE NEED,2.33,,,1.5,,,1.0,,,20767.0,,,20767.0,,,3.0,,
414341,ROYCO SUP KRIM KEPITING JGG 44G,1921 - INSTANT SOUP,STAPLE NEED,1.26,1.31,0.0397,34.5,14.0,-0.5942,1.1,1.11,0.0091,13870.0,14405.0,0.0386,15257.0,15990.0,0.048,63.0,38.0,-0.3968
431994,FUKUMI BRS PORANG KONJAC 7S(OL),1922 - INSTANT RICE,STAPLE NEED,1.75,,,2.0,,,1.33,,,108325.0,,,144072.0,,,3.0,,
435072,FUKUMI POUCH 1KG (OL),1922 - INSTANT RICE,STAPLE NEED,1.0,,,1.5,,,1.0,,,195000.0,,,195000.0,,,3.0,,
447251,KONGBAP CHIASEED QUINOA150G(OL),1922 - INSTANT RICE,STAPLE NEED,1.0,,,1.0,,,1.0,,,13200.0,,,13200.0,,,2.0,,
447252,KONGBAP SHIRATAKI 150G(OL),1922 - INSTANT RICE,STAPLE NEED,1.0,,,1.5,,,1.0,,,13767.0,,,13767.0,,,3.0,,
