PLU,DESCP,CATEGORY,SECTION,AVG_QTY_STRUK_MONTH_BEFORE,AVG_QTY_STRUK_MONTH_AFTER,AVG_QTY_STRUK_MONTH_GROWTH,AVG_STRUK_MONTH_BEFORE,AVG_STRUK_MONTH_AFTER,AVG_STRUK_MONTH_GROWTH,PURCHASE_FREQUENCY_BEFORE,PURCHASE_FREQUENCY_AFTER,PURCHASE_FREQUENCY_GROWTH,SPT_BEFORE,SPT_AFTER,SPT_GROWTH,SPB_BEFORE,SPB_AFTER,SPB_GROWTH,BUYER_COUNT_BEFORE,BUYER_COUNT_AFTER,BUYER_COUNT_GROWTH
150008,PANDAN HIJAU BRS PND WANGI 10KG,1511 - RICE,-,1.07,,,20.5,,,1.46,,,165268.0,,,241291.0,,,28.0,,
62842,ETERNA SIKAT CUCI 414,4251 - CLEANING EQUIPMENT,-,1.0,1.0,0.0,5.5,3.0,-0.4545,1.0,1.0,0.0,9300.0,9300.0,0.0,9300.0,9300.0,0.0,11.0,9.0,-0.1818
405246,ATLAS SARUNG FAVORIT,5831 - RELIGIOUS NEEDS,-,,2.0,,,1.33,,,1.0,,,131350.0,,,131350.0,,,4.0,
451640,BUMIFOOD QUICKBITES ODENG 60G,6229 - CHILLED SEAFOOD,-,,1.23,,,121.33,,,1.16,,,10199.0,,,11831.0,,,314.0,
451641,BUMIFOOD QUICKBITES FISHTOFU60G,6229 - CHILLED SEAFOOD,-,,1.22,,,82.33,,,1.21,,,10128.0,,,12255.0,,,204.0,
451642,BUMIFOOD QUICKBITES CRAB STK50G,6229 - CHILLED SEAFOOD,-,,1.28,,,115.33,,,1.2,,,10664.0,,,12797.0,,,288.0,
445017,HEPPIII BAKSO SAPI 325G,6235 - FROZEN MEAT BALLS,-,1.0,1.19,0.19,7.5,7.0,-0.0667,1.0,1.17,0.17,36900.0,46157.0,0.2509,36900.0,54004.0,0.4635,15.0,18.0,0.2
228011,SO GOOD BAKSO KUAH SAPI 100G,6235 - FROZEN MEAT BALLS,-,1.04,,,22.5,,,1.12,,,21993.0,,,24632.0,,,40.0,,
411675,SUMBER SELERA BAKSO SBG 25S,6235 - FROZEN MEAT BALLS,-,1.03,1.25,0.2136,52.0,17.0,-0.6731,1.11,1.19,0.0721,37964.0,46306.0,0.2197,42140.0,55104.0,0.3076,94.0,43.0,-0.5426
417988,BELFOODS CHICKEN SAUSAGES 200G,6236 - FROZEN SAUSAGES,-,1.0,1.0,0.0,0.5,0.33,-0.34,1.0,1.0,0.0,15500.0,15700.0,0.0129,15500.0,15700.0,0.0129,1.0,1.0,0.0
444382,BELFOODS CHICKEN COCKTAIL 400G,6236 - FROZEN SAUSAGES,-,1.0,1.0,0.0,9.5,2.67,-0.7189,1.06,1.0,-0.0566,52016.0,52088.0,0.0014,55137.0,52088.0,-0.0553,18.0,8.0,-0.5556
620130,BELFOODS RYL FRANKFURTER 200G,6236 - FROZEN SAUSAGES,-,1.0,,,0.5,,,1.0,,,34900.0,,,34900.0,,,1.0,,
437738,BENFARM CKN SAUSAGE 300G,6236 - FROZEN SAUSAGES,-,1.02,1.0,-0.0196,27.5,6.0,-0.7818,1.06,1.0,-0.0566,55924.0,54933.0,-0.0177,59279.0,54933.0,-0.0733,52.0,18.0,-0.6538
437739,BENFARM CKN CHEESE SAUSAGE 300G,6236 - FROZEN SAUSAGES,-,1.11,1.07,-0.036,14.0,9.0,-0.3571,1.04,1.29,0.2404,68546.0,66507.0,-0.0297,71288.0,85794.0,0.2035,27.0,21.0,-0.2222
459510,BENFARM NUGPRM CHICKEN STC 300G,6236 - FROZEN SAUSAGES,-,,1.1,,,13.0,,,1.0,,,43690.0,,,43690.0,,,39.0,
216895,CHAMP CHICKEN SAUSAGE 500G,6236 - FROZEN SAUSAGES,-,1.0,1.03,0.03,21.0,10.67,-0.4919,1.08,1.0,-0.0741,34143.0,33859.0,-0.0083,36874.0,33859.0,-0.0818,39.0,32.0,-0.1795
432450,KANZLER BEEF COCK SSG 250G,6236 - FROZEN SAUSAGES,-,1.03,1.04,0.0097,67.5,15.0,-0.7778,1.12,1.05,-0.0625,40101.0,40838.0,0.0184,44913.0,42880.0,-0.0453,120.0,43.0,-0.6417
405847,SO NICE SOSIS AYAM 375G,6236 - FROZEN SAUSAGES,-,1.02,1.0,-0.0196,29.0,10.0,-0.6552,1.12,1.03,-0.0804,22134.0,21643.0,-0.0222,24790.0,22292.0,-0.1008,52.0,29.0,-0.4423
444180,ACMIC USB TO MICRO USB,4641 - ACCESSORIES TRAVEL,ACCESSORIES,1.0,1.0,0.0,1.0,0.33,-0.67,1.0,1.0,0.0,19900.0,19900.0,0.0,19900.0,19900.0,0.0,2.0,1.0,-0.5
444181,ACMIC USB TO TYPE C,4641 - ACCESSORIES TRAVEL,ACCESSORIES,1.0,1.0,0.0,1.5,0.67,-0.5533,1.0,1.0,0.0,19900.0,19900.0,0.0,19900.0,19900.0,0.0,3.0,2.0,-0.3333
444182,ACMIC USB TO LIGHTNING,4641 - ACCESSORIES TRAVEL,ACCESSORIES,1.0,1.0,0.0,0.5,0.33,-0.34,1.0,1.0,0.0,19900.0,19900.0,0.0,19900.0,19900.0,0.0,1.0,1.0,0.0
444938,ACMIC USB FAST CHARGER 10W,4641 - ACCESSORIES TRAVEL,ACCESSORIES,1.0,,,1.5,,,1.0,,,29900.0,,,29900.0,,,3.0,,
444942,ACMIC IN-EAR HEADSET JACK 3.5MM,4641 - ACCESSORIES TRAVEL,ACCESSORIES,,1.0,,,0.67,,,1.0,,,29900.0,,,29900.0,,,2.0,
128400,ALFAMART KAOS KAKI SEKOLAH ANK,5521 - BABIES & CHILDREN SOCK,ACCESSORIES,1.0,1.0,0.0,4.5,0.67,-0.8511,1.0,1.0,0.0,21122.0,20400.0,-0.0342,21122.0,20400.0,-0.0342,9.0,2.0,-0.7778
128401,ALFA KAOS KAKI SPORT,5523 - MENS SOCK,ACCESSORIES,1.0,1.04,0.04,12.0,8.33,-0.3058,1.0,1.04,0.04,18908.0,21104.0,0.1161,18908.0,21948.0,0.1608,24.0,24.0,0.0
128402,ALFA KAOS KAKI BISNIS,5523 - MENS SOCK,ACCESSORIES,,1.04,,,7.67,,,1.05,,,21017.0,,,22068.0,,,22.0,
128402,ALFAMART KAOS KAKI BISNIS,5523 - MENS SOCK,ACCESSORIES,1.06,,,9.0,,,1.0,,,19494.0,,,19494.0,,,18.0,,
550060,ALFA KAOS KAKI PENDEK AST,5523 - MENS SOCK,ACCESSORIES,1.06,1.0,-0.0566,8.0,3.67,-0.5412,1.0,1.0,0.0,20231.0,19455.0,-0.0384,20231.0,19455.0,-0.0384,16.0,11.0,-0.3125
417654,PRINGLE KAOS KAKI,5523 - MENS SOCK,ACCESSORIES,1.0,1.0,0.0,4.0,2.33,-0.4175,1.0,1.0,0.0,31562.0,31286.0,-0.0087,31562.0,31286.0,-0.0087,8.0,7.0,-0.125
448605,ALFA DISNEY SISIR D125,5811 - COMB,ACCESSORIES,1.0,1.0,0.0,4.5,1.33,-0.7044,1.0,1.0,0.0,39900.0,39900.0,0.0,39900.0,39900.0,0.0,9.0,4.0,-0.5556
451139,SANRIO SISIR GLOSY,5811 - COMB,ACCESSORIES,,1.0,,,0.33,,,1.0,,,37900.0,,,37900.0,,,1.0,
441927,DISNEY PRINCESS SISIR F24,5811 - COMB,ACCESSORIES,1.0,1.0,0.0,0.5,0.33,-0.34,1.0,1.0,0.0,34900.0,35200.0,0.0086,34900.0,35200.0,0.0086,1.0,1.0,0.0
440592,FROZEN SISIR (METALIC),5811 - COMB,ACCESSORIES,1.0,1.0,0.0,1.0,0.33,-0.67,1.0,1.0,0.0,22900.0,23500.0,0.0262,22900.0,23500.0,0.0262,2.0,1.0,-0.5
438614,PRINCESS SISIR D100S2,5811 - COMB,ACCESSORIES,2.0,,,0.5,,,1.0,,,45800.0,,,45800.0,,,1.0,,
444861,SANRIO SISIR A124,5811 - COMB,ACCESSORIES,1.0,,,0.5,,,1.0,,,37900.0,,,37900.0,,,1.0,,
447428,SANRIO SISIR A224,5811 - COMB,ACCESSORIES,1.0,,,1.5,,,1.0,,,37900.0,,,37900.0,,,3.0,,
122903,TRENDY HAIR COMB HC-164-1,5811 - COMB,ACCESSORIES,1.0,1.0,0.0,16.0,5.67,-0.6456,1.0,1.0,0.0,12403.0,12400.0,-0.0002,12403.0,12400.0,-0.0002,32.0,17.0,-0.4688
153361,"TRENDY SISIR VITEX V-5""",5811 - COMB,ACCESSORIES,1.06,1.0,-0.0566,17.0,7.67,-0.5488,1.03,1.0,-0.0291,5959.0,5661.0,-0.05,6138.0,5661.0,-0.0777,33.0,23.0,-0.303
418378,ALFA/SCRLINES BASIC HAIR BAND6S,5812 - HAIR ACCESSORIES,ACCESSORIES,1.29,,,3.5,,,1.17,,,21371.0,,,25004.0,,,6.0,,
418378,ALFAMART BASIC HAIR BAND,5812 - HAIR ACCESSORIES,ACCESSORIES,,1.0,,,3.33,,,1.0,,,16550.0,,,16550.0,,,10.0,
419573,ALFA/SCRLINES JEPIT SALON KECIL,5812 - HAIR ACCESSORIES,ACCESSORIES,1.0,1.0,0.0,11.0,5.0,-0.5455,1.05,1.07,0.019,9900.0,12793.0,0.2922,10395.0,13689.0,0.3169,21.0,14.0,-0.3333
419574,ALFA/SCORLINES JEDAY,5812 - HAIR ACCESSORIES,ACCESSORIES,1.0,1.0,0.0,13.5,5.33,-0.6052,1.0,1.0,0.0,15496.0,15875.0,0.0245,15496.0,15875.0,0.0245,27.0,16.0,-0.4074
433290,ALFA/SCORLINES JEDAY JELLY AST,5812 - HAIR ACCESSORIES,ACCESSORIES,1.08,1.0,-0.0741,6.0,5.67,-0.055,1.0,1.0,0.0,16550.0,15218.0,-0.0805,16550.0,15218.0,-0.0805,12.0,17.0,0.4167
433292,ALFA IKAT RAMBUT WRN 6S AST,5812 - HAIR ACCESSORIES,ACCESSORIES,1.0,1.07,0.07,4.0,5.0,0.25,1.0,1.0,0.0,15900.0,16960.0,0.0667,15900.0,16960.0,0.0667,8.0,15.0,0.875
447920,ALFA CEPOL HIJAB,5812 - HAIR ACCESSORIES,ACCESSORIES,1.0,1.0,0.0,6.0,2.0,-0.6667,1.0,1.0,0.0,29900.0,29900.0,0.0,29900.0,29900.0,0.0,12.0,6.0,-0.5
447923,ALFA SISIR TANGLE BRUSH,5812 - HAIR ACCESSORIES,ACCESSORIES,1.0,1.12,0.12,2.0,2.67,0.335,1.0,1.0,0.0,34900.0,39262.0,0.125,34900.0,39262.0,0.125,4.0,8.0,1.0
418375,SCORLINES KARET JEPANG WARNA,5812 - HAIR ACCESSORIES,ACCESSORIES,1.0,,,1.0,,,1.0,,,13200.0,,,13200.0,,,2.0,,
418549,SCORLINES PITA RAMBUT KECIL AST,5812 - HAIR ACCESSORIES,ACCESSORIES,1.0,,,0.5,,,1.0,,,9500.0,,,9500.0,,,1.0,,
419571,ALFA KARET JEPANG BASIC,5812 - HAIR ACCESSORIES,ACCESSORIES,1.0,1.0,0.0,4.5,3.0,-0.3333,1.0,1.0,0.0,12800.0,12922.0,0.0095,12800.0,12922.0,0.0095,9.0,9.0,0.0
449027,WETBRUSH MINI PINK (OL),5812 - HAIR ACCESSORIES,ACCESSORIES,1.0,,,1.0,,,1.0,,,82850.0,,,82850.0,,,2.0,,
411151,ALFAMART/MIDI JARUM PENITI 80S,5813 - PIN & SCISSORS NAIL,ACCESSORIES,1.0,1.0,0.0,16.5,9.0,-0.4545,1.0,1.0,0.0,18270.0,18000.0,-0.0148,18270.0,18000.0,-0.0148,33.0,27.0,-0.1818
437786,ALFA BT21 NAIL CLIPPER,5813 - PIN & SCISSORS NAIL,ACCESSORIES,1.0,,,1.5,,,1.0,,,22667.0,,,22667.0,,,3.0,,
403168,SCORLINES GUNTING KUKU BESAR,5813 - PIN & SCISSORS NAIL,ACCESSORIES,1.0,1.0,0.0,20.5,11.67,-0.4307,1.0,1.0,0.0,20534.0,19871.0,-0.0323,20534.0,19871.0,-0.0323,41.0,35.0,-0.1463
124948,TRENDY GUNTING KUKU TD-622E,5813 - PIN & SCISSORS NAIL,ACCESSORIES,1.0,1.0,0.0,9.5,1.0,-0.8947,1.06,1.0,-0.0566,23205.0,22867.0,-0.0146,24597.0,22867.0,-0.0703,18.0,3.0,-0.8333
441172,ALFA BT21 MAKEUP SPONGE,5814 - BEAUTY ACCESSORIES,ACCESSORIES,1.0,,,0.5,,,1.0,,,17900.0,,,17900.0,,,1.0,,
424308,MARVEL TOPI SEPEDA,5814 - BEAUTY ACCESSORIES,ACCESSORIES,1.0,,,0.5,,,1.0,,,36500.0,,,36500.0,,,1.0,,
433707,MARVEL SPIDERMAN TOPI,5814 - BEAUTY ACCESSORIES,ACCESSORIES,1.0,,,0.5,,,1.0,,,52700.0,,,52700.0,,,1.0,,
128986,SCORLINES SPONS BULAT,5814 - BEAUTY ACCESSORIES,ACCESSORIES,1.18,1.0,-0.1525,5.5,1.33,-0.7582,1.0,1.0,0.0,12945.0,11200.0,-0.1348,12945.0,11200.0,-0.1348,11.0,4.0,-0.6364
128988,SCORLINES SPONS COMPACT 2S,5814 - BEAUTY ACCESSORIES,ACCESSORIES,1.0,1.0,0.0,9.0,1.33,-0.8522,1.0,1.0,0.0,11900.0,11900.0,0.0,11900.0,11900.0,0.0,18.0,4.0,-0.7778
437781,ALFA BT21 IKAT RAMBUT,5911 - HAIR ACCESSORIES IMPORT,ACCESSORIES,1.0,1.0,0.0,0.5,1.0,1.0,1.0,1.0,0.0,15900.0,15900.0,0.0,15900.0,15900.0,0.0,1.0,3.0,2.0
437783,ALFA BT21 DUCK CIIP,5911 - HAIR ACCESSORIES IMPORT,ACCESSORIES,,1.0,,,0.33,,,1.0,,,28500.0,,,28500.0,,,1.0,
437784,ALFA BT21 SCRUNCHIES,5911 - HAIR ACCESSORIES IMPORT,ACCESSORIES,1.0,1.0,0.0,1.0,0.33,-0.67,1.0,1.0,0.0,28900.0,28900.0,0.0,28900.0,28900.0,0.0,2.0,1.0,-0.5
441170,ALFA BT21 SISIR KECIL,5911 - HAIR ACCESSORIES IMPORT,ACCESSORIES,1.0,,,1.0,,,1.0,,,27500.0,,,27500.0,,,2.0,,
441171,ALFA BT21 SCRUNCHIES AST,5911 - HAIR ACCESSORIES IMPORT,ACCESSORIES,1.0,1.0,0.0,0.5,0.33,-0.34,1.0,1.0,0.0,28900.0,28900.0,0.0,28900.0,28900.0,0.0,1.0,1.0,0.0
436591,DISNEY SCRUNCHIES D100S1,5911 - HAIR ACCESSORIES IMPORT,ACCESSORIES,,1.0,,,0.33,,,1.0,,,11100.0,,,11100.0,,,1.0,
440593,FROZEN AKSESORIS RAMBUT,5911 - HAIR ACCESSORIES IMPORT,ACCESSORIES,1.0,1.0,0.0,2.5,0.33,-0.868,1.0,1.0,0.0,14900.0,15300.0,0.0268,14900.0,15300.0,0.0268,5.0,1.0,-0.8
438615,PRINCESS HAIR CLOW D100S,5911 - HAIR ACCESSORIES IMPORT,ACCESSORIES,1.0,1.0,0.0,0.5,0.33,-0.34,1.0,1.0,0.0,11300.0,11300.0,0.0,11300.0,11300.0,0.0,1.0,1.0,0.0
433571,AIRPRO COOL WAVES 10ML,4741 - CAR AIR FRESHENER,AIR FRESHNER,1.0,1.0,0.0,12.5,5.33,-0.5736,1.0,1.0,0.0,35100.0,32713.0,-0.068,35100.0,32713.0,-0.068,25.0,16.0,-0.36
437622,AIRPRO  CHANEL 10ML,4741 - CAR AIR FRESHENER,AIR FRESHNER,1.0,1.2,0.2,6.5,5.0,-0.2308,1.0,1.0,0.0,32500.0,39733.0,0.2226,32500.0,39733.0,0.2226,13.0,15.0,0.1538
444493,AIRPRO CAR PERFUME LUSH 9ML(OL),4741 - CAR AIR FRESHENER,AIR FRESHNER,1.0,,,0.5,,,1.0,,,34900.0,,,34900.0,,,1.0,,
444494,AIRPRO CAR PERFUME BREZE9ML(OL),4741 - CAR AIR FRESHENER,AIR FRESHNER,1.0,,,0.5,,,1.0,,,34900.0,,,34900.0,,,1.0,,
446335,AIRPRO VIVA LIFE PAPER TOKYO 4G,4741 - CAR AIR FRESHENER,AIR FRESHNER,1.29,,,22.5,,,1.05,,,18871.0,,,19815.0,,,43.0,,
446336,AIRPRO VIVA LIFE PAPER PARIS 4G,4741 - CAR AIR FRESHENER,AIR FRESHNER,1.23,,,15.0,,,1.11,,,18243.0,,,20250.0,,,27.0,,
447106,AIRPRO CAR PARF VIVA NY 42G(OL),4741 - CAR AIR FRESHENER,AIR FRESHNER,2.0,,,0.5,,,1.0,,,78600.0,,,78600.0,,,1.0,,
446181,ALFAMART PENGHARUM RGN TEH 50G,4741 - CAR AIR FRESHENER,AIR FRESHNER,1.5,1.35,-0.1,63.5,18.0,-0.7165,1.03,1.04,0.0097,11415.0,10494.0,-0.0807,11757.0,10914.0,-0.0717,123.0,52.0,-0.5772
446182,ALFAMART PENGHARUM RGN KOPI50G,4741 - CAR AIR FRESHENER,AIR FRESHNER,1.45,1.52,0.0483,19.0,14.67,-0.2279,1.0,1.0,0.0,11495.0,11916.0,0.0366,11495.0,11916.0,0.0366,38.0,44.0,0.1579
408014,ALFAMART PENGHARUM RGN APEL 50G,4741 - CAR AIR FRESHENER,AIR FRESHNER,1.49,1.56,0.047,17.5,11.33,-0.3526,1.06,1.03,-0.0283,11657.0,11629.0,-0.0024,12356.0,11978.0,-0.0306,33.0,33.0,0.0
408016,ALFAMART PENGHARUM RGNJERUK50G,4741 - CAR AIR FRESHENER,AIR FRESHNER,1.39,1.37,-0.0144,22.0,9.0,-0.5909,1.02,1.04,0.0196,11436.0,11163.0,-0.0239,11665.0,11610.0,-0.0047,43.0,26.0,-0.3953
447023,AMBI PUR CAR DOWNY MYSTIQ 2.2ML,4741 - CAR AIR FRESHENER,AIR FRESHNER,1.08,1.22,0.1296,6.0,3.0,-0.5,1.2,1.0,-0.1667,48642.0,54878.0,0.1282,58370.0,54878.0,-0.0598,10.0,9.0,-0.1
450961,AMBI PUR CAR DOWNY PASSION2.2ML,4741 - CAR AIR FRESHENER,AIR FRESHNER,,1.43,,,2.33,,,1.0,,,64143.0,,,64143.0,,,7.0,
470000,AMBI PUR VENTCLIP SKY BREEZE2ML,4741 - CAR AIR FRESHENER,AIR FRESHNER,1.18,1.0,-0.1525,5.5,2.67,-0.5145,1.0,1.0,0.0,46527.0,39412.0,-0.1529,46527.0,39412.0,-0.1529,11.0,8.0,-0.2727
470004,AMBI PUR CAR STR AQUA 7ML,4741 - CAR AIR FRESHENER,AIR FRESHNER,1.43,1.12,-0.2168,3.5,2.67,-0.2371,1.0,1.0,0.0,74829.0,61038.0,-0.1843,74829.0,61038.0,-0.1843,7.0,8.0,0.1429
414785,BAGUS FRESH LUWAK COFFEE CAR,4741 - CAR AIR FRESHENER,AIR FRESHNER,1.09,1.0,-0.0826,5.5,6.33,0.1509,1.0,1.0,0.0,18309.0,16884.0,-0.0778,18309.0,16884.0,-0.0778,11.0,19.0,0.7273
407569,BAYFRESH GO ORANGE VERBENA (OL),4741 - CAR AIR FRESHENER,AIR FRESHNER,1.0,,,1.5,,,1.0,,,12033.0,,,12033.0,,,3.0,,
407570,BAYFRESH HNG DARK ICE,4741 - CAR AIR FRESHENER,AIR FRESHNER,1.09,1.1,0.0092,23.5,13.0,-0.4468,1.07,1.03,-0.0374,16062.0,16497.0,0.0271,17186.0,16992.0,-0.0113,44.0,38.0,-0.1364
436442,BAYFRESH GO V.ICE CREAM (OL),4741 - CAR AIR FRESHENER,AIR FRESHNER,1.11,,,4.5,,,1.12,,,13322.0,,,14921.0,,,8.0,,
470045,BAYFRESH HNG FROZEN LIME,4741 - CAR AIR FRESHENER,AIR FRESHNER,1.02,1.03,0.0098,20.0,12.67,-0.3665,1.03,1.0,-0.0291,14785.0,15342.0,0.0377,15229.0,15342.0,0.0074,39.0,38.0,-0.0256
470046,BAYFRESH HNG STRAW BUBBLEGUM,4741 - CAR AIR FRESHENER,AIR FRESHNER,1.15,1.08,-0.0609,20.5,16.67,-0.1868,1.02,1.02,0.0,16951.0,16172.0,-0.046,17290.0,16495.0,-0.046,40.0,49.0,0.225
470047,BAYFRESH HNG VANILA COFFE,4741 - CAR AIR FRESHENER,AIR FRESHNER,1.09,1.16,0.0642,33.5,16.33,-0.5125,1.03,1.07,0.0388,16269.0,17535.0,0.0778,16757.0,18762.0,0.1197,65.0,46.0,-0.2923
470048,BAYFRESH HNG SAKURA BLOOM,4741 - CAR AIR FRESHENER,AIR FRESHNER,1.0,,,1.0,,,1.0,,,11800.0,,,11800.0,,,2.0,,
188217,GLADE CAR GEL APPLE 70G,4741 - CAR AIR FRESHENER,AIR FRESHNER,1.28,1.11,-0.1328,39.5,21.0,-0.4684,1.13,1.03,-0.0885,16562.0,14525.0,-0.123,18715.0,14961.0,-0.2006,70.0,61.0,-0.1286
126520,STELLA DF RED KISS 7ML,4741 - CAR AIR FRESHENER,AIR FRESHNER,1.06,1.11,0.0472,16.0,6.33,-0.6044,1.03,1.0,-0.0291,23684.0,25421.0,0.0733,24395.0,25421.0,0.0421,31.0,19.0,-0.3871
126521,STELLA DF ORG BLOSSOM 7ML,4741 - CAR AIR FRESHENER,AIR FRESHNER,1.08,1.06,-0.0185,13.0,10.33,-0.2054,1.0,1.0,0.0,23962.0,24123.0,0.0067,23962.0,24123.0,0.0067,26.0,31.0,0.1923
407915,STELLA CAR FUN N' FRS HAPPYDAY,4741 - CAR AIR FRESHENER,AIR FRESHNER,1.05,1.12,0.0667,21.5,19.0,-0.1163,1.05,1.08,0.0286,18084.0,19496.0,0.0781,18988.0,21056.0,0.1089,41.0,53.0,0.2927
407916,STELLA CAR FUN N' FRS FRUIT&FRS,4741 - CAR AIR FRESHENER,AIR FRESHNER,1.15,1.1,-0.0435,23.5,13.33,-0.4328,1.04,1.05,0.0096,19819.0,19085.0,-0.037,20612.0,20039.0,-0.0278,45.0,38.0,-0.1556
449018,STELLA HANG N FLIP JASMINE 9ML,4741 - CAR AIR FRESHENER,AIR FRESHNER,1.0,1.16,0.16,8.0,10.33,0.2912,1.0,1.0,0.0,30500.0,35419.0,0.1613,30500.0,35419.0,0.1613,16.0,31.0,0.9375
449019,STELLA HANG N FLIP AQUA 9ML,4741 - CAR AIR FRESHENER,AIR FRESHNER,1.0,1.0,0.0,5.5,11.0,1.0,1.0,1.0,0.0,30500.0,30500.0,0.0,30500.0,30500.0,0.0,11.0,33.0,2.0
470011,STELLA LILY DREAM 7ML 2S,4741 - CAR AIR FRESHENER,AIR FRESHNER,1.03,1.09,0.0583,18.0,10.67,-0.4072,1.0,1.03,0.03,22922.0,24500.0,0.0688,22922.0,25235.0,0.1009,36.0,31.0,-0.1389
470059,STELLA DF INDOOR VANILA AST 7ML,4741 - CAR AIR FRESHENER,AIR FRESHNER,1.0,1.1,0.1,10.0,7.0,-0.3,1.0,1.0,0.0,22230.0,24676.0,0.11,22230.0,24676.0,0.11,20.0,21.0,0.05
459577,117 MANGGA KRETEK 12,2411 - SKT (SIGARET KRETEK TANGAN),BACKWALL,,1.0,,,1.0,,,1.0,,,8700.0,,,8700.0,,,3.0,
432556,153 KRETEK 12,2411 - SKT (SIGARET KRETEK TANGAN),BACKWALL,1.0,1.12,0.12,1.0,5.67,4.67,1.0,4.25,3.25,13900.0,16082.0,0.157,13900.0,68348.0,3.9171,2.0,4.0,1.0
465688,ARMOUR 16,2411 - SKT (SIGARET KRETEK TANGAN),BACKWALL,,1.0,,,3.0,,,1.29,,,12000.0,,,15480.0,,,7.0,
240030,AROMA SLIM 16,2411 - SKT (SIGARET KRETEK TANGAN),BACKWALL,1.0,1.0,0.0,8.0,4.0,-0.5,1.6,1.0,-0.375,15662.0,15683.0,0.0013,25059.0,15683.0,-0.3742,10.0,12.0,0.2
220802,BENTOEL SEJATI 12,2411 - SKT (SIGARET KRETEK TANGAN),BACKWALL,1.67,1.38,-0.1737,30.5,30.33,-0.0056,1.85,1.32,-0.2865,16741.0,14079.0,-0.159,30971.0,18584.0,-0.4,33.0,69.0,1.0909
448206,CAMEL KRETEK 12,2411 - SKT (SIGARET KRETEK TANGAN),BACKWALL,1.19,1.11,-0.0672,34.5,20.67,-0.4009,1.72,1.38,-0.1977,19097.0,16845.0,-0.1179,32847.0,23246.0,-0.2923,40.0,45.0,0.125
441935,CHIEF KRETEK 12,2411 - SKT (SIGARET KRETEK TANGAN),BACKWALL,1.42,1.17,-0.1761,6.0,9.67,0.6117,1.71,1.26,-0.2632,15583.0,12986.0,-0.1667,26647.0,16362.0,-0.386,7.0,23.0,2.2857
459331,DJARUM CIGARILLOS FIRSTCLASS 12,2411 - SKT (SIGARET KRETEK TANGAN),BACKWALL,,1.35,,,8.67,,,1.53,,,24492.0,,,37473.0,,,17.0,
101257,DJARUM COKLAT 12,2411 - SKT (SIGARET KRETEK TANGAN),BACKWALL,1.38,1.22,-0.1159,23.5,21.0,-0.1064,1.52,1.47,-0.0329,23543.0,21906.0,-0.0695,35785.0,32202.0,-0.1001,31.0,43.0,0.3871
115882,DJARUM COKLAT EXTRA 12,2411 - SKT (SIGARET KRETEK TANGAN),BACKWALL,1.24,1.15,-0.0726,10.5,6.67,-0.3648,1.24,1.33,0.0726,20629.0,20360.0,-0.013,25580.0,27079.0,0.0586,17.0,15.0,-0.1176
253,DJARUM 76 12,2411 - SKT (SIGARET KRETEK TANGAN),BACKWALL,1.38,1.34,-0.029,21.0,10.67,-0.4919,1.2,1.0,-0.1667,21767.0,23428.0,0.0763,26120.0,23428.0,-0.1031,35.0,32.0,-0.0857
433974,DJARUM 76 KURMA ROYAL 12 (F),2411 - SKT (SIGARET KRETEK TANGAN),BACKWALL,1.08,,,6.0,,,1.09,,,16267.0,,,17731.0,,,11.0,,
438869,DJARUM 76 MANGGA 12,2411 - SKT (SIGARET KRETEK TANGAN),BACKWALL,1.31,1.15,-0.1221,37.5,30.33,-0.1912,1.15,1.26,0.0957,20300.0,19265.0,-0.051,23345.0,24274.0,0.0398,65.0,72.0,0.1077
440719,DJARUM SUPER ESPRESSO 12,2411 - SKT (SIGARET KRETEK TANGAN),BACKWALL,1.24,1.15,-0.0726,21.0,13.67,-0.349,1.62,1.37,-0.1543,22569.0,20920.0,-0.0731,36562.0,28660.0,-0.2161,26.0,30.0,0.1538
444816,DJARUM 76 NANAS 12,2411 - SKT (SIGARET KRETEK TANGAN),BACKWALL,1.08,1.12,0.037,18.5,8.0,-0.5676,1.23,1.33,0.0813,16192.0,17046.0,0.0527,19916.0,22671.0,0.1383,30.0,18.0,-0.4
446312,DJARUM ESPRESSO GOLD 12,2411 - SKT (SIGARET KRETEK TANGAN),BACKWALL,1.13,1.15,0.0177,45.0,13.67,-0.6962,1.55,1.11,-0.2839,22828.0,23256.0,0.0187,35383.0,25814.0,-0.2704,58.0,37.0,-0.3621
446478,DJARUM COKLAT EXTRA MOCCA 12,2411 - SKT (SIGARET KRETEK TANGAN),BACKWALL,1.0,1.05,0.05,7.5,6.33,-0.156,1.5,1.12,-0.2533,18000.0,19058.0,0.0588,27000.0,21345.0,-0.2094,10.0,17.0,0.7
448207,DJARUM SAFARI 12,2411 - SKT (SIGARET KRETEK TANGAN),BACKWALL,1.04,1.0,-0.0385,11.5,2.33,-0.7974,1.92,1.75,-0.0885,14609.0,14086.0,-0.0358,28049.0,24650.0,-0.1212,12.0,4.0,-0.6667
450492,DJARUM SAFARI WRAP 12,2411 - SKT (SIGARET KRETEK TANGAN),BACKWALL,1.0,1.0,0.0,1.0,3.33,2.33,1.0,1.43,0.43,16000.0,16390.0,0.0244,16000.0,23438.0,0.4649,2.0,7.0,2.5
450948,DJARUM 76 MANGGA ROYAL 12,2411 - SKT (SIGARET KRETEK TANGAN),BACKWALL,,1.11,,,15.33,,,1.05,,,18030.0,,,18932.0,,,44.0,
459556,DJARUM D WRAP 12,2411 - SKT (SIGARET KRETEK TANGAN),BACKWALL,,1.11,,,18.0,,,1.23,,,16900.0,,,20787.0,,,44.0,
459593,DJARUM SUPER KRETEK 12,2411 - SKT (SIGARET KRETEK TANGAN),BACKWALL,,1.17,,,15.67,,,1.15,,,21064.0,,,24224.0,,,41.0,
466159,DJARUM COKLAT ELITE 12,2411 - SKT (SIGARET KRETEK TANGAN),BACKWALL,1.0,1.0,0.0,1.0,7.0,6.0,1.0,1.17,0.17,18000.0,18076.0,0.0042,18000.0,21149.0,0.1749,2.0,18.0,8.0
466160,DJARUM 76 ROYAL 12,2411 - SKT (SIGARET KRETEK TANGAN),BACKWALL,1.11,1.2,0.0811,4.5,3.33,-0.26,1.29,1.0,-0.2248,19111.0,21090.0,0.1036,24653.0,21090.0,-0.1445,7.0,10.0,0.4286
466332,DJARUM 76 APEL 12,2411 - SKT (SIGARET KRETEK TANGAN),BACKWALL,,1.1,,,128.33,,,1.52,,,16758.0,,,25472.0,,,253.0,
459811,DJAVA KRETEK HIJAU 12,2411 - SKT (SIGARET KRETEK TANGAN),BACKWALL,,1.58,,,8.67,,,1.53,,,13562.0,,,20750.0,,,17.0,
234,DJI SAM SOE 12,2411 - SKT (SIGARET KRETEK TANGAN),BACKWALL,1.16,1.13,-0.0259,104.0,83.67,-0.1955,1.18,1.18,0.0,25625.0,25246.0,-0.0148,30238.0,29790.0,-0.0148,177.0,213.0,0.2034
234002,DJI SAM SOE SPR PREMIUM REF 12,2411 - SKT (SIGARET KRETEK TANGAN),BACKWALL,1.21,1.34,0.1074,115.0,77.33,-0.3276,1.22,1.18,-0.0328,28541.0,32133.0,0.1259,34820.0,37917.0,0.0889,188.0,196.0,0.0426
423801,DJI SAM SOE SPC EDITION 6+6,2411 - SKT (SIGARET KRETEK TANGAN),BACKWALL,1.08,1.15,0.0648,32.0,36.67,0.1459,1.14,1.17,0.0263,23222.0,25161.0,0.0835,26473.0,29438.0,0.112,56.0,94.0,0.6786
440716,DJI SAM SOE MAESTRO EDITION 12,2411 - SKT (SIGARET KRETEK TANGAN),BACKWALL,1.11,1.09,-0.018,30.5,32.33,0.06,1.24,1.24,0.0,23134.0,22962.0,-0.0074,28686.0,28473.0,-0.0074,49.0,78.0,0.5918
443611,DJI SAM SOE SUPER PREMIUM 16,2411 - SKT (SIGARET KRETEK TANGAN),BACKWALL,1.13,1.08,-0.0442,60.0,39.33,-0.3445,1.46,1.4,-0.0411,31780.0,31603.0,-0.0056,46399.0,44244.0,-0.0464,82.0,84.0,0.0244
444899,DJI SAM SOE MAGNUM KRETEK HTM12,2411 - SKT (SIGARET KRETEK TANGAN),BACKWALL,1.0,1.09,0.09,8.5,7.67,-0.0976,1.31,1.15,-0.1221,18400.0,20409.0,0.1092,24104.0,23470.0,-0.0263,13.0,20.0,0.5385
465803,DJI SAM SOE SUPER PREMIUM LE 12,2411 - SKT (SIGARET KRETEK TANGAN),BACKWALL,1.0,1.05,0.05,1.0,13.0,12.0,1.0,1.39,0.39,23400.0,26282.0,0.1232,23400.0,36532.0,0.5612,2.0,28.0,13.0
466969,DJI SAM SOE MAGNUM KRETEK CKT12,2411 - SKT (SIGARET KRETEK TANGAN),BACKWALL,1.0,1.07,0.07,1.5,4.67,2.1133,1.0,1.27,0.27,15300.0,16607.0,0.0854,15300.0,21091.0,0.3785,3.0,11.0,2.6667
459314,DUNHILL KRETEK 12,2411 - SKT (SIGARET KRETEK TANGAN),BACKWALL,,1.11,,,3.0,,,1.0,,,26267.0,,,26267.0,,,9.0,
426444,ENVIO KRETEK 12,2411 - SKT (SIGARET KRETEK TANGAN),BACKWALL,1.0,1.12,0.12,6.0,5.67,-0.055,1.0,1.31,0.31,13667.0,15312.0,0.1204,13667.0,20059.0,0.4677,12.0,13.0,0.0833
445673,ENVIO JAMBU KRETEK 12,2411 - SKT (SIGARET KRETEK TANGAN),BACKWALL,1.16,1.17,0.0086,12.5,6.0,-0.52,1.25,1.8,0.44,15080.0,15394.0,0.0208,18850.0,27709.0,0.47,20.0,10.0,-0.5
156448,GG KRETEK MERAH SOFTPACK[PB] 12,2411 - SKT (SIGARET KRETEK TANGAN),BACKWALL,1.24,1.55,0.25,21.0,6.67,-0.6824,1.27,1.0,-0.2126,20571.0,27015.0,0.3133,26125.0,27015.0,0.0341,33.0,20.0,-0.3939
248,GG KRETEK K.S 12,2411 - SKT (SIGARET KRETEK TANGAN),BACKWALL,1.0,1.16,0.16,8.5,6.33,-0.2553,1.06,1.19,0.1226,16435.0,19105.0,0.1625,17421.0,22735.0,0.305,16.0,16.0,0.0
424742,GG PATRA 12,2411 - SKT (SIGARET KRETEK TANGAN),BACKWALL,1.0,,,2.5,,,1.67,,,14500.0,,,24215.0,,,3.0,,
441169,GG DELUXE 12,2411 - SKT (SIGARET KRETEK TANGAN),BACKWALL,1.38,1.0,-0.2754,4.0,3.0,-0.25,1.14,1.5,0.3158,22538.0,16978.0,-0.2467,25693.0,25467.0,-0.0088,7.0,6.0,-0.1429
446827,GG INTERNATIONAL KRETEK 12,2411 - SKT (SIGARET KRETEK TANGAN),BACKWALL,1.14,1.11,-0.0263,10.5,3.0,-0.7143,1.17,1.0,-0.1453,21100.0,20378.0,-0.0342,24687.0,20378.0,-0.1745,18.0,9.0,-0.5
446828,GG SIGNATURE KRETEK 12,2411 - SKT (SIGARET KRETEK TANGAN),BACKWALL,1.13,1.0,-0.115,7.5,2.67,-0.644,1.07,1.14,0.0654,18133.0,16100.0,-0.1121,19402.0,18354.0,-0.054,14.0,7.0,-0.5
466235,HS KRETEK COKELAT 12,2411 - SKT (SIGARET KRETEK TANGAN),BACKWALL,1.18,1.37,0.161,11.0,27.33,1.4845,1.22,1.39,0.1393,11227.0,13210.0,0.1766,13697.0,18362.0,0.3406,18.0,59.0,2.2778
466236,HS FILTER MERAH 12,2411 - SKT (SIGARET KRETEK TANGAN),BACKWALL,1.25,1.14,-0.088,4.0,23.67,4.9175,1.0,1.18,0.18,23125.0,21185.0,-0.0839,23125.0,24998.0,0.081,8.0,60.0,6.5
432145,JUARA TEH MANIS 12,2411 - SKT (SIGARET KRETEK TANGAN),BACKWALL,1.25,1.0,-0.2,14.0,8.33,-0.405,1.4,1.32,-0.0571,19107.0,15280.0,-0.2003,26750.0,20170.0,-0.246,20.0,19.0,-0.05
438876,JUARA JAMBU 12,2411 - SKT (SIGARET KRETEK TANGAN),BACKWALL,1.4,1.09,-0.2214,7.5,3.67,-0.5107,1.07,1.0,-0.0654,21460.0,16691.0,-0.2222,22962.0,16691.0,-0.2731,14.0,11.0,-0.2143
438878,JUARA MANGGA 12,2411 - SKT (SIGARET KRETEK TANGAN),BACKWALL,1.14,,,3.5,,,1.0,,,17029.0,,,17029.0,,,7.0,,
459102,JUARA BERRY 12,2411 - SKT (SIGARET KRETEK TANGAN),BACKWALL,,1.0,,,2.0,,,1.0,,,15233.0,,,15233.0,,,6.0,
466993,JUARA APEL 12,2411 - SKT (SIGARET KRETEK TANGAN),BACKWALL,1.17,1.0,-0.1453,9.0,3.33,-0.63,1.06,1.11,0.0472,17500.0,15180.0,-0.1326,18550.0,16850.0,-0.0916,17.0,9.0,-0.4706
459812,OCHA KRETEK GUAVA 12,2411 - SKT (SIGARET KRETEK TANGAN),BACKWALL,,1.26,,,11.67,,,1.59,,,12571.0,,,19988.0,,,22.0,
449585,RAPTOR KRETEK 12,2411 - SKT (SIGARET KRETEK TANGAN),BACKWALL,,1.0,,,1.33,,,1.33,,,9975.0,,,13267.0,,,3.0,
165426,SAMPOERNA HIJAU KRETEK [PB] 12,2411 - SKT (SIGARET KRETEK TANGAN),BACKWALL,1.37,1.24,-0.0949,41.5,35.33,-0.1487,1.32,1.49,0.1288,23290.0,21558.0,-0.0744,30743.0,32121.0,0.0448,63.0,71.0,0.127
423802,SAMPOERNA HIJAU SPC EDITION 12,2411 - SKT (SIGARET KRETEK TANGAN),BACKWALL,1.18,1.19,0.0085,25.5,14.0,-0.451,1.21,1.31,0.0826,19853.0,21183.0,0.067,24022.0,27750.0,0.1552,42.0,32.0,-0.2381
444593,SAMPOERNA LEGIT NIRA 12,2411 - SKT (SIGARET KRETEK TANGAN),BACKWALL,1.14,1.03,-0.0965,22.0,12.0,-0.4545,1.16,1.33,0.1466,17034.0,15519.0,-0.0889,19759.0,20640.0,0.0446,38.0,27.0,-0.2895
444900,SAMPOERNA PRIMA 12,2411 - SKT (SIGARET KRETEK TANGAN),BACKWALL,1.23,1.17,-0.0488,83.0,68.67,-0.1727,1.36,1.27,-0.0662,20769.0,19505.0,-0.0609,28246.0,24771.0,-0.123,122.0,162.0,0.3279
445988,SAMPOERNA LEGIT SADA 12,2411 - SKT (SIGARET KRETEK TANGAN),BACKWALL,1.04,,,13.5,,,1.5,,,15393.0,,,23090.0,,,18.0,,
445989,SAMPOERNA LEGIT AMERTA 12,2411 - SKT (SIGARET KRETEK TANGAN),BACKWALL,1.04,,,13.0,,,1.08,,,15462.0,,,16699.0,,,24.0,,
466782,SAMPOERNA LEGIT MANGKARA 12,2411 - SKT (SIGARET KRETEK TANGAN),BACKWALL,1.0,2.47,1.47,1.0,5.0,4.0,1.0,1.36,0.36,15000.0,37413.0,1.4942,15000.0,50882.0,2.3921,2.0,11.0,4.5
466783,SAMPOERNA LEGIT NASAKA 12,2411 - SKT (SIGARET KRETEK TANGAN),BACKWALL,1.0,1.0,0.0,4.0,3.0,-0.25,1.0,1.0,0.0,15000.0,15111.0,0.0074,15000.0,15111.0,0.0074,8.0,9.0,0.125
466968,SAMPOERNA PRIMA GO 12,2411 - SKT (SIGARET KRETEK TANGAN),BACKWALL,1.0,1.0,0.0,3.5,3.0,-0.1429,1.4,1.0,-0.2857,14829.0,15300.0,0.0318,20761.0,15300.0,-0.263,5.0,9.0,0.8
459569,SLIC KRETEK 16,2411 - SKT (SIGARET KRETEK TANGAN),BACKWALL,,1.0,,,4.0,,,1.0,,,12000.0,,,12000.0,,,12.0,
438886,SUKUN SPECIAL BARU 12,2411 - SKT (SIGARET KRETEK TANGAN),BACKWALL,1.0,1.33,0.33,1.0,3.0,2.0,1.0,1.0,0.0,13500.0,18267.0,0.3531,13500.0,18267.0,0.3531,2.0,9.0,3.5
115757,TALI JAGAT RAYA 12,2411 - SKT (SIGARET KRETEK TANGAN),BACKWALL,1.6,1.25,-0.2188,2.5,1.33,-0.468,1.0,1.33,0.33,17440.0,14000.0,-0.1972,17440.0,18620.0,0.0677,5.0,3.0,-0.4
443513,WARUNG KOPI 12,2411 - SKT (SIGARET KRETEK TANGAN),BACKWALL,,1.21,,,9.33,,,1.27,,,14936.0,,,18969.0,,,22.0,
448208,WARUNG KOPI JAMBU 12,2411 - SKT (SIGARET KRETEK TANGAN),BACKWALL,1.11,1.31,0.1802,59.0,34.33,-0.4181,1.3,1.69,0.3,11102.0,14402.0,0.2972,14433.0,24339.0,0.6863,91.0,61.0,-0.3297
444887,WIN KRETEK HIJAU 12,2411 - SKT (SIGARET KRETEK TANGAN),BACKWALL,1.05,2.0,0.9048,9.5,3.0,-0.6842,1.27,1.29,0.0157,11579.0,23622.0,1.0401,14705.0,30472.0,1.0722,15.0,7.0,-0.5333
444888,WIN KRETEK TEH MANIS 12,2411 - SKT (SIGARET KRETEK TANGAN),BACKWALL,1.0,1.0,0.0,10.0,3.33,-0.667,1.25,1.25,0.0,11000.0,11940.0,0.0855,13750.0,14925.0,0.0855,16.0,8.0,-0.5
446110,WIN KRETEK BERRY 12,2411 - SKT (SIGARET KRETEK TANGAN),BACKWALL,1.77,1.4,-0.209,26.5,29.67,0.1196,1.66,1.53,-0.0783,19332.0,16292.0,-0.1573,32091.0,24927.0,-0.2232,32.0,58.0,0.8125
446111,WIN KRETEK NANGKA 12,2411 - SKT (SIGARET KRETEK TANGAN),BACKWALL,1.08,1.11,0.0278,6.5,11.67,0.7954,1.08,2.33,1.1574,11738.0,13366.0,0.1387,12677.0,31143.0,1.4567,12.0,15.0,0.25
459576,WISMILAK SLIM LYCHEE TEA 16,2411 - SKT (SIGARET KRETEK TANGAN),BACKWALL,,1.0,,,2.67,,,1.14,,,18700.0,,,21318.0,,,7.0,
465701,WISMILAK ARJA MANGGA 12,2411 - SKT (SIGARET KRETEK TANGAN),BACKWALL,1.56,,,8.0,,,1.33,,,18594.0,,,24730.0,,,12.0,,
240027,ACCESS MILD 16,2412 - SKM (SIGARET KRETEK MESIN) LTLN,BACKWALL,1.0,1.17,0.17,0.5,2.0,3.0,1.0,1.5,0.5,25500.0,29800.0,0.1686,25500.0,44700.0,0.7529,1.0,4.0,3.0
414944,AROMA BOLD 12,2412 - SKM (SIGARET KRETEK MESIN) LTLN,BACKWALL,1.0,1.05,0.05,10.0,14.33,0.433,1.0,1.23,0.23,18060.0,19416.0,0.0751,18060.0,23882.0,0.3224,20.0,35.0,0.75
437147,AROMA MILE 16,2412 - SKM (SIGARET KRETEK MESIN) LTLN,BACKWALL,1.0,1.33,0.33,11.0,8.0,-0.2727,1.22,1.14,-0.0656,23500.0,32375.0,0.3777,28670.0,36908.0,0.2873,18.0,21.0,0.1667
439199,AROMA BOLD 16,2412 - SKM (SIGARET KRETEK MESIN) LTLN,BACKWALL,1.14,1.07,-0.0614,39.0,45.33,0.1623,1.39,1.43,0.0288,26826.0,25872.0,-0.0356,37288.0,36997.0,-0.0078,56.0,95.0,0.6964
459493,AROMA ICE BERRY TEA 16,2412 - SKM (SIGARET KRETEK MESIN) LTLN,BACKWALL,,1.11,,,9.33,,,1.22,,,29339.0,,,35794.0,,,23.0,
465616,AROMA ROYAL FUSION 16,2412 - SKM (SIGARET KRETEK MESIN) LTLN,BACKWALL,1.0,,,0.5,,,1.0,,,24900.0,,,24900.0,,,1.0,,
466322,AROMA ICE LEMON TEA 16,2412 - SKM (SIGARET KRETEK MESIN) LTLN,BACKWALL,1.0,1.0,0.0,2.0,4.0,1.0,1.0,1.0,0.0,26700.0,26817.0,0.0044,26700.0,26817.0,0.0044,4.0,12.0,2.0
422096,CAMEL MILD OPTION PURPLE 12,2412 - SKM (SIGARET KRETEK MESIN) LTLN,BACKWALL,1.68,1.07,-0.3631,93.0,80.67,-0.1326,1.88,1.3,-0.3085,35261.0,22160.0,-0.3715,66291.0,28808.0,-0.5654,99.0,186.0,0.8788
426445,CAMEL MILD OPTION YELLOW 12,2412 - SKM (SIGARET KRETEK MESIN) LTLN,BACKWALL,1.39,1.2,-0.1367,15.5,11.67,-0.2471,1.48,1.21,-0.1824,29184.0,25511.0,-0.1259,43192.0,30868.0,-0.2853,21.0,29.0,0.381
428527,CAMEL MILD INTENSE BLUE 16,2412 - SKM (SIGARET KRETEK MESIN) LTLN,BACKWALL,1.19,1.16,-0.0252,104.0,70.0,-0.3269,1.82,1.64,-0.0989,29807.0,29157.0,-0.0218,54249.0,47817.0,-0.1186,114.0,128.0,0.1228
437148,CAMEL OPTION PURPLE 16,2412 - SKM (SIGARET KRETEK MESIN) LTLN,BACKWALL,1.53,1.04,-0.3203,52.5,37.0,-0.2952,1.52,1.26,-0.1711,42972.0,28236.0,-0.3429,65317.0,35577.0,-0.4553,69.0,88.0,0.2754
466786,CAMEL MILD ICE RED WATERMELON16,2412 - SKM (SIGARET KRETEK MESIN) LTLN,BACKWALL,1.0,1.27,0.27,9.5,12.33,0.2979,1.06,1.42,0.3396,28000.0,35757.0,0.277,29680.0,50775.0,0.7107,18.0,26.0,0.4444
465636,CLAS MAXX 16,2412 - SKM (SIGARET KRETEK MESIN) LTLN,BACKWALL,,1.0,,,2.0,,,1.5,,,26700.0,,,40050.0,,,4.0,
223037,CLAS MILD 16,2412 - SKM (SIGARET KRETEK MESIN) LTLN,BACKWALL,1.2,1.12,-0.0667,30.0,17.0,-0.4333,1.5,1.13,-0.2467,38660.0,35975.0,-0.0695,57990.0,40652.0,-0.299,40.0,45.0,0.125
240029,CLAS MILD 12,2412 - SKM (SIGARET KRETEK MESIN) LTLN,BACKWALL,1.09,1.0,-0.0826,5.5,3.33,-0.3945,1.1,1.11,0.0091,26145.0,24050.0,-0.0801,28760.0,26696.0,-0.0718,10.0,9.0,-0.1
446129,CLAS MILD PURPLE DUO 16,2412 - SKM (SIGARET KRETEK MESIN) LTLN,BACKWALL,1.04,1.16,0.1154,26.0,21.0,-0.1923,1.33,1.15,-0.1353,33267.0,37162.0,0.1171,44245.0,42736.0,-0.0341,39.0,55.0,0.4103
459210,CLAS MILD ELITE 16,2412 - SKM (SIGARET KRETEK MESIN) LTLN,BACKWALL,,1.0,,,3.0,,,1.12,,,33367.0,,,37371.0,,,8.0,
459523,CLAS MILD BLUETEA DUO 16,2412 - SKM (SIGARET KRETEK MESIN) LTLN,BACKWALL,,1.0,,,5.33,,,1.14,,,31900.0,,,36366.0,,,14.0,
445865,CLIMAX CLICK MIX 20,2412 - SKM (SIGARET KRETEK MESIN) LTLN,BACKWALL,1.0,1.0,0.0,6.5,9.33,0.4354,1.0,1.33,0.33,29831.0,31175.0,0.0451,29831.0,41463.0,0.3899,13.0,21.0,0.6154
445866,CLIMAX CLICK MANGO 20,2412 - SKM (SIGARET KRETEK MESIN) LTLN,BACKWALL,1.0,1.0,0.0,6.5,6.33,-0.0262,1.3,1.19,-0.0846,30015.0,31095.0,0.036,39020.0,37003.0,-0.0517,10.0,16.0,0.6
445867,CLIMAX CLICK ICY 20,2412 - SKM (SIGARET KRETEK MESIN) LTLN,BACKWALL,1.0,1.0,0.0,1.0,1.0,0.0,1.0,1.5,0.5,29800.0,31133.0,0.0447,29800.0,46700.0,0.5671,2.0,2.0,0.0
123563,DIPLOMAT MILD 16,2412 - SKM (SIGARET KRETEK MESIN) LTLN,BACKWALL,1.18,1.05,-0.1102,5.5,6.33,0.1509,1.0,1.19,0.19,30682.0,29584.0,-0.0358,30682.0,35205.0,0.1474,11.0,16.0,0.4545
447617,DIPLOMAT MILD BERRY SPARK 16,2412 - SKM (SIGARET KRETEK MESIN) LTLN,BACKWALL,1.03,1.04,0.0097,15.5,8.0,-0.4839,1.15,1.04,-0.0957,27974.0,29375.0,0.0501,32170.0,30550.0,-0.0504,27.0,23.0,-0.1481
450593,DIPLOMAT EVO LYCHEE SQUIZZ 16,2412 - SKM (SIGARET KRETEK MESIN) LTLN,BACKWALL,1.12,1.02,-0.0893,4.0,13.33,2.3325,4.0,1.29,-0.6775,30262.0,28655.0,-0.0531,121048.0,36965.0,-0.6946,2.0,31.0,14.5
450799,DIPLOMAT MILD LYCHEE SPARK 16,2412 - SKM (SIGARET KRETEK MESIN) LTLN,BACKWALL,,1.0,,,4.33,,,1.44,,,28200.0,,,40608.0,,,9.0,
450949,DIPLOMAT MILD MANGO SPARK 16,2412 - SKM (SIGARET KRETEK MESIN) LTLN,BACKWALL,,1.0,,,3.33,,,1.0,,,28200.0,,,28200.0,,,10.0,
123403,DJARUM SUPER MLD 20,2412 - SKM (SIGARET KRETEK MESIN) LTLN,BACKWALL,1.27,1.18,-0.0709,5.5,3.67,-0.3327,1.38,1.22,-0.1159,51382.0,49773.0,-0.0313,70907.0,60723.0,-0.1436,8.0,9.0,0.125
125283,DJARUM L.A LIGHT ICE 16,2412 - SKM (SIGARET KRETEK MESIN) LTLN,BACKWALL,1.14,1.14,0.0,43.0,35.33,-0.1784,1.51,1.66,0.0993,42453.0,42730.0,0.0065,64104.0,70932.0,0.1065,57.0,64.0,0.1228
194271,DJARUM L.A MENTHOL LIGHT 16,2412 - SKM (SIGARET KRETEK MESIN) LTLN,BACKWALL,,1.0,,,0.33,,,1.0,,,37400.0,,,37400.0,,,1.0,
213237,DJARUM BLACK 16,2412 - SKM (SIGARET KRETEK MESIN) LTLN,BACKWALL,1.0,1.08,0.08,4.0,4.0,0.0,1.14,1.33,0.1667,37250.0,40908.0,0.0982,42465.0,54408.0,0.2812,7.0,9.0,0.2857
240032,DJARUM L.A BOLD 20,2412 - SKM (SIGARET KRETEK MESIN) LTLN,BACKWALL,1.14,1.17,0.0263,33.0,27.0,-0.1818,1.29,1.4,0.0853,47677.0,49368.0,0.0355,61503.0,69115.0,0.1238,51.0,58.0,0.1373
240555,DJARUM BLACK CAPPUCINO 16,2412 - SKM (SIGARET KRETEK MESIN) LTLN,BACKWALL,1.28,1.12,-0.125,18.0,11.0,-0.3889,1.33,1.18,-0.1128,47867.0,42161.0,-0.1192,63663.0,49750.0,-0.2185,27.0,28.0,0.037
33830,DJARUM L.A LIGHT 16,2412 - SKM (SIGARET KRETEK MESIN) LTLN,BACKWALL,1.17,1.21,0.0342,29.0,21.0,-0.2759,1.26,1.21,-0.0397,43986.0,45171.0,0.0269,55422.0,54657.0,-0.0138,46.0,52.0,0.1304
404925,DJARUM SUPER MLD BLACK 12,2412 - SKM (SIGARET KRETEK MESIN) LTLN,BACKWALL,2.68,1.17,-0.5634,9.5,9.67,0.0179,1.73,1.21,-0.3006,66847.0,29166.0,-0.5637,115645.0,35291.0,-0.6948,11.0,24.0,1.1818
404973,DJARUM LA BOLD 12,2412 - SKM (SIGARET KRETEK MESIN) LTLN,BACKWALL,1.0,1.0,0.0,6.5,2.33,-0.6415,1.08,1.0,-0.0741,25292.0,25243.0,-0.0019,27315.0,25243.0,-0.0759,12.0,7.0,-0.4167
429217,DJARUM 76 MADU HITAM 12,2412 - SKM (SIGARET KRETEK MESIN) LTLN,BACKWALL,1.5,1.0,-0.3333,13.0,3.33,-0.7438,2.17,1.43,-0.341,23488.0,15810.0,-0.3269,50969.0,22608.0,-0.5564,12.0,7.0,-0.4167
433226,DJARUM L.A ICE PURPLEBOOST 16,2412 - SKM (SIGARET KRETEK MESIN) LTLN,BACKWALL,1.06,1.08,0.0189,64.0,66.33,0.0364,1.29,1.43,0.1085,37755.0,37835.0,0.0021,48704.0,54104.0,0.1109,99.0,139.0,0.404
440429,DJARUM MLD FRESH COLA 16,2412 - SKM (SIGARET KRETEK MESIN) LTLN,BACKWALL,1.13,1.07,-0.0531,26.0,9.0,-0.6538,1.53,1.23,-0.1961,38237.0,36544.0,-0.0443,58503.0,44949.0,-0.2317,34.0,22.0,-0.3529
444260,DJARUM L.A BOLD 16,2412 - SKM (SIGARET KRETEK MESIN) LTLN,BACKWALL,1.17,1.08,-0.0769,9.0,8.67,-0.0367,1.12,1.18,0.0536,39050.0,36200.0,-0.073,43736.0,42716.0,-0.0233,16.0,22.0,0.375
446311,DJARUM L.A ICE MANGOBOOST 16,2412 - SKM (SIGARET KRETEK MESIN) LTLN,BACKWALL,1.02,1.01,-0.0098,53.5,26.67,-0.5015,1.45,1.23,-0.1517,36164.0,36329.0,0.0046,52438.0,44685.0,-0.1479,74.0,65.0,-0.1216
410196,DUNHILL FINE CUT MILD 20,2412 - SKM (SIGARET KRETEK MESIN) LTLN,BACKWALL,1.05,1.07,0.019,19.5,13.67,-0.299,1.34,1.11,-0.1716,42162.0,45371.0,0.0761,56497.0,50362.0,-0.1086,29.0,37.0,0.2759
410199,DUNHILL FINE CUT FILTER 16,2412 - SKM (SIGARET KRETEK MESIN) LTLN,BACKWALL,1.04,1.14,0.0962,131.5,82.33,-0.3739,1.69,1.51,-0.1065,32380.0,38315.0,0.1833,54722.0,57856.0,0.0573,156.0,164.0,0.0513
415976,DUNHILL MILD 16,2412 - SKM (SIGARET KRETEK MESIN) LTLN,BACKWALL,1.25,1.03,-0.176,29.5,19.33,-0.3447,1.23,1.32,0.0732,39307.0,34366.0,-0.1257,48348.0,45363.0,-0.0617,48.0,44.0,-0.0833
418372,DUNHILL FINE CUT FILTER 12,2412 - SKM (SIGARET KRETEK MESIN) LTLN,BACKWALL,1.03,1.14,0.1068,35.5,22.0,-0.3803,1.51,1.16,-0.2318,24054.0,28015.0,0.1647,36322.0,32497.0,-0.1053,47.0,57.0,0.2128
447633,DUNHILL FINE CUT MILD EVOQUE 16,2412 - SKM (SIGARET KRETEK MESIN) LTLN,BACKWALL,1.04,1.24,0.1923,12.5,5.67,-0.5464,1.04,1.06,0.0192,37080.0,43929.0,0.1847,38563.0,46565.0,0.2075,24.0,16.0,-0.3333
115859,ENVIO MILD KRETEK 16,2412 - SKM (SIGARET KRETEK MESIN) LTLN,BACKWALL,1.17,1.24,0.0598,11.5,19.67,0.7104,1.44,3.28,1.2778,30070.0,31846.0,0.0591,43301.0,104455.0,1.4123,16.0,18.0,0.125
444361,ENVIO MILD WATERMELON 16,2412 - SKM (SIGARET KRETEK MESIN) LTLN,BACKWALL,1.15,1.23,0.0696,17.0,11.67,-0.3135,1.55,1.67,0.0774,28103.0,31854.0,0.1335,43560.0,53196.0,0.2212,22.0,21.0,-0.0455
240018,ESSE CHANGE APPLEMINT 20,2412 - SKM (SIGARET KRETEK MESIN) LTLN,BACKWALL,1.06,1.23,0.1604,48.0,28.0,-0.4167,2.18,1.4,-0.3578,47594.0,55908.0,0.1747,103755.0,78271.0,-0.2456,44.0,60.0,0.3636
402593,ESSE BERRY POP 16,2412 - SKM (SIGARET KRETEK MESIN) LTLN,BACKWALL,1.03,1.33,0.2913,15.5,13.0,-0.1613,1.35,1.18,-0.1259,38435.0,50564.0,0.3156,51887.0,59666.0,0.1499,23.0,33.0,0.4348
405274,ESSE SHUFFLE POP 16,2412 - SKM (SIGARET KRETEK MESIN) LTLN,BACKWALL,1.0,,,1.5,,,1.0,,,37233.0,,,37233.0,,,3.0,,
408476,ESSE CHANGE GRAPE 20,2412 - SKM (SIGARET KRETEK MESIN) LTLN,BACKWALL,1.0,1.1,0.1,14.0,16.0,0.1429,1.75,2.0,0.1429,44779.0,50498.0,0.1277,78363.0,100996.0,0.2888,16.0,24.0,0.5
410285,ESSE HONEY POP 16,2412 - SKM (SIGARET KRETEK MESIN) LTLN,BACKWALL,1.43,,,3.5,,,1.17,,,53229.0,,,62278.0,,,6.0,,
414150,ESSE CHANGE JUICY 20,2412 - SKM (SIGARET KRETEK MESIN) LTLN,BACKWALL,1.06,1.14,0.0755,25.0,17.0,-0.32,1.02,1.16,0.1373,47334.0,51912.0,0.0967,48281.0,60218.0,0.2472,49.0,44.0,-0.102
417889,ESSE CHANGE DOUBLE 20,2412 - SKM (SIGARET KRETEK MESIN) LTLN,BACKWALL,1.16,1.15,-0.0086,89.0,92.33,0.0374,1.38,1.53,0.1087,54073.0,55038.0,0.0178,74621.0,84208.0,0.1285,129.0,181.0,0.4031
422650,ESSE CAFE 20,2412 - SKM (SIGARET KRETEK MESIN) LTLN,BACKWALL,1.07,,,7.5,,,1.25,,,48307.0,,,60384.0,,,12.0,,
425557,ESSE PUNCH POP 16,2412 - SKM (SIGARET KRETEK MESIN) LTLN,BACKWALL,1.0,1.18,0.18,11.5,5.67,-0.507,1.92,1.21,-0.3698,37304.0,44541.0,0.194,71624.0,53895.0,-0.2475,12.0,14.0,0.1667
425558,ESSE CHANGE APPLEMINT 16,2412 - SKM (SIGARET KRETEK MESIN) LTLN,BACKWALL,1.07,1.09,0.0187,7.0,11.33,0.6186,1.17,1.62,0.3846,39100.0,40400.0,0.0332,45747.0,65448.0,0.4307,12.0,21.0,0.75
425559,ESSE CHANGE JUICY 16,2412 - SKM (SIGARET KRETEK MESIN) LTLN,BACKWALL,1.0,1.0,0.0,7.0,12.0,0.7143,1.17,1.33,0.1368,36564.0,37383.0,0.0224,42780.0,49719.0,0.1622,12.0,27.0,1.25
426497,ESSE BERRY POP 12,2412 - SKM (SIGARET KRETEK MESIN) LTLN,BACKWALL,1.0,1.11,0.11,11.5,6.33,-0.4496,1.1,1.12,0.0182,27657.0,31505.0,0.1391,30423.0,35286.0,0.1598,21.0,17.0,-0.1905
435538,ESSE DOUBLE POP 16,2412 - SKM (SIGARET KRETEK MESIN) LTLN,BACKWALL,1.17,1.29,0.1026,26.0,19.67,-0.2435,1.41,1.64,0.1631,46125.0,51629.0,0.1193,65036.0,84672.0,0.3019,37.0,36.0,-0.027
445824,ESSE CHANGE ICY DOUBLE 20,2412 - SKM (SIGARET KRETEK MESIN) LTLN,BACKWALL,1.0,1.16,0.16,3.5,6.33,0.8086,1.75,1.73,-0.0114,47300.0,55632.0,0.1762,82775.0,96243.0,0.1627,4.0,11.0,1.75
466784,ESSE CIGAR CACAO 20,2412 - SKM (SIGARET KRETEK MESIN) LTLN,BACKWALL,1.11,1.17,0.0541,4.5,2.0,-0.5556,1.29,1.0,-0.2248,49444.0,49717.0,0.0055,63783.0,49717.0,-0.2205,7.0,6.0,-0.1429
466785,ESSE CIGAR PURPPLE 20,2412 - SKM (SIGARET KRETEK MESIN) LTLN,BACKWALL,1.0,1.11,0.11,3.5,3.0,-0.1429,1.0,1.0,0.0,44500.0,47356.0,0.0642,44500.0,47356.0,0.0642,7.0,9.0,0.2857
420850,DIPLOMAT EVO 16,2412 - SKM (SIGARET KRETEK MESIN) LTLN,BACKWALL,1.2,1.12,-0.0667,53.5,45.67,-0.1464,1.45,1.27,-0.1241,31116.0,30431.0,-0.022,45118.0,38647.0,-0.1434,74.0,108.0,0.4595
448849,DIPLOMAT EVO MANGO SQUIZZ 16,2412 - SKM (SIGARET KRETEK MESIN) LTLN,BACKWALL,1.03,1.02,-0.0097,14.5,18.0,0.2414,1.26,1.2,-0.0476,27414.0,28420.0,0.0367,34542.0,34104.0,-0.0127,23.0,45.0,0.9565
448850,DIPLOMAT EVO BERRY SQUIZZ 16,2412 - SKM (SIGARET KRETEK MESIN) LTLN,BACKWALL,1.05,1.06,0.0095,33.0,17.33,-0.4748,1.94,1.37,-0.2938,27686.0,29488.0,0.0651,53711.0,40399.0,-0.2478,34.0,38.0,0.1176
450951,DIPLOMAT EVO GUAVA SQUIZZ 16,2412 - SKM (SIGARET KRETEK MESIN) LTLN,BACKWALL,,1.0,,,3.33,,,1.0,,,27850.0,,,27850.0,,,10.0,
465673,EVO BERRY SQUIZZ 12,2412 - SKM (SIGARET KRETEK MESIN) LTLN,BACKWALL,1.11,1.0,-0.0991,17.5,15.67,-0.1046,1.46,1.27,-0.1301,21806.0,20260.0,-0.0709,31837.0,25730.0,-0.1918,24.0,37.0,0.5417
465674,EVO MANGO SQUIZZ 12,2412 - SKM (SIGARET KRETEK MESIN) LTLN,BACKWALL,1.04,1.03,-0.0096,23.0,12.67,-0.4491,1.21,1.09,-0.0992,20407.0,20853.0,0.0219,24692.0,22730.0,-0.0795,38.0,35.0,-0.0789
459814,EXODUS ORI 20,2412 - SKM (SIGARET KRETEK MESIN) LTLN,BACKWALL,,1.0,,,2.33,,,1.0,,,31500.0,,,31500.0,,,7.0,
118330,GEO MILD MERAH 16,2412 - SKM (SIGARET KRETEK MESIN) LTLN,BACKWALL,1.05,1.13,0.0762,28.5,17.67,-0.38,1.12,1.18,0.0536,29368.0,32132.0,0.0941,32892.0,37916.0,0.1527,51.0,45.0,-0.1176
442051,GLIZZ PURPLE 16,2412 - SKM (SIGARET KRETEK MESIN) LTLN,BACKWALL,1.0,1.0,0.0,1.0,0.67,-0.33,1.0,2.0,1.0,24000.0,25200.0,0.05,24000.0,50400.0,1.1,2.0,1.0,-0.5
424836,GRENDEL MILD INTERNATIONAL 16,2412 - SKM (SIGARET KRETEK MESIN) LTLN,BACKWALL,1.14,1.0,-0.1228,3.5,1.67,-0.5229,1.17,1.0,-0.1453,26400.0,23140.0,-0.1235,30888.0,23140.0,-0.2508,6.0,5.0,-0.1667
113965,GG SURYA PRO MILD 16,2412 - SKM (SIGARET KRETEK MESIN) LTLN,BACKWALL,1.6,1.5,-0.0625,5.0,3.33,-0.334,1.11,1.11,0.0,51220.0,55220.0,0.0781,56854.0,61294.0,0.0781,9.0,9.0,0.0
240010,GG MILD SHIVER 16,2412 - SKM (SIGARET KRETEK MESIN) LTLN,BACKWALL,,1.2,,,1.67,,,1.25,,,43880.0,,,54850.0,,,4.0,
402198,GG SIGNATURE MILD BLUE 16,2412 - SKM (SIGARET KRETEK MESIN) LTLN,BACKWALL,1.33,1.0,-0.2481,9.0,2.33,-0.7411,1.38,1.0,-0.2754,44322.0,36643.0,-0.1733,61164.0,36643.0,-0.4009,13.0,7.0,-0.4615
446824,HS ORIGINAL SLIM 20,2412 - SKM (SIGARET KRETEK MESIN) LTLN,BACKWALL,1.25,1.05,-0.16,33.5,19.67,-0.4128,1.26,1.28,0.0159,39630.0,31844.0,-0.1965,49934.0,40760.0,-0.1837,53.0,46.0,-0.1321
446825,HS MENTHOL SLIM 20,2412 - SKM (SIGARET KRETEK MESIN) LTLN,BACKWALL,1.07,1.16,0.0841,22.5,10.33,-0.5409,1.25,1.19,-0.048,33671.0,35326.0,0.0492,42089.0,42038.0,-0.0012,36.0,26.0,-0.2778
446826,HS CLICK SLIM 20,2412 - SKM (SIGARET KRETEK MESIN) LTLN,BACKWALL,1.04,,,24.5,,,1.2,,,38592.0,,,46310.0,,,41.0,,
446826,HS FRESH MINT CLICK SLIM 20,2412 - SKM (SIGARET KRETEK MESIN) LTLN,BACKWALL,,1.08,,,8.67,,,1.18,,,38281.0,,,45172.0,,,22.0,
459356,HS MILD ORIGINAL 16,2412 - SKM (SIGARET KRETEK MESIN) LTLN,BACKWALL,,1.09,,,7.67,,,1.21,,,31083.0,,,37610.0,,,19.0,
459357,HS MILD PURPLE ICE 16,2412 - SKM (SIGARET KRETEK MESIN) LTLN,BACKWALL,,1.05,,,13.33,,,1.05,,,29970.0,,,31468.0,,,38.0,
459358,HS MILD MANGO ICE 16,2412 - SKM (SIGARET KRETEK MESIN) LTLN,BACKWALL,,1.05,,,12.33,,,1.12,,,30127.0,,,33742.0,,,33.0,
459359,HS BOLD 20,2412 - SKM (SIGARET KRETEK MESIN) LTLN,BACKWALL,,1.0,,,1.67,,,1.0,,,31620.0,,,31620.0,,,5.0,
465876,HS PURPLE CLICK 20,2412 - SKM (SIGARET KRETEK MESIN) LTLN,BACKWALL,1.07,1.0,-0.0654,15.0,10.0,-0.3333,1.11,1.03,-0.0721,39467.0,35570.0,-0.0987,43808.0,36637.0,-0.1637,27.0,29.0,0.0741
443610,INSTA WATERMELON 16,2412 - SKM (SIGARET KRETEK MESIN) LTLN,BACKWALL,1.07,2.67,1.4953,7.0,2.0,-0.7143,1.0,1.2,0.2,26764.0,68733.0,1.5681,26764.0,82480.0,2.0818,14.0,5.0,-0.6429
446318,MARLBORO VISTA PURPLE BURST 16,2412 - SKM (SIGARET KRETEK MESIN) LTLN,BACKWALL,1.0,,,21.5,,,1.3,,,33700.0,,,43810.0,,,33.0,,
459979,NESLITE MENTHOL 16,2412 - SKM (SIGARET KRETEK MESIN) LTLN,BACKWALL,,1.21,,,8.0,,,1.26,,,28033.0,,,35322.0,,,19.0,
435235,ON LINE GRAPE 16,2412 - SKM (SIGARET KRETEK MESIN) LTLN,BACKWALL,,1.0,,,1.67,,,1.0,,,25800.0,,,25800.0,,,5.0,
154870,SAMPOERNA A MILD MRH PB 16,2412 - SKM (SIGARET KRETEK MESIN) LTLN,BACKWALL,1.44,1.23,-0.1458,418.0,289.0,-0.3086,1.6,1.45,-0.0938,53690.0,47167.0,-0.1215,85904.0,68392.0,-0.2039,522.0,598.0,0.1456
154872,SAMPOERNA A MILD MRH PB 12,2412 - SKM (SIGARET KRETEK MESIN) LTLN,BACKWALL,1.07,1.02,-0.0467,43.5,44.0,0.0115,1.07,1.21,0.1308,30186.0,28857.0,-0.044,32299.0,34917.0,0.0811,81.0,109.0,0.3457
240035,SAMPOERNA AVOLUTION ORIGINAL 20,2412 - SKM (SIGARET KRETEK MESIN) LTLN,BACKWALL,1.36,1.32,-0.0294,33.0,30.33,-0.0809,1.38,1.65,0.1957,64267.0,62786.0,-0.023,88688.0,103597.0,0.1681,48.0,55.0,0.1458
240036,SAMPOERNA AVOLUTION MENTHOL 20,2412 - SKM (SIGARET KRETEK MESIN) LTLN,BACKWALL,1.29,1.07,-0.1705,15.5,9.33,-0.3981,1.63,1.12,-0.3129,61210.0,51386.0,-0.1605,99772.0,57552.0,-0.4232,19.0,25.0,0.3158
406620,SAMPOERNA MILD MENTHOL BURST 16,2412 - SKM (SIGARET KRETEK MESIN) LTLN,BACKWALL,1.23,1.32,0.0732,84.5,69.67,-0.1755,1.52,1.65,0.0855,46799.0,51280.0,0.0957,71134.0,84612.0,0.1895,111.0,127.0,0.1441
415432,SAMPOERNA SPLASH TROPICAL 16,2412 - SKM (SIGARET KRETEK MESIN) LTLN,BACKWALL,1.12,1.2,0.0714,29.0,21.33,-0.2645,1.38,1.33,-0.0362,37016.0,40527.0,0.0949,51082.0,53901.0,0.0552,42.0,48.0,0.1429
439972,SAMPOERNA SPLASH ROYAL 16,2412 - SKM (SIGARET KRETEK MESIN) LTLN,BACKWALL,1.09,1.06,-0.0275,27.5,16.33,-0.4062,1.38,1.2,-0.1304,35996.0,35573.0,-0.0118,49674.0,42688.0,-0.1406,40.0,41.0,0.025
442053,SAMPOERNA AMILD ICON EDITION 16,2412 - SKM (SIGARET KRETEK MESIN) LTLN,BACKWALL,1.42,,,16.5,,,1.14,,,49370.0,,,56282.0,,,29.0,,
444591,SAMPOERNA SPLASH GALA 16,2412 - SKM (SIGARET KRETEK MESIN) LTLN,BACKWALL,1.69,,,18.0,,,2.12,,,55747.0,,,118184.0,,,17.0,,
445367,SAMPOERNA A MILD SPC ED 89,2412 - SKM (SIGARET KRETEK MESIN) LTLN,BACKWALL,1.48,1.18,-0.2027,97.5,128.0,0.3128,1.71,1.48,-0.1345,51754.0,41705.0,-0.1942,88499.0,61723.0,-0.3026,114.0,260.0,1.2807
446316,SAMPOERNA AVOLUTION TWLBREEZE20,2412 - SKM (SIGARET KRETEK MESIN) LTLN,BACKWALL,1.29,1.0,-0.2248,10.5,1.0,-0.9048,1.24,1.0,-0.1935,52943.0,41067.0,-0.2243,65649.0,41067.0,-0.3744,17.0,3.0,-0.8235
450542,SAMPOERNA AVO ROYAL BURST 20,2412 - SKM (SIGARET KRETEK MESIN) LTLN,BACKWALL,1.0,1.14,0.14,2.0,4.67,1.335,1.0,1.0,0.0,41000.0,47150.0,0.15,41000.0,47150.0,0.15,4.0,14.0,2.5
433959,TWIZZ GREEN CRUSH 16,2412 - SKM (SIGARET KRETEK MESIN) LTLN,BACKWALL,1.0,,,3.0,,,1.0,,,26750.0,,,26750.0,,,6.0,,
435081,TWIZZ ROYAL CRUSH 16,2412 - SKM (SIGARET KRETEK MESIN) LTLN,BACKWALL,1.05,1.03,-0.019,39.5,25.0,-0.3671,1.18,1.5,0.2712,28129.0,29181.0,0.0374,33192.0,43772.0,0.3188,67.0,50.0,-0.2537
435082,TWIZZ YELLOW CRUSH 16,2412 - SKM (SIGARET KRETEK MESIN) LTLN,BACKWALL,1.1,,,15.0,,,1.3,,,29497.0,,,38346.0,,,23.0,,
438741,TWIZZ ROYAL CRUSH 12,2412 - SKM (SIGARET KRETEK MESIN) LTLN,BACKWALL,1.0,,,13.5,,,1.08,,,19896.0,,,21488.0,,,25.0,,
465894,TWIZZ PRIME 16,2412 - SKM (SIGARET KRETEK MESIN) LTLN,BACKWALL,1.12,1.05,-0.0625,25.5,28.33,0.111,1.46,1.29,-0.1164,24833.0,24441.0,-0.0158,36256.0,31529.0,-0.1304,35.0,66.0,0.8857
437620,WIN CLICK BERRY CAPSULE 20,2412 - SKM (SIGARET KRETEK MESIN) LTLN,BACKWALL,1.1,1.04,-0.0545,20.0,19.0,-0.05,1.33,1.3,-0.0226,35145.0,33635.0,-0.043,46743.0,43726.0,-0.0645,30.0,44.0,0.4667
432557,153 KRETEK FILTER 12,2413 - SKM (SIGARET KRETEK MESIN) FF,BACKWALL,1.0,1.0,0.0,0.5,0.33,-0.34,1.0,1.0,0.0,19200.0,19200.0,0.0,19200.0,19200.0,0.0,1.0,1.0,0.0
459524,ANDALAN BARU INTER FILTER 12,2413 - SKM (SIGARET KRETEK MESIN) FF,BACKWALL,,1.11,,,9.33,,,1.12,,,19946.0,,,22340.0,,,25.0,
438742,ASPRO BOLD 20,2413 - SKM (SIGARET KRETEK MESIN) FF,BACKWALL,1.0,1.0,0.0,1.5,0.33,-0.78,1.0,1.0,0.0,28933.0,30300.0,0.0472,28933.0,30300.0,0.0472,3.0,1.0,-0.6667
438743,ASPRO INTERNATIONAL 16,2413 - SKM (SIGARET KRETEK MESIN) FF,BACKWALL,1.09,1.5,0.3761,5.5,0.67,-0.8782,1.1,1.0,-0.0909,26727.0,38700.0,0.448,29400.0,38700.0,0.3163,10.0,2.0,-0.8
407672,CHIEF 12,2413 - SKM (SIGARET KRETEK MESIN) FF,BACKWALL,1.11,1.07,-0.036,37.0,18.67,-0.4954,1.61,1.51,-0.0621,20722.0,20645.0,-0.0037,33362.0,31174.0,-0.0656,46.0,37.0,-0.1957
139375,WISMILAK DIPLOMAT 16,2413 - SKM (SIGARET KRETEK MESIN) FF,BACKWALL,1.5,1.5,0.0,1.0,1.33,0.33,1.0,1.33,0.33,52950.0,55050.0,0.0397,52950.0,73216.0,0.3827,2.0,3.0,0.5
260,WISMILAK DIPLOMAT 12,2413 - SKM (SIGARET KRETEK MESIN) FF,BACKWALL,1.17,1.14,-0.0256,9.0,7.33,-0.1856,1.12,1.16,0.0357,31778.0,31686.0,-0.0029,35591.0,36756.0,0.0327,16.0,19.0,0.1875
165128,DJARUM SUPER PB 12,2413 - SKM (SIGARET KRETEK MESIN) FF,BACKWALL,1.41,1.13,-0.1986,102.5,94.0,-0.0829,1.42,1.36,-0.0423,35298.0,28425.0,-0.1947,50123.0,38658.0,-0.2287,144.0,208.0,0.4444
168220,DJARUM SUPER 16,2413 - SKM (SIGARET KRETEK MESIN) FF,BACKWALL,1.06,1.11,0.0472,17.5,14.67,-0.1617,1.09,1.22,0.1193,37106.0,39195.0,0.0563,40446.0,47818.0,0.1823,32.0,36.0,0.125
435495,DJARUM KING 12,2413 - SKM (SIGARET KRETEK MESIN) FF,BACKWALL,1.31,1.0,-0.2366,8.0,6.0,-0.25,1.0,1.2,0.2,32175.0,24767.0,-0.2302,32175.0,29720.0,-0.0763,16.0,15.0,-0.0625
438850,RAPTOR 12,2413 - SKM (SIGARET KRETEK MESIN) FF,BACKWALL,1.12,1.0,-0.1071,12.5,4.33,-0.6536,1.04,1.08,0.0385,19824.0,19315.0,-0.0257,20617.0,20860.0,0.0118,24.0,12.0,-0.5
445825,DJARUM BLACK ICE TEA 12,2413 - SKM (SIGARET KRETEK MESIN) FF,BACKWALL,,1.0,,,0.33,,,1.0,,,24900.0,,,24900.0,,,1.0,
101097,DJI SAM SOE MAGNUM FILTER 12,2413 - SKM (SIGARET KRETEK MESIN) FF,BACKWALL,1.14,1.29,0.1316,83.0,52.0,-0.3735,1.6,1.47,-0.0813,32539.0,37122.0,0.1408,52062.0,54569.0,0.0482,104.0,106.0,0.0192
449429,DJI SAM SOE MAGNUM F BINTANG 12,2413 - SKM (SIGARET KRETEK MESIN) FF,BACKWALL,,1.09,,,15.0,,,1.07,,,27222.0,,,29128.0,,,42.0,
465751,GAJAH BARU FILTER KRETEK 12,2413 - SKM (SIGARET KRETEK MESIN) FF,BACKWALL,,1.1,,,16.33,,,1.36,,,21122.0,,,28726.0,,,36.0,
424835,GRENDEL FILTER INTERNATIONAL 12,2413 - SKM (SIGARET KRETEK MESIN) FF,BACKWALL,1.0,1.0,0.0,3.0,3.67,0.2233,1.2,1.38,0.15,17400.0,17400.0,0.0,20880.0,24012.0,0.15,5.0,8.0,0.6
459944,GROW BOLD FILTER 12,2413 - SKM (SIGARET KRETEK MESIN) FF,BACKWALL,,1.29,,,7.0,,,1.0,,,23143.0,,,23143.0,,,21.0,
459945,GROW REG FILTER 12,2413 - SKM (SIGARET KRETEK MESIN) FF,BACKWALL,,1.56,,,18.0,,,1.17,,,28000.0,,,32760.0,,,46.0,
119719,GG SURYA EXCLUSIVE 16,2413 - SKM (SIGARET KRETEK MESIN) FF,BACKWALL,2.3,1.0,-0.5652,13.5,5.33,-0.6052,2.45,1.45,-0.4082,108285.0,46850.0,-0.5673,265298.0,67932.0,-0.7439,11.0,11.0,0.0
125127,GG FILTER SIGNATURE 12,2413 - SKM (SIGARET KRETEK MESIN) FF,BACKWALL,1.15,1.07,-0.0696,44.0,18.0,-0.5909,1.6,1.23,-0.2313,30266.0,30370.0,0.0034,48426.0,37355.0,-0.2286,55.0,44.0,-0.2
156449,GG SURYA COKLAT 16 (PB),2413 - SKM (SIGARET KRETEK MESIN) FF,BACKWALL,1.11,1.12,0.009,111.0,78.0,-0.2973,1.35,1.29,-0.0444,41119.0,43302.0,0.0531,55511.0,55860.0,0.0063,164.0,182.0,0.1098
165129,GG FILTER MERAH 12,2413 - SKM (SIGARET KRETEK MESIN) FF,BACKWALL,1.39,1.41,0.0144,230.0,134.0,-0.4174,1.65,1.73,0.0485,37842.0,39942.0,0.0555,62439.0,69100.0,0.1067,279.0,233.0,-0.1649
244,GG SURYA 12,2413 - SKM (SIGARET KRETEK MESIN) FF,BACKWALL,1.19,1.17,-0.0168,259.5,165.67,-0.3616,1.4,1.39,-0.0071,32599.0,33599.0,0.0307,45639.0,46703.0,0.0233,372.0,358.0,-0.0376
246,GG PROFESSIONAL 16,2413 - SKM (SIGARET KRETEK MESIN) FF,BACKWALL,1.09,1.34,0.2294,17.0,10.67,-0.3724,1.13,1.45,0.2832,35524.0,53972.0,0.5193,40142.0,78259.0,0.9496,30.0,22.0,-0.2667
405821,GG SURYA COKLAT 12,2413 - SKM (SIGARET KRETEK MESIN) FF,BACKWALL,1.27,1.13,-0.1102,42.0,30.0,-0.2857,1.47,1.07,-0.2721,34756.0,32053.0,-0.0778,51091.0,34297.0,-0.3287,57.0,84.0,0.4737
440431,GG SURYA 16,2413 - SKM (SIGARET KRETEK MESIN) FF,BACKWALL,1.18,1.08,-0.0847,196.5,54.0,-0.7252,1.75,1.23,-0.2971,38092.0,40483.0,0.0628,66661.0,49794.0,-0.253,225.0,132.0,-0.4133
459978,MAGNUM MAX 12,2413 - SKM (SIGARET KRETEK MESIN) FF,BACKWALL,,1.25,,,21.67,,,1.44,,,22431.0,,,32301.0,,,45.0,
404867,MARLBORO FILTER BLACK 20,2413 - SKM (SIGARET KRETEK MESIN) FF,BACKWALL,1.23,1.15,-0.065,48.0,50.33,0.0485,1.25,1.21,-0.032,53430.0,49962.0,-0.0649,66788.0,60454.0,-0.0948,77.0,125.0,0.6234
407733,MARLBORO FILTER BLACK 12,2413 - SKM (SIGARET KRETEK MESIN) FF,BACKWALL,1.08,1.02,-0.0556,55.5,43.33,-0.2193,1.12,1.19,0.0625,28538.0,27054.0,-0.052,31963.0,32194.0,0.0072,99.0,109.0,0.101
422173,MARLBORO FILTER BLACK 16,2413 - SKM (SIGARET KRETEK MESIN) FF,BACKWALL,1.06,1.06,0.0,24.5,22.67,-0.0747,1.44,1.42,-0.0139,36871.0,36896.0,0.0007,53094.0,52392.0,-0.0132,34.0,48.0,0.4118
445827,MARLBORO VISTA TROP BURST 16,2413 - SKM (SIGARET KRETEK MESIN) FF,BACKWALL,1.03,1.03,0.0,17.5,12.33,-0.2954,1.17,1.12,-0.0427,37003.0,37038.0,0.0009,43294.0,41483.0,-0.0418,30.0,33.0,0.1
459173,MARLBORO VISTA SUMMER BURST 16,2413 - SKM (SIGARET KRETEK MESIN) FF,BACKWALL,,1.08,,,4.0,,,1.09,,,39183.0,,,42709.0,,,11.0,
465691,MARLBORO CRAFTED 12,2413 - SKM (SIGARET KRETEK MESIN) FF,BACKWALL,1.23,1.09,-0.1138,77.5,45.67,-0.4107,1.96,1.44,-0.2653,14012.0,12961.0,-0.075,27464.0,18664.0,-0.3204,79.0,95.0,0.2025
440718,MR BROWN COFFEE 12,2413 - SKM (SIGARET KRETEK MESIN) FF,BACKWALL,1.0,1.0,0.0,9.0,13.0,0.4444,1.06,1.62,0.5283,16667.0,17308.0,0.0385,17667.0,28039.0,0.5871,17.0,24.0,0.4118
440606,MUSTANG COFFEE CREAM 12,2413 - SKM (SIGARET KRETEK MESIN) FF,BACKWALL,1.0,1.0,0.0,6.0,2.67,-0.555,1.09,1.0,-0.0826,17600.0,18138.0,0.0306,19184.0,18138.0,-0.0545,11.0,8.0,-0.2727
444360,ON BOLD 20,2413 - SKM (SIGARET KRETEK MESIN) FF,BACKWALL,,1.05,,,14.67,,,1.52,,,30318.0,,,46083.0,,,29.0,
465804,SAMPOERNA ZETTA 12,2413 - SKM (SIGARET KRETEK MESIN) FF,BACKWALL,1.13,1.29,0.1416,19.5,10.33,-0.4703,1.62,1.24,-0.2346,27667.0,31432.0,0.1361,44821.0,38976.0,-0.1304,24.0,25.0,0.0417
433159,SUKUN EXECUTIVE 12,2413 - SKM (SIGARET KRETEK MESIN) FF,BACKWALL,1.86,1.0,-0.4624,11.0,2.67,-0.7573,1.57,1.14,-0.2739,39127.0,21400.0,-0.4531,61429.0,24396.0,-0.6029,14.0,7.0,-0.5
433160,SUKUN EXECUTIVE 16,2413 - SKM (SIGARET KRETEK MESIN) FF,BACKWALL,1.25,1.1,-0.12,10.0,6.67,-0.333,1.33,1.25,-0.0602,33205.0,29465.0,-0.1126,44163.0,36831.0,-0.166,15.0,16.0,0.0667
423720,WIN BOLD 20,2413 - SKM (SIGARET KRETEK MESIN) FF,BACKWALL,1.1,1.05,-0.0455,10.0,6.67,-0.333,1.33,1.25,-0.0602,34010.0,33455.0,-0.0163,45233.0,41819.0,-0.0755,15.0,16.0,0.0667
429525,WIN FILTER 20,2413 - SKM (SIGARET KRETEK MESIN) FF,BACKWALL,1.0,1.08,0.08,14.5,12.0,-0.1724,1.26,1.2,-0.0476,30800.0,33950.0,0.1023,38808.0,40740.0,0.0498,23.0,30.0,0.3043
421067,ZIGA 12,2413 - SKM (SIGARET KRETEK MESIN) FF,BACKWALL,1.03,1.11,0.0777,37.0,30.67,-0.1711,1.68,2.24,0.3333,18508.0,20768.0,0.1221,31093.0,46520.0,0.4962,44.0,41.0,-0.0682
440717,ZIGA TEH MANIS 12,2413 - SKM (SIGARET KRETEK MESIN) FF,BACKWALL,1.16,1.21,0.0431,34.0,19.33,-0.4315,2.62,2.32,-0.1145,18366.0,19659.0,0.0704,48119.0,45609.0,-0.0522,26.0,25.0,-0.0385
123779,CAMEL WHITE 20,2414 - SPM (SIGARET PUTIH MESIN),BACKWALL,,1.0,,,0.67,,,1.0,,,32100.0,,,32100.0,,,2.0,
123779,CAMEL WHITE 20/D,2414 - SPM (SIGARET PUTIH MESIN),BACKWALL,1.17,,,17.5,,,1.59,,,36423.0,,,57913.0,,,22.0,,
240031,CAMEL ACTIVATE PURPLE MINT 20,2414 - SPM (SIGARET PUTIH MESIN),BACKWALL,,1.0,,,0.33,,,1.0,,,33400.0,,,33400.0,,,1.0,
240031,CAMEL ACTIVATE PURPLE MINT 20/D,2414 - SPM (SIGARET PUTIH MESIN),BACKWALL,1.17,,,23.0,,,1.39,,,37915.0,,,52702.0,,,33.0,,
415867,CAMEL YELLOW 20,2414 - SPM (SIGARET PUTIH MESIN),BACKWALL,1.2,1.09,-0.0917,27.5,30.33,0.1029,1.49,1.44,-0.0336,37307.0,34766.0,-0.0681,55587.0,50063.0,-0.0994,37.0,63.0,0.7027
427458,CAMEL YELLOW 100S 20,2414 - SPM (SIGARET PUTIH MESIN),BACKWALL,1.06,1.09,0.0283,33.0,25.0,-0.2424,1.29,1.42,0.1008,34120.0,36355.0,0.0655,44015.0,51624.0,0.1729,51.0,53.0,0.0392
439709,CAMEL WHITE 100S 20,2414 - SPM (SIGARET PUTIH MESIN),BACKWALL,1.46,1.08,-0.2603,31.5,16.33,-0.4816,2.03,1.36,-0.33,47017.0,37245.0,-0.2078,95445.0,50653.0,-0.4693,31.0,36.0,0.1613
441933,CAMEL CONNECT MENTHOL 20,2414 - SPM (SIGARET PUTIH MESIN),BACKWALL,1.04,1.05,0.0096,28.0,26.33,-0.0596,1.44,2.32,0.6111,34620.0,37728.0,0.0898,49853.0,87529.0,0.7557,39.0,34.0,-0.1282
446130,CAMEL SENSO GOLD 20,2414 - SPM (SIGARET PUTIH MESIN),BACKWALL,1.69,2.0,0.1834,6.5,0.67,-0.8969,1.62,1.0,-0.3827,59869.0,80100.0,0.3379,96988.0,80100.0,-0.1741,8.0,2.0,-0.75
466521,CAMEL ACTIVATE PURPLE MINT 20,2414 - SPM (SIGARET PUTIH MESIN),BACKWALL,1.37,1.29,-0.0584,15.0,47.33,2.1553,1.5,2.03,0.3533,44007.0,42718.0,-0.0293,66010.0,86718.0,0.3137,20.0,70.0,2.5
466522,CAMEL WHITE 20,2414 - SPM (SIGARET PUTIH MESIN),BACKWALL,1.38,1.51,0.0942,29.0,40.0,0.3793,1.57,1.79,0.1401,42621.0,48123.0,0.1291,66915.0,86140.0,0.2873,37.0,67.0,0.8108
431814,COUNTRY INTERNATIONAL 20,2414 - SPM (SIGARET PUTIH MESIN),BACKWALL,,1.0,,,1.67,,,1.0,,,29400.0,,,29400.0,,,5.0,
102174,DUNHILL MENTHOL LIGHTS 20,2414 - SPM (SIGARET PUTIH MESIN),BACKWALL,1.22,1.17,-0.041,79.0,25.67,-0.6751,2.39,1.71,-0.2845,36925.0,36560.0,-0.0099,88251.0,62518.0,-0.2916,66.0,45.0,-0.3182
115391,DUNHILL LIGHT 20,2414 - SPM (SIGARET PUTIH MESIN),BACKWALL,1.75,1.43,-0.1829,18.0,14.0,-0.2222,2.25,1.62,-0.28,53106.0,44460.0,-0.1628,119488.0,72025.0,-0.3972,16.0,26.0,0.625
125339,ESSE BLUE 20,2414 - SPM (SIGARET PUTIH MESIN),BACKWALL,1.45,1.53,0.0552,5.5,5.0,-0.0909,1.83,1.5,-0.1803,64036.0,70527.0,0.1014,117186.0,105790.0,-0.0972,6.0,10.0,0.6667
413566,ESSE BLUE CHANGE 20,2414 - SPM (SIGARET PUTIH MESIN),BACKWALL,1.4,1.62,0.1571,7.5,8.0,0.0667,1.36,1.26,-0.0735,61420.0,74992.0,0.221,83531.0,94490.0,0.1312,11.0,19.0,0.7273
444133,ESSE CHANGE HIMALAYA 20,2414 - SPM (SIGARET PUTIH MESIN),BACKWALL,1.0,1.0,0.0,0.5,0.67,0.34,1.0,1.0,0.0,43700.0,46200.0,0.0572,43700.0,46200.0,0.0572,1.0,2.0,1.0
408047,FORTE ORIGINAL 20,2414 - SPM (SIGARET PUTIH MESIN),BACKWALL,1.72,1.21,-0.2965,9.0,4.67,-0.4811,1.8,1.08,-0.4,48189.0,33014.0,-0.3149,86740.0,35655.0,-0.5889,10.0,13.0,0.3
408048,FORTE MENTHOL 20,2414 - SPM (SIGARET PUTIH MESIN),BACKWALL,1.31,1.07,-0.1832,22.5,15.0,-0.3333,2.14,1.32,-0.3832,36189.0,28978.0,-0.1993,77444.0,38251.0,-0.5061,21.0,34.0,0.619
440868,FORTE COOL MANGO 20,2414 - SPM (SIGARET PUTIH MESIN),BACKWALL,1.12,1.0,-0.1071,12.0,4.33,-0.6392,1.71,1.62,-0.0526,31488.0,27192.0,-0.1364,53844.0,44051.0,-0.1819,14.0,8.0,-0.4286
275,LUCKY STRIKE FILTER 20,2414 - SPM (SIGARET PUTIH MESIN),BACKWALL,1.12,1.02,-0.0893,68.0,55.0,-0.1912,1.4,1.21,-0.1357,36571.0,32872.0,-0.1011,51199.0,39775.0,-0.2231,97.0,136.0,0.4021
320,LUCKY STRIKE COOL 20,2414 - SPM (SIGARET PUTIH MESIN),BACKWALL,1.03,1.1,0.068,15.5,13.0,-0.1613,1.41,1.18,-0.1631,34658.0,37085.0,0.07,48868.0,43760.0,-0.1045,22.0,33.0,0.5
411922,LUCKY STRIKE PURPLE 20,2414 - SPM (SIGARET PUTIH MESIN),BACKWALL,1.14,1.06,-0.0702,25.5,11.33,-0.5557,2.55,1.36,-0.4667,38263.0,35621.0,-0.069,97571.0,48445.0,-0.5035,20.0,25.0,0.25
447694,LUCKY STRIKE BERRY FREEZE 20,2414 - SPM (SIGARET PUTIH MESIN),BACKWALL,1.17,1.04,-0.1111,18.0,8.33,-0.5372,1.64,1.32,-0.1951,37917.0,34240.0,-0.097,62184.0,45197.0,-0.2732,22.0,19.0,-0.1364
449951,LUCKY STRIKE RED 12,2414 - SPM (SIGARET PUTIH MESIN),BACKWALL,1.0,1.9,0.9,6.0,10.0,0.6667,1.0,1.15,0.15,12000.0,22800.0,0.9,12000.0,26220.0,1.185,12.0,26.0,1.1667
121408,MARLBORO ICE BURST 20,2414 - SPM (SIGARET PUTIH MESIN),BACKWALL,1.58,1.48,-0.0633,40.0,30.0,-0.25,1.57,1.67,0.0637,85925.0,83506.0,-0.0282,134902.0,139455.0,0.0338,51.0,54.0,0.0588
155286,MARLBORO RED 20,2414 - SPM (SIGARET PUTIH MESIN),BACKWALL,1.1,1.14,0.0364,48.5,26.0,-0.4639,1.52,1.1,-0.2763,59658.0,66144.0,0.1087,90680.0,72758.0,-0.1976,64.0,71.0,0.1094
156746,MARLBORO LIGHTS 20,2414 - SPM (SIGARET PUTIH MESIN),BACKWALL,1.32,1.54,0.1667,32.5,27.0,-0.1692,2.32,1.76,-0.2414,72292.0,87490.0,0.2102,167717.0,153982.0,-0.0819,28.0,46.0,0.6429
459259,MARLBORO RED LE 20,2414 - SPM (SIGARET PUTIH MESIN),BACKWALL,,1.5,,,7.33,,,1.16,,,67918.0,,,78785.0,,,19.0,
459260,MARLBORO GOLD LE 20,2414 - SPM (SIGARET PUTIH MESIN),BACKWALL,,1.79,,,4.67,,,1.17,,,80629.0,,,94336.0,,,12.0,
459264,MARLBORO ICE BURST LE 20,2414 - SPM (SIGARET PUTIH MESIN),BACKWALL,,1.53,,,11.33,,,1.1,,,69018.0,,,75920.0,,,31.0,
466106,MARLBORO RED TITANIUM 20,2414 - SPM (SIGARET PUTIH MESIN),BACKWALL,1.0,1.5,0.5,2.5,0.67,-0.732,1.0,1.0,0.0,55300.0,67600.0,0.2224,55300.0,67600.0,0.2224,5.0,2.0,-0.6
466107,MARLBORO GOLD TITANIUM 20,2414 - SPM (SIGARET PUTIH MESIN),BACKWALL,1.0,1.2,0.2,1.0,1.67,0.67,1.0,1.0,0.0,55000.0,54120.0,-0.016,55000.0,54120.0,-0.016,2.0,5.0,1.5
416495,MODEN ICE BERRY 20,2414 - SPM (SIGARET PUTIH MESIN),BACKWALL,,1.0,,,0.33,,,1.0,,,31000.0,,,31000.0,,,1.0,
446611,DJOY DISPOSABLE BLUEBERRY 2ML,2415 - SIGARET ELEKTRIK,BACKWALL,1.0,1.2,0.2,9.5,16.33,0.7189,1.36,1.02,-0.25,75000.0,30353.0,-0.5953,102000.0,30960.0,-0.6965,14.0,48.0,2.4286
446612,DJOY DISPOSABLE GRAPE 2ML,2415 - SIGARET ELEKTRIK,BACKWALL,1.05,1.0,-0.0476,10.5,1.33,-0.8733,1.31,1.0,-0.2366,78714.0,69000.0,-0.1234,103115.0,69000.0,-0.3308,16.0,4.0,-0.75
446613,DJOY DISPOSABLE ICE TEA 2ML,2415 - SIGARET ELEKTRIK,BACKWALL,1.05,1.16,0.1048,9.5,15.0,0.5789,1.58,1.12,-0.2911,78947.0,26096.0,-0.6694,124736.0,29228.0,-0.7657,12.0,40.0,2.3333
446614,DJOY DISPOSABLE MANGO 2ML,2415 - SIGARET ELEKTRIK,BACKWALL,1.07,1.0,-0.0654,7.0,2.33,-0.6671,1.17,1.0,-0.1453,80429.0,69000.0,-0.1421,94102.0,69000.0,-0.2668,12.0,7.0,-0.4167
446615,DJOY DISPOSABLE STRAWBERRY 2ML,2415 - SIGARET ELEKTRIK,BACKWALL,1.28,1.07,-0.1641,12.5,4.67,-0.6264,1.47,1.4,-0.0476,96100.0,73979.0,-0.2302,141267.0,103571.0,-0.2668,17.0,10.0,-0.4118
446616,DJOY DISPOSABLE WATERMELON 2ML,2415 - SIGARET ELEKTRIK,BACKWALL,1.0,1.2,0.2,4.0,20.33,4.0825,1.14,1.03,-0.0965,75000.0,27043.0,-0.6394,85500.0,27854.0,-0.6742,7.0,59.0,7.4286
446617,DJOY POD MAX MANGO 2ML,2415 - SIGARET ELEKTRIK,BACKWALL,1.12,1.03,-0.0804,16.5,12.0,-0.2727,1.22,1.16,-0.0492,78621.0,67597.0,-0.1402,95918.0,78413.0,-0.1825,27.0,31.0,0.1481
446618,DJOY POD MAX BLUEBERRY 2ML,2415 - SIGARET ELEKTRIK,BACKWALL,1.0,1.19,0.19,8.5,23.0,1.7059,1.0,1.68,0.68,70000.0,42930.0,-0.3867,70000.0,72122.0,0.0303,17.0,41.0,1.4118
446619,DJOY POD MAX GRAPE 2ML,2415 - SIGARET ELEKTRIK,BACKWALL,1.0,1.08,0.08,11.5,12.0,0.0435,1.05,1.29,0.2286,70000.0,71208.0,0.0173,73500.0,91858.0,0.2498,22.0,28.0,0.2727
446620,DJOY POD MAX STRAWBERRY 2ML,2415 - SIGARET ELEKTRIK,BACKWALL,1.04,1.03,-0.0096,11.5,11.0,-0.0435,1.05,1.38,0.3143,73043.0,67652.0,-0.0738,76695.0,93360.0,0.2173,22.0,24.0,0.0909
446621,DJOY POD MAX TEA 2ML,2415 - SIGARET ELEKTRIK,BACKWALL,1.23,1.65,0.3415,13.0,18.0,0.3846,1.44,1.93,0.3403,86154.0,58965.0,-0.3156,124062.0,113802.0,-0.0827,18.0,28.0,0.5556
446622,DJOY POD MAX WATERMELON 2ML,2415 - SIGARET ELEKTRIK,BACKWALL,1.0,1.22,0.22,11.5,16.33,0.42,1.05,1.2,0.1429,70000.0,38508.0,-0.4499,73500.0,46210.0,-0.3713,22.0,41.0,0.8636
446623,DJOY DEVICE ASTRO BLACK,2415 - SIGARET ELEKTRIK,BACKWALL,1.0,1.0,0.0,9.5,5.33,-0.4389,1.06,1.0,-0.0566,140000.0,92788.0,-0.3372,148400.0,92788.0,-0.3747,18.0,16.0,-0.1111
446624,DJOY DEVICE SILVER SKIES,2415 - SIGARET ELEKTRIK,BACKWALL,1.0,1.0,0.0,9.0,2.67,-0.7033,1.12,1.0,-0.1071,140000.0,97162.0,-0.306,156800.0,97162.0,-0.3803,16.0,8.0,-0.5
451388,DJOY BEAM GO APPLE EDEN 2ML,2415 - SIGARET ELEKTRIK,BACKWALL,,1.0,,,1.0,,,1.0,,,69000.0,,,69000.0,,,3.0,
451389,DJOY BEAM GO KIWI FEAST 2ML,2415 - SIGARET ELEKTRIK,BACKWALL,,1.5,,,0.67,,,1.0,,,103500.0,,,103500.0,,,2.0,
451390,DJOY BEAM GO PINEAPPLE BRZ 2ML,2415 - SIGARET ELEKTRIK,BACKWALL,,1.0,,,1.67,,,1.0,,,69000.0,,,69000.0,,,5.0,
451391,DJOY BEAM POD APPLE EDEN 2ML,2415 - SIGARET ELEKTRIK,BACKWALL,,1.1,,,3.33,,,1.0,,,73150.0,,,73150.0,,,10.0,
451392,DJOY BEAM POD KIWI FEAST 2ML,2415 - SIGARET ELEKTRIK,BACKWALL,,1.14,,,2.33,,,1.17,,,76000.0,,,88920.0,,,6.0,
451393,DJOY BEAM POD PINEAPPLE BRZ 2ML,2415 - SIGARET ELEKTRIK,BACKWALL,,1.09,,,3.67,,,1.1,,,72545.0,,,79800.0,,,10.0,
451394,DJOY BEAM PRO ASTEROID GREY,2415 - SIGARET ELEKTRIK,BACKWALL,,1.0,,,2.33,,,1.0,,,99000.0,,,99000.0,,,7.0,
465948,DJOY DEVICE ICEBERG GREEN,2415 - SIGARET ELEKTRIK,BACKWALL,1.0,1.0,0.0,4.5,4.0,-0.1111,1.0,1.0,0.0,140000.0,97075.0,-0.3066,140000.0,97075.0,-0.3066,9.0,12.0,0.3333
466078,DJOY DISPOSABLE HONEYDEW 2ML,2415 - SIGARET ELEKTRIK,BACKWALL,1.0,1.0,0.0,4.5,1.67,-0.6289,1.0,1.25,0.25,75000.0,69000.0,-0.08,75000.0,86250.0,0.15,9.0,4.0,-0.5556
466079,DJOY DISPOSABLE ORANGE DLGT 2ML,2415 - SIGARET ELEKTRIK,BACKWALL,1.0,1.0,0.0,1.0,0.33,-0.67,1.0,1.0,0.0,75000.0,69000.0,-0.08,75000.0,69000.0,-0.08,2.0,1.0,-0.5
466080,DJOY DISPOSABLE PEACH POP 2ML,2415 - SIGARET ELEKTRIK,BACKWALL,1.0,1.14,0.14,4.5,2.33,-0.4822,1.0,1.17,0.17,75000.0,78857.0,0.0514,75000.0,92263.0,0.2302,9.0,6.0,-0.3333
466081,DJOY POD MAX ORANGE ZINGER 2ML,2415 - SIGARET ELEKTRIK,BACKWALL,1.05,1.08,0.0286,10.5,8.67,-0.1743,1.17,1.62,0.3846,73333.0,70750.0,-0.0352,85800.0,114615.0,0.3358,18.0,16.0,-0.1111
466082,DJOY POD MAX PEACH PARADISE 2ML,2415 - SIGARET ELEKTRIK,BACKWALL,1.0,1.07,0.07,11.5,10.0,-0.1304,1.21,1.67,0.3802,70000.0,70083.0,0.0012,84700.0,117039.0,0.3818,19.0,18.0,-0.0526
466083,DJOY POD MAX HONEYDEW 2ML,2415 - SIGARET ELEKTRIK,BACKWALL,1.0,1.08,0.08,13.0,12.33,-0.0515,1.37,1.42,0.0365,70000.0,70838.0,0.012,95900.0,100590.0,0.0489,19.0,26.0,0.3684
450359,DWAY LIQ ROOTBEER 30ML,2415 - SIGARET ELEKTRIK,BACKWALL,,1.0,,,0.33,,,1.0,,,88000.0,,,88000.0,,,1.0,
459980,"DWAY CARTRIDGE 0,8 OHM",2415 - SIGARET ELEKTRIK,BACKWALL,,1.0,,,0.67,,,1.0,,,32000.0,,,32000.0,,,2.0,
894801,DWAY DEVICE ULTRA ARTFUL TEAL,2415 - SIGARET ELEKTRIK,BACKWALL,,1.0,,,0.67,,,1.0,,,149000.0,,,149000.0,,,2.0,
894802,DWAY DEVICE ULTRA REGAL BRONZE,2415 - SIGARET ELEKTRIK,BACKWALL,,1.0,,,0.67,,,1.0,,,149000.0,,,149000.0,,,2.0,
432923,RELX POD PRO WATERMELON ICE,2415 - SIGARET ELEKTRIK,BACKWALL,1.0,2.0,1.0,0.5,1.33,1.66,1.0,1.33,0.33,85000.0,164000.0,0.9294,85000.0,218120.0,1.5661,1.0,3.0,2.0
432924,RELX POD PRO TANGY GRAPE,2415 - SIGARET ELEKTRIK,BACKWALL,1.08,,,6.5,,,1.08,,,91538.0,,,98861.0,,,12.0,,
432925,RELX POD PRO DARK SPARKLE,2415 - SIGARET ELEKTRIK,BACKWALL,1.15,,,6.5,,,1.18,,,98077.0,,,115731.0,,,11.0,,
432926,RELX POD PRO STRAWBERRY BURST,2415 - SIGARET ELEKTRIK,BACKWALL,1.0,1.0,0.0,2.5,1.0,-0.6,1.0,1.0,0.0,85000.0,82000.0,-0.0353,85000.0,82000.0,-0.0353,5.0,3.0,-0.4
432927,RELX POD PRO MENTHOL XTRA,2415 - SIGARET ELEKTRIK,BACKWALL,1.33,,,3.0,,,1.2,,,113333.0,,,136000.0,,,5.0,,
439775,RELX POD PRO2 ICED TEA (CE),2415 - SIGARET ELEKTRIK,BACKWALL,1.0,1.0,0.0,5.0,0.33,-0.934,1.11,1.0,-0.0991,85000.0,82000.0,-0.0353,94350.0,82000.0,-0.1309,9.0,1.0,-0.8889
445727,RELX POD PRO HIBISCUS ICE TEA,2415 - SIGARET ELEKTRIK,BACKWALL,1.06,,,8.0,,,1.23,,,90312.0,,,111084.0,,,13.0,,
465675,RELX POD PRO OOLONG ICE TEA,2415 - SIGARET ELEKTRIK,BACKWALL,1.0,,,2.0,,,1.0,,,85000.0,,,85000.0,,,4.0,,
465676,RELX POD PRO PINEAPPLE DELIGHT,2415 - SIGARET ELEKTRIK,BACKWALL,1.08,,,6.5,,,1.18,,,91538.0,,,108015.0,,,11.0,,
466731,TEREA PURPLE WAVE,2415 - SIGARET ELEKTRIK,BACKWALL,,2.0,,,5.0,,,1.67,,,66000.0,,,110220.0,,,9.0,
466732,TEREA BLUE,2415 - SIGARET ELEKTRIK,BACKWALL,,1.41,,,9.0,,,1.93,,,46444.0,,,89637.0,,,14.0,
466733,TEREA SIENNA RED,2415 - SIGARET ELEKTRIK,BACKWALL,,1.09,,,3.67,,,1.0,,,36036.0,,,36036.0,,,11.0,
466734,TEREA YUGEN DIMENSIONS,2415 - SIGARET ELEKTRIK,BACKWALL,,1.24,,,12.33,,,1.95,,,41038.0,,,80024.0,,,19.0,
466735,TEREA MULINT EDITION,2415 - SIGARET ELEKTRIK,BACKWALL,1.0,1.2,0.2,0.5,10.0,19.0,1.0,1.5,0.5,30000.0,36013.0,0.2004,30000.0,54020.0,0.8007,1.0,20.0,19.0
466736,TEREA GOLDEN EDITION,2415 - SIGARET ELEKTRIK,BACKWALL,,1.64,,,8.33,,,2.08,,,49200.0,,,102336.0,,,12.0,
466737,TEREA OASIS PEARL,2415 - SIGARET ELEKTRIK,BACKWALL,,1.15,,,38.33,,,2.45,,,40278.0,,,98681.0,,,47.0,
466738,TEREA SUN PEARL,2415 - SIGARET ELEKTRIK,BACKWALL,,1.84,,,14.33,,,1.48,,,64302.0,,,95167.0,,,29.0,
451261,VEEV NOW ULTRA BLUE RASPBERRY,2415 - SIGARET ELEKTRIK,BACKWALL,,1.0,,,0.33,,,1.0,,,80000.0,,,80000.0,,,1.0,
466739,VEEV NOW ULTRA MANGO,2415 - SIGARET ELEKTRIK,BACKWALL,,1.0,,,2.33,,,1.17,,,80000.0,,,93600.0,,,6.0,
466740,VEEV NOW ULTRA STRAWBERRY,2415 - SIGARET ELEKTRIK,BACKWALL,,1.33,,,1.0,,,1.0,,,160000.0,,,160000.0,,,3.0,
466742,VEEV NOW ULTRA GRAPE,2415 - SIGARET ELEKTRIK,BACKWALL,,1.0,,,1.0,,,1.0,,,80000.0,,,80000.0,,,3.0,
466743,VEEV NOW ULTRA SOUR APPLE,2415 - SIGARET ELEKTRIK,BACKWALL,,1.0,,,1.0,,,1.0,,,80000.0,,,80000.0,,,3.0,
435379,VUSE EPOD MANGO ICE 3%,2415 - SIGARET ELEKTRIK,BACKWALL,1.0,1.03,0.03,3.5,10.0,1.8571,1.0,6.0,5.0,70000.0,72333.0,0.0333,70000.0,433998.0,5.2,7.0,5.0,-0.2857
435388,VUSE EPOD BLUEBERRY ICE,2415 - SIGARET ELEKTRIK,BACKWALL,1.0,1.0,0.0,3.5,4.33,0.2371,1.0,1.18,0.18,70000.0,70000.0,0.0,70000.0,82600.0,0.18,7.0,11.0,0.5714
435389,VUSE EPOD MINT ICE 3%,2415 - SIGARET ELEKTRIK,BACKWALL,1.09,1.0,-0.0826,5.5,2.67,-0.5145,1.57,1.14,-0.2739,76364.0,70000.0,-0.0833,119891.0,79800.0,-0.3344,7.0,7.0,0.0
436615,VUSE EPOD STRAWBERRY ICE 3%,2415 - SIGARET ELEKTRIK,BACKWALL,1.0,1.0,0.0,1.0,0.33,-0.67,1.0,1.0,0.0,70000.0,70000.0,0.0,70000.0,70000.0,0.0,2.0,1.0,-0.5
439675,VUSE EPOD WATERMELON ICE,2415 - SIGARET ELEKTRIK,BACKWALL,,1.0,,,0.67,,,1.0,,,70000.0,,,70000.0,,,2.0,
441476,VUSE GO 700 BLUEBERRY ICE,2415 - SIGARET ELEKTRIK,BACKWALL,1.0,1.0,0.0,5.0,1.67,-0.666,1.25,1.0,-0.2,69000.0,69000.0,0.0,86250.0,69000.0,-0.2,8.0,5.0,-0.375
441477,VUSE GO 700 MINT ICE,2415 - SIGARET ELEKTRIK,BACKWALL,1.0,1.0,0.0,1.5,3.33,1.22,1.0,1.43,0.43,71000.0,69000.0,-0.0282,71000.0,98670.0,0.3897,3.0,7.0,1.3333
441478,VUSE GO 700 MANGO ICE,2415 - SIGARET ELEKTRIK,BACKWALL,1.0,1.0,0.0,2.0,1.67,-0.165,1.0,1.25,0.25,69000.0,69000.0,0.0,69000.0,86250.0,0.25,4.0,4.0,0.0
441479,VUSE GO 700 STRAWBERRY,2415 - SIGARET ELEKTRIK,BACKWALL,1.0,1.0,0.0,3.0,1.33,-0.5567,1.0,1.33,0.33,69000.0,69000.0,0.0,69000.0,91770.0,0.33,6.0,3.0,-0.5
441480,VUSE GO 700 WATERMELON ICE,2415 - SIGARET ELEKTRIK,BACKWALL,1.0,1.0,0.0,1.0,0.33,-0.67,1.0,1.0,0.0,69000.0,69000.0,0.0,69000.0,69000.0,0.0,2.0,1.0,-0.5
441481,VUSE GO 700 CREAMY TOBACCO,2415 - SIGARET ELEKTRIK,BACKWALL,1.0,1.0,0.0,1.0,0.33,-0.67,1.0,1.0,0.0,69000.0,69000.0,0.0,69000.0,69000.0,0.0,2.0,1.0,-0.5
442225,VUSE GO 700 GRAPE ICE,2415 - SIGARET ELEKTRIK,BACKWALL,1.0,1.0,0.0,3.5,2.67,-0.2371,1.17,1.0,-0.1453,69000.0,69000.0,0.0,80730.0,69000.0,-0.1453,6.0,8.0,0.3333
442226,VUSE GO 700 APPLE SOUR,2415 - SIGARET ELEKTRIK,BACKWALL,1.0,1.0,0.0,2.0,0.33,-0.835,1.0,1.0,0.0,69000.0,69000.0,0.0,69000.0,69000.0,0.0,4.0,1.0,-0.75
444026,VUSE DEVICE RELOAD 1000,2415 - SIGARET ELEKTRIK,BACKWALL,1.0,,,1.5,,,1.0,,,60000.0,,,60000.0,,,3.0,,
445255,VUSE GO RELOAD 1000 MANGO,2415 - SIGARET ELEKTRIK,BACKWALL,1.0,,,0.5,,,1.0,,,99000.0,,,99000.0,,,1.0,,
445256,VUSE GO RELOAD 1000 BLUEBERRY,2415 - SIGARET ELEKTRIK,BACKWALL,1.0,1.0,0.0,1.5,1.67,0.1133,1.0,1.0,0.0,99000.0,95800.0,-0.0323,99000.0,95800.0,-0.0323,3.0,5.0,0.6667
446275,VUSE GO 3000 BLUEBERRY ICE,2415 - SIGARET ELEKTRIK,BACKWALL,1.0,,,0.5,,,1.0,,,180000.0,,,180000.0,,,1.0,,
449941,VUSE GO 1000 BLUEBERRY ICE,2415 - SIGARET ELEKTRIK,BACKWALL,,1.0,,,0.33,,,1.0,,,85000.0,,,85000.0,,,1.0,
449942,VUSE GO 1000 WATERMELON ICE,2415 - SIGARET ELEKTRIK,BACKWALL,,1.0,,,0.67,,,1.0,,,85000.0,,,85000.0,,,2.0,
449943,VUSE GO 1000 GRAPE ICE,2415 - SIGARET ELEKTRIK,BACKWALL,1.0,1.0,0.0,0.5,2.0,3.0,1.0,1.2,0.2,85000.0,85000.0,0.0,85000.0,102000.0,0.2,1.0,5.0,4.0
115705,ALFAMART CRICKET LIGHTER SOLID,"2421 - LIGHTER, MATCHES & PAPER",BACKWALL,1.04,1.02,-0.0192,50.0,49.33,-0.0134,1.08,1.08,0.0,7573.0,8410.0,0.1105,8179.0,9083.0,0.1105,93.0,137.0,0.4731
125281,ALFAMART LIGHTER ELECTRIC,"2421 - LIGHTER, MATCHES & PAPER",BACKWALL,1.04,1.07,0.0288,25.0,15.0,-0.4,1.02,1.02,0.0,6222.0,6322.0,0.0161,6346.0,6448.0,0.0161,49.0,44.0,-0.102
125282,ALFAMART LIGHTER MECANIC,"2421 - LIGHTER, MATCHES & PAPER",BACKWALL,1.04,1.03,-0.0096,128.5,88.0,-0.3152,1.08,1.09,0.0093,5398.0,5462.0,0.0119,5830.0,5954.0,0.0213,238.0,242.0,0.0168
440319,ALFAMART LIGHTER BBQ MULTIGUNA,"2421 - LIGHTER, MATCHES & PAPER",BACKWALL,1.0,1.0,0.0,7.0,4.67,-0.3329,1.0,1.08,0.08,10500.0,10500.0,0.0,10500.0,11340.0,0.08,14.0,13.0,-0.0714
446390,ALFAMART LIGHTER BARA AST,"2421 - LIGHTER, MATCHES & PAPER",BACKWALL,1.12,1.11,-0.0089,17.0,22.0,0.2941,1.03,1.12,0.0874,7382.0,7364.0,-0.0024,7603.0,8248.0,0.0848,33.0,59.0,0.7879
890200,COCKTAIL KOREK API PCS,"2421 - LIGHTER, MATCHES & PAPER",BACKWALL,1.2,1.33,0.1083,2.5,1.0,-0.6,1.0,1.0,0.0,1080.0,1200.0,0.1111,1080.0,1200.0,0.1111,5.0,3.0,-0.4
107343,CRICKET LIGHTER ELECTRIC,"2421 - LIGHTER, MATCHES & PAPER",BACKWALL,1.06,1.08,0.0189,18.0,13.33,-0.2594,1.38,1.05,-0.2391,12283.0,12568.0,0.0232,16951.0,13196.0,-0.2215,26.0,38.0,0.4615
431916,ALFAMART AIR MNRL CLEO 24X220ML,1113 - MINERAL WATER,BCTB (FLOOR),1.5,1.0,-0.3333,1.0,0.33,-0.67,1.0,1.0,0.0,37350.0,25100.0,-0.328,37350.0,25100.0,-0.328,2.0,1.0,-0.5
441660,ALFAMART AIR MNRL CRT 48X220ML,1113 - MINERAL WATER,BCTB (FLOOR),1.19,1.11,-0.0672,42.0,6.0,-0.8571,1.15,1.0,-0.1304,41520.0,25167.0,-0.3939,47748.0,25167.0,-0.4729,73.0,18.0,-0.7534
441987,ALFAMART AIR MNRL PET 24X220ML,1113 - MINERAL WATER,BCTB (FLOOR),1.31,1.4,0.0687,232.0,18.33,-0.921,1.34,1.12,-0.1642,32003.0,32165.0,0.0051,42884.0,36025.0,-0.1599,345.0,49.0,-0.858
125122,AQUA AIR MNRL CRT 48X220ML,1113 - MINERAL WATER,BCTB (FLOOR),1.29,1.17,-0.093,12.0,6.0,-0.5,1.04,1.0,-0.0385,59621.0,53800.0,-0.0976,62006.0,53800.0,-0.1323,23.0,18.0,-0.2174
436033,AQUA AIR MNRL CUBE 24X220ML,1113 - MINERAL WATER,BCTB (FLOOR),1.1,1.22,0.1091,43.5,6.0,-0.8621,1.1,1.2,0.0909,53436.0,40661.0,-0.2391,58780.0,48793.0,-0.1699,79.0,15.0,-0.8101
465695,AQUA AIR MNRL CRT 48X200ML,1113 - MINERAL WATER,BCTB (FLOOR),1.14,1.5,0.3158,36.5,5.33,-0.854,1.33,1.14,-0.1429,53633.0,74469.0,0.3885,71332.0,84895.0,0.1901,55.0,14.0,-0.7455
426513,VIT AIR MNRL CRT 48X200ML,1113 - MINERAL WATER,BCTB (FLOOR),1.19,1.3,0.0924,36.0,6.67,-0.8147,1.38,1.0,-0.2754,43401.0,47710.0,0.0993,59893.0,47710.0,-0.2034,52.0,20.0,-0.6154
262564,AQUA AIR MNRL BKL NAS GLN 19L,1119 - MINERAL WATER GALON,BCTB (FLOOR),1.33,1.38,0.0376,4887.0,197.0,-0.9597,2.34,1.65,-0.2949,29602.0,30870.0,0.0428,69269.0,50936.0,-0.2647,4174.0,359.0,-0.914
262565,GALON AQUA (BKL),1119 - MINERAL WATER GALON,BCTB (FLOOR),1.09,1.42,0.3028,382.5,13.33,-0.9652,1.17,1.0,-0.1453,36325.0,48832.0,0.3443,42500.0,48832.0,0.149,656.0,40.0,-0.939
113444,CLUB AIR MNRL BKL GLN 19L,1119 - MINERAL WATER GALON,BCTB (FLOOR),1.39,1.29,-0.0719,267.5,16.33,-0.939,2.94,1.44,-0.5102,28525.0,26398.0,-0.0746,83864.0,38013.0,-0.5467,182.0,34.0,-0.8132
427817,FOR 3 AIR MNRL GLN 19L,1119 - MINERAL WATER GALON,BCTB (FLOOR),,1.0,,,0.67,,,1.0,,,14500.0,,,14500.0,,,2.0,
439447,FOR 3 AIR MNRL C GLN 19L,1119 - MINERAL WATER GALON,BCTB (FLOOR),1.33,1.0,-0.2481,21.0,3.33,-0.8414,5.25,5.0,-0.0476,25200.0,18900.0,-0.25,132300.0,94500.0,-0.2857,8.0,2.0,-0.75
439452,FOR 3 AIR MNRL H GLN 19L,1119 - MINERAL WATER GALON,BCTB (FLOOR),1.27,,,25.5,,,2.43,,,30588.0,,,74329.0,,,21.0,,
422782,LE MINERALE AIR MNRL GLN 15L,1119 - MINERAL WATER GALON,BCTB (FLOOR),1.33,1.37,0.0301,2222.5,256.67,-0.8845,1.61,1.28,-0.205,29015.0,30560.0,0.0532,46714.0,39117.0,-0.1626,2756.0,603.0,-0.7812
427219,LE MINERALE AIR MNRL GLN 5L,1119 - MINERAL WATER GALON,BCTB (FLOOR),1.15,1.18,0.0261,456.5,46.67,-0.8978,1.39,1.14,-0.1799,18874.0,20878.0,0.1062,26235.0,23801.0,-0.0928,658.0,123.0,-0.8131
407373,PASQUA AIR MNRL BKL A GLN 19L,1119 - MINERAL WATER GALON,BCTB (FLOOR),,1.0,,,0.33,,,1.0,,,16500.0,,,16500.0,,,1.0,
407374,PASQUA AIR MNRL BKL B GLN 19L,1119 - MINERAL WATER GALON,BCTB (FLOOR),,1.0,,,0.33,,,1.0,,,13500.0,,,13500.0,,,1.0,
700012,GALON PASQUA (BKL),1119 - MINERAL WATER GALON,BCTB (FLOOR),1.0,,,0.5,,,1.0,,,50000.0,,,50000.0,,,1.0,,
990108,PASQUA AIR MNRL BKL GLN 19L,1119 - MINERAL WATER GALON,BCTB (FLOOR),1.42,1.67,0.1761,65.0,8.0,-0.8769,4.33,3.0,-0.3072,26912.0,34833.0,0.2943,116529.0,104499.0,-0.1032,30.0,8.0,-0.7333
123691,VIT AIR MNRL BKL GLN 19L,1119 - MINERAL WATER GALON,BCTB (FLOOR),1.23,1.35,0.0976,179.5,10.33,-0.9425,2.19,1.48,-0.3242,21194.0,23168.0,0.0931,46415.0,34289.0,-0.2613,164.0,21.0,-0.872
123728,GALON VIT (BKL),1119 - MINERAL WATER GALON,BCTB (FLOOR),1.04,1.33,0.2788,11.5,1.0,-0.913,1.0,1.0,0.0,34748.0,44000.0,0.2663,34748.0,44000.0,0.2663,23.0,3.0,-0.8696
121594,ALFAMART TELUR AYAM NGR OMEGA,6111 - PACK EGG (NEGERI),BCTB (FLOOR),9.5,9.02,-0.0505,243.5,75.0,-0.692,1.26,1.21,-0.0397,31090.0,29914.0,-0.0378,39173.0,36196.0,-0.076,386.0,186.0,-0.5181
425656,SUNNY FARM TELUR AYAM,6111 - PACK EGG (NEGERI),BCTB (FLOOR),,1.05,,,43.33,,,1.26,,,24815.0,,,31267.0,,,103.0,
440011,ALFAMART HAPPY EGG TELUR NEGERI,6112 - BULKY EGG,BCTB (FLOOR),10.62,10.4,-0.0207,421.0,113.67,-0.73,1.38,1.2,-0.1304,25210.0,24481.0,-0.0289,34790.0,29377.0,-0.1556,609.0,285.0,-0.532
121723,TELUR AYAM NGR BKL/PCS,6112 - BULKY EGG,BCTB (FLOOR),10.37,9.0,-0.1321,57.0,23.67,-0.5847,1.42,1.29,-0.0915,27995.0,25437.0,-0.0914,39753.0,32814.0,-0.1746,80.0,55.0,-0.3125
121964,TELUR AYAM NGR /PCS (DC),6112 - BULKY EGG,BCTB (FLOOR),1.0,,,0.5,,,1.0,,,2100.0,,,2100.0,,,1.0,,
424791,TELUR AYAM NGR /PCS (DC) ALF,6112 - BULKY EGG,BCTB (FLOOR),11.4,10.63,-0.0675,1185.0,169.33,-0.8571,1.65,1.44,-0.1273,26070.0,24580.0,-0.0572,43016.0,35395.0,-0.1772,1435.0,352.0,-0.7547
121592,ALFAMART TELUR AYAM KAMPUNG,6121 - PACK EGG (KAMPUNG),BCTB (FLOOR),5.76,5.79,0.0052,102.5,36.0,-0.6488,1.21,1.21,0.0,24056.0,24552.0,0.0206,29108.0,29708.0,0.0206,170.0,89.0,-0.4765
121593,ALFAMART TELUR AYM KPG ARAB MRH,6121 - PACK EGG (KAMPUNG),BCTB (FLOOR),4.99,4.91,-0.016,69.0,23.0,-0.6667,1.25,1.23,-0.016,20855.0,19807.0,-0.0503,26069.0,24363.0,-0.0654,110.0,56.0,-0.4909
407166,PAK MANCUNG TELUR KAMPNG OMEGA3,6121 - PACK EGG (KAMPUNG),BCTB (FLOOR),7.2,6.88,-0.0444,5.0,5.67,0.134,1.67,1.06,-0.3653,33600.0,32159.0,-0.0429,56112.0,34089.0,-0.3925,6.0,16.0,1.6667
422771,TELUR GADO ASIN 55G,6131 - SALTY EGG,BCTB (FLOOR),1.35,1.33,-0.0148,55.0,9.0,-0.8364,1.2,1.08,-0.1,16011.0,15867.0,-0.009,19213.0,17136.0,-0.1081,92.0,25.0,-0.7283
100261,ADEM SARI BOX 5X7G,1115 - REMEDIES DRINK,BEVERAGES,1.03,1.15,0.1165,90.0,32.67,-0.637,1.07,1.03,-0.0374,19147.0,23085.0,0.2057,20487.0,23778.0,0.1606,169.0,95.0,-0.4379
5301,LO HAN KUO INFS BOX 12X14G (OL),1115 - REMEDIES DRINK,BEVERAGES,1.06,,,9.0,,,1.0,,,25644.0,,,25644.0,,,18.0,,
100262,SCRUBBER JERUK BOX 6X7.1G,1115 - REMEDIES DRINK,BEVERAGES,1.0,1.0,0.0,21.5,6.33,-0.7056,1.0,1.12,0.12,14233.0,18053.0,0.2684,14233.0,20219.0,0.4206,43.0,17.0,-0.6047
113430,INACO NDC SELASIH STRAW 1KG(OL),1121 - DESSERT,BEVERAGES,1.0,,,0.5,,,1.0,,,16900.0,,,16900.0,,,1.0,,
113631,INACO NDC CRISPY 1KG,1121 - DESSERT,BEVERAGES,,1.0,,,2.0,,,1.0,,,19233.0,,,19233.0,,,6.0,
120998,INACO NDC VANILA BAG 1KG,1121 - DESSERT,BEVERAGES,,1.21,,,4.67,,,1.0,,,21193.0,,,21193.0,,,14.0,
124216,INACO NDC VANILLA 360G (OL),1121 - DESSERT,BEVERAGES,1.33,,,3.0,,,1.0,,,9650.0,,,9650.0,,,6.0,,
411416,INACO NDC ALOE PEACH 280G (OL),1121 - DESSERT,BEVERAGES,1.0,,,0.5,,,1.0,,,6900.0,,,6900.0,,,1.0,,
446091,INACO NDC COCOPANDAN 360G (OL),1121 - DESSERT,BEVERAGES,1.0,,,2.0,,,1.0,,,7475.0,,,7475.0,,,4.0,,
446092,INACO NDC ALOE LYCHEE 280G (OL),1121 - DESSERT,BEVERAGES,1.0,,,0.5,,,1.0,,,6900.0,,,6900.0,,,1.0,,
446979,INACO NDC SELASIH ORG 1KG(OL),1121 - DESSERT,BEVERAGES,1.0,,,1.5,,,1.0,,,16900.0,,,16900.0,,,3.0,,
158018,KARA NDC LYCHEE CUP 220ML,1121 - DESSERT,BEVERAGES,1.31,1.31,0.0,27.0,20.33,-0.247,1.0,1.07,0.07,7209.0,7161.0,-0.0067,7209.0,7662.0,0.0628,54.0,57.0,0.0556
192235,KARA NDC PLAIN 1KG,1121 - DESSERT,BEVERAGES,1.15,1.28,0.113,60.0,22.33,-0.6278,1.1,1.02,-0.0727,23911.0,26607.0,0.1128,26302.0,27139.0,0.0318,109.0,66.0,-0.3945
990138,KIKO TROPICAL STIK BAG 10S (OL),1121 - DESSERT,BEVERAGES,1.71,,,3.5,,,2.33,,,22929.0,,,53425.0,,,3.0,,
125073,PINO ICE CUP FRUIT AST 6X50G,1121 - DESSERT,BEVERAGES,1.38,1.11,-0.1957,68.0,29.67,-0.5637,1.15,1.06,-0.0783,13934.0,11237.0,-0.1936,16024.0,11911.0,-0.2567,118.0,84.0,-0.2881
115074,PRIMARASA FRT COCKTAIL CUP220ML,1121 - DESSERT,BEVERAGES,1.24,1.4,0.129,16.5,8.33,-0.4952,1.1,1.04,-0.0545,11673.0,13220.0,0.1325,12840.0,13749.0,0.0708,30.0,24.0,-0.2
106417,WONG COCO NDC  LECI CUP 220G,1121 - DESSERT,BEVERAGES,1.3,1.26,-0.0308,66.0,20.33,-0.692,1.22,1.09,-0.1066,6937.0,6857.0,-0.0115,8463.0,7474.0,-0.1169,108.0,56.0,-0.4815
113429,WONGCOCO NDC DUGAN 1KG,1121 - DESSERT,BEVERAGES,,1.25,,,1.33,,,1.33,,,26250.0,,,34912.0,,,3.0,
118223,WONGCOCO NDC COCOPND PCH 360G,1121 - DESSERT,BEVERAGES,1.2,1.13,-0.0583,73.5,33.67,-0.5419,1.07,1.13,0.0561,9931.0,9266.0,-0.067,10626.0,10471.0,-0.0146,138.0,89.0,-0.3551
121045,WONGCOCO NDC COPND BAG 800/850G,1121 - DESSERT,BEVERAGES,,1.15,,,6.67,,,1.0,,,18885.0,,,18885.0,,,20.0,
224455,WONGCOCO NDC COCOPND 1KG,1121 - DESSERT,BEVERAGES,,1.33,,,3.0,,,1.29,,,28000.0,,,36120.0,,,7.0,
436505,WONG COCO LIDAH BUAYA 1KG (OL),1121 - DESSERT,BEVERAGES,1.0,,,0.5,,,1.0,,,20000.0,,,20000.0,,,1.0,,
436507,WONG COCO BONBON BRIES85GX5(OL),1121 - DESSERT,BEVERAGES,1.29,,,3.5,,,1.17,,,11443.0,,,13388.0,,,6.0,,
46869,WONG COCO ICE BON2 BUA85GX5(OL),1121 - DESSERT,BEVERAGES,1.44,,,4.5,,,1.12,,,12278.0,,,13751.0,,,8.0,,
8355,ABC SPC GRD COPND BTL 460ML,1141 - SYRUP,BEVERAGES,,2.0,,,2.67,,,1.14,,,57437.0,,,65478.0,,,7.0,
8358,ABC SPC GRD MELON BTL 460ML,1141 - SYRUP,BEVERAGES,,1.23,,,4.33,,,1.0,,,36200.0,,,36200.0,,,13.0,
121721,KURNIA SRP RASPBERRY BTL 600ML,1141 - SYRUP,BEVERAGES,1.07,1.0,-0.0654,7.5,1.0,-0.8667,1.15,1.0,-0.1304,28587.0,27000.0,-0.0555,32875.0,27000.0,-0.1787,13.0,3.0,-0.7692
8144,MARJAN SRP BDN COCOPND BTL460ML,1141 - SYRUP,BEVERAGES,1.14,1.44,0.2632,66.5,61.33,-0.0777,1.02,1.03,0.0098,30895.0,36527.0,0.1823,31513.0,37623.0,0.1939,130.0,178.0,0.3692
8154,MARJAN SRP BDN MOK BTL460ML(OL),1141 - SYRUP,BEVERAGES,1.0,,,0.5,,,1.0,,,25000.0,,,25000.0,,,1.0,,
8156,MARJAN SRP BDN LECI BTL 460ML,1141 - SYRUP,BEVERAGES,,1.22,,,3.0,,,1.0,,,30967.0,,,30967.0,,,9.0,
8157,MARJAN SRP BDN MELON BTL 460ML,1141 - SYRUP,BEVERAGES,1.22,1.29,0.0574,50.5,36.0,-0.2871,1.06,1.05,-0.0094,32740.0,33120.0,0.0116,34704.0,34776.0,0.0021,95.0,103.0,0.0842
118167,SRG TAWON SRP MARQ BTL 430ML,1141 - SYRUP,BEVERAGES,1.23,1.12,-0.0894,6.5,5.67,-0.1277,1.08,1.0,-0.0741,35969.0,31406.0,-0.1269,38847.0,31406.0,-0.1915,12.0,17.0,0.4167
113731,CAPBANGAU PSG AMBON BTL 620ML,1141 - SYRUP,BEVERAGES,1.21,1.5,0.2397,9.5,10.0,0.0526,1.0,1.03,0.03,32437.0,40350.0,0.2439,32437.0,41560.0,0.2813,19.0,29.0,0.5263
110734,SUNQUICK MANGO300/330ML(OL),1141 - SYRUP,BEVERAGES,1.0,,,0.5,,,1.0,,,39900.0,,,39900.0,,,1.0,,
8117,ABC SQS ORANGE BTL 425ML,1142 - SQUASH,BEVERAGES,,3.36,,,36.67,,,1.07,,,40995.0,,,43865.0,,,103.0,
8117,ABC SQS ORANGE BTL 450ML,1142 - SQUASH,BEVERAGES,1.34,,,58.0,,,1.12,,,24224.0,,,27131.0,,,104.0,,
8348,ABC SQS LECI BTL 425ML,1142 - SQUASH,BEVERAGES,,1.16,,,10.67,,,1.0,,,15066.0,,,15066.0,,,32.0,
195107,MARJAN SQS ORANGE BTL 400ML,1142 - SQUASH,BEVERAGES,,2.81,,,17.67,,,1.06,,,36494.0,,,38684.0,,,50.0,
195108,MARJAN SQS COCOPND BTL 400ML,1142 - SQUASH,BEVERAGES,,4.11,,,18.33,,,1.06,,,52569.0,,,55723.0,,,52.0,
195109,MARJAN SQUASH FRT BTL 425ML(OL),1142 - SQUASH,BEVERAGES,1.5,,,2.0,,,1.33,,,21750.0,,,28928.0,,,3.0,,
400154,MARJAN SQS MELON BTL 400ML,1142 - SQUASH,BEVERAGES,,2.83,,,2.0,,,1.0,,,36700.0,,,36700.0,,,6.0,
400155,MARJAN SQS LECI BTL 400ML,1142 - SQUASH,BEVERAGES,,2.71,,,5.67,,,1.0,,,36824.0,,,36824.0,,,17.0,
400155,MARJAN SQS LECI BTL 425ML (OL),1142 - SQUASH,BEVERAGES,1.0,,,1.0,,,1.0,,,14500.0,,,14500.0,,,2.0,,
404780,MARJAN SQS SIRSAK BTL 425ML(OL),1142 - SQUASH,BEVERAGES,1.0,,,2.5,,,1.0,,,14500.0,,,14500.0,,,5.0,,
424980,MARJAN SQS NANAS BTL 425ML (OL),1142 - SQUASH,BEVERAGES,1.25,,,2.0,,,1.0,,,18125.0,,,18125.0,,,4.0,,
218947,NUTRISARI AMERICA ORG BAG10X14G,1144 - POWDER DRINK,BEVERAGES,1.07,1.1,0.028,14.5,3.33,-0.7703,1.12,1.0,-0.1071,21548.0,21990.0,0.0205,24134.0,21990.0,-0.0888,26.0,10.0,-0.6154
990089,NUTRISARI JERUK PERAS BAG 5X14G,1144 - POWDER DRINK,BEVERAGES,1.07,1.0,-0.0654,14.0,3.33,-0.7621,1.08,1.0,-0.0741,13543.0,12590.0,-0.0704,14626.0,12590.0,-0.1392,26.0,10.0,-0.6154
436654,TROP'S SWEET ORANGE 10X6G(OL),1144 - POWDER DRINK,BEVERAGES,1.0,,,1.5,,,1.0,,,25500.0,,,25500.0,,,3.0,,
445029,TROP'S 7 FRUITS FIBER 180G (OL),1144 - POWDER DRINK,BEVERAGES,1.0,,,1.0,,,1.0,,,114900.0,,,114900.0,,,2.0,,
265345,SOSRO TEH BOTOL ORI TP 1L,1154 - RTD TEA,BEVERAGES,1.36,1.34,-0.0147,285.0,92.0,-0.6772,1.31,1.3,-0.0076,14927.0,14629.0,-0.02,19554.0,19018.0,-0.0274,434.0,213.0,-0.5092
444884,ULTRA TEH KOTAK JASMINE 1L,1154 - RTD TEA,BEVERAGES,1.31,1.11,-0.1527,27.5,6.33,-0.7698,1.34,1.12,-0.1642,16684.0,14226.0,-0.1473,22357.0,15933.0,-0.2873,41.0,17.0,-0.5854
424635,AMH JAHE MERAH SUPER BOX5X20G,1231 - TRADITIONAL DRINK,BEVERAGES,1.07,1.21,0.1308,37.5,37.67,0.0045,1.09,1.14,0.0459,8841.0,9894.0,0.1191,9637.0,11279.0,0.1704,69.0,99.0,0.4348
115434,ANGET SARI SUSU JAHE BOX 5X28G,1231 - TRADITIONAL DRINK,BEVERAGES,1.05,1.13,0.0762,52.0,28.67,-0.4487,1.16,1.15,-0.0086,9049.0,10228.0,0.1303,10497.0,11762.0,0.1205,90.0,75.0,-0.1667
118131,KEPALA JENGGOT JAHE WNG200G(OL),1231 - TRADITIONAL DRINK,BEVERAGES,1.0,,,0.5,,,1.0,,,22500.0,,,22500.0,,,1.0,,
120726,SIDOMUNCUL SUSU JAHE BAG 10X27G,1231 - TRADITIONAL DRINK,BEVERAGES,1.0,1.23,0.23,10.0,10.0,0.0,1.0,1.03,0.03,23050.0,27943.0,0.2123,23050.0,28781.0,0.2486,20.0,29.0,0.45
38931,SIDOMUNCUL KYT ASAM BOX 5X25G,1231 - TRADITIONAL DRINK,BEVERAGES,1.09,1.07,-0.0183,54.0,23.0,-0.5741,1.11,1.21,0.0901,13262.0,13097.0,-0.0124,14721.0,15847.0,0.0765,97.0,57.0,-0.4124
50980,SIDOMUNCUL STMJ GINSG BOX 5X30G,1231 - TRADITIONAL DRINK,BEVERAGES,1.09,1.24,0.1376,16.0,14.0,-0.125,1.07,1.17,0.0935,25550.0,28867.0,0.1298,27338.0,33774.0,0.2354,30.0,36.0,0.2
50983,SIDOMUNCUL JAHE WANGI BOX 5X25G,1231 - TRADITIONAL DRINK,BEVERAGES,1.04,1.04,0.0,22.5,16.0,-0.2889,1.05,1.07,0.019,10969.0,10998.0,0.0026,11517.0,11768.0,0.0218,43.0,45.0,0.0465
416729,XTRAGIN JAHE MERAH BOX 5X20G,1231 - TRADITIONAL DRINK,BEVERAGES,1.29,1.08,-0.1628,7.0,13.0,0.8571,1.08,1.08,0.0,19829.0,16618.0,-0.1619,21415.0,17947.0,-0.1619,13.0,36.0,1.7692
427376,DANCOW UHT FG COKELAT 4X110ML,2023 - TETRAPACK LIQUID MILK,BEVERAGES,1.65,1.4,-0.1515,73.0,71.67,-0.0182,1.26,1.1,-0.127,21343.0,18617.0,-0.1277,26892.0,20479.0,-0.2385,116.0,196.0,0.6897
10069,DIAMOND UHT F.CREAM TP 1L,2023 - TETRAPACK LIQUID MILK,BEVERAGES,1.2,1.32,0.1,299.0,260.67,-0.1282,1.3,1.33,0.0231,26443.0,28494.0,0.0776,34376.0,37897.0,0.1024,461.0,588.0,0.2755
120076,FF UHTOMEGA COKELAT 6X110ML,2023 - TETRAPACK LIQUID MILK,BEVERAGES,1.38,2.16,0.5652,614.5,350.67,-0.4293,1.35,1.39,0.0296,25388.0,38849.0,0.5302,34274.0,54000.0,0.5755,911.0,756.0,-0.1701
120077,FF UHTOMEGA STROBERI6X110ML,2023 - TETRAPACK LIQUID MILK,BEVERAGES,1.24,1.98,0.5968,332.0,203.67,-0.3865,1.25,1.26,0.008,22650.0,35624.0,0.5728,28312.0,44886.0,0.5854,532.0,485.0,-0.0883
262540,FF UHT PF F.CREAM TP 946ML,2023 - TETRAPACK LIQUID MILK,BEVERAGES,1.23,1.32,0.0732,687.5,207.67,-0.6979,1.28,1.24,-0.0313,26770.0,27678.0,0.0339,34266.0,34321.0,0.0016,1072.0,504.0,-0.5299
262750,FF UHT PF COKELAT TP 946ML,2023 - TETRAPACK LIQUID MILK,BEVERAGES,1.32,1.29,-0.0227,205.0,74.67,-0.6358,1.23,1.14,-0.0732,28588.0,27324.0,-0.0442,35163.0,31149.0,-0.1142,333.0,196.0,-0.4114
405756,FF UHT PF COCONUT TP 946ML,2023 - TETRAPACK LIQUID MILK,BEVERAGES,1.15,1.18,0.0261,149.5,60.33,-0.5965,1.36,1.15,-0.1544,25455.0,24963.0,-0.0193,34619.0,28707.0,-0.1708,220.0,157.0,-0.2864
466031,FF UHTOMEGA PLAIN 6X110ML,2023 - TETRAPACK LIQUID MILK,BEVERAGES,1.37,4.21,2.073,119.0,133.0,0.1176,1.23,1.34,0.0894,25182.0,76422.0,2.0348,30974.0,102405.0,2.3062,194.0,297.0,0.5309
211825,GREENFIELDS UHT FC TP 950ML,2023 - TETRAPACK LIQUID MILK,BEVERAGES,1.37,1.26,-0.0803,358.5,121.0,-0.6625,1.32,1.25,-0.053,33559.0,30861.0,-0.0804,44298.0,38576.0,-0.1292,545.0,291.0,-0.4661
218144,GREENFIELDS UHT LOWFAT TP 950ML,2023 - TETRAPACK LIQUID MILK,BEVERAGES,1.13,1.14,0.0088,113.0,24.67,-0.7817,1.21,1.16,-0.0413,30835.0,29322.0,-0.0491,37310.0,34014.0,-0.0883,187.0,64.0,-0.6578
224814,GREENFIELDS UHT CHO950ML/1L(OL),2023 - TETRAPACK LIQUID MILK,BEVERAGES,4.71,,,3.5,,,1.0,,,106071.0,,,106071.0,,,7.0,,
140248,INDOMILK UHT COKELAT TP 950ML,2023 - TETRAPACK LIQUID MILK,BEVERAGES,1.29,1.1,-0.1473,174.5,70.0,-0.5989,1.29,1.19,-0.0775,24948.0,20673.0,-0.1714,32183.0,24601.0,-0.2356,271.0,176.0,-0.3506
140249,INDOMILK UHT F.CREAM TP 950ML,2023 - TETRAPACK LIQUID MILK,BEVERAGES,1.42,1.49,0.0493,704.5,205.67,-0.7081,1.35,1.35,0.0,27456.0,28338.0,0.0321,37066.0,38256.0,0.0321,1042.0,458.0,-0.5605
425651,INDOMILK COKELAT 6X115ML,2023 - TETRAPACK LIQUID MILK,BEVERAGES,1.2,1.12,-0.0667,195.5,113.0,-0.422,1.26,1.26,0.0,21151.0,19761.0,-0.0657,26650.0,24899.0,-0.0657,310.0,270.0,-0.129
425652,INDOMILK STROBERI 6X115ML,2023 - TETRAPACK LIQUID MILK,BEVERAGES,1.15,1.08,-0.0609,122.0,63.33,-0.4809,1.23,1.14,-0.0732,20222.0,19103.0,-0.0553,24873.0,21777.0,-0.1245,199.0,166.0,-0.1658
422818,MILO UHT ACTIVE-GO 4X180ML,2023 - TETRAPACK LIQUID MILK,BEVERAGES,1.18,1.13,-0.0424,49.5,42.33,-0.1448,1.39,1.15,-0.1727,25306.0,24649.0,-0.026,35175.0,28346.0,-0.1941,71.0,110.0,0.5493
426504,MILO UHT ACTIVE-GO 4X110ML,2023 - TETRAPACK LIQUID MILK,BEVERAGES,1.22,1.18,-0.0328,152.0,120.0,-0.2105,1.25,1.21,-0.032,15892.0,15383.0,-0.032,19865.0,18613.0,-0.063,243.0,297.0,0.2222
105085,ULTRA MILK UHT LOW FAT 1L(OL),2023 - TETRAPACK LIQUID MILK,BEVERAGES,1.82,,,11.0,,,1.16,,,42727.0,,,49563.0,,,19.0,,
263760,ULTRA MILK UHT LF COKELAT TP 1L,2023 - TETRAPACK LIQUID MILK,BEVERAGES,1.16,,,134.5,,,1.18,,,28827.0,,,34016.0,,,228.0,,
439479,ULTRA MILK UHT F.CREAM 750ML,2023 - TETRAPACK LIQUID MILK,BEVERAGES,1.07,1.08,0.0093,260.5,98.33,-0.6225,1.13,1.1,-0.0265,19128.0,19421.0,0.0153,21615.0,21363.0,-0.0117,460.0,268.0,-0.4174
439480,ULTRA MILK UHT COKELAT 750ML,2023 - TETRAPACK LIQUID MILK,BEVERAGES,1.08,1.01,-0.0648,102.0,37.0,-0.6373,1.13,1.19,0.0531,19368.0,18059.0,-0.0676,21886.0,21490.0,-0.0181,181.0,93.0,-0.4862
443460,ULTRA MILK UHT STROBERI 750ML,2023 - TETRAPACK LIQUID MILK,BEVERAGES,1.26,1.08,-0.1429,248.0,34.0,-0.8629,1.29,1.1,-0.1473,22484.0,19230.0,-0.1447,29004.0,21153.0,-0.2707,385.0,93.0,-0.7584
443461,ULTRA MILK UHT MOKA 750ML,2023 - TETRAPACK LIQUID MILK,BEVERAGES,1.13,1.0,-0.115,105.5,0.33,-0.9969,1.21,1.0,-0.1736,20171.0,18000.0,-0.1076,24407.0,18000.0,-0.2625,174.0,1.0,-0.9943
447159,ULTRA MILK ORGANIC FC 750ML(OL),2023 - TETRAPACK LIQUID MILK,BEVERAGES,1.73,,,151.5,,,1.32,,,67290.0,,,88823.0,,,230.0,,
6170,ULTRA MILK UHT F.CREAM TP 1L,2023 - TETRAPACK LIQUID MILK,BEVERAGES,1.67,1.47,-0.1198,1227.5,475.33,-0.6128,1.5,1.3,-0.1333,36189.0,31462.0,-0.1306,54284.0,40901.0,-0.2465,1641.0,1099.0,-0.3303
6172,ULTRA MILK UHT COKELAT TP 1L,2023 - TETRAPACK LIQUID MILK,BEVERAGES,1.36,1.22,-0.1029,446.0,164.33,-0.6315,1.36,1.28,-0.0588,29450.0,26168.0,-0.1114,40052.0,33495.0,-0.1637,655.0,384.0,-0.4137
121558,ALFAMART SELAI STROBERI CUP150G,1311 - JAM,BREAD CORNER (BC),1.02,1.02,0.0,110.5,58.0,-0.4751,1.15,1.11,-0.0348,11601.0,11269.0,-0.0286,13341.0,12509.0,-0.0624,193.0,157.0,-0.1865
121559,ALFAMART SELAI COKELAT CUP 150G,1311 - JAM,BREAD CORNER (BC),1.01,1.05,0.0396,52.0,28.0,-0.4615,1.07,1.11,0.0374,16301.0,15536.0,-0.0469,17442.0,17245.0,-0.0113,97.0,76.0,-0.2165
121561,ALFAMART SELAI KACANG CUP 120G,1311 - JAM,BREAD CORNER (BC),1.02,1.02,0.0,32.0,19.67,-0.3853,1.1,1.05,-0.0455,19195.0,18800.0,-0.0206,21114.0,19740.0,-0.0651,58.0,56.0,-0.0345
130033,ALFAMART JAM STRAWBERRY JAR225G,1311 - JAM,BREAD CORNER (BC),1.0,1.02,0.02,28.5,18.33,-0.3568,1.04,1.12,0.0769,22989.0,21027.0,-0.0853,23909.0,23550.0,-0.015,55.0,49.0,-0.1091
441352,GROUU SELAI KURMA 250G(OL),1311 - JAM,BREAD CORNER (BC),1.0,,,1.0,,,1.0,,,42900.0,,,42900.0,,,2.0,,
449083,LEAN LAB SELAI MATCHA 120G(OL),1311 - JAM,BREAD CORNER (BC),1.0,,,1.5,,,1.0,,,42900.0,,,42900.0,,,3.0,,
449085,LEAN LAB SELAI HAZELNUT120G(OL),1311 - JAM,BREAD CORNER (BC),1.0,,,0.5,,,1.0,,,42900.0,,,42900.0,,,1.0,,
449086,LOTUS BISCOFF CRUNCHY 380G (OL),1311 - JAM,BREAD CORNER (BC),1.0,,,1.5,,,1.0,,,79500.0,,,79500.0,,,3.0,,
449087,LOTUS BISCOFF SMOOTH 400G (OL),1311 - JAM,BREAD CORNER (BC),1.0,,,0.5,,,1.0,,,79500.0,,,79500.0,,,1.0,,
102274,MORIN JAM CHOCO PEANUT JAR 150G,1311 - JAM,BREAD CORNER (BC),1.0,1.02,0.02,36.0,18.33,-0.4908,1.01,1.15,0.1386,27703.0,28571.0,0.0313,27980.0,32857.0,0.1743,71.0,48.0,-0.3239
102276,MORIN JAM KAYA JAR 170G,1311 - JAM,BREAD CORNER (BC),1.02,1.0,-0.0196,40.5,17.33,-0.5721,1.12,1.08,-0.0357,22643.0,22804.0,0.0071,25360.0,24628.0,-0.0289,72.0,48.0,-0.3333
102277,MORIN JAM PINEAPPLE JAR170G(OL),1311 - JAM,BREAD CORNER (BC),1.38,,,4.0,,,1.0,,,27362.0,,,27362.0,,,8.0,,
102278,MORIN JAM STRAWBERRY JAR 170G,1311 - JAM,BREAD CORNER (BC),1.01,1.02,0.0099,58.5,30.33,-0.4815,1.12,1.17,0.0446,26228.0,27099.0,0.0332,29375.0,31706.0,0.0794,104.0,78.0,-0.25
102279,MORIN JAM PEANUT BUTTER JAR150G,1311 - JAM,BREAD CORNER (BC),1.02,1.0,-0.0196,23.5,14.67,-0.3757,1.0,1.1,0.1,26591.0,26214.0,-0.0142,26591.0,28835.0,0.0844,47.0,40.0,-0.1489
121735,MORIN JAM PANDAN JAR 170G (OL),1311 - JAM,BREAD CORNER (BC),1.0,,,2.0,,,1.0,,,20175.0,,,20175.0,,,4.0,,
405206,MORIN TOPPING STRWBERRY300G(OL),1311 - JAM,BREAD CORNER (BC),1.0,,,3.5,,,1.0,,,24543.0,,,24543.0,,,7.0,,
405209,MORIN TOPPING CHOCOLATE300G(OL),1311 - JAM,BREAD CORNER (BC),1.0,,,2.0,,,1.33,,,29900.0,,,39767.0,,,3.0,,
445331,MORIN SALTED CARAMEL 650G (OL),1311 - JAM,BREAD CORNER (BC),1.0,,,2.5,,,1.25,,,59020.0,,,73775.0,,,4.0,,
449123,MORIN KAYA KHAS MEDAN 330G(OL),1311 - JAM,BREAD CORNER (BC),1.0,,,1.0,,,1.0,,,40900.0,,,40900.0,,,2.0,,
434827,NOCCIO PNT BTR CHUNKY 340G (OL),1311 - JAM,BREAD CORNER (BC),1.0,,,1.5,,,1.5,,,48900.0,,,73350.0,,,2.0,,
426087,SKIPPY CREAMY PNT BUT JAR 170G,1311 - JAM,BREAD CORNER (BC),1.02,1.04,0.0196,54.0,17.33,-0.6791,1.09,1.08,-0.0092,31200.0,31692.0,0.0158,34008.0,34227.0,0.0064,99.0,48.0,-0.5152
427950,TONG GARDEN CRNC PNTBUT340G(OL),1311 - JAM,BREAD CORNER (BC),1.25,,,2.0,,,1.0,,,50975.0,,,50975.0,,,4.0,,
429374,TONG GARDEN PNT BUT US 340G(OL),1311 - JAM,BREAD CORNER (BC),1.0,,,2.5,,,2.5,,,44500.0,,,111250.0,,,2.0,,
123893,TROP'S JAM STRAWBERRY 375G(OL),1311 - JAM,BREAD CORNER (BC),1.0,,,2.0,,,1.0,,,89000.0,,,89000.0,,,4.0,,
449108,TROP'S MATCHA SPREAD300G(OL),1311 - JAM,BREAD CORNER (BC),1.0,,,1.0,,,1.0,,,115700.0,,,115700.0,,,2.0,,
125672,CERES SPRD DBL HZL 350G,1312 - CHOCOLATE SPREAD,BREAD CORNER (BC),1.03,1.0,-0.0291,71.5,17.33,-0.7576,1.02,1.13,0.1078,55314.0,54027.0,-0.0233,56420.0,61051.0,0.0821,140.0,46.0,-0.6714
130017,CERES CHOCO HZL BTL 180G,1312 - CHOCOLATE SPREAD,BREAD CORNER (BC),1.01,1.03,0.0198,189.5,76.33,-0.5972,1.13,1.12,-0.0088,34122.0,34652.0,0.0155,38558.0,38810.0,0.0065,336.0,205.0,-0.3899
432119,COLATTA GLAZE DARK CHO 250G(OL),1312 - CHOCOLATE SPREAD,BREAD CORNER (BC),1.11,,,4.5,,,1.0,,,22111.0,,,22111.0,,,9.0,,
432120,COLATTA GLAZE TIRAMISU 250G(OL),1312 - CHOCOLATE SPREAD,BREAD CORNER (BC),1.0,,,1.5,,,1.0,,,19900.0,,,19900.0,,,3.0,,
426603,GOLDENFIL CHOCRNCTPL1KG(FS)(OL),1312 - CHOCOLATE SPREAD,BREAD CORNER (BC),1.33,,,1.5,,,1.0,,,83867.0,,,83867.0,,,3.0,,
427285,GOLDENFIL CHOCO CRNC TPL 350G,1312 - CHOCOLATE SPREAD,BREAD CORNER (BC),1.0,1.08,0.08,49.5,40.0,-0.1919,1.03,1.07,0.0388,39548.0,42891.0,0.0845,40734.0,45893.0,0.1267,96.0,112.0,0.1667
123267,NUTELLA SPRD HZL JAR 200G,1312 - CHOCOLATE SPREAD,BREAD CORNER (BC),1.04,1.03,-0.0096,93.5,41.67,-0.5543,1.09,1.11,0.0183,50474.0,51200.0,0.0144,55017.0,56832.0,0.033,171.0,113.0,-0.3392
402429,NUTELLA SPRD HZL JAR 350G,1312 - CHOCOLATE SPREAD,BREAD CORNER (BC),1.0,,,5.5,,,1.0,,,77991.0,,,77991.0,,,11.0,,
424928,OVOMALTINE CRUNCHY CRM JAR 230G,1312 - CHOCOLATE SPREAD,BREAD CORNER (BC),1.07,1.0,-0.0654,27.0,6.33,-0.7656,1.15,1.06,-0.0783,68576.0,65774.0,-0.0409,78862.0,69720.0,-0.1159,47.0,18.0,-0.617
444849,SARI CHOCO SPREAD COKELAT 150G,1312 - CHOCOLATE SPREAD,BREAD CORNER (BC),1.01,1.0,-0.0099,63.0,38.33,-0.3916,1.07,1.11,0.0374,25951.0,25847.0,-0.004,27768.0,28690.0,0.0332,118.0,104.0,-0.1186
444850,SARI CHOCO SPREAD HAZELNUT 150G,1312 - CHOCOLATE SPREAD,BREAD CORNER (BC),1.0,,,5.0,,,1.0,,,30040.0,,,30040.0,,,10.0,,
121564,ALFAMART MEISES COKELAT 90G,1313 - CHOCO RICE,BREAD CORNER (BC),1.05,,,289.0,,,1.12,,,8150.0,,,9128.0,,,518.0,,
436196,ALFAMART CHOCO RICE MILK 90G,1313 - CHOCO RICE,BREAD CORNER (BC),1.04,,,184.5,,,1.09,,,8048.0,,,8772.0,,,338.0,,
459269,ALFAMART MESES DORAEMON CLS 90G,1313 - CHOCO RICE,BREAD CORNER (BC),,1.06,,,76.33,,,1.13,,,8759.0,,,9898.0,,,203.0,
459270,ALFAMART MESES DORAEMON MILK90G,1313 - CHOCO RICE,BREAD CORNER (BC),,1.06,,,87.0,,,1.08,,,8750.0,,,9450.0,,,241.0,
213506,CERES HAGELSLAG MILK 80G,1313 - CHOCO RICE,BREAD CORNER (BC),1.03,1.0,-0.0291,85.0,30.33,-0.6432,1.15,1.07,-0.0696,16830.0,16380.0,-0.0267,19354.0,17527.0,-0.0944,148.0,85.0,-0.4257
213507,CERES HAGELSLAG MILK140/200(OL),1313 - CHOCO RICE,BREAD CORNER (BC),1.0,,,2.5,,,1.0,,,24500.0,,,24500.0,,,5.0,,
3891,CERES HAGLSLG FSTVE 140/200(OL),1313 - CHOCO RICE,BREAD CORNER (BC),1.0,,,3.5,,,1.0,,,24500.0,,,24500.0,,,7.0,,
3892,CERES HAGELSLAG FESTIVE 80G,1313 - CHOCO RICE,BREAD CORNER (BC),1.06,1.02,-0.0377,115.5,38.67,-0.6652,1.15,1.15,0.0,15787.0,16703.0,0.058,18155.0,19208.0,0.058,201.0,101.0,-0.4975
3893,CERES HAGELSLAG CLASSIC 80G,1313 - CHOCO RICE,BREAD CORNER (BC),1.0,1.02,0.02,205.5,89.0,-0.5669,1.11,1.14,0.027,16387.0,16707.0,0.0195,18190.0,19046.0,0.0471,370.0,235.0,-0.3649
3894,CERES HAGELSLAG CLASSIC 140G,1313 - CHOCO RICE,BREAD CORNER (BC),,1.09,,,60.67,,,1.11,,,28738.0,,,31899.0,,,164.0,
3894,CERES HAGELSLAG CLASSIC140/200G,1313 - CHOCO RICE,BREAD CORNER (BC),1.06,,,176.5,,,1.23,,,27688.0,,,34056.0,,,287.0,,
437244,ANCHOR CHEDDAR 150G,1314 - CHEESE,BREAD CORNER (BC),1.05,,,21.5,,,1.05,,,29805.0,,,31295.0,,,41.0,,
413058,EMINA CHEESE MOZZA 160G,1314 - CHEESE,BREAD CORNER (BC),1.02,1.02,0.0,62.0,29.67,-0.5215,1.06,1.05,-0.0094,31238.0,31445.0,0.0066,33112.0,33017.0,-0.0029,117.0,85.0,-0.2735
424326,EMINA CHEESE MOZZA SLICE 5S,1314 - CHEESE,BREAD CORNER (BC),1.08,1.1,0.0185,198.0,47.0,-0.7626,1.13,1.03,-0.0885,15115.0,15610.0,0.0327,17080.0,16078.0,-0.0587,350.0,137.0,-0.6086
431227,EMINA CHEESE SHRED 160G,1314 - CHEESE,BREAD CORNER (BC),1.14,1.23,0.0789,191.0,135.0,-0.2932,1.18,1.22,0.0339,16153.0,17903.0,0.1083,19061.0,21842.0,0.1459,323.0,333.0,0.031
465766,FF KEJU BLOK CHEDDAR 150G,1314 - CHEESE,BREAD CORNER (BC),1.07,1.08,0.0093,74.0,17.33,-0.7658,1.08,1.02,-0.0556,21200.0,21431.0,0.0109,22896.0,21860.0,-0.0452,137.0,51.0,-0.6277
101283,KRAFT CHEDDAR 150G,1314 - CHEESE,BREAD CORNER (BC),1.28,1.22,-0.0469,89.5,34.0,-0.6201,1.19,1.09,-0.084,35664.0,34108.0,-0.0436,42440.0,37178.0,-0.124,150.0,94.0,-0.3733
112698,KRAFT QUICK MELT MOZZA 150G,1314 - CHEESE,BREAD CORNER (BC),1.06,1.01,-0.0472,63.0,23.0,-0.6349,1.08,1.03,-0.0463,34979.0,33701.0,-0.0365,37777.0,34712.0,-0.0811,117.0,67.0,-0.4274
125436,KRAFT CHEDDAR 70G,1314 - CHEESE,BREAD CORNER (BC),1.07,1.0,-0.0654,37.5,2.33,-0.9379,1.01,1.0,-0.0099,14667.0,13814.0,-0.0582,14814.0,13814.0,-0.0675,74.0,7.0,-0.9054
264209,KRAFT CHEDDAR MINI 30G,1314 - CHEESE,BREAD CORNER (BC),1.13,1.15,0.0177,97.5,68.67,-0.2957,1.06,1.13,0.066,6999.0,7038.0,0.0056,7419.0,7953.0,0.072,184.0,182.0,-0.0109
3831,KRAFT SINGLES SLICE 5S,1314 - CHEESE,BREAD CORNER (BC),1.06,,,27.0,,,1.06,,,16163.0,,,17133.0,,,51.0,,
3832,KRAFT SINGLES SLICE 10/8S,1314 - CHEESE,BREAD CORNER (BC),1.1,1.04,-0.0545,46.0,23.67,-0.4854,1.14,1.09,-0.0439,29399.0,27961.0,-0.0489,33515.0,30477.0,-0.0906,81.0,65.0,-0.1975
424933,KRAFT ALL IN 1 150G,1314 - CHEESE,BREAD CORNER (BC),1.12,1.15,0.0268,127.0,40.67,-0.6798,1.08,1.05,-0.0278,20105.0,20479.0,0.0186,21713.0,21503.0,-0.0097,235.0,116.0,-0.5064
130042,MEG KEJU SERBAGUNA 160G,1314 - CHEESE,BREAD CORNER (BC),1.16,1.14,-0.0172,252.5,53.33,-0.7888,1.14,1.08,-0.0526,16921.0,17038.0,0.0069,19290.0,18401.0,-0.0461,444.0,148.0,-0.6667
419187,MEG SERBAGUNA SLICE 10S,1314 - CHEESE,BREAD CORNER (BC),1.09,1.19,0.0917,102.0,28.67,-0.7189,1.17,1.06,-0.094,15178.0,16772.0,0.105,17758.0,17778.0,0.0011,175.0,81.0,-0.5371
121405,PROCHIZ SLICE 10S,1314 - CHEESE,BREAD CORNER (BC),1.08,1.11,0.0278,94.5,37.0,-0.6085,1.11,1.13,0.018,15864.0,16203.0,0.0214,17609.0,18309.0,0.0398,170.0,98.0,-0.4235
130028,PROCHIZ SPREADY 160G,1314 - CHEESE,BREAD CORNER (BC),1.4,1.35,-0.0357,400.0,160.67,-0.5983,1.2,1.27,0.0583,20176.0,19525.0,-0.0323,24211.0,24797.0,0.0242,668.0,379.0,-0.4326
130029,PROCHIZ GOLD 160G,1314 - CHEESE,BREAD CORNER (BC),1.2,1.21,0.0083,308.0,133.67,-0.566,1.13,1.1,-0.0265,19123.0,19356.0,0.0122,21609.0,21292.0,-0.0147,545.0,364.0,-0.3321
415467,PROCHIZ GOLD SLICE 12S,1314 - CHEESE,BREAD CORNER (BC),1.24,1.26,0.0161,298.5,104.33,-0.6505,1.22,1.14,-0.0656,16377.0,16966.0,0.036,19980.0,19341.0,-0.032,490.0,275.0,-0.4388
420832,PROCHIZ MOZZARELLA 160G,1314 - CHEESE,BREAD CORNER (BC),1.11,1.02,-0.0811,93.5,31.33,-0.6649,1.11,1.13,0.018,29598.0,27305.0,-0.0775,32854.0,30855.0,-0.0608,168.0,83.0,-0.506
432546,PROCHIZ QUICK MELT SLICE 5S,1314 - CHEESE,BREAD CORNER (BC),1.23,1.21,-0.0163,167.0,56.0,-0.6647,1.2,1.15,-0.0417,14597.0,14330.0,-0.0183,17516.0,16480.0,-0.0591,278.0,146.0,-0.4748
466427,PROCHIZ QUICKMELT 160G,1314 - CHEESE,BREAD CORNER (BC),,1.0,,,1.0,,,1.0,,,27500.0,,,27500.0,,,3.0,
435007,PUCK CREAM CHEESE JAR 140G,1314 - CHEESE,BREAD CORNER (BC),1.05,1.02,-0.0286,54.5,18.0,-0.6697,1.11,1.1,-0.009,33140.0,34872.0,0.0523,36785.0,38359.0,0.0428,98.0,49.0,-0.5
437432,WINCHEEZ CHEDDAR GOLD 170G,1314 - CHEESE,BREAD CORNER (BC),1.28,1.2,-0.0625,268.5,117.33,-0.563,1.14,1.21,0.0614,19021.0,17918.0,-0.058,21684.0,21681.0,-0.0001,473.0,291.0,-0.3848
416771,5DAYS CROISSANT CHOCOLATE 60G,6611 - BREAD,BREAD CORNER (BC),1.41,1.17,-0.1702,299.5,108.67,-0.6372,1.16,1.13,-0.0259,10497.0,8730.0,-0.1683,12177.0,9865.0,-0.1899,517.0,289.0,-0.441
416772,5DAYS CROISSANT BERRIES 60G,6611 - BREAD,BREAD CORNER (BC),1.38,1.2,-0.1304,188.5,70.33,-0.6269,1.24,1.1,-0.1129,10187.0,9001.0,-0.1164,12632.0,9901.0,-0.2162,303.0,191.0,-0.3696
427201,5DAYS CROISSANT CHEESE 60G,6611 - BREAD,BREAD CORNER (BC),1.34,1.21,-0.097,168.0,62.0,-0.631,1.13,1.16,0.0265,9924.0,9282.0,-0.0647,11214.0,10767.0,-0.0399,298.0,161.0,-0.4597
432000,5DAYS CROISSANT MINI CHOCO 128G,6611 - BREAD,BREAD CORNER (BC),,1.06,,,72.0,,,1.12,,,15952.0,,,17866.0,,,192.0,
435069,5DAYS CROIS PANDAN KAYA 60G,6611 - BREAD,BREAD CORNER (BC),1.2,1.07,-0.1083,32.5,5.0,-0.8462,1.07,1.25,0.1682,8812.0,7813.0,-0.1134,9429.0,9766.0,0.0357,61.0,12.0,-0.8033
448509,5DAYS CROISSANT CHOCO BANANA60G,6611 - BREAD,BREAD CORNER (BC),1.35,1.14,-0.1556,44.0,35.33,-0.197,1.1,1.09,-0.0091,9933.0,8425.0,-0.1518,10926.0,9183.0,-0.1595,80.0,97.0,0.2125
403951,MY ROTI SOBEK COKELAT KEJU 225G,6611 - BREAD,BREAD CORNER (BC),1.07,1.03,-0.0374,306.0,125.0,-0.5915,1.18,1.11,-0.0593,17632.0,16940.0,-0.0392,20806.0,18803.0,-0.0963,518.0,337.0,-0.3494
404215,MY ROTI TAWAR FUNWARI GANDUM 8S,6611 - BREAD,BREAD CORNER (BC),,1.0,,,0.33,,,1.0,,,19000.0,,,19000.0,,,1.0,
406287,MY ROTI ISI COKELAT 58G,6611 - BREAD,BREAD CORNER (BC),1.0,1.12,0.12,2.0,2.67,0.335,1.0,1.14,0.14,5000.0,5625.0,0.125,5000.0,6412.0,0.2824,4.0,7.0,0.75
406289,MY ROTI ISI KRIM SUSU 58G,6611 - BREAD,BREAD CORNER (BC),1.0,1.29,0.29,1.5,5.67,2.78,1.0,1.21,0.21,5000.0,6471.0,0.2942,5000.0,7830.0,0.566,3.0,14.0,3.6667
410242,MY ROTI SOBEK CKT SUSU 225G,6611 - BREAD,BREAD CORNER (BC),1.02,1.04,0.0196,103.5,57.0,-0.4493,1.11,1.07,-0.036,16899.0,17079.0,0.0107,18758.0,18275.0,-0.0257,186.0,160.0,-0.1398
410700,MY ROTI TAWAR GANDUM 10S,6611 - BREAD,BREAD CORNER (BC),,1.01,,,89.67,,,1.22,,,19212.0,,,23439.0,,,221.0,
427290,MY ROTI SW CHEESE LAVA 50G,6611 - BREAD,BREAD CORNER (BC),,1.0,,,1.67,,,1.0,,,5500.0,,,5500.0,,,5.0,
427291,MY ROTI ROLL FUNWARI COKELAT67G,6611 - BREAD,BREAD CORNER (BC),1.17,1.1,-0.0598,90.0,39.67,-0.5592,1.19,1.11,-0.0672,7033.0,6605.0,-0.0609,8369.0,7332.0,-0.1239,151.0,107.0,-0.2914
429172,MY ROTI DANISH CHOCOLATE 200G,6611 - BREAD,BREAD CORNER (BC),1.02,1.04,0.0196,120.5,129.0,0.0705,1.13,1.19,0.0531,16911.0,17140.0,0.0135,19109.0,20397.0,0.0674,214.0,325.0,0.5187
430631,MY ROTI TAWAR GANDUM FAMPACK15S,6611 - BREAD,BREAD CORNER (BC),1.01,1.0,-0.0099,72.5,96.0,0.3241,1.22,1.35,0.1066,21648.0,23000.0,0.0625,26411.0,31050.0,0.1756,119.0,213.0,0.7899
434135,MY ROTI DANISH CHEESE 200G,6611 - BREAD,BREAD CORNER (BC),1.02,1.02,0.0,52.5,55.0,0.0476,1.11,1.11,0.0,16814.0,16900.0,0.0051,18664.0,18759.0,0.0051,95.0,148.0,0.5579
437339,MY ROTI PIE CHEESE 60G,6611 - BREAD,BREAD CORNER (BC),1.2,1.12,-0.0667,139.0,45.67,-0.6714,1.19,1.13,-0.0504,8984.0,8431.0,-0.0616,10691.0,9527.0,-0.1089,233.0,121.0,-0.4807
438868,MY ROTI PIE CHOCO 60G,6611 - BREAD,BREAD CORNER (BC),1.13,1.11,-0.0177,127.0,50.0,-0.6063,1.19,1.12,-0.0588,8445.0,8300.0,-0.0172,10050.0,9296.0,-0.075,213.0,134.0,-0.3709
438892,MY ROTI TAWAR DAILY BREAD 15S,6611 - BREAD,BREAD CORNER (BC),1.04,,,769.0,,,1.32,,,16185.0,,,21364.0,,,1166.0,,
438892,MY ROTI TAWAR KLASIK 15S,6611 - BREAD,BREAD CORNER (BC),,1.05,,,255.33,,,1.29,,,16815.0,,,21691.0,,,594.0,
441226,MY ROTI DANISH ROLL CHEESE 60G,6611 - BREAD,BREAD CORNER (BC),1.04,1.04,0.0,13.5,15.0,0.1111,1.08,1.1,0.0185,7778.0,7833.0,0.0071,8400.0,8616.0,0.0257,25.0,41.0,0.64
442047,MY ROTI PIE MATCHA 60G,6611 - BREAD,BREAD CORNER (BC),1.01,1.13,0.1188,51.0,15.67,-0.6927,1.01,1.12,0.1089,7574.0,8457.0,0.1166,7650.0,9472.0,0.2382,101.0,42.0,-0.5842
443660,MY ROTI ROLL FUNWARI CHEESE 67G,6611 - BREAD,BREAD CORNER (BC),1.08,1.07,-0.0093,75.5,15.0,-0.8013,1.22,1.1,-0.0984,6477.0,6400.0,-0.0119,7902.0,7040.0,-0.1091,124.0,41.0,-0.6694
445800,MY ROTI ISI3 CKT KEJU SUSU 146G,6611 - BREAD,BREAD CORNER (BC),1.04,,,24.5,,,1.44,,,10408.0,,,14988.0,,,34.0,,
448137,MY ROTI WASSANT PANDAN 105G,6611 - BREAD,BREAD CORNER (BC),1.0,,,9.0,,,1.06,,,9500.0,,,10070.0,,,17.0,,
448203,MY ROTI PIE LEMON 67G,6611 - BREAD,BREAD CORNER (BC),1.04,1.33,0.2788,27.5,2.0,-0.9273,1.0,1.2,0.2,7773.0,10000.0,0.2865,7773.0,12000.0,0.5438,55.0,5.0,-0.9091
448204,MY ROTI TAWAR LEMBUT PRM 270G,6611 - BREAD,BREAD CORNER (BC),1.03,1.04,0.0097,175.0,195.33,0.1162,1.23,1.31,0.065,15471.0,15563.0,0.0059,19029.0,20388.0,0.0714,285.0,447.0,0.5684
448901,MY ROTI SW COKELAT 46G,6611 - BREAD,BREAD CORNER (BC),1.53,1.42,-0.0719,198.0,178.0,-0.101,1.23,1.16,-0.0569,6898.0,6404.0,-0.0716,8485.0,7429.0,-0.1245,321.0,462.0,0.4393
448905,MY ROTI SW MARGARIN MANIS 46G,6611 - BREAD,BREAD CORNER (BC),1.21,1.19,-0.0165,96.0,60.33,-0.3716,1.23,1.14,-0.0732,5438.0,5370.0,-0.0125,6689.0,6122.0,-0.0848,156.0,159.0,0.0192
450828,MY ROTI PIE STRAWBERRY 67G,6611 - BREAD,BREAD CORNER (BC),,1.18,,,20.33,,,1.07,,,8852.0,,,9472.0,,,57.0,
451436,MY ROTI PIE PINEAPPLE 67G,6611 - BREAD,BREAD CORNER (BC),,1.07,,,20.0,,,1.13,,,8000.0,,,9040.0,,,53.0,
452200,MY ROTI SW SARIKAYA 46G,6611 - BREAD,BREAD CORNER (BC),,1.1,,,40.67,,,1.03,,,4943.0,,,5091.0,,,118.0,
459612,MY ROTI SW KEJU 46G,6611 - BREAD,BREAD CORNER (BC),,1.15,,,39.0,,,1.06,,,5269.0,,,5585.0,,,110.0,
465646,MY ROTI WASSANT CHEESE 105G,6611 - BREAD,BREAD CORNER (BC),1.0,,,7.5,,,1.0,,,9500.0,,,9500.0,,,15.0,,
465988,MY ROTI TWIST CHOCO 65G,6611 - BREAD,BREAD CORNER (BC),1.07,,,37.0,,,1.06,,,6405.0,,,6789.0,,,70.0,,
660039,MY ROTI TAWAR FUNWARI 8S,6611 - BREAD,BREAD CORNER (BC),1.04,1.05,0.0096,1045.0,531.67,-0.4912,1.35,1.37,0.0148,15152.0,15405.0,0.0167,20455.0,21105.0,0.0318,1553.0,1164.0,-0.2505
660041,MY ROTI TAWAR KUPAS,6611 - BREAD,BREAD CORNER (BC),1.0,1.03,0.03,99.5,23.67,-0.7621,1.13,1.11,-0.0177,16500.0,16965.0,0.0282,18645.0,18831.0,0.01,176.0,64.0,-0.6364
660042,MY ROTI SOBEK COKELAT 225G,6611 - BREAD,BREAD CORNER (BC),1.08,1.07,-0.0093,206.0,120.33,-0.4159,1.23,1.22,-0.0081,17862.0,17734.0,-0.0072,21970.0,21635.0,-0.0152,335.0,295.0,-0.1194
660043,MY ROTI SW CHOCO LAVA 50G,6611 - BREAD,BREAD CORNER (BC),1.0,1.0,0.0,20.0,1.0,-0.95,1.08,1.0,-0.0741,5500.0,5500.0,0.0,5940.0,5500.0,-0.0741,37.0,3.0,-0.9189
121236,PAROTI KRIM MESSES 200G,6611 - BREAD,BREAD CORNER (BC),1.08,1.06,-0.0185,171.5,73.0,-0.5743,1.15,1.11,-0.0348,17259.0,16920.0,-0.0196,19848.0,18781.0,-0.0538,297.0,198.0,-0.3333
121277,PAROTI SISIR MENTEGA 140G,6611 - BREAD,BREAD CORNER (BC),1.16,1.12,-0.0345,171.5,108.67,-0.3664,1.09,1.18,0.0826,12546.0,12076.0,-0.0375,13675.0,14250.0,0.042,315.0,276.0,-0.1238
121434,PAROTI KRIM MESSES 40G,6611 - BREAD,BREAD CORNER (BC),1.11,1.26,0.1351,50.5,15.67,-0.6897,1.06,1.07,0.0094,4436.0,4777.0,0.0769,4702.0,5111.0,0.087,95.0,44.0,-0.5368
415195,PAROTI TAWAR BUNDAR (AR) 400G,6611 - BREAD,BREAD CORNER (BC),1.0,,,4.0,,,1.0,,,18000.0,,,18000.0,,,8.0,,
415196,PAROTI KRIM MESSES (AR) 200G,6611 - BREAD,BREAD CORNER (BC),1.09,1.11,0.0183,970.0,467.67,-0.5179,1.26,1.2,-0.0476,17542.0,17725.0,0.0104,22103.0,21270.0,-0.0377,1544.0,1167.0,-0.2442
415198,PAROTI SISIR MENTEGA (AR) 140G,6611 - BREAD,BREAD CORNER (BC),1.18,1.23,0.0424,585.5,282.67,-0.5172,1.21,1.2,-0.0083,12751.0,13074.0,0.0253,15429.0,15689.0,0.0169,965.0,709.0,-0.2653
419967,PAROTI CHOCO ROLL 60G,6611 - BREAD,BREAD CORNER (BC),1.15,1.17,0.0174,74.5,39.0,-0.4765,1.24,1.16,-0.0645,8034.0,8013.0,-0.0026,9962.0,9295.0,-0.067,120.0,101.0,-0.1583
422880,PAROTI BLUDER KEJU 65G,6611 - BREAD,BREAD CORNER (BC),,1.0,,,0.33,,,1.0,,,11000.0,,,11000.0,,,1.0,
439829,PAROTI SISIR COKLAT 55G,6611 - BREAD,BREAD CORNER (BC),1.08,,,61.5,,,1.06,,,7569.0,,,8023.0,,,116.0,,
440724,PAROTI PEANUT CREAM MESSES 40G,6611 - BREAD,BREAD CORNER (BC),1.13,,,22.5,,,1.18,,,4533.0,,,5349.0,,,38.0,,
440843,PAROTI BLUDERDORAEMON CKT 50G,6611 - BREAD,BREAD CORNER (BC),,1.24,,,32.0,,,1.23,,,9064.0,,,11149.0,,,78.0,
440843,PAROTI BLUDERDORAEMON CKT50/65G,6611 - BREAD,BREAD CORNER (BC),1.13,,,56.5,,,1.15,,,11757.0,,,13521.0,,,98.0,,
440844,PAROTI BLUDERDORAEMONKEJU 50G,6611 - BREAD,BREAD CORNER (BC),,1.36,,,25.0,,,1.17,,,10533.0,,,12324.0,,,64.0,
440844,PAROTI BLUDERDORAEMONKEJU50/65G,6611 - BREAD,BREAD CORNER (BC),1.11,,,54.0,,,1.09,,,12093.0,,,13181.0,,,99.0,,
440924,PAROTI KRIM MESES DORAEMON 40G,6611 - BREAD,BREAD CORNER (BC),1.29,1.54,0.1938,166.5,91.67,-0.4494,1.23,1.33,0.0813,5177.0,5818.0,0.1238,6368.0,7738.0,0.2151,271.0,207.0,-0.2362
441325,PAROTI SISIR KEJU 35G,6611 - BREAD,BREAD CORNER (BC),1.17,1.16,-0.0085,106.0,24.33,-0.7705,1.2,1.2,0.0,4660.0,4658.0,-0.0004,5592.0,5590.0,-0.0004,177.0,61.0,-0.6554
660107,PAROTI PISANG COKLAT 70G,6611 - BREAD,BREAD CORNER (BC),1.16,1.22,0.0517,87.0,43.67,-0.498,1.12,1.19,0.0625,6931.0,6990.0,0.0085,7763.0,8318.0,0.0715,156.0,110.0,-0.2949
417315,ROYAL BAKERY CKT KEJU 350G,6611 - BREAD,BREAD CORNER (BC),1.0,1.0,0.0,3.0,2.67,-0.11,1.0,1.0,0.0,23200.0,23200.0,0.0,23200.0,23200.0,0.0,6.0,8.0,0.3333
417316,ROYAL BAKERY CKT KCG HIJAU 350G,6611 - BREAD,BREAD CORNER (BC),1.0,1.0,0.0,3.5,4.0,0.1429,1.0,1.0,0.0,23200.0,23200.0,0.0,23200.0,23200.0,0.0,7.0,12.0,0.7143
660015,ROYAL BAKERY CKT BF 350G,6611 - BREAD,BREAD CORNER (BC),1.05,1.03,-0.019,19.5,12.0,-0.3846,1.22,1.06,-0.1311,24390.0,23844.0,-0.0224,29756.0,25275.0,-0.1506,32.0,34.0,0.0625
660016,ROYAL BAKERY CKT TALAS 350G,6611 - BREAD,BREAD CORNER (BC),1.13,1.03,-0.0885,11.5,11.67,0.0148,1.0,1.0,0.0,26226.0,23863.0,-0.0901,26226.0,23863.0,-0.0901,23.0,35.0,0.5217
660018,ROYAL BAKERY TAWAR 21S,6611 - BREAD,BREAD CORNER (BC),1.0,1.06,0.06,26.5,11.67,-0.5596,1.23,1.09,-0.1138,23200.0,25851.0,0.1143,28536.0,28178.0,-0.0125,43.0,32.0,-0.2558
660040,ROYAL BAKERY TAWAR KUPAS,6611 - BREAD,BREAD CORNER (BC),1.02,1.09,0.0686,61.0,39.0,-0.3607,1.3,1.23,-0.0538,26934.0,29218.0,0.0848,35014.0,35938.0,0.0264,94.0,95.0,0.0106
101069,SARI ROTI TAWAR KUPAS CALCIUM,6611 - BREAD,BREAD CORNER (BC),1.01,1.02,0.0099,417.0,207.33,-0.5028,1.16,1.2,0.0345,17737.0,18326.0,0.0332,20575.0,21991.0,0.0688,720.0,518.0,-0.2806
101070,SARI ROTI ZPR CREAMY KEJU 55G,6611 - BREAD,BREAD CORNER (BC),1.12,1.14,0.0179,133.0,71.67,-0.4611,1.14,1.14,0.0,5658.0,5698.0,0.0071,6450.0,6496.0,0.0071,234.0,188.0,-0.1966
118334,SARI ROTI SW KRIM KACANG 49G,6611 - BREAD,BREAD CORNER (BC),1.04,1.04,0.0,40.0,7.67,-0.8082,1.07,1.0,-0.0654,6200.0,6261.0,0.0098,6634.0,6261.0,-0.0562,75.0,23.0,-0.6933
118335,SARI ROTI SW COKLAT 49G,6611 - BREAD,BREAD CORNER (BC),1.33,1.36,0.0226,788.0,485.33,-0.3841,1.21,1.27,0.0496,8021.0,8215.0,0.0242,9705.0,10433.0,0.075,1306.0,1149.0,-0.1202
118979,SARI ROTI TAWAR PANDAN 370G,6611 - BREAD,BREAD CORNER (BC),,1.0,,,1.0,,,1.0,,,18000.0,,,18000.0,,,3.0,
123467,SARI ROTI SW KRIM KEJU 49G,6611 - BREAD,BREAD CORNER (BC),1.1,1.12,0.0182,148.5,83.67,-0.4366,1.11,1.09,-0.018,6645.0,6948.0,0.0456,7376.0,7573.0,0.0267,268.0,231.0,-0.1381
194678,SARI ROTI TAWAR SPECIAL,6611 - BREAD,BREAD CORNER (BC),1.01,1.01,0.0,290.0,130.67,-0.5494,1.11,1.13,0.018,15124.0,15107.0,-0.0011,16788.0,17071.0,0.0169,523.0,346.0,-0.3384
194681,SARI ROTI TAWAR GANDUM,6611 - BREAD,BREAD CORNER (BC),1.0,1.02,0.02,235.0,69.0,-0.7064,1.23,1.2,-0.0244,22195.0,22983.0,0.0355,27300.0,27580.0,0.0103,382.0,172.0,-0.5497
194683,SARI ROTI COKLAT 69G,6611 - BREAD,BREAD CORNER (BC),1.23,1.2,-0.0244,161.5,100.67,-0.3767,1.19,1.19,0.0,6146.0,5993.0,-0.0249,7314.0,7132.0,-0.0249,271.0,254.0,-0.0627
194695,SARI ROTI SOBEK CKT SRKAYA 214G,6611 - BREAD,BREAD CORNER (BC),1.01,1.03,0.0198,221.0,86.0,-0.6109,1.1,1.11,0.0091,18348.0,18779.0,0.0235,20183.0,20845.0,0.0328,401.0,232.0,-0.4214
194696,SARI ROTI SOBEK COKLAT KEJU214G,6611 - BREAD,BREAD CORNER (BC),1.02,1.05,0.0294,331.0,145.33,-0.5609,1.09,1.07,-0.0183,18557.0,19109.0,0.0297,20227.0,20447.0,0.0109,610.0,409.0,-0.3295
194697,SARI ROTI SOBEK COKLAT 214G,6611 - BREAD,BREAD CORNER (BC),1.06,1.06,0.0,586.0,287.0,-0.5102,1.16,1.14,-0.0172,19073.0,19261.0,0.0099,22125.0,21958.0,-0.0075,1009.0,755.0,-0.2517
194698,SARI ROTI KASUR SUSU 180G,6611 - BREAD,BREAD CORNER (BC),1.01,1.0,-0.0099,76.0,21.0,-0.7237,1.09,1.05,-0.0367,11161.0,11317.0,0.014,12165.0,11883.0,-0.0232,140.0,60.0,-0.5714
194699,SARI ROTI SISIR MENTEGA 155G,6611 - BREAD,BREAD CORNER (BC),1.0,1.07,0.07,61.5,23.67,-0.6151,1.02,1.04,0.0196,11041.0,11775.0,0.0665,11262.0,12246.0,0.0874,120.0,68.0,-0.4333
194700,SARI ROTI ZPR CREAMY CKT 55G,6611 - BREAD,BREAD CORNER (BC),1.14,1.13,-0.0088,109.5,57.0,-0.4795,1.15,1.1,-0.0435,5763.0,5643.0,-0.0208,6627.0,6207.0,-0.0634,191.0,156.0,-0.1832
231981,SARI ROTI COKLAT KEJU 69G,6611 - BREAD,BREAD CORNER (BC),1.14,1.14,0.0,204.5,94.67,-0.5371,1.18,1.17,-0.0085,5709.0,5687.0,-0.0039,6737.0,6654.0,-0.0123,346.0,243.0,-0.2977
261710,SARI ROTI KASUR KEJU 180G,6611 - BREAD,BREAD CORNER (BC),1.03,1.04,0.0097,303.5,114.67,-0.6222,1.11,1.13,0.018,13970.0,14391.0,0.0301,15507.0,16262.0,0.0487,546.0,305.0,-0.4414
261711,SARI ROTI SOBEK COKLAT STR 180G,6611 - BREAD,BREAD CORNER (BC),1.02,1.0,-0.0196,74.5,20.0,-0.7315,1.03,1.05,0.0194,18389.0,18000.0,-0.0212,18941.0,18900.0,-0.0022,145.0,57.0,-0.6069
412484,SARI ROTI TAWAR SPC JUMBO 555G,6611 - BREAD,BREAD CORNER (BC),1.03,1.02,-0.0097,964.5,411.33,-0.5735,1.29,1.32,0.0233,18489.0,18391.0,-0.0053,23851.0,24276.0,0.0178,1501.0,933.0,-0.3784
412485,SARI ROTI TAWAR KUPAS JUMBO300G,6611 - BREAD,BREAD CORNER (BC),1.02,1.03,0.0098,976.5,344.67,-0.647,1.37,1.3,-0.0511,20993.0,21569.0,0.0274,28760.0,28040.0,-0.025,1422.0,794.0,-0.4416
422934,SARI ROTI TAWAR MILKYSOFT 360G,6611 - BREAD,BREAD CORNER (BC),1.02,1.02,0.0,384.0,78.33,-0.796,1.12,1.09,-0.0268,13771.0,14060.0,0.021,15424.0,15325.0,-0.0064,685.0,215.0,-0.6861
426792,SARI ROTI TAWAR MSOFT JUMBO540G,6611 - BREAD,BREAD CORNER (BC),1.01,1.01,0.0,404.5,127.67,-0.6844,1.15,1.16,0.0087,17252.0,17457.0,0.0119,19840.0,20250.0,0.0207,706.0,330.0,-0.5326
427499,SARI ROTI KASUR KRIM MESSES185G,6611 - BREAD,BREAD CORNER (BC),1.04,1.08,0.0385,420.0,104.0,-0.7524,1.12,1.1,-0.0179,11965.0,12385.0,0.0351,13401.0,13624.0,0.0166,749.0,284.0,-0.6208
433340,SARI ROTI SOBEK DUO COKELAT114G,6611 - BREAD,BREAD CORNER (BC),1.01,1.08,0.0693,82.0,64.67,-0.2113,1.02,1.07,0.049,10646.0,8907.0,-0.1633,10859.0,9530.0,-0.1224,161.0,181.0,0.1242
433342,SARI ROTI SOBEK DUO CKTKEJU107G,6611 - BREAD,BREAD CORNER (BC),1.0,1.03,0.03,24.0,40.67,0.6946,1.0,1.03,0.03,11062.0,9270.0,-0.162,11062.0,9548.0,-0.1369,48.0,119.0,1.4792
440476,SARI ROTI SW ZUPERCRM CHOCO 45G,6611 - BREAD,BREAD CORNER (BC),1.13,1.16,0.0265,137.5,68.0,-0.5055,1.06,1.04,-0.0189,5655.0,5784.0,0.0228,5994.0,6015.0,0.0035,259.0,197.0,-0.2394
440477,SARI ROTI SW ZUPERCRM MOCHA 45G,6611 - BREAD,BREAD CORNER (BC),1.02,,,31.0,,,1.03,,,5081.0,,,5233.0,,,60.0,,
443459,SARI ROTI SW CHOCO BLAST 45G,6611 - BREAD,BREAD CORNER (BC),1.21,1.1,-0.0909,143.0,30.33,-0.7879,1.08,1.01,-0.0648,7280.0,6593.0,-0.0944,7862.0,6659.0,-0.153,265.0,90.0,-0.6604
443873,SARI ROTI KASUR COKELAT 200G,6611 - BREAD,BREAD CORNER (BC),1.04,1.06,0.0192,190.5,198.67,0.0429,1.06,1.14,0.0755,16110.0,16678.0,0.0353,17077.0,19013.0,0.1134,358.0,522.0,0.4581
448510,SARI ROTI SW ZPR STRAWBERRY 43G,6611 - BREAD,BREAD CORNER (BC),1.05,1.29,0.2286,10.0,146.67,13.667,1.0,1.17,0.17,5250.0,6468.0,0.232,5250.0,7568.0,0.4415,20.0,376.0,17.8
448511,SARI ROTI TAWAR KLASIK 360G,6611 - BREAD,BREAD CORNER (BC),1.0,1.02,0.02,18.5,31.67,0.7119,1.06,1.07,0.0094,12500.0,12763.0,0.021,13250.0,13656.0,0.0306,35.0,89.0,1.5429
450968,SARI ROTI CROISSANT CHOCO 70G,6611 - BREAD,BREAD CORNER (BC),,1.0,,,2.0,,,1.0,,,12000.0,,,12000.0,,,6.0,
660010,SARI ROTI SW SRIKAYA MEDAN 49G,6611 - BREAD,BREAD CORNER (BC),1.03,1.09,0.0583,91.0,46.67,-0.4871,1.08,1.09,0.0093,6137.0,6514.0,0.0614,6628.0,7100.0,0.0712,169.0,128.0,-0.2426
660049,SARI ROTI TAWAR DOUBLE SOFT360G,6611 - BREAD,BREAD CORNER (BC),1.0,1.0,0.0,67.0,27.0,-0.597,1.04,1.03,-0.0096,20735.0,20537.0,-0.0095,21564.0,21153.0,-0.0191,129.0,79.0,-0.3876
459386,AICE MOOOCHI SESAME 32G/D,6612 - CAKE,BREAD CORNER (BC),,1.72,,,9.67,,,1.16,,,8621.0,,,10000.0,,,25.0,
459387,AICE MOOOCHI CHOCOLATE 32G/D,6612 - CAKE,BREAD CORNER (BC),,1.93,,,18.0,,,1.1,,,9630.0,,,10593.0,,,49.0,
459388,AICE MOOOCHI RED BEAN 32G/D,6612 - CAKE,BREAD CORNER (BC),,1.74,,,11.67,,,1.06,,,8714.0,,,9237.0,,,33.0,
418587,MY ROTI STEAMCAKE CHEESE 80G,6612 - CAKE,BREAD CORNER (BC),1.27,1.21,-0.0472,99.5,70.67,-0.2897,1.25,1.2,-0.04,12030.0,11472.0,-0.0464,15038.0,13766.0,-0.0846,159.0,176.0,0.1069
418588,MY ROTI SOFTCAKE CHEESE 75G,6612 - CAKE,BREAD CORNER (BC),1.07,1.16,0.0841,41.5,28.67,-0.3092,1.09,1.25,0.1468,10187.0,11047.0,0.0844,11104.0,13809.0,0.2436,76.0,69.0,-0.0921
422776,MY ROTI STEAMCAKE CHOCO 80G,6612 - CAKE,BREAD CORNER (BC),1.27,1.39,0.0945,102.0,63.33,-0.3791,1.39,1.47,0.0576,12061.0,13200.0,0.0944,16765.0,19404.0,0.1574,147.0,129.0,-0.1224
432615,MY ROTI STEAMCAKE REDVEL CHS71G,6612 - CAKE,BREAD CORNER (BC),1.09,1.22,0.1193,45.5,24.67,-0.4578,1.18,1.28,0.0847,10335.0,11554.0,0.1179,12195.0,14789.0,0.2127,77.0,58.0,-0.2468
434809,MY ROTI STEAMCAKE PUTU PND 71G,6612 - CAKE,BREAD CORNER (BC),1.15,1.17,0.0174,66.0,45.67,-0.308,1.17,1.22,0.0427,10939.0,11234.0,0.027,12799.0,13705.0,0.0708,113.0,112.0,-0.0088
436838,MY ROTI STEAMCAKE BANANA 80G,6612 - CAKE,BREAD CORNER (BC),1.27,1.14,-0.1024,43.0,28.33,-0.3412,1.54,1.29,-0.1623,12041.0,10841.0,-0.0997,18543.0,13985.0,-0.2458,56.0,66.0,0.1786
441981,MY ROTI STEAMCAKE STRAWBERRY80G,6612 - CAKE,BREAD CORNER (BC),1.02,1.0,-0.0196,24.5,3.33,-0.8641,1.26,1.11,-0.119,9694.0,9500.0,-0.02,12214.0,10545.0,-0.1366,39.0,9.0,-0.7692
445971,MY ROTI STEAMCAKE MANGO COCO71G,6612 - CAKE,BREAD CORNER (BC),1.04,,,24.0,,,1.3,,,9896.0,,,12865.0,,,37.0,,
450926,MY ROTI STEAMCAKE CHS CHO 71G,6612 - CAKE,BREAD CORNER (BC),,1.16,,,30.67,,,1.21,,,11049.0,,,13369.0,,,76.0,
451883,MY ROTI STEAMCAKE STR CHOCO 71G,6612 - CAKE,BREAD CORNER (BC),,1.25,,,36.67,,,1.34,,,11918.0,,,15970.0,,,82.0,
402525,PAROTI CHEESE CAKE BANANA 80G,6612 - CAKE,BREAD CORNER (BC),,1.0,,,0.33,,,1.0,,,9500.0,,,9500.0,,,1.0,
441326,PAROTI STEAM CAKE CHEESE ORI60G,6612 - CAKE,BREAD CORNER (BC),,1.22,,,21.0,,,1.15,,,10746.0,,,12358.0,,,55.0,
465865,PAROTI DORAYAKI COKELAT 65G,6612 - CAKE,BREAD CORNER (BC),1.15,1.33,0.1565,10.0,10.0,0.0,1.11,1.07,-0.036,6900.0,7817.0,0.1329,7659.0,8364.0,0.092,18.0,28.0,0.5556
465911,PAROTI STEAM CAKE DBL CHOCO 35G,6612 - CAKE,BREAD CORNER (BC),1.57,1.5,-0.0446,3.5,45.0,11.8571,1.17,1.41,0.2051,6286.0,5556.0,-0.1161,7355.0,7834.0,0.0651,6.0,96.0,15.0
465912,PAROTI STEAM CAKE BANANA 60G,6612 - CAKE,BREAD CORNER (BC),,1.22,,,92.33,,,1.34,,,8578.0,,,11495.0,,,206.0,
403563,SARI KUE BAMKUHEN ORI 45G,6612 - CAKE,BREAD CORNER (BC),1.1,1.16,0.0545,49.5,25.67,-0.4814,1.18,1.2,0.0169,11576.0,12273.0,0.0602,13660.0,14728.0,0.0782,84.0,64.0,-0.2381
407114,SARI KUE BAMKUHEN COKELAT 45G,6612 - CAKE,BREAD CORNER (BC),1.04,1.05,0.0096,47.5,19.0,-0.6,1.09,1.19,0.0917,10942.0,11053.0,0.0101,11927.0,13153.0,0.1028,87.0,48.0,-0.4483
412474,SARI KUE CHEESE CAKE ORI 70G,6612 - CAKE,BREAD CORNER (BC),1.06,1.16,0.0943,42.0,15.0,-0.6429,1.15,1.07,-0.0696,10065.0,10978.0,0.0907,11575.0,11746.0,0.0148,73.0,42.0,-0.4247
435008,SARI KUE DORAYAKI CHO PEANUT54G,6612 - CAKE,BREAD CORNER (BC),1.19,,,38.5,,,1.07,,,7169.0,,,7671.0,,,72.0,,
440479,SARI KUE SOFT CAKE PUTU PND 65G,6612 - CAKE,BREAD CORNER (BC),1.0,1.0,0.0,25.5,4.0,-0.8431,1.11,1.0,-0.0991,9500.0,9500.0,0.0,10545.0,9500.0,-0.0991,46.0,12.0,-0.7391
441227,SARI KUE DORAYAKI STRAWBERRY50G,6612 - CAKE,BREAD CORNER (BC),1.18,1.12,-0.0508,151.5,68.67,-0.5467,1.27,1.16,-0.0866,7089.0,6699.0,-0.055,9003.0,7771.0,-0.1368,238.0,178.0,-0.2521
443707,SARI KUE CHEESE CAKE STR 70G,6612 - CAKE,BREAD CORNER (BC),1.05,1.03,-0.019,41.5,13.0,-0.6867,1.17,1.05,-0.1026,9958.0,9744.0,-0.0215,11651.0,10231.0,-0.1219,71.0,37.0,-0.4789
448454,SARI KUE DORAYAKI PND KAYA 53G,6612 - CAKE,BREAD CORNER (BC),1.09,1.1,0.0092,92.5,21.0,-0.773,1.06,1.07,0.0094,6551.0,6571.0,0.0031,6944.0,7031.0,0.0125,174.0,59.0,-0.6609
448515,SARI KUE WAFFLE ORI 35G,6612 - CAKE,BREAD CORNER (BC),1.0,1.3,0.3,1.5,79.0,51.6667,1.0,1.11,0.11,5000.0,6477.0,0.2954,5000.0,7189.0,0.4378,3.0,213.0,70.0
448516,SARI KUE CHEESECAKE SALTCRML70G,6612 - CAKE,BREAD CORNER (BC),1.04,,,25.5,,,1.06,,,9873.0,,,10465.0,,,48.0,,
448676,SARI KUE CUPCAKE VNL COCO 6X15G,6612 - CAKE,BREAD CORNER (BC),1.0,,,0.5,,,1.0,,,22000.0,,,22000.0,,,1.0,,
450478,SARI KUE CUPCAKE VNL COCONUT50G,6612 - CAKE,BREAD CORNER (BC),1.0,1.0,0.0,2.5,1.33,-0.468,1.0,1.0,0.0,6000.0,6000.0,0.0,6000.0,6000.0,0.0,5.0,4.0,-0.2
465648,SARI KUE DORAYAKI MARTABAK 53G,6612 - CAKE,BREAD CORNER (BC),1.09,1.15,0.055,66.0,13.33,-0.798,1.1,1.0,-0.0909,6545.0,6900.0,0.0542,7200.0,6900.0,-0.0417,120.0,40.0,-0.6667
660148,SARI KUE DORAYAKI COKLAT 55G,6612 - CAKE,BREAD CORNER (BC),1.28,1.26,-0.0156,353.0,231.0,-0.3456,1.18,1.18,0.0,7673.0,7587.0,-0.0112,9054.0,8953.0,-0.0112,598.0,588.0,-0.0167
466032,EXTRA JOSS ULTIMATE CAN 250ML,1111 - ENERGY DRINK,CHILLER,1.73,1.23,-0.289,31.0,15.67,-0.4945,1.19,1.07,-0.1008,14669.0,10489.0,-0.285,17456.0,11223.0,-0.3571,52.0,44.0,-0.1538
137399,HEMAVITON ENERGY DRINK BTL150ML,1111 - ENERGY DRINK,CHILLER,1.51,1.19,-0.2119,37.0,31.33,-0.1532,1.19,1.13,-0.0504,10266.0,8115.0,-0.2095,12217.0,9170.0,-0.2494,62.0,83.0,0.3387
6140,KRATINGDAENG BTL 150ML,1111 - ENERGY DRINK,CHILLER,1.52,1.16,-0.2368,55.5,48.67,-0.1231,1.42,1.3,-0.0845,9841.0,7656.0,-0.222,13974.0,9953.0,-0.2877,78.0,112.0,0.4359
6157,KRATINGDAENG SUPER BTL 150ML,1111 - ENERGY DRINK,CHILLER,1.12,1.02,-0.0893,12.0,13.33,0.1108,1.09,1.21,0.1101,9288.0,8400.0,-0.0956,10124.0,10164.0,0.004,22.0,33.0,0.5
400060,M-150 ENERGY DRINK CAN 250ML,1111 - ENERGY DRINK,CHILLER,1.2,1.0,-0.1667,5.0,1.33,-0.734,1.0,1.0,0.0,10080.0,8450.0,-0.1617,10080.0,8450.0,-0.1617,10.0,4.0,-0.6
6139,M-150 ENERGY DRINK BTL 150ML,1111 - ENERGY DRINK,CHILLER,1.42,1.12,-0.2113,16.5,5.33,-0.677,1.22,1.07,-0.123,9385.0,7956.0,-0.1523,11450.0,8513.0,-0.2565,27.0,15.0,-0.4444
262620,NEO HORMOVITON PASAK BUMI 150ML,1111 - ENERGY DRINK,CHILLER,1.23,1.2,-0.0244,24.0,16.67,-0.3054,1.2,1.25,0.0417,7987.0,7942.0,-0.0056,9584.0,9928.0,0.0359,40.0,40.0,0.0
112898,RED BULL ENERGY DRINK CAN 250ML,1111 - ENERGY DRINK,CHILLER,1.0,1.11,0.11,11.0,3.0,-0.7273,1.16,1.0,-0.1379,25086.0,29611.0,0.1804,29100.0,29611.0,0.0176,19.0,9.0,-0.5263
990146,RED BULL GOLD CAN 250ML,1111 - ENERGY DRINK,CHILLER,1.05,1.08,0.0286,19.5,13.33,-0.3164,1.05,1.11,0.0571,9326.0,9622.0,0.0317,9792.0,10680.0,0.0907,37.0,36.0,-0.027
432876,A&W SARSAPARILA CAN 250ML,1112 - CARBONATED DRINK,CHILLER,1.24,1.15,-0.0726,39.0,17.67,-0.5469,1.15,1.02,-0.113,8678.0,8026.0,-0.0751,9980.0,8187.0,-0.1797,68.0,52.0,-0.2353
459389,AMO SUSU SODA ORI PET 200ML,1112 - CARBONATED DRINK,CHILLER,,2.17,,,4.0,,,1.0,,,9750.0,,,9750.0,,,12.0,
459390,AMO SUSU SODA STR PET 200ML,1112 - CARBONATED DRINK,CHILLER,,1.17,,,4.0,,,1.0,,,5250.0,,,5250.0,,,12.0,
120555,BIG COLA PET 1.6/1L,1112 - CARBONATED DRINK,CHILLER,1.0,,,1.0,,,1.0,,,13400.0,,,13400.0,,,2.0,,
120555,BIG COLA PET 1L (F),1112 - CARBONATED DRINK,CHILLER,,2.14,,,2.33,,,1.75,,,19814.0,,,34674.0,,,4.0,
120556,BIG STRAWBERRY PET 1L (F),1112 - CARBONATED DRINK,CHILLER,,1.57,,,2.33,,,1.17,,,14871.0,,,17399.0,,,6.0,
448656,BIG RASA NIPIS MADU PET 350ML,1112 - CARBONATED DRINK,CHILLER,,1.12,,,22.67,,,1.1,,,4385.0,,,4824.0,,,62.0,
990027,BIG LEMON PET 1L (F),1112 - CARBONATED DRINK,CHILLER,,1.57,,,2.33,,,1.17,,,14871.0,,,17399.0,,,6.0,
435574,CHIFOREST SPRK PEACH PET 480ML,1112 - CARBONATED DRINK,CHILLER,1.27,1.06,-0.1654,30.0,17.33,-0.4223,1.28,1.04,-0.1875,12240.0,9690.0,-0.2083,15667.0,10078.0,-0.3567,47.0,50.0,0.0638
435575,CHIFOREST SPRK LYCHEE PET480ML,1112 - CARBONATED DRINK,CHILLER,1.1,1.02,-0.0727,20.0,16.67,-0.1665,1.08,1.09,0.0093,10565.0,9430.0,-0.1074,11410.0,10279.0,-0.0991,37.0,46.0,0.2432
443621,CHIFOREST SPRK GRAPE PET 480ML,1112 - CARBONATED DRINK,CHILLER,1.06,1.02,-0.0377,25.5,18.33,-0.2812,1.09,1.06,-0.0275,10555.0,9318.0,-0.1172,11505.0,9877.0,-0.1415,47.0,52.0,0.1064
466953,CHIFOREST SPRKBAMBOO GRPFR450ML,1112 - CARBONATED DRINK,CHILLER,1.0,1.0,0.0,7.0,12.67,0.81,1.0,1.36,0.36,9486.0,9342.0,-0.0152,9486.0,12705.0,0.3393,14.0,28.0,1.0
109618,COCA COLA ZERO SUGAR CAN 250ML,1112 - CARBONATED DRINK,CHILLER,1.5,1.07,-0.2867,8.0,5.0,-0.375,1.0,1.0,0.0,10262.0,7447.0,-0.2743,10262.0,7447.0,-0.2743,16.0,15.0,-0.0625
115701,COCA COLA PET 1L,1112 - CARBONATED DRINK,CHILLER,1.12,1.26,0.125,109.0,54.33,-0.5016,1.18,1.16,-0.0169,11946.0,13436.0,0.1247,14096.0,15586.0,0.1057,184.0,141.0,-0.2337
436814,COCA COLA ZERO SUGAR PET 390ML,1112 - CARBONATED DRINK,CHILLER,1.74,1.14,-0.3448,65.5,17.0,-0.7405,1.17,1.02,-0.1282,10444.0,7006.0,-0.3292,12219.0,7146.0,-0.4152,112.0,50.0,-0.5536
440249,(CTN)COCA COLA CAN 24X250ML(OL),1112 - CARBONATED DRINK,CHILLER,1.0,,,0.5,,,1.0,,,139900.0,,,139900.0,,,1.0,,
441517,COCA COLA ZERO PET 1L,1112 - CARBONATED DRINK,CHILLER,1.16,1.11,-0.0431,61.5,32.33,-0.4743,1.17,1.11,-0.0513,12200.0,11923.0,-0.0227,14274.0,13235.0,-0.0728,105.0,87.0,-0.1714
441892,CCDIBZR ALFAGIFTCRBNTD CAN250ML,1112 - CARBONATED DRINK,CHILLER,1.0,,,16.0,,,1.07,,,6200.0,,,6634.0,,,30.0,,
441893,CCDIBZR ALFAGIFTCRBNTD PET250ML,1112 - CARBONATED DRINK,CHILLER,1.0,,,11.5,,,1.28,,,3500.0,,,4480.0,,,18.0,,
452245,COCA COLA ZEROSGR VNL PET 390ML,1112 - CARBONATED DRINK,CHILLER,,1.16,,,14.33,,,1.08,,,7012.0,,,7573.0,,,40.0,
5937,COCA COLA PET 1.5L,1112 - CARBONATED DRINK,CHILLER,1.5,,,58.0,,,1.23,,,22481.0,,,27652.0,,,94.0,,
5937,COCA COLA PET 1.5L (F),1112 - CARBONATED DRINK,CHILLER,,1.17,,,2.0,,,1.0,,,18600.0,,,18600.0,,,6.0,
891804,CCDI BAZAR CARBONATED 390ML,1112 - CARBONATED DRINK,CHILLER,1.0,,,1.0,,,1.0,,,5000.0,,,5000.0,,,2.0,,
990090,COCA COLA PET 250ML,1112 - CARBONATED DRINK,CHILLER,1.48,1.22,-0.1757,41.0,26.33,-0.3578,1.41,1.03,-0.2695,5421.0,4681.0,-0.1365,7644.0,4821.0,-0.3693,58.0,77.0,0.3276
990291,COCA COLA PET 390ML,1112 - CARBONATED DRINK,CHILLER,1.43,1.12,-0.2168,83.5,33.33,-0.6008,1.26,1.16,-0.0794,8650.0,7092.0,-0.1801,10899.0,8227.0,-0.2452,133.0,86.0,-0.3534
115702,FANTA STROBERI PET 1L,1112 - CARBONATED DRINK,CHILLER,1.26,1.31,0.0397,104.5,44.67,-0.5725,1.07,1.08,0.0093,13467.0,13914.0,0.0332,14410.0,15027.0,0.0428,196.0,124.0,-0.3673
222458,FANTA FRUIT PUNCH PET 1.5L,1112 - CARBONATED DRINK,CHILLER,1.24,,,20.5,,,1.41,,,18593.0,,,26216.0,,,29.0,,
222458,FANTA FRUIT PUNCH PET 1.5L (F),1112 - CARBONATED DRINK,CHILLER,,2.0,,,1.67,,,1.0,,,32100.0,,,32100.0,,,5.0,
404696,FANTA ORANGE PET 390ML,1112 - CARBONATED DRINK,CHILLER,1.33,1.0,-0.2481,3.0,1.0,-0.6667,1.0,1.0,0.0,8000.0,5200.0,-0.35,8000.0,5200.0,-0.35,6.0,3.0,-0.5
413652,FANTA GRAPE PET 390ML,1112 - CARBONATED DRINK,CHILLER,1.26,1.13,-0.1032,27.0,17.33,-0.3581,1.04,1.16,0.1154,7567.0,6952.0,-0.0813,7870.0,8064.0,0.0247,52.0,45.0,-0.1346
442055,FANTA JERUK PET 1L,1112 - CARBONATED DRINK,CHILLER,1.21,1.13,-0.0661,21.0,33.33,0.5871,1.08,1.08,0.0,12907.0,12134.0,-0.0599,13940.0,13105.0,-0.0599,39.0,93.0,1.3846
465752,FANTA ZERO STRAWBERRY PET 390ML,1112 - CARBONATED DRINK,CHILLER,1.42,1.06,-0.2535,44.5,11.33,-0.7454,1.1,1.03,-0.0636,8494.0,6529.0,-0.2313,9343.0,6725.0,-0.2802,81.0,33.0,-0.5926
5940,FANTA STRAWBERRY PET 1.5L,1112 - CARBONATED DRINK,CHILLER,1.19,,,33.5,,,1.05,,,18015.0,,,18916.0,,,64.0,,
5940,FANTA STRAWBERRY PET 1.5L (F),1112 - CARBONATED DRINK,CHILLER,,12.0,,,0.33,,,1.0,,,194400.0,,,194400.0,,,1.0,
990092,FANTA STRAWBERRY PET 250ML,1112 - CARBONATED DRINK,CHILLER,1.39,1.0,-0.2806,16.5,0.33,-0.98,1.03,1.0,-0.0291,5142.0,3300.0,-0.3582,5296.0,3300.0,-0.3769,32.0,1.0,-0.9688
990293,FANTA STRAWBERRY PET 390ML,1112 - CARBONATED DRINK,CHILLER,1.34,1.19,-0.1119,25.0,10.33,-0.5868,1.04,1.07,0.0288,8128.0,7297.0,-0.1022,8453.0,7808.0,-0.0763,48.0,29.0,-0.3958
465726,KENANGAN SPARKS PEACH CAN 250ML,1112 - CARBONATED DRINK,CHILLER,1.69,,,17.5,,,1.17,,,12306.0,,,14398.0,,,30.0,,
465727,KENANGAN SPARKS LYCHEE CAN250ML,1112 - CARBONATED DRINK,CHILLER,1.47,2.0,0.3605,24.5,1.67,-0.9318,1.48,1.25,-0.1554,10727.0,14600.0,0.3611,15876.0,18250.0,0.1495,33.0,4.0,-0.8788
438350,NIPIS MADU LIME SODA PET 330ML,1112 - CARBONATED DRINK,CHILLER,1.78,1.65,-0.073,240.5,96.0,-0.6008,1.2,1.15,-0.0417,7356.0,7034.0,-0.0438,8827.0,8089.0,-0.0836,402.0,251.0,-0.3756
990113,POLARIS SODA WATER 330ML,1112 - CARBONATED DRINK,CHILLER,1.43,,,10.5,,,1.0,,,9476.0,,,9476.0,,,21.0,,
444499,CCDI BZR ALFAGIFT CARBNTD 1L,1112 - CARBONATED DRINK,CHILLER,1.0,,,316.0,,,1.49,,,10000.0,,,14900.0,,,425.0,,
892561,CCDI BZR ALFAGIFT WTRLYMN 425ML,1112 - CARBONATED DRINK,CHILLER,1.0,,,45.5,,,1.11,,,5000.0,,,5550.0,,,82.0,,
892564,CCDI BZR ALFAGIFT CARBNTD 390ML,1112 - CARBONATED DRINK,CHILLER,1.06,,,2571.5,,,2.03,,,6125.0,,,12434.0,,,2534.0,,
892567,CCDI BZR ALFAGIFT CARBNTD 1.5L,1112 - CARBONATED DRINK,CHILLER,1.04,,,846.5,,,1.6,,,15629.0,,,25006.0,,,1057.0,,
115703,SPRITE LEMON PET 1L,1112 - CARBONATED DRINK,CHILLER,1.29,1.28,-0.0078,42.0,38.67,-0.0793,1.06,1.06,0.0,13573.0,13897.0,0.0239,14387.0,14731.0,0.0239,79.0,109.0,0.3797
416388,SPRITE WATERLYMON PET 425ML,1112 - CARBONATED DRINK,CHILLER,1.02,1.03,0.0098,22.5,10.0,-0.5556,1.07,1.03,-0.0374,5373.0,6137.0,0.1422,5749.0,6321.0,0.0995,42.0,29.0,-0.3095
438541,SPRITE ZERO SUGAR PET 390ML,1112 - CARBONATED DRINK,CHILLER,1.31,1.08,-0.1756,43.0,20.0,-0.5349,1.05,1.05,0.0,8023.0,6670.0,-0.1686,8424.0,7004.0,-0.1686,82.0,57.0,-0.3049
440250,(CTN)SPRITE CAN 24X250ML(OL),1112 - CARBONATED DRINK,CHILLER,1.0,,,1.0,,,2.0,,,139900.0,,,279800.0,,,1.0,,
441518,SPRITE ZERO LEMON PET 1L,1112 - CARBONATED DRINK,CHILLER,1.22,1.08,-0.1148,36.0,30.0,-0.1667,1.06,1.14,0.0755,12947.0,11516.0,-0.1105,13724.0,13128.0,-0.0434,68.0,79.0,0.1618
5945,SPRITE PET 1.5L,1112 - CARBONATED DRINK,CHILLER,1.58,,,62.5,,,1.09,,,23881.0,,,26030.0,,,115.0,,
990091,SPRITE PET 250ML,1112 - CARBONATED DRINK,CHILLER,1.28,1.25,-0.0234,42.5,18.67,-0.5607,1.23,1.04,-0.1545,4787.0,4893.0,0.0221,5888.0,5089.0,-0.1357,69.0,54.0,-0.2174
990292,SPRITE PET 390ML,1112 - CARBONATED DRINK,CHILLER,1.27,1.11,-0.126,61.5,40.67,-0.3387,1.03,1.04,0.0097,7637.0,7025.0,-0.0801,7866.0,7306.0,-0.0712,119.0,117.0,-0.0168
429596,TEBS SPARK LEMON LIME PET 300ML,1112 - CARBONATED DRINK,CHILLER,1.0,,,0.5,,,1.0,,,5000.0,,,5000.0,,,1.0,,
445392,TEBS ZERO SPARK LYCHEE PET300ML,1112 - CARBONATED DRINK,CHILLER,1.36,,,32.0,,,1.19,,,5302.0,,,6309.0,,,54.0,,
447620,ALFA AIR CLAIRINE8+ PET 450ML,1113 - MINERAL WATER,CHILLER,1.32,1.31,-0.0076,18.5,17.33,-0.0632,1.16,1.16,0.0,6062.0,5556.0,-0.0835,7032.0,6445.0,-0.0835,32.0,45.0,0.4062
432228,ALFA AIR MNRL DISNEY PET 330ML,1113 - MINERAL WATER,CHILLER,13.16,5.03,-0.6178,162.5,81.33,-0.4995,1.37,1.35,-0.0146,26622.0,9158.0,-0.656,36472.0,12363.0,-0.661,237.0,181.0,-0.2363
438877,ALFAMART AIR MNRL PET 600ML,1113 - MINERAL WATER,CHILLER,7.62,2.4,-0.685,470.0,252.67,-0.4624,1.35,1.4,0.037,16480.0,5295.0,-0.6787,22248.0,7413.0,-0.6668,696.0,543.0,-0.2198
438879,ALFAMART AIR MNRL PET 1500ML,1113 - MINERAL WATER,CHILLER,3.51,1.61,-0.5413,511.0,209.0,-0.591,1.45,1.43,-0.0138,17060.0,7455.0,-0.563,24737.0,10661.0,-0.569,705.0,438.0,-0.3787
440725,ALFA AIR MNRL DISNEY FT 450ML,1113 - MINERAL WATER,CHILLER,1.33,1.59,0.1955,81.0,36.33,-0.5515,1.12,1.11,-0.0089,5424.0,5296.0,-0.0236,6075.0,5879.0,-0.0323,145.0,98.0,-0.3241
465668,ALFA AIR MNRL DISNEY PET 600ML,1113 - MINERAL WATER,CHILLER,6.47,2.76,-0.5734,106.5,131.67,0.2363,1.22,1.31,0.0738,17430.0,6356.0,-0.6353,21265.0,8326.0,-0.6085,175.0,301.0,0.72
125034,AQUA CLICKGO AIR MNRL PET 750ML,1113 - MINERAL WATER,CHILLER,1.28,1.06,-0.1719,81.5,47.0,-0.4233,1.1,1.04,-0.0545,9703.0,8552.0,-0.1186,10673.0,8894.0,-0.1667,148.0,135.0,-0.0878
142579,AQUA AIR MNRL PET 330ML,1113 - MINERAL WATER,CHILLER,8.27,4.58,-0.4462,61.5,27.0,-0.561,1.07,1.03,-0.0374,26354.0,14770.0,-0.4396,28199.0,15213.0,-0.4605,115.0,79.0,-0.313
416538,AQUA AIR MNRL PET 1100ML,1113 - MINERAL WATER,CHILLER,1.21,1.08,-0.1074,16.5,4.0,-0.7576,1.06,1.0,-0.0566,11297.0,11308.0,0.001,11975.0,11308.0,-0.0557,31.0,12.0,-0.6129
5867,AQUA AIR MNRL PET 1500ML,1113 - MINERAL WATER,CHILLER,2.0,1.65,-0.175,348.0,171.67,-0.5067,1.32,1.29,-0.0227,13704.0,11744.0,-0.143,18089.0,15150.0,-0.1625,527.0,398.0,-0.2448
5868,AQUA AIR MNRL PET 600ML,1113 - MINERAL WATER,CHILLER,2.91,2.36,-0.189,635.5,445.67,-0.2987,1.28,1.28,0.0,11138.0,9093.0,-0.1836,14257.0,11639.0,-0.1836,995.0,1047.0,0.0523
466601,AQUVIVA AIR MNRL 700ML,1113 - MINERAL WATER,CHILLER,1.58,1.34,-0.1519,271.5,192.0,-0.2928,1.2,1.22,0.0167,5554.0,4833.0,-0.1298,6665.0,5896.0,-0.1154,453.0,474.0,0.0464
466602,AQUVIVA AIR MNRL 1600ML,1113 - MINERAL WATER,CHILLER,1.54,1.17,-0.2403,88.0,105.0,0.1932,1.17,1.18,0.0085,9815.0,7733.0,-0.2121,11484.0,9125.0,-0.2054,151.0,268.0,0.7748
414936,CRYSTALIN AIR MNRL PET 600ML,1113 - MINERAL WATER,CHILLER,1.89,1.61,-0.1481,213.5,141.67,-0.3364,1.16,1.18,0.0172,6436.0,5117.0,-0.2049,7466.0,6038.0,-0.1913,367.0,361.0,-0.0163
429184,CRYSTALIN AIR MNRL PET 1500ML,1113 - MINERAL WATER,CHILLER,2.08,1.31,-0.3702,303.0,33.67,-0.8889,1.62,1.1,-0.321,12706.0,7996.0,-0.3707,20584.0,8796.0,-0.5727,374.0,92.0,-0.754
443868,(CTN)CRYSTALIN AIR 24X330ML(OL),1113 - MINERAL WATER,CHILLER,1.39,,,11.5,,,1.35,,,56752.0,,,76615.0,,,17.0,,
449101,(CTN)CRYSTALIN AIR24X600ML(OL),1113 - MINERAL WATER,CHILLER,1.73,,,5.5,,,1.1,,,88091.0,,,96900.0,,,10.0,,
449102,(CTN)CRYSTALIN AIR12X1500ML(OL),1113 - MINERAL WATER,CHILLER,1.4,,,10.0,,,1.11,,,73825.0,,,81946.0,,,18.0,,
424932,ETERNAL PLUS WTR PET 500ML,1113 - MINERAL WATER,CHILLER,1.21,1.53,0.2645,16.5,10.67,-0.3533,1.1,1.07,-0.0273,11267.0,14747.0,0.3089,12394.0,15779.0,0.2731,30.0,30.0,0.0
466900,JIWATER AIR MNRL PET 500ML,1113 - MINERAL WATER,CHILLER,1.35,1.38,0.0222,10.0,59.33,4.933,1.18,1.21,0.0254,6075.0,6219.0,0.0237,7168.0,7525.0,0.0498,17.0,147.0,7.6471
403624,LE MINERALE AIR MNRL PET 330ML,1113 - MINERAL WATER,CHILLER,10.41,4.41,-0.5764,92.0,35.33,-0.616,1.1,1.06,-0.0364,33578.0,15291.0,-0.5446,36936.0,16208.0,-0.5612,167.0,100.0,-0.4012
404759,LE MINERALE AIR MNRL PET 1500ML,1113 - MINERAL WATER,CHILLER,2.42,1.52,-0.3719,517.5,224.0,-0.5671,1.39,1.34,-0.036,16084.0,11009.0,-0.3155,22357.0,14752.0,-0.3402,744.0,501.0,-0.3266
990055,LE MINERALE AIR MNRL PET 600ML,1113 - MINERAL WATER,CHILLER,2.69,2.18,-0.1896,823.5,567.33,-0.3111,1.21,1.28,0.0579,10137.0,8401.0,-0.1713,12266.0,10753.0,-0.1233,1361.0,1333.0,-0.0206
101642,NPL AIR MNRL PET 600ML,1113 - MINERAL WATER,CHILLER,2.32,1.8,-0.2241,302.0,194.67,-0.3554,1.21,1.2,-0.0083,8784.0,7081.0,-0.1939,10629.0,8497.0,-0.2006,499.0,488.0,-0.022
101643,NPL AIR MNRL PET 1500ML,1113 - MINERAL WATER,CHILLER,2.95,1.53,-0.4814,256.5,66.33,-0.7414,1.52,1.14,-0.25,20120.0,11392.0,-0.4338,30582.0,12987.0,-0.5753,337.0,175.0,-0.4807
115008,PRIMA AIR MNRL PET 600ML,1113 - MINERAL WATER,CHILLER,3.72,2.55,-0.3145,240.0,126.33,-0.4736,1.33,1.23,-0.0752,11279.0,7769.0,-0.3112,15001.0,9556.0,-0.363,361.0,307.0,-0.1496
448071,(CTN)PRIMA AIR MNRL24X330ML(OL),1113 - MINERAL WATER,CHILLER,1.09,,,5.5,,,1.1,,,43127.0,,,47440.0,,,10.0,,
448072,(CTN)PRIMA AIR MNRL24X600ML(OL),1113 - MINERAL WATER,CHILLER,1.71,,,3.5,,,1.0,,,81857.0,,,81857.0,,,7.0,,
125548,PRISTINE 8.6+ WTR PET 600ML(OL),1113 - MINERAL WATER,CHILLER,,72.0,,,0.33,,,1.0,,,352800.0,,,352800.0,,,1.0,
427222,PRISTINE 8.6+ WTR PET 1500ML,1113 - MINERAL WATER,CHILLER,2.25,1.36,-0.3956,119.0,45.0,-0.6218,1.38,1.39,0.0072,24459.0,15626.0,-0.3611,33753.0,21720.0,-0.3565,172.0,97.0,-0.436
990150,PRISTINE 8.6+ WTR PET 400ML,1113 - MINERAL WATER,CHILLER,3.31,2.43,-0.2659,269.5,141.67,-0.4743,1.22,1.16,-0.0492,12866.0,10734.0,-0.1657,15697.0,12451.0,-0.2068,443.0,365.0,-0.1761
990223,SUPER O2 SPORT WTR PET 600ML,1113 - MINERAL WATER,CHILLER,1.16,1.65,0.4224,24.5,13.33,-0.4559,1.17,1.11,-0.0513,13847.0,19763.0,0.4272,16201.0,21937.0,0.3541,42.0,36.0,-0.1429
105082,VIT AIR MNRL PET 1500ML,1113 - MINERAL WATER,CHILLER,1.47,1.34,-0.0884,27.5,13.67,-0.5029,1.12,1.08,-0.0357,9366.0,8368.0,-0.1066,10490.0,9037.0,-0.1385,49.0,38.0,-0.2245
426512,VIT AIR MNRL PET 550ML,1113 - MINERAL WATER,CHILLER,1.68,2.11,0.256,49.0,21.67,-0.5578,1.1,1.02,-0.0727,5793.0,6922.0,0.1949,6372.0,7060.0,0.108,89.0,64.0,-0.2809
441492,100PLUS ACTIVE PET 350ML,1114 - ISOTONIC DRINK,CHILLER,1.6,,,2.5,,,1.0,,,11080.0,,,11080.0,,,5.0,,
427681,FIBE MINI BTL 100ML,1114 - ISOTONIC DRINK,CHILLER,1.35,1.36,0.0074,31.0,20.33,-0.3442,1.15,1.42,0.2348,10273.0,10775.0,0.0489,11814.0,15300.0,0.2951,54.0,43.0,-0.2037
109392,HYDRO COCO ORIGINAL TP 250ML,1114 - ISOTONIC DRINK,CHILLER,1.59,1.23,-0.2264,129.0,57.33,-0.5556,1.13,1.2,0.0619,13698.0,11137.0,-0.187,15479.0,13364.0,-0.1366,228.0,143.0,-0.3728
429018,HYDRO COCO ORI PET 1L,1114 - ISOTONIC DRINK,CHILLER,1.14,1.0,-0.1228,52.5,6.0,-0.8857,1.15,1.0,-0.1304,29533.0,25917.0,-0.1224,33963.0,25917.0,-0.2369,91.0,18.0,-0.8022
430635,HYDRO COCO VITA-D TP 330ML,1114 - ISOTONIC DRINK,CHILLER,1.47,1.17,-0.2041,39.0,13.67,-0.6495,1.26,1.08,-0.1429,18519.0,14973.0,-0.1915,23334.0,16171.0,-0.307,62.0,38.0,-0.3871
990149,HYDRO COCO ORIGINAL PET 500ML,1114 - ISOTONIC DRINK,CHILLER,1.22,1.08,-0.1148,168.5,66.67,-0.6043,1.15,1.12,-0.0261,19552.0,17394.0,-0.1104,22485.0,19481.0,-0.1336,294.0,178.0,-0.3946
445076,HYDROPLUS ISOTONIC PET 350ML,1114 - ISOTONIC DRINK,CHILLER,2.7,,,27.0,,,1.38,,,15781.0,,,21778.0,,,39.0,,
426128,ICHITAN THAI COCO PET 300ML,1114 - ISOTONIC DRINK,CHILLER,1.85,1.16,-0.373,10.0,8.33,-0.167,1.11,1.09,-0.018,13680.0,8672.0,-0.3661,15185.0,9452.0,-0.3775,18.0,23.0,0.2778
459186,IF COCONUT WATER PET 350ML,1114 - ISOTONIC DRINK,CHILLER,,1.13,,,7.67,,,1.05,,,16957.0,,,17805.0,,,22.0,
401917,ISOPLUS ISOTONIK PET 350ML,1114 - ISOTONIC DRINK,CHILLER,1.43,1.39,-0.028,47.0,25.0,-0.4681,1.11,1.15,0.036,4985.0,5037.0,0.0104,5533.0,5793.0,0.047,85.0,65.0,-0.2353
437245,ISOPLUS COCO PET 350ML,1114 - ISOTONIC DRINK,CHILLER,1.38,1.22,-0.1159,76.5,35.0,-0.5425,1.21,1.17,-0.0331,4799.0,4344.0,-0.0948,5807.0,5082.0,-0.1248,126.0,90.0,-0.2857
413580,MIZONE ACTIV PET 500ML,1114 - ISOTONIC DRINK,CHILLER,1.06,1.3,0.2264,42.0,36.67,-0.1269,1.08,1.04,-0.037,7129.0,8796.0,0.2338,7699.0,9148.0,0.1882,78.0,106.0,0.359
413583,MIZONE MOOD UP PET 500ML,1114 - ISOTONIC DRINK,CHILLER,1.12,1.23,0.0982,44.0,33.33,-0.2425,1.05,1.06,0.0095,7485.0,8254.0,0.1027,7859.0,8749.0,0.1132,84.0,94.0,0.119
448668,MIZONE COCO PET 500ML,1114 - ISOTONIC DRINK,CHILLER,1.22,1.24,0.0164,161.0,38.0,-0.764,1.11,1.09,-0.018,8099.0,8272.0,0.0214,8990.0,9016.0,0.0029,289.0,105.0,-0.6367
103092,POCARI SWEAT PET 500ML,1114 - ISOTONIC DRINK,CHILLER,1.34,1.12,-0.1642,202.5,101.67,-0.4979,1.09,1.09,0.0,11209.0,9449.0,-0.157,12218.0,10299.0,-0.1571,372.0,281.0,-0.2446
109497,POCARI SWEAT PET 350ML,1114 - ISOTONIC DRINK,CHILLER,1.48,1.38,-0.0676,113.0,67.67,-0.4012,1.07,1.12,0.0467,10956.0,10582.0,-0.0341,11723.0,11852.0,0.011,212.0,182.0,-0.1415
112996,POCARI SWEAT PET 2L,1114 - ISOTONIC DRINK,CHILLER,1.06,1.04,-0.0189,55.5,15.67,-0.7177,1.14,1.15,0.0088,25651.0,25268.0,-0.0149,29242.0,29058.0,-0.0063,97.0,41.0,-0.5773
120432,POCARI SWEAT PET 900ML,1114 - ISOTONIC DRINK,CHILLER,1.1,1.04,-0.0545,67.5,41.0,-0.3926,1.12,1.09,-0.0268,15256.0,14975.0,-0.0184,17087.0,16323.0,-0.0447,120.0,113.0,-0.0583
423417,POCARI SWEAT ION WATER PET500ML,1114 - ISOTONIC DRINK,CHILLER,1.32,1.16,-0.1212,49.0,31.33,-0.3606,1.08,1.04,-0.037,11150.0,10341.0,-0.0726,12042.0,10755.0,-0.1069,91.0,90.0,-0.011
5956,POCARI SWEAT CAN 330ML,1114 - ISOTONIC DRINK,CHILLER,1.44,1.15,-0.2014,25.0,11.0,-0.56,1.04,1.0,-0.0385,9914.0,8036.0,-0.1894,10311.0,8036.0,-0.2206,48.0,33.0,-0.3125
801817,POCARI SWEAT ION WATER PET350ML,1114 - ISOTONIC DRINK,CHILLER,1.25,1.15,-0.08,25.5,25.0,-0.0196,1.11,1.06,-0.045,9502.0,8596.0,-0.0953,10547.0,9112.0,-0.1361,46.0,71.0,0.5435
406455,POKKA NATSBEE HNY LMN PET 450ML,1114 - ISOTONIC DRINK,CHILLER,1.21,,,52.5,,,1.07,,,9370.0,,,10026.0,,,98.0,,
447621,REGEN WATERMELON PET 300/450ML,1114 - ISOTONIC DRINK,CHILLER,,1.0,,,3.33,,,1.0,,,11700.0,,,11700.0,,,10.0,
447621,REGEN WATERMELON PET 450ML,1114 - ISOTONIC DRINK,CHILLER,1.78,,,38.0,,,1.17,,,25622.0,,,29978.0,,,65.0,,
447622,REGEN APPLE PET 300/450ML,1114 - ISOTONIC DRINK,CHILLER,,1.0,,,3.0,,,1.0,,,13722.0,,,13722.0,,,9.0,
447622,REGEN APPLE PET 450ML,1114 - ISOTONIC DRINK,CHILLER,1.84,,,39.5,,,1.11,,,26615.0,,,29543.0,,,71.0,,
447623,REGEN LEMON LIME PET 300/450ML,1114 - ISOTONIC DRINK,CHILLER,,1.0,,,3.67,,,1.0,,,13864.0,,,13864.0,,,11.0,
447623,REGEN LEMON LIME PET 450ML,1114 - ISOTONIC DRINK,CHILLER,1.64,,,36.5,,,1.14,,,23837.0,,,27174.0,,,64.0,,
110126,YOU C1000 LEMON WATER PET 500ML,1114 - ISOTONIC DRINK,CHILLER,1.24,1.09,-0.121,65.5,23.0,-0.6489,1.15,1.05,-0.087,10997.0,9633.0,-0.124,12647.0,10115.0,-0.2002,114.0,66.0,-0.4211
110127,YOU C1000 ORANGE WATER PET500ML,1114 - ISOTONIC DRINK,CHILLER,1.19,1.12,-0.0588,150.5,67.33,-0.5526,1.11,1.13,0.018,10421.0,10062.0,-0.0344,11567.0,11370.0,-0.017,271.0,178.0,-0.3432
433308,ACARAKI GOLDEN SPARK CAN 320ML,1115 - REMEDIES DRINK,CHILLER,1.25,,,2.0,,,1.0,,,14600.0,,,14600.0,,,4.0,,
120898,ADEM SARI CGKU LMN CAN 320ML,1115 - REMEDIES DRINK,CHILLER,1.22,1.44,0.1803,64.0,40.33,-0.3698,1.11,1.05,-0.0541,11438.0,13727.0,0.2001,12696.0,14413.0,0.1352,115.0,115.0,0.0
403397,ADEM SARI CGKU SPRK CAN320ML,1115 - REMEDIES DRINK,CHILLER,1.35,1.34,-0.0074,73.5,32.67,-0.5555,1.11,1.14,0.027,12648.0,12713.0,0.0051,14039.0,14493.0,0.0323,133.0,86.0,-0.3534
431711,ADEM SARI CGKU MD LMN PET 350ML,1115 - REMEDIES DRINK,CHILLER,1.45,1.34,-0.0759,32.5,24.67,-0.2409,1.12,1.06,-0.0536,13578.0,12854.0,-0.0533,15207.0,13625.0,-0.104,58.0,70.0,0.2069
990007,ADEM SARI CGKU LMN PET 350ML,1115 - REMEDIES DRINK,CHILLER,1.53,1.39,-0.0915,66.5,46.67,-0.2982,1.22,1.19,-0.0246,14351.0,13232.0,-0.078,17508.0,15746.0,-0.1006,109.0,118.0,0.0826
441626,ALANG SARI JERUK NIPIS PET300ML,1115 - REMEDIES DRINK,CHILLER,1.23,1.34,0.0894,54.5,39.67,-0.2721,1.24,1.1,-0.1129,10821.0,11664.0,0.0779,13418.0,12830.0,-0.0438,88.0,108.0,0.2273
101195,SINDE LRTN LECI CAN 320ML,1115 - REMEDIES DRINK,CHILLER,1.38,1.43,0.0362,113.0,61.33,-0.4573,1.16,1.08,-0.069,10974.0,12109.0,0.1034,12730.0,13078.0,0.0273,194.0,170.0,-0.1237
131539,SINDE LRTN PET 500ML,1115 - REMEDIES DRINK,CHILLER,1.66,1.35,-0.1867,180.5,93.0,-0.4848,1.15,1.14,-0.0087,14726.0,12793.0,-0.1313,16935.0,14584.0,-0.1388,315.0,245.0,-0.2222
404406,SINDE LRTN LEMON CAN 320ML,1115 - REMEDIES DRINK,CHILLER,1.28,2.93,1.2891,27.0,24.33,-0.0989,1.02,1.2,0.1765,10148.0,23690.0,1.3345,10351.0,28428.0,1.7464,53.0,61.0,0.1509
432811,SINDE LRTN PET 350ML,1115 - REMEDIES DRINK,CHILLER,1.63,2.31,0.4172,69.0,38.0,-0.4493,1.06,1.07,0.0094,12658.0,18539.0,0.4646,13417.0,19837.0,0.4785,130.0,107.0,-0.1769
5271,SINDE LRTN JERUK CAN 320ML,1115 - REMEDIES DRINK,CHILLER,1.31,1.36,0.0382,49.0,31.67,-0.3537,1.07,1.07,0.0,10363.0,11260.0,0.0866,11088.0,12048.0,0.0866,92.0,89.0,-0.0326
5272,SINDE LRTN MELON CAN 320ML,1115 - REMEDIES DRINK,CHILLER,1.37,1.21,-0.1168,33.5,19.33,-0.423,1.1,1.07,-0.0273,10840.0,10148.0,-0.0638,11924.0,10858.0,-0.0894,61.0,54.0,-0.1148
76272,SINDE LRTN JAMBU CAN 320ML,1115 - REMEDIES DRINK,CHILLER,1.32,1.69,0.2803,57.0,33.67,-0.4093,1.07,1.09,0.0187,10412.0,13822.0,0.3275,11141.0,15066.0,0.3523,107.0,93.0,-0.1308
113376,PANDA LIANG TEH CAN 310ML(OL),1115 - REMEDIES DRINK,CHILLER,,1.5,,,0.67,,,1.0,,,11450.0,,,11450.0,,,2.0,
402972,KINO LRTN COOLTOPIA CAN 320ML,1115 - REMEDIES DRINK,CHILLER,1.14,1.52,0.3333,28.5,21.33,-0.2516,1.1,1.03,-0.0636,8768.0,11850.0,0.3515,9645.0,12206.0,0.2655,52.0,62.0,0.1923
118390,KINO LRTN LECI CAN 320ML,1115 - REMEDIES DRINK,CHILLER,1.45,1.15,-0.2069,107.0,33.67,-0.6853,1.12,1.06,-0.0536,11064.0,9306.0,-0.1589,12392.0,9864.0,-0.204,191.0,95.0,-0.5026
118392,KINO LRTN JAMBU CAN 320ML,1115 - REMEDIES DRINK,CHILLER,1.27,1.18,-0.0709,51.5,28.0,-0.4563,1.08,1.09,0.0093,9632.0,9219.0,-0.0429,10403.0,10049.0,-0.034,95.0,77.0,-0.1895
118397,KINO LRTN JERUK CAN 320ML,1115 - REMEDIES DRINK,CHILLER,1.35,1.14,-0.1556,28.5,16.67,-0.4151,1.04,1.02,-0.0192,10788.0,9198.0,-0.1474,11220.0,9382.0,-0.1638,55.0,49.0,-0.1091
118398,KINO LRTN PET 500ML,1115 - REMEDIES DRINK,CHILLER,1.77,1.31,-0.2599,169.0,67.67,-0.5996,1.14,1.12,-0.0175,14994.0,12031.0,-0.1976,17093.0,13475.0,-0.2117,297.0,181.0,-0.3906
123444,KINO LRTNANAK LECI CAN 238ML,1115 - REMEDIES DRINK,CHILLER,1.28,1.05,-0.1797,74.0,49.33,-0.3334,1.19,1.21,0.0168,9021.0,7739.0,-0.1421,10735.0,9364.0,-0.1277,124.0,122.0,-0.0161
123445,KINO LRTNANAK STR CAN 238ML,1115 - REMEDIES DRINK,CHILLER,1.12,1.12,0.0,56.0,60.0,0.0714,1.14,1.2,0.0526,7959.0,8167.0,0.0261,9073.0,9800.0,0.0801,98.0,150.0,0.5306
441493,KINO LRTN PET 350ML,1115 - REMEDIES DRINK,CHILLER,1.52,1.26,-0.1711,44.5,31.0,-0.3034,1.06,1.06,0.0,11372.0,9735.0,-0.144,12054.0,10319.0,-0.1439,84.0,88.0,0.0476
210875,KIRANTI PEGAL LINU BTL120ML(OL),1115 - REMEDIES DRINK,CHILLER,6.75,,,2.0,,,1.33,,,43875.0,,,58354.0,,,3.0,,
232827,KIRANTI SDB ORANGE BTL 150ML,1115 - REMEDIES DRINK,CHILLER,1.56,1.42,-0.0897,86.0,25.33,-0.7055,1.11,1.04,-0.0631,12641.0,11395.0,-0.0986,14032.0,11851.0,-0.1554,155.0,73.0,-0.529
465690,KIRANTI SDB LYCHEE BTL 150ML,1115 - REMEDIES DRINK,CHILLER,1.49,1.26,-0.1544,58.0,23.33,-0.5978,1.05,1.04,-0.0095,12437.0,10581.0,-0.1492,13059.0,11004.0,-0.1574,111.0,67.0,-0.3964
6252,KIRANTI SDB ORIGINAL BTL 150ML,1115 - REMEDIES DRINK,CHILLER,1.63,1.47,-0.0982,145.5,47.67,-0.6724,1.16,1.13,-0.0259,12511.0,10852.0,-0.1326,14513.0,12263.0,-0.155,250.0,126.0,-0.496
446095,KUAS KUNYIT ASAM LEMON250ML(OL),1115 - REMEDIES DRINK,CHILLER,1.5,,,1.0,,,1.0,,,15750.0,,,15750.0,,,2.0,,
120781,LASEGAR JERUK NIPIS CAN 320ML,1115 - REMEDIES DRINK,CHILLER,1.38,1.35,-0.0217,45.5,16.0,-0.6484,1.14,1.14,0.0,10427.0,11358.0,0.0893,11887.0,12948.0,0.0893,80.0,42.0,-0.475
430916,LASEGAR TWST JERUK LMN CAN320ML,1115 - REMEDIES DRINK,CHILLER,2.19,1.37,-0.3744,26.5,45.0,0.6981,1.08,1.3,0.2037,16662.0,10962.0,-0.3421,17995.0,14251.0,-0.2081,49.0,104.0,1.1224
438117,LASEGAR TWST LECI LMN CAN 320ML,1115 - REMEDIES DRINK,CHILLER,2.15,1.49,-0.307,33.0,56.33,0.707,1.1,1.09,-0.0091,16385.0,12050.0,-0.2646,18024.0,13135.0,-0.2712,60.0,155.0,1.5833
96213,LASEGAR JAMBU CAN 320ML,1115 - REMEDIES DRINK,CHILLER,,2.0,,,0.67,,,1.0,,,31600.0,,,31600.0,,,2.0,
96218,LASEGAR LECI CAN 320ML,1115 - REMEDIES DRINK,CHILLER,,1.0,,,0.33,,,1.0,,,7900.0,,,7900.0,,,1.0,
452022,SIDOMUNCUL KUNYIT ASAM PET150ML,1115 - REMEDIES DRINK,CHILLER,,1.29,,,11.67,,,1.21,,,9369.0,,,11336.0,,,29.0,
425748,AMUNIZER VIT C1000 BTL 140ML,1116 - VITAMIN DRINK,CHILLER,1.3,1.42,0.0923,28.0,23.0,-0.1786,1.08,1.1,0.0185,11500.0,12478.0,0.085,12420.0,13726.0,0.1052,52.0,63.0,0.2115
447083,FITMEUP RLX PERSIK CML BTL160ML,1116 - VITAMIN DRINK,CHILLER,,1.47,,,5.0,,,1.07,,,13227.0,,,14153.0,,,14.0,
125161,HEMAVITON C1000 ORANGE CAN330ML,1116 - VITAMIN DRINK,CHILLER,1.47,1.31,-0.1088,47.0,42.0,-0.1064,1.11,1.2,0.0811,11141.0,10079.0,-0.0953,12367.0,12095.0,-0.022,85.0,105.0,0.2353
125626,HEMAVITON C1000 LEMON CAN 330ML,1116 - VITAMIN DRINK,CHILLER,1.67,1.26,-0.2455,27.0,22.0,-0.1852,1.12,1.05,-0.0625,12641.0,9708.0,-0.232,14158.0,10193.0,-0.2801,48.0,63.0,0.3125
421449,HEMAVITON C1000 LS CAN 330ML,1116 - VITAMIN DRINK,CHILLER,1.49,1.35,-0.094,40.0,25.67,-0.3582,1.13,1.07,-0.0531,11286.0,10395.0,-0.0789,12753.0,11123.0,-0.1278,71.0,72.0,0.0141
410849,ORONAMIN C DRINK BTL 120ML,1116 - VITAMIN DRINK,CHILLER,1.91,1.45,-0.2408,28.5,34.0,0.193,1.21,1.65,0.3636,13396.0,10168.0,-0.241,16209.0,16777.0,0.035,47.0,62.0,0.3191
444220,TROP'S COLLAGEN PEACH 190ML(OL),1116 - VITAMIN DRINK,CHILLER,2.6,,,2.5,,,1.25,,,24740.0,,,30925.0,,,4.0,,
103194,YOU C1000 ORANGE BTL 140ML,1116 - VITAMIN DRINK,CHILLER,1.47,1.84,0.2517,439.5,158.33,-0.6397,1.14,1.18,0.0351,11490.0,14789.0,0.2871,13099.0,17451.0,0.3322,774.0,402.0,-0.4806
115674,YOU C1000 APPLE BTL 140ML,1116 - VITAMIN DRINK,CHILLER,1.35,1.1,-0.1852,43.0,30.67,-0.2867,1.13,1.1,-0.0265,10535.0,8699.0,-0.1743,11905.0,9569.0,-0.1962,76.0,84.0,0.1053
223450,YOU C1000 ORANGE BTL6X140ML(OL),1116 - VITAMIN DRINK,CHILLER,1.33,,,1.5,,,1.0,,,50667.0,,,50667.0,,,3.0,,
234570,YOU C1000 LEMON BTL 140ML,1116 - VITAMIN DRINK,CHILLER,1.58,1.28,-0.1899,164.0,77.0,-0.5305,1.18,1.12,-0.0508,12323.0,10210.0,-0.1715,14541.0,11435.0,-0.2136,278.0,207.0,-0.2554
427925,YOU C1000 MANGO BTL 140ML,1116 - VITAMIN DRINK,CHILLER,1.49,1.28,-0.1409,102.5,48.0,-0.5317,1.21,1.06,-0.124,11630.0,10504.0,-0.0968,14072.0,11134.0,-0.2088,169.0,136.0,-0.1953
439488,BIOKUL TOGO YOG LECI PCH 80G,1117 - YOGHURT BEVERAGE,CHILLER,1.34,1.28,-0.0448,30.5,14.33,-0.5302,1.07,1.16,0.0841,10800.0,10281.0,-0.0481,11556.0,11926.0,0.032,57.0,37.0,-0.3509
443561,BIOKUL TOGO YOG MIXBERRY PCH80G,1117 - YOGHURT BEVERAGE,CHILLER,1.3,1.26,-0.0308,55.0,21.67,-0.606,1.09,1.16,0.0642,10445.0,10272.0,-0.0166,11385.0,11916.0,0.0466,101.0,56.0,-0.4455
121486,HB YOG STRAWBERRY 180ML,1117 - YOGHURT BEVERAGE,CHILLER,1.4,,,5.0,,,1.0,,,17910.0,,,17910.0,,,10.0,,
465767,INDOMILK YOG BLUEBERRY PET 70G,1117 - YOGHURT BEVERAGE,CHILLER,1.31,1.15,-0.1221,26.0,52.0,1.0,1.08,1.16,0.0741,8500.0,7458.0,-0.1226,9180.0,8651.0,-0.0576,48.0,134.0,1.7917
465768,INDOMILK YOG STRAWBERRY PET 70G,1117 - YOGHURT BEVERAGE,CHILLER,1.28,1.17,-0.0859,29.0,60.67,1.0921,1.09,1.36,0.2477,8293.0,7607.0,-0.0827,9039.0,10346.0,0.1446,53.0,134.0,1.5283
408359,KIN YOG ORIGINAL PET 200ML,1117 - YOGHURT BEVERAGE,CHILLER,1.28,1.15,-0.1016,57.0,6.67,-0.883,1.3,1.11,-0.1462,12730.0,11425.0,-0.1025,16549.0,12682.0,-0.2337,88.0,18.0,-0.7955
408360,KIN YOG STRAWBERRY PET 200ML,1117 - YOGHURT BEVERAGE,CHILLER,1.08,1.0,-0.0741,19.0,1.33,-0.93,1.06,1.0,-0.0566,10713.0,9900.0,-0.0759,11356.0,9900.0,-0.1282,36.0,4.0,-0.8889
410993,KIN YOG BLUEBERRY PET 200ML,1117 - YOGHURT BEVERAGE,CHILLER,1.03,1.13,0.0971,15.0,5.0,-0.6667,1.11,1.07,-0.036,10277.0,15380.0,0.4965,11407.0,16457.0,0.4427,27.0,14.0,-0.4815
428421,KIN YOG BLACK PET 200ML,1117 - YOGHURT BEVERAGE,CHILLER,1.21,1.12,-0.0744,23.5,5.33,-0.7732,1.24,1.14,-0.0806,12062.0,11175.0,-0.0735,14957.0,12739.0,-0.1483,38.0,14.0,-0.6316
432667,KIN YOG SLIM BERRY PET 200ML,1117 - YOGHURT BEVERAGE,CHILLER,1.11,1.0,-0.0991,23.5,4.0,-0.8298,1.21,1.0,-0.1736,10979.0,9958.0,-0.093,13285.0,9958.0,-0.2504,39.0,12.0,-0.6923
439902,KIN YOG MIXED BERIES PET 200ML,1117 - YOGHURT BEVERAGE,CHILLER,1.33,1.0,-0.2481,10.5,5.0,-0.5238,1.31,1.0,-0.2366,13267.0,9967.0,-0.2487,17380.0,9967.0,-0.4265,16.0,15.0,-0.0625
439903,KIN YOG MANGO PET 200ML,1117 - YOGHURT BEVERAGE,CHILLER,1.19,1.0,-0.1597,13.0,3.33,-0.7438,1.53,1.0,-0.3464,11838.0,10010.0,-0.1544,18112.0,10010.0,-0.4473,17.0,10.0,-0.4118
412212,BINTANG ZERO CAN 330ML,1118 - CARBONATED MALT,CHILLER,2.87,2.24,-0.2195,37.5,18.0,-0.52,1.12,1.12,0.0,26512.0,20881.0,-0.2124,29693.0,23387.0,-0.2124,67.0,48.0,-0.2836
412557,GREENSANDS LIME APPLE CAN 250ML,1118 - CARBONATED MALT,CHILLER,1.66,1.32,-0.2048,33.5,8.33,-0.7513,1.14,1.0,-0.1228,10578.0,8676.0,-0.1798,12059.0,8676.0,-0.2805,59.0,25.0,-0.5763
412559,GREENSANDS LEMON GRAPE CAN250ML,1118 - CARBONATED MALT,CHILLER,1.9,1.5,-0.2105,31.0,9.33,-0.699,1.09,1.0,-0.0826,12173.0,10707.0,-0.1204,13269.0,10707.0,-0.1931,57.0,28.0,-0.5088
412734,GREENSANDS LIME APPLE CAN 330ML,1118 - CARBONATED MALT,CHILLER,1.95,1.9,-0.0256,20.0,6.67,-0.6665,1.08,1.11,0.0278,17190.0,16870.0,-0.0186,18565.0,18726.0,0.0087,37.0,18.0,-0.5135
444587,GROOVY ROOT BREW CAN 330ML,1118 - CARBONATED MALT,CHILLER,1.22,1.2,-0.0164,20.5,10.0,-0.5122,1.05,1.25,0.1905,9976.0,9877.0,-0.0099,10475.0,12346.0,0.1786,39.0,24.0,-0.3846
121738,CAP PANDA CINCAU CAN 310ML,1121 - DESSERT,CHILLER,1.2,1.19,-0.0083,76.0,26.0,-0.6579,1.17,1.04,-0.1111,9222.0,9276.0,0.0059,10790.0,9647.0,-0.1059,130.0,75.0,-0.4231
430722,CAP PANDA CIN SELASIH CAN 310ML,1121 - DESSERT,CHILLER,1.2,1.12,-0.0667,56.5,11.33,-0.7995,1.15,1.0,-0.1304,9228.0,8732.0,-0.0537,10612.0,8732.0,-0.1772,98.0,34.0,-0.6531
420975,DELMONTE BOBA COF CRML CAN240ML,1121 - DESSERT,CHILLER,1.0,1.28,0.28,12.5,9.67,-0.2264,1.04,1.04,0.0,10876.0,15203.0,0.3978,11311.0,15811.0,0.3978,24.0,28.0,0.1667
420976,DELMONTE BOBA MT TARO CAN240ML,1121 - DESSERT,CHILLER,1.18,1.1,-0.0678,19.0,19.33,0.0174,1.06,1.12,0.0566,12855.0,11683.0,-0.0912,13626.0,13085.0,-0.0397,36.0,52.0,0.4444
427377,DELMONTE BOBA RED VEL CAN 240ML,1121 - DESSERT,CHILLER,1.14,1.18,0.0351,18.0,19.0,0.0556,1.12,1.24,0.1071,12389.0,12444.0,0.0044,13876.0,15431.0,0.1121,32.0,46.0,0.4375
120670,YEOS BIRD NEST CAN 300ML (OL),1121 - DESSERT,CHILLER,1.86,,,3.5,,,1.0,,,13929.0,,,13929.0,,,7.0,,
216468,YEOS CINCAU CAN 300ML,1121 - DESSERT,CHILLER,1.73,,,7.5,,,1.0,,,13100.0,,,13100.0,,,15.0,,
429207,ABC KACANG HIJAU TP 3X250ML,1151 - RTD JUICE,CHILLER,1.0,,,0.5,,,1.0,,,10500.0,,,10500.0,,,1.0,,
6042,ABC KACANG HIJAU TP 250ML,1151 - RTD JUICE,CHILLER,1.84,1.31,-0.288,77.0,44.33,-0.4243,1.25,1.09,-0.128,10034.0,7240.0,-0.2785,12542.0,7892.0,-0.3708,123.0,122.0,-0.0081
190412,BUAVITA JUICE ORANGE TP 250ML,1151 - RTD JUICE,CHILLER,1.23,1.05,-0.1463,26.0,18.67,-0.2819,1.13,1.14,0.0088,11798.0,10096.0,-0.1443,13332.0,11509.0,-0.1367,46.0,49.0,0.0652
190413,BUAVITA JUICE GUAVA TP 250ML,1151 - RTD JUICE,CHILLER,1.3,1.44,0.1077,67.0,52.0,-0.2239,1.17,1.12,-0.0427,12307.0,13760.0,0.1181,14399.0,15411.0,0.0703,115.0,139.0,0.2087
190414,BUAVITA JUICE MANGO TP 245ML,1151 - RTD JUICE,CHILLER,1.2,1.25,0.0417,42.0,33.33,-0.2064,1.17,1.14,-0.0256,11504.0,11986.0,0.0419,13460.0,13664.0,0.0152,72.0,88.0,0.2222
190416,BUAVITA JUICE LYCHE TP 245ML,1151 - RTD JUICE,CHILLER,1.24,1.14,-0.0806,34.0,26.67,-0.2156,1.21,1.19,-0.0165,11763.0,10909.0,-0.0726,14233.0,12982.0,-0.0879,56.0,67.0,0.1964
190417,BUAVITA JUICE APEL TP 250ML,1151 - RTD JUICE,CHILLER,1.79,1.22,-0.3184,31.0,16.67,-0.4623,1.51,1.09,-0.2781,17032.0,11702.0,-0.3129,25718.0,12755.0,-0.504,41.0,46.0,0.122
223781,BUAVITA MINI ORANGE 125ML(OL),1151 - RTD JUICE,CHILLER,1.0,,,0.5,,,1.0,,,5100.0,,,5100.0,,,1.0,,
400561,BUAVITA ORANGE 1L (OL),1151 - RTD JUICE,CHILLER,1.5,,,1.0,,,1.0,,,41400.0,,,41400.0,,,2.0,,
400883,BUAVITA JUICE MANGO TP 1L,1151 - RTD JUICE,CHILLER,1.09,1.25,0.1468,5.5,2.67,-0.5145,1.0,1.14,0.14,36282.0,37662.0,0.038,36282.0,42935.0,0.1834,11.0,7.0,-0.3636
400884,BUAVITA JUICE GUAVA TP 1L,1151 - RTD JUICE,CHILLER,1.08,1.0,-0.0741,12.0,7.67,-0.3608,1.0,1.0,0.0,35892.0,32996.0,-0.0807,35892.0,32996.0,-0.0807,24.0,23.0,-0.0417
400885,BUAVITA JUICE APPLE 1L(OL),1151 - RTD JUICE,CHILLER,1.33,,,1.5,,,1.0,,,37800.0,,,37800.0,,,3.0,,
437719,BUAVITA JUICE WHT PEACH TP250ML,1151 - RTD JUICE,CHILLER,1.08,,,6.0,,,1.2,,,9317.0,,,11180.0,,,10.0,,
459298,BUAVITA JUICE MUSCAT TP 245ML,1151 - RTD JUICE,CHILLER,,1.3,,,14.67,,,1.0,,,11800.0,,,11800.0,,,44.0,
459299,BUAVITA JUICE STR TP 245ML,1151 - RTD JUICE,CHILLER,,1.29,,,13.67,,,1.0,,,11771.0,,,11771.0,,,41.0,
441891,CCDIBZR ALFAGIFT NBOOST 300ML,1151 - RTD JUICE,CHILLER,1.03,,,1047.5,,,1.73,,,7513.0,,,12997.0,,,1210.0,,
115157,COUNTRY CHOICE APPLE 1L(OL),1151 - RTD JUICE,CHILLER,1.0,,,1.0,,,1.0,,,23700.0,,,23700.0,,,2.0,,
121637,FLORIDINA ORANGE PET 350ML,1151 - RTD JUICE,CHILLER,1.54,1.59,0.0325,63.5,33.0,-0.4803,1.12,1.09,-0.0268,5454.0,7203.0,0.3207,6108.0,7851.0,0.2854,113.0,91.0,-0.1947
425822,FLORIDINA ORANGE COCO PET 350ML,1151 - RTD JUICE,CHILLER,1.04,1.48,0.4231,600.0,35.67,-0.9406,1.44,1.08,-0.25,3730.0,5578.0,0.4954,5371.0,6024.0,0.1216,834.0,99.0,-0.8813
401403,COCOBIT SPLS COCO PET350ML (RN),1151 - RTD JUICE,CHILLER,,1.0,,,1.0,,,1.0,,,7200.0,,,7200.0,,,3.0,
990261,COCOBIT SPLASH LYCHEE PET 350ML,1151 - RTD JUICE,CHILLER,1.26,1.1,-0.127,15.5,3.33,-0.7852,1.29,1.0,-0.2248,9219.0,8020.0,-0.1301,11893.0,8020.0,-0.3257,24.0,10.0,-0.5833
420710,ICHITAN THAI MGO COPET 300ML,1151 - RTD JUICE,CHILLER,1.57,1.09,-0.3057,14.0,11.0,-0.2143,1.08,1.14,0.0556,14496.0,10164.0,-0.2988,15656.0,11587.0,-0.2599,26.0,29.0,0.1154
110866,MM PULPY ORANGE PET 300ML,1151 - RTD JUICE,CHILLER,2.4,1.41,-0.4125,49.5,11.33,-0.7711,1.08,1.17,0.0833,14840.0,9582.0,-0.3543,16027.0,11211.0,-0.3005,92.0,29.0,-0.6848
115631,MM PULPY ORANGE PET 1L,1151 - RTD JUICE,CHILLER,1.64,1.04,-0.3659,47.0,15.0,-0.6809,1.07,1.02,-0.0467,25847.0,14998.0,-0.4197,27656.0,15298.0,-0.4468,88.0,44.0,-0.5
121826,MOGU-MOGU NDC LYCHEE PET 320ML,1151 - RTD JUICE,CHILLER,1.13,1.12,-0.0088,34.0,14.33,-0.5785,1.05,1.05,0.0,13487.0,13472.0,-0.0011,14161.0,14146.0,-0.0011,65.0,41.0,-0.3692
121827,MOGU-MOGU NDC STR PET 320ML,1151 - RTD JUICE,CHILLER,1.15,1.0,-0.1304,17.0,8.0,-0.5294,1.0,1.04,0.04,13688.0,12242.0,-0.1056,13688.0,12732.0,-0.0698,34.0,23.0,-0.3235
125089,MOGU-MOGU NDC MANGO PET 320ML,1151 - RTD JUICE,CHILLER,1.07,1.12,0.0467,29.0,11.33,-0.6093,1.04,1.06,0.0192,12734.0,13506.0,0.0606,13243.0,14316.0,0.081,56.0,32.0,-0.4286
125091,MOGU-MOGU NDC COCONUT PET 320ML,1151 - RTD JUICE,CHILLER,1.23,1.19,-0.0325,23.5,12.33,-0.4753,1.09,1.06,-0.0275,14706.0,14386.0,-0.0218,16030.0,15249.0,-0.0487,43.0,35.0,-0.186
125092,MOGU-MOGU NDC GRAPE PET 320ML,1151 - RTD JUICE,CHILLER,1.09,1.08,-0.0092,21.5,8.67,-0.5967,1.23,1.0,-0.187,13016.0,13096.0,0.0061,16010.0,13096.0,-0.182,35.0,26.0,-0.2571
405786,MOGU-MOGU NDC MELON PET 320ML,1151 - RTD JUICE,CHILLER,1.08,1.1,0.0185,18.0,10.33,-0.4261,1.06,1.11,0.0472,12919.0,13290.0,0.0287,13694.0,14752.0,0.0773,34.0,28.0,-0.1765
437904,MOGU-MOGU NDC NANAS PET 320ML,1151 - RTD JUICE,CHILLER,1.0,,,1.0,,,1.0,,,12000.0,,,12000.0,,,2.0,,
466143,MOGU-MOGU NDC BCRNT PET 320ML,1151 - RTD JUICE,CHILLER,1.04,1.07,0.0288,24.0,9.67,-0.5971,1.12,1.16,0.0357,12417.0,12897.0,0.0387,13907.0,14961.0,0.0758,43.0,25.0,-0.4186
435482,NUTRISARI SQZ ORANGE TP 200ML,1151 - RTD JUICE,CHILLER,1.65,1.17,-0.2909,41.0,4.0,-0.9024,1.11,1.0,-0.0991,13946.0,9917.0,-0.2889,15480.0,9917.0,-0.3594,74.0,12.0,-0.8378
466317,NUTRISARI LS JAMBU BIJI TP200ML,1151 - RTD JUICE,CHILLER,1.33,1.4,0.0526,1.5,5.0,2.3333,1.0,1.0,0.0,11333.0,11900.0,0.05,11333.0,11900.0,0.05,3.0,15.0,4.0
123537,NUTRIBOOST ORANGE PET 300ML,1151 - RTD JUICE,CHILLER,1.13,1.12,-0.0088,27.5,11.33,-0.588,1.08,1.1,0.0185,8560.0,7353.0,-0.141,9245.0,8088.0,-0.1251,51.0,31.0,-0.3922
123538,NUTRIBOOST STRAWBERRY PET 300ML,1151 - RTD JUICE,CHILLER,1.52,1.03,-0.3224,60.0,21.67,-0.6388,1.07,1.1,0.028,11498.0,6648.0,-0.4218,12303.0,7313.0,-0.4056,112.0,59.0,-0.4732
415509,OLATTE PEAR CAN 240ML,1151 - RTD JUICE,CHILLER,1.32,1.36,0.0303,12.5,13.0,0.04,1.25,1.08,-0.136,15212.0,15928.0,0.0471,19015.0,17202.0,-0.0953,20.0,36.0,0.8
415510,OLATTE PEACH CAN 240ML,1151 - RTD JUICE,CHILLER,1.19,1.24,0.042,21.5,16.33,-0.2405,1.16,1.09,-0.0603,13709.0,15269.0,0.1138,15902.0,16643.0,0.0466,37.0,45.0,0.2162
446918,OLATTE STRAWBERRY CAN 240ML,1151 - RTD JUICE,CHILLER,1.08,1.48,0.3704,13.0,14.67,0.1285,1.18,1.02,-0.1356,12485.0,17332.0,0.3882,14732.0,17679.0,0.2,22.0,43.0,0.9545
400048,PORORO BLUEBERRY PET 235ML,1151 - RTD JUICE,CHILLER,1.06,1.08,0.0189,46.5,41.67,-0.1039,1.11,1.17,0.0541,15711.0,16122.0,0.0262,17439.0,18863.0,0.0817,84.0,107.0,0.2738
413469,PORORO MANGO PET 235ML,1151 - RTD JUICE,CHILLER,1.07,1.15,0.0748,22.0,17.67,-0.1968,1.13,1.06,-0.0619,15691.0,17189.0,0.0955,17731.0,18220.0,0.0276,39.0,50.0,0.2821
429878,PORORO PEACH PET 235ML,1151 - RTD JUICE,CHILLER,1.02,1.02,0.0,20.0,13.67,-0.3165,1.05,1.02,-0.0286,15122.0,15461.0,0.0224,15878.0,15770.0,-0.0068,38.0,40.0,0.0526
990157,PORORO MILK PET 235ML,1151 - RTD JUICE,CHILLER,1.07,1.05,-0.0187,30.5,39.0,0.2787,1.07,1.12,0.0467,15789.0,15739.0,-0.0032,16894.0,17628.0,0.0434,57.0,104.0,0.8246
990158,PORORO STRAWBERRY PET 235ML,1151 - RTD JUICE,CHILLER,1.07,1.07,0.0,21.0,30.67,0.4605,1.0,1.03,0.03,15826.0,15951.0,0.0079,15826.0,16430.0,0.0382,42.0,89.0,1.119
892562,CCDI BZR ALFAGIFT PULPY 1L,1151 - RTD JUICE,CHILLER,1.01,,,670.0,,,1.63,,,14597.0,,,23793.0,,,822.0,,
892565,CCDI BZR ALFAGIFT PULPY 300ML,1151 - RTD JUICE,CHILLER,1.05,,,847.5,,,1.54,,,5884.0,,,9061.0,,,1102.0,,
422422,SUNPRIDE JUICE PNPPLE CAN 220ML,1151 - RTD JUICE,CHILLER,1.42,1.18,-0.169,12.0,12.67,0.0558,1.71,1.09,-0.3626,16883.0,14097.0,-0.165,28870.0,15366.0,-0.4678,14.0,35.0,1.5
445395,SUNPRIDE JUICE GUAVA CAN 220ML,1151 - RTD JUICE,CHILLER,1.24,1.21,-0.0242,14.5,12.67,-0.1262,1.16,1.15,-0.0086,14821.0,14405.0,-0.0281,17192.0,16566.0,-0.0364,25.0,33.0,0.32
449982,SUNPRIDE JUICE PNP APL CAN220ML,1151 - RTD JUICE,CHILLER,,1.33,,,7.0,,,1.0,,,15867.0,,,15867.0,,,21.0,
186412,ULTRA SARI ASAM ASLI 250ML(OL),1151 - RTD JUICE,CHILLER,3.0,,,8.5,,,1.13,,,21141.0,,,23889.0,,,15.0,,
192381,ULTRA SARI KACANG IJO TP 250ML,1151 - RTD JUICE,CHILLER,1.43,1.24,-0.1329,57.0,55.0,-0.0351,1.12,1.1,-0.0179,8430.0,7384.0,-0.1241,9442.0,8122.0,-0.1398,102.0,150.0,0.4706
403931,ULTRA SARI KACANG IJO TP 150ML,1151 - RTD JUICE,CHILLER,1.45,1.47,0.0138,10.0,5.67,-0.433,1.11,1.13,0.018,6200.0,6329.0,0.0208,6882.0,7152.0,0.0392,18.0,15.0,-0.1667
446099,YEO'S WINTERMELON CAN 300ML(OL),1151 - RTD JUICE,CHILLER,2.5,,,3.0,,,1.2,,,18750.0,,,22500.0,,,5.0,,
433972,BONTEH PET 330ML,1154 - RTD TEA,CHILLER,2.88,2.92,0.0139,24.5,4.0,-0.8367,1.09,1.0,-0.0826,9208.0,10050.0,0.0914,10037.0,10050.0,0.0013,45.0,12.0,-0.7333
466951,CHIFOREST ICTEA GRPFR YUZU450ML,1154 - RTD TEA,CHILLER,1.09,2.09,0.9174,5.5,11.0,1.0,1.22,1.03,-0.1557,9355.0,17691.0,0.8911,11413.0,18222.0,0.5966,9.0,32.0,2.5556
466952,CHIFOREST ICTEA PEACH JSM 450ML,1154 - RTD TEA,CHILLER,1.0,1.4,0.4,3.0,21.0,6.0,1.0,1.21,0.21,8767.0,12111.0,0.3814,8767.0,14654.0,0.6715,6.0,52.0,7.6667
103626,FRESTEA APEL PET 500ML,1154 - RTD TEA,CHILLER,1.67,1.04,-0.3772,34.5,7.67,-0.7777,1.1,1.1,0.0,10735.0,7391.0,-0.3115,11809.0,8130.0,-0.3115,63.0,21.0,-0.6667
118714,FRESTEA G.TEA MADU PET 500ML,1154 - RTD TEA,CHILLER,1.92,1.1,-0.4271,25.5,6.67,-0.7384,1.06,1.11,0.0472,12349.0,7725.0,-0.3744,13090.0,8575.0,-0.3449,48.0,18.0,-0.625
400330,FRESTEA MADU PET 350ML,1154 - RTD TEA,CHILLER,1.85,1.43,-0.227,10.0,4.67,-0.533,1.05,1.0,-0.0476,8725.0,6293.0,-0.2787,9161.0,6293.0,-0.3131,19.0,14.0,-0.2632
402907,FRESTEA APEL PET 350ML,1154 - RTD TEA,CHILLER,1.52,1.2,-0.2105,13.5,5.0,-0.6296,1.0,1.0,0.0,7137.0,5190.0,-0.2728,7137.0,5190.0,-0.2728,27.0,15.0,-0.4444
402908,FRESTEA MARKISA PET 350ML,1154 - RTD TEA,CHILLER,1.38,1.23,-0.1087,6.5,4.33,-0.3338,1.0,1.18,0.18,6508.0,5358.0,-0.1767,6508.0,6322.0,-0.0286,13.0,11.0,-0.1538
420830,FRESTEA JASMINE PET 1.5L,1154 - RTD TEA,CHILLER,1.09,1.07,-0.0183,37.0,5.0,-0.8649,1.16,1.07,-0.0776,18622.0,18247.0,-0.0201,21602.0,19524.0,-0.0962,64.0,14.0,-0.7812
420831,FRESTEA APEL PET 1.5L,1154 - RTD TEA,CHILLER,1.06,1.0,-0.0566,36.0,6.33,-0.8242,1.07,1.0,-0.0654,18043.0,17232.0,-0.0449,19306.0,17232.0,-0.1074,67.0,19.0,-0.7164
446386,FRESTEA LEMON PET 350ML,1154 - RTD TEA,CHILLER,1.27,1.0,-0.2126,13.0,2.33,-0.8208,1.0,1.0,0.0,5969.0,3750.0,-0.3718,5969.0,3750.0,-0.3718,26.0,7.0,-0.7308
452244,FRESTEA BLACKCURRANT PET 500ML,1154 - RTD TEA,CHILLER,,1.09,,,7.67,,,1.28,,,7574.0,,,9695.0,,,18.0,
100995,FRUIT TEA APPLE PET 500ML,1154 - RTD TEA,CHILLER,1.07,1.06,-0.0093,14.5,15.67,0.0807,1.04,1.18,0.1346,7997.0,8045.0,0.006,8317.0,9493.0,0.1414,28.0,40.0,0.4286
100996,FRUIT TEA BLKCURRANT PET 500ML,1154 - RTD TEA,CHILLER,1.08,1.16,0.0741,37.0,21.0,-0.4324,1.07,1.09,0.0187,8054.0,9479.0,0.1769,8618.0,10332.0,0.1989,69.0,58.0,-0.1594
100997,FRUIT TEA STRAWBERRY PET 500ML,1154 - RTD TEA,CHILLER,1.05,1.08,0.0286,11.0,8.0,-0.2727,1.0,1.04,0.04,7805.0,8054.0,0.0319,7805.0,8376.0,0.0732,22.0,23.0,0.0455
101225,FRUIT TEA X-TREME PET 500ML,1154 - RTD TEA,CHILLER,1.11,1.08,-0.027,18.5,12.67,-0.3151,1.0,1.23,0.23,8451.0,8097.0,-0.0419,8451.0,9959.0,0.1784,37.0,31.0,-0.1622
125289,FRUIT TEA FREEZE PET 500ML,1154 - RTD TEA,CHILLER,1.13,1.13,0.0,22.5,17.67,-0.2147,1.05,1.1,0.0476,8516.0,8387.0,-0.0151,8942.0,9226.0,0.0318,43.0,48.0,0.1163
400312,FRUIT TEA APPLE PET 350ML,1154 - RTD TEA,CHILLER,1.85,1.0,-0.4595,19.5,7.67,-0.6067,1.08,1.0,-0.0741,7572.0,4296.0,-0.4326,8178.0,4296.0,-0.4747,36.0,23.0,-0.3611
400313,FRUIT TEA BLKCURRANT PET 350ML,1154 - RTD TEA,CHILLER,1.04,1.08,0.0385,425.5,12.67,-0.9702,1.22,1.0,-0.1803,4329.0,4737.0,0.0942,5281.0,4737.0,-0.103,695.0,38.0,-0.9453
404812,FRUIT TEA FREEZE PET 350ML,1154 - RTD TEA,CHILLER,1.45,1.18,-0.1862,32.5,11.33,-0.6514,1.05,1.03,-0.019,5880.0,5074.0,-0.1371,6174.0,5226.0,-0.1535,62.0,33.0,-0.4677
406879,FRUIT TEA MARKISA PET 350ML,1154 - RTD TEA,CHILLER,1.0,1.08,0.08,8.0,4.33,-0.4588,1.07,1.08,0.0093,4062.0,4731.0,0.1647,4346.0,5109.0,0.1756,15.0,12.0,-0.2
407002,FRUIT TEA LEMON PET 350ML,1154 - RTD TEA,CHILLER,1.1,1.25,0.1364,10.5,6.67,-0.3648,1.17,1.05,-0.1026,4490.0,6405.0,0.4265,5253.0,6725.0,0.2802,18.0,19.0,0.0556
432448,FRUIT TEA APEL TP 250ML,1154 - RTD TEA,CHILLER,1.41,2.41,0.7092,8.5,83.67,8.8435,1.0,1.12,0.12,5194.0,8520.0,0.6404,5194.0,9542.0,0.8371,17.0,224.0,12.1765
432449,FRUIT TEA BLKCURRANT TP 250ML,1154 - RTD TEA,CHILLER,1.47,2.74,0.8639,23.5,108.67,3.6243,1.15,1.13,-0.0174,5549.0,9792.0,0.7646,6381.0,11065.0,0.7341,41.0,289.0,6.0488
465868,FRUIT TEA BLEWAH PET 350ML,1154 - RTD TEA,CHILLER,1.0,,,6.5,,,1.18,,,4085.0,,,4820.0,,,11.0,,
125338,ICHI OCHA GREEN TEA PET 350ML,1154 - RTD TEA,CHILLER,2.13,1.81,-0.1502,71.5,25.0,-0.6503,1.31,1.17,-0.1069,7115.0,5863.0,-0.176,9321.0,6860.0,-0.264,109.0,64.0,-0.4128
407263,ICHITAN THAI M.TEA PET 300ML,1154 - RTD TEA,CHILLER,1.25,2.52,1.016,117.0,42.67,-0.6353,1.09,1.17,0.0734,11600.0,23434.0,1.0202,12644.0,27418.0,1.1685,214.0,109.0,-0.4907
418146,ICHITAN THAI G.TEA PET 300ML,1154 - RTD TEA,CHILLER,1.58,2.22,0.4051,58.0,37.67,-0.3505,1.07,1.09,0.0187,14586.0,20630.0,0.4144,15607.0,22487.0,0.4408,108.0,104.0,-0.037
450856,ICHITAN MILKTEA CHEESE PET300ML,1154 - RTD TEA,CHILLER,,1.35,,,21.0,,,1.02,,,12522.0,,,12772.0,,,62.0,
465723,ICHITAN GT BLKCURRANT PET 280ML,1154 - RTD TEA,CHILLER,1.5,1.06,-0.2933,10.0,5.33,-0.467,1.18,1.45,0.2288,7390.0,5381.0,-0.2719,8720.0,7802.0,-0.1053,17.0,11.0,-0.3529
465724,ICHITAN GT APPLE PET 280ML,1154 - RTD TEA,CHILLER,1.33,1.0,-0.2481,9.0,4.0,-0.5556,1.06,1.2,0.1321,6589.0,5075.0,-0.2298,6984.0,6090.0,-0.128,17.0,10.0,-0.4118
465725,ICHITAN GT HON LEMON PET 280ML,1154 - RTD TEA,CHILLER,1.33,1.08,-0.188,13.5,4.0,-0.7037,1.17,1.09,-0.0684,6533.0,5475.0,-0.1619,7644.0,5968.0,-0.2193,23.0,11.0,-0.5217
439834,ITO EN OI OCHA HOJICHA500ML(OL),1154 - RTD TEA,CHILLER,2.0,,,1.0,,,2.0,,,19000.0,,,38000.0,,,1.0,,
415635,JAVANA TEH GULA BATU PET 350ML,1154 - RTD TEA,CHILLER,2.24,1.95,-0.1295,65.5,37.0,-0.4351,1.44,1.23,-0.1458,7166.0,6291.0,-0.1221,10319.0,7738.0,-0.2501,91.0,90.0,-0.011
990079,JAVANA TEH MELATI PET 350ML,1154 - RTD TEA,CHILLER,2.38,1.78,-0.2521,63.5,31.0,-0.5118,1.22,1.18,-0.0328,7646.0,5756.0,-0.2472,9328.0,6792.0,-0.2719,104.0,79.0,-0.2404
101382,NU GREEN TEA MADU PET 450ML,1154 - RTD TEA,CHILLER,1.4,1.49,0.0643,41.5,31.33,-0.2451,1.06,1.18,0.1132,9687.0,10336.0,0.067,10268.0,12196.0,0.1878,78.0,80.0,0.0256
110209,NU GREEN TEA GULA BATU PET450ML,1154 - RTD TEA,CHILLER,1.0,,,1.5,,,1.0,,,6900.0,,,6900.0,,,3.0,,
120812,NU MILK TEA PET 330ML,1154 - RTD TEA,CHILLER,1.62,1.09,-0.3272,60.0,25.0,-0.5833,1.19,1.47,0.2353,13338.0,9028.0,-0.3231,15872.0,13271.0,-0.1639,101.0,51.0,-0.495
401853,NU TEH TARIK PET 330ML,1154 - RTD TEA,CHILLER,1.6,1.4,-0.125,72.0,21.67,-0.699,1.43,1.14,-0.2028,13174.0,11562.0,-0.1224,18839.0,13181.0,-0.3003,101.0,57.0,-0.4356
407395,NU GREEN TEA ORI PET 330ML,1154 - RTD TEA,CHILLER,1.24,1.33,0.0726,20.5,7.0,-0.6585,1.11,1.0,-0.0991,6100.0,6110.0,0.0016,6771.0,6110.0,-0.0976,37.0,21.0,-0.4324
407396,NU GREEN TEA MADU PET 330ML,1154 - RTD TEA,CHILLER,1.16,1.02,-0.1207,19.0,16.67,-0.1226,1.36,1.09,-0.1985,5842.0,4908.0,-0.1599,7945.0,5350.0,-0.3266,28.0,46.0,0.6429
425615,NU YOGURT TEA PET 450ML,1154 - RTD TEA,CHILLER,1.2,1.31,0.0917,110.0,29.67,-0.7303,1.03,1.01,-0.0194,8258.0,9547.0,0.1561,8506.0,9642.0,0.1336,214.0,88.0,-0.5888
433915,NU CHOCO HAZELTEA PET 330ML,1154 - RTD TEA,CHILLER,1.5,1.22,-0.1867,54.5,18.0,-0.6697,1.28,1.15,-0.1016,12296.0,10111.0,-0.1777,15739.0,11628.0,-0.2612,85.0,47.0,-0.4471
459283,NU YOG TEA BERRY PET 450ML,1154 - RTD TEA,CHILLER,,1.34,,,15.67,,,1.09,,,9249.0,,,10081.0,,,43.0,
466117,NU ICE LYCHEE TEA PET 450ML,1154 - RTD TEA,CHILLER,1.89,1.57,-0.1693,63.0,20.0,-0.6825,1.15,1.07,-0.0696,13033.0,10832.0,-0.1689,14988.0,11590.0,-0.2267,110.0,56.0,-0.4909
195238,POKKA GREEN TEA JSM 300ML (OL),1154 - RTD TEA,CHILLER,3.6,,,2.5,,,1.25,,,30600.0,,,38250.0,,,4.0,,
406453,POKKA GTEA JASM PET 450ML (RN),1154 - RTD TEA,CHILLER,,1.0,,,0.67,,,1.0,,,6200.0,,,6200.0,,,2.0,
432613,POKKA LYCHEE TEA 450ML (OL),1154 - RTD TEA,CHILLER,1.0,,,1.0,,,1.0,,,5500.0,,,5500.0,,,2.0,,
892560,CCDI BZR ALFAGIFT FRESHTEA 1.5L,1154 - RTD TEA,CHILLER,1.0,,,6.5,,,1.0,,,17000.0,,,17000.0,,,13.0,,
892563,CCDI BZR ALFAGIFT FRESTEA 500ML,1154 - RTD TEA,CHILLER,1.0,,,45.5,,,1.1,,,6400.0,,,7040.0,,,83.0,,
892566,CCDI BZR ALFAGIFT FRESTEA 350ML,1154 - RTD TEA,CHILLER,1.0,,,96.0,,,1.23,,,4500.0,,,5535.0,,,156.0,,
120333,PUCUK HARUM TEH PET 350ML,1154 - RTD TEA,CHILLER,4.05,3.01,-0.2568,380.5,328.0,-0.138,1.3,1.44,0.1077,16005.0,11321.0,-0.2927,20806.0,16302.0,-0.2165,587.0,682.0,0.1618
120334,PUCUK HARUM TEH PET 500ML,1154 - RTD TEA,CHILLER,1.22,1.26,0.0328,73.5,66.33,-0.0976,1.11,1.11,0.0,8588.0,9037.0,0.0523,9533.0,10031.0,0.0522,133.0,180.0,0.3534
123643,PUCUK HARUM LS PET 500ML,1154 - RTD TEA,CHILLER,1.16,1.22,0.0517,33.5,33.67,0.0051,1.12,1.05,-0.0625,8076.0,8651.0,0.0712,9045.0,9084.0,0.0043,60.0,96.0,0.6
125134,PUCUK HARUM TEH LS PET 350ML,1154 - RTD TEA,CHILLER,1.75,1.57,-0.1029,87.5,35.0,-0.6,1.11,1.22,0.0991,7004.0,6020.0,-0.1405,7774.0,7344.0,-0.0553,157.0,86.0,-0.4522
403822,PUCUK HARUM TEH PET 1.3L,1154 - RTD TEA,CHILLER,1.18,1.06,-0.1017,70.5,58.0,-0.1773,1.21,1.14,-0.0579,15850.0,14055.0,-0.1132,19178.0,16023.0,-0.1645,117.0,153.0,0.3077
416175,PUCUK HARUM TEH PET 250ML,1154 - RTD TEA,CHILLER,2.9,1.82,-0.3724,45.5,21.67,-0.5237,1.12,1.05,-0.0625,10281.0,6785.0,-0.34,11515.0,7124.0,-0.3813,81.0,62.0,-0.2346
404369,S-TEE JASMINE PET 390ML,1154 - RTD TEA,CHILLER,1.15,2.79,1.4261,465.0,25.67,-0.9448,1.27,1.05,-0.1732,3681.0,9522.0,1.5868,4675.0,9998.0,1.1386,733.0,73.0,-0.9004
425277,S-TEE JASMINE TP 200ML,1154 - RTD TEA,CHILLER,3.83,3.31,-0.1358,41.5,36.33,-0.1246,1.06,1.3,0.2264,10804.0,9103.0,-0.1574,11452.0,11834.0,0.0334,78.0,84.0,0.0769
448073,(CTN)S-TEE JASMINE 24X200ML(OL),1154 - RTD TEA,CHILLER,1.29,,,3.5,,,1.75,,,64229.0,,,112401.0,,,4.0,,
115977,SOSRO TEH BOTOL ORI PET 450ML,1154 - RTD TEA,CHILLER,2.46,1.37,-0.4431,83.0,35.0,-0.5783,1.18,1.11,-0.0593,17263.0,9839.0,-0.4301,20370.0,10921.0,-0.4639,141.0,95.0,-0.3262
158583,SOSRO TEH BOTOL ORI TP 250ML,1154 - RTD TEA,CHILLER,1.76,1.62,-0.0795,34.0,23.67,-0.3038,1.15,1.2,0.0435,5871.0,5772.0,-0.0169,6752.0,6926.0,0.0258,59.0,59.0,0.0
403990,SOSRO TEH BOTOL ORI PET 350ML,1154 - RTD TEA,CHILLER,1.14,1.3,0.1404,707.0,57.33,-0.9189,1.41,1.33,-0.0567,4471.0,5506.0,0.2315,6304.0,7323.0,0.1616,1002.0,129.0,-0.8713
407443,SOSRO TEH BOTOL TAWAR PET 350ML,1154 - RTD TEA,CHILLER,2.6,1.41,-0.4577,40.0,9.67,-0.7582,1.31,1.04,-0.2061,8354.0,5100.0,-0.3895,10944.0,5304.0,-0.5154,61.0,28.0,-0.541
431474,SOSRO TEH BOTOL LS PET 350ML,1154 - RTD TEA,CHILLER,1.92,1.33,-0.3073,78.5,16.0,-0.7962,1.32,1.04,-0.2121,7506.0,5690.0,-0.2419,9908.0,5918.0,-0.4027,119.0,46.0,-0.6134
444991,SOSRO TEH BOTOL ORI TP 300ML,1154 - RTD TEA,CHILLER,2.69,5.32,0.9777,269.0,84.33,-0.6865,1.15,1.51,0.313,10223.0,17789.0,0.7401,11756.0,26861.0,1.2849,467.0,168.0,-0.6403
445294,(CTN)SOSRO TEH BTL 24X200ML(OL),1154 - RTD TEA,CHILLER,1.33,,,7.5,,,1.15,,,87100.0,,,100165.0,,,13.0,,
101230,TEBS TEA COOLER CAN 330ML,1154 - RTD TEA,CHILLER,1.11,1.04,-0.0631,4.5,8.33,0.8511,1.0,1.09,0.09,6656.0,6460.0,-0.0294,6656.0,7041.0,0.0578,9.0,23.0,1.5556
118265,TEBS TEA COOLER PET 500ML,1154 - RTD TEA,CHILLER,1.36,1.05,-0.2279,32.0,20.33,-0.3647,1.12,1.3,0.1607,11452.0,8923.0,-0.2208,12826.0,11600.0,-0.0956,57.0,47.0,-0.1754
990034,TEH GELAS PET 350ML,1154 - RTD TEA,CHILLER,4.18,2.78,-0.3349,72.0,34.33,-0.5232,1.4,1.11,-0.2071,13821.0,9163.0,-0.337,19349.0,10171.0,-0.4743,103.0,93.0,-0.0971
115394,ULTRA TEH KOTAK JASM 500ML(RN),1154 - RTD TEA,CHILLER,,1.0,,,0.67,,,1.0,,,8000.0,,,8000.0,,,2.0,
125159,ULTRA TEH KOTAK LS TP 300ML,1154 - RTD TEA,CHILLER,2.58,1.44,-0.4419,37.0,13.0,-0.6486,1.32,1.3,-0.0152,10992.0,6095.0,-0.4455,14509.0,7924.0,-0.4539,56.0,30.0,-0.4643
410515,ULTRA TEH KTK LEMON TP 300ML,1154 - RTD TEA,CHILLER,1.87,1.27,-0.3209,15.5,5.0,-0.6774,1.11,1.0,-0.0991,7945.0,5487.0,-0.3094,8819.0,5487.0,-0.3778,28.0,15.0,-0.4643
412772,ULTRA TEH KTK BCRNT TP300ML,1154 - RTD TEA,CHILLER,1.64,1.2,-0.2683,22.0,6.67,-0.6968,1.19,1.0,-0.1597,6973.0,5305.0,-0.2392,8298.0,5305.0,-0.3607,37.0,20.0,-0.4595
441189,(CTN)ULTRA TEH K JM24X300ML(OL),1154 - RTD TEA,CHILLER,1.21,,,12.0,,,2.0,,,108812.0,,,217624.0,,,12.0,,
444254,ULTRA TEH KOTAK MANGGA300ML,1154 - RTD TEA,CHILLER,1.79,1.08,-0.3966,14.0,4.0,-0.7143,1.22,1.0,-0.1803,7489.0,4742.0,-0.3668,9137.0,4742.0,-0.481,23.0,12.0,-0.4783
444255,ULTRA TEH KTK LECI TP 300ML,1154 - RTD TEA,CHILLER,1.4,1.54,0.1,21.0,4.33,-0.7938,1.31,1.0,-0.2366,5888.0,6538.0,0.1104,7713.0,6538.0,-0.1523,32.0,13.0,-0.5938
444885,ULTRA TEH KOTAK LS SGR750ML(OL),1154 - RTD TEA,CHILLER,2.0,,,0.5,,,1.0,,,19800.0,,,19800.0,,,1.0,,
6246,ULTRA TEH KTK JASM TP 300ML,1154 - RTD TEA,CHILLER,2.8,1.58,-0.4357,109.5,47.0,-0.5708,1.29,1.18,-0.0853,11823.0,6744.0,-0.4296,15252.0,7958.0,-0.4782,170.0,120.0,-0.2941
437191,WONG LO KAT LIANG TEH CAN 310ML,1154 - RTD TEA,CHILLER,1.33,1.2,-0.0977,3.0,5.0,0.6667,1.0,1.0,0.0,19633.0,15320.0,-0.2197,19633.0,15320.0,-0.2197,6.0,15.0,1.5
192123,YEOS KRISANTEMUM TPK 250ML (OL),1154 - RTD TEA,CHILLER,5.0,,,3.0,,,1.0,,,27500.0,,,27500.0,,,6.0,,
400552,ABC MILK COFFEE PET 200ML,1156 - RTD COFFEE,CHILLER,1.44,2.26,0.5694,110.5,87.33,-0.2097,1.22,1.24,0.0164,6595.0,10369.0,0.5723,8046.0,12858.0,0.5981,181.0,211.0,0.1657
990276,ABC CHOCOMALT COFEE PET 200ML,1156 - RTD COFFEE,CHILLER,1.41,1.78,0.2624,96.5,87.33,-0.095,1.21,1.34,0.1074,6472.0,8251.0,0.2749,7831.0,11056.0,0.4118,159.0,195.0,0.2264
441148,CAFFINO MILKY ESPRESSO PET200ML,1156 - RTD COFFEE,CHILLER,1.26,1.1,-0.127,19.5,10.33,-0.4703,1.18,1.29,0.0932,10036.0,8748.0,-0.1283,11842.0,11285.0,-0.047,33.0,24.0,-0.2727
441149,CAFFINO OAT CAPPUCCINO PET200ML,1156 - RTD COFFEE,CHILLER,1.32,1.07,-0.1894,20.0,13.67,-0.3165,1.14,1.11,-0.0263,10455.0,8571.0,-0.1802,11919.0,9514.0,-0.2018,35.0,37.0,0.0571
448839,CAFFINO MARIE LATTE PET 200ML,1156 - RTD COFFEE,CHILLER,1.18,1.17,-0.0085,14.0,10.0,-0.2857,1.08,1.07,-0.0093,9275.0,9257.0,-0.0019,10017.0,9905.0,-0.0112,26.0,28.0,0.0769
448840,CAFFINO SPANISH LATTE PET 200ML,1156 - RTD COFFEE,CHILLER,1.03,1.36,0.3204,14.5,9.33,-0.3566,1.21,1.04,-0.1405,8179.0,10729.0,0.3118,9897.0,11158.0,0.1274,24.0,27.0,0.125
425636,F&N KOPI SODA CAN 325ML,1156 - RTD COFFEE,CHILLER,1.07,1.0,-0.0654,7.5,5.33,-0.2893,1.15,1.0,-0.1304,8580.0,8019.0,-0.0654,9867.0,8019.0,-0.1873,13.0,16.0,0.2308
466607,FOXBUD COFOAT CPCINO PET240ML,1156 - RTD COFFEE,CHILLER,,1.0,,,1.0,,,1.0,,,15900.0,,,15900.0,,,3.0,
466608,FOXBUD COFOAT AREN LTE PET240ML,1156 - RTD COFFEE,CHILLER,,1.0,,,3.0,,,1.0,,,16078.0,,,16078.0,,,9.0,
466609,FOXBUD COFOAT CRMLMCTO PET240ML,1156 - RTD COFFEE,CHILLER,,1.1,,,3.33,,,1.0,,,17490.0,,,17490.0,,,10.0,
410190,GOLDA COFFEE LATTE PET 200ML,1156 - RTD COFFEE,CHILLER,1.31,1.23,-0.0611,124.5,107.33,-0.1379,1.18,1.34,0.1356,5472.0,5373.0,-0.0181,6457.0,7200.0,0.1151,211.0,241.0,0.1422
432393,GOLDA CAPPUCCINO PET 200ML,1156 - RTD COFFEE,CHILLER,1.35,1.18,-0.1259,181.0,157.33,-0.1308,1.25,1.34,0.072,5771.0,5156.0,-0.1066,7214.0,6909.0,-0.0423,289.0,351.0,0.2145
123235,GOOD DAY TIRAMISUBLISS PET250ML,1156 - RTD COFFEE,CHILLER,1.17,1.12,-0.0427,56.5,23.0,-0.5929,1.15,1.08,-0.0609,8966.0,8794.0,-0.0192,10311.0,9498.0,-0.0788,98.0,64.0,-0.3469
123236,GOOD DAY FUN MOCACINNO PET250ML,1156 - RTD COFFEE,CHILLER,1.44,1.14,-0.2083,38.5,34.67,-0.0995,1.07,1.17,0.0935,11183.0,8871.0,-0.2067,11966.0,10379.0,-0.1326,72.0,89.0,0.2361
405141,GOOD DAY CAPPUCCINO PET 250ML,1156 - RTD COFFEE,CHILLER,1.53,1.15,-0.2484,73.0,55.67,-0.2374,1.13,1.23,0.0885,11792.0,8889.0,-0.2462,13325.0,10933.0,-0.1795,129.0,136.0,0.0543
440558,GOOD DAY GRVY COOKIES PET250ML,1156 - RTD COFFEE,CHILLER,1.21,1.05,-0.1322,28.0,7.33,-0.7382,1.19,1.1,-0.0756,9375.0,8009.0,-0.1457,11156.0,8810.0,-0.2103,47.0,20.0,-0.5745
990083,GOOD DAY AVOCADO PET 250ML,1156 - RTD COFFEE,CHILLER,1.19,1.13,-0.0504,56.5,33.0,-0.4159,1.24,1.5,0.2097,9269.0,8694.0,-0.062,11494.0,13041.0,0.1346,91.0,66.0,-0.2747
448870,HY BTS COF CAPPUCCINO PET 250ML,1156 - RTD COFFEE,CHILLER,1.12,1.2,0.0714,17.0,6.67,-0.6076,1.06,1.0,-0.0566,10629.0,11480.0,0.0801,11267.0,11480.0,0.0189,32.0,20.0,-0.375
448871,HY BTS COF TIRAMISU PET 250ML,1156 - RTD COFFEE,CHILLER,1.19,1.59,0.3361,15.5,9.0,-0.4194,1.0,1.04,0.04,11390.0,15167.0,0.3316,11390.0,15774.0,0.3849,31.0,26.0,-0.1613
448076,HYDRO COCO LATTE CAN 220ML,1156 - RTD COFFEE,CHILLER,,1.05,,,6.33,,,1.12,,,17368.0,,,19452.0,,,17.0,
413446,ICHITAN THAI COFFE PET 300ML,1156 - RTD COFFEE,CHILLER,1.71,2.98,0.7427,20.5,17.0,-0.1707,1.02,1.16,0.1373,15837.0,28520.0,0.8008,16154.0,33083.0,1.048,40.0,44.0,0.1
440529,ICHITAN THAI SALTCRML PET 300ML,1156 - RTD COFFEE,CHILLER,1.45,2.03,0.4,20.0,19.33,-0.0335,1.03,1.12,0.0874,13530.0,20166.0,0.4905,13936.0,22586.0,0.6207,39.0,52.0,0.3333
411550,KAPAL API SIGN PET 200ML,1156 - RTD COFFEE,CHILLER,1.33,1.12,-0.1579,30.5,24.67,-0.1911,1.15,1.09,-0.0522,8048.0,6869.0,-0.1465,9255.0,7487.0,-0.191,53.0,68.0,0.283
429873,KAPAL API SIGN STRONG PET 200ML,1156 - RTD COFFEE,CHILLER,1.42,1.35,-0.0493,36.5,22.67,-0.3789,1.26,1.11,-0.119,8660.0,8338.0,-0.0372,10912.0,9255.0,-0.1519,58.0,61.0,0.0517
430911,KOPI KENANGAN AVOCUD PET 220ML,1156 - RTD COFFEE,CHILLER,1.1,1.08,-0.0182,14.5,13.0,-0.1034,1.04,1.05,0.0096,11021.0,11095.0,0.0067,11462.0,11650.0,0.0164,28.0,37.0,0.3214
430912,KOPI KENANGAN TANCINO PET 220ML,1156 - RTD COFFEE,CHILLER,1.18,1.04,-0.1186,28.0,19.0,-0.3214,1.08,1.02,-0.0556,11666.0,10412.0,-0.1075,12599.0,10620.0,-0.1571,52.0,56.0,0.0769
430913,KOPI KENANGAN BLK AREN PET220ML,1156 - RTD COFFEE,CHILLER,1.18,1.14,-0.0339,25.0,18.67,-0.2532,1.06,1.1,0.0377,11780.0,11461.0,-0.0271,12487.0,12607.0,0.0096,47.0,51.0,0.0851
438542,KOPI KENANGAN INDONESIANO 200ML,1156 - RTD COFFEE,CHILLER,1.06,1.17,0.1038,17.5,28.0,0.6,1.09,1.06,-0.0275,7791.0,8810.0,0.1308,8492.0,9339.0,0.0997,32.0,79.0,1.4688
441336,KOPI KENANGAN CAFFE LATTE200ML,1156 - RTD COFFEE,CHILLER,1.17,1.21,0.0342,40.5,35.33,-0.1277,1.09,1.02,-0.0642,8672.0,8996.0,0.0374,9452.0,9176.0,-0.0292,74.0,104.0,0.4054
445829,KOPI KENANGAN CHS LTE PET 220ML,1156 - RTD COFFEE,CHILLER,1.13,1.1,-0.0265,48.5,33.33,-0.3128,1.2,1.09,-0.0917,8278.0,8201.0,-0.0093,9934.0,8939.0,-0.1002,81.0,92.0,0.1358
459320,KOPI KENANGAN CPCNO DE CAN220ML,1156 - RTD COFFEE,CHILLER,,1.0,,,8.33,,,1.0,,,10800.0,,,10800.0,,,25.0,
465747,KOPI KENANGAN MATCHA PET 220ML,1156 - RTD COFFEE,CHILLER,1.1,1.1,0.0,36.0,32.0,-0.1111,1.09,1.05,-0.0367,7992.0,8425.0,0.0542,8711.0,8846.0,0.0155,66.0,91.0,0.3788
121999,KOPIKO 78C COFFEE LTE PET 240ML,1156 - RTD COFFEE,CHILLER,1.28,1.2,-0.0625,40.5,28.33,-0.3005,1.25,1.13,-0.096,10831.0,10553.0,-0.0257,13539.0,11925.0,-0.1192,65.0,75.0,0.1538
422933,KOPIKO LUCKYDAY COFFEE PET180ML,1156 - RTD COFFEE,CHILLER,1.09,1.11,0.0183,16.5,9.33,-0.4345,1.14,1.27,0.114,9391.0,9921.0,0.0564,10706.0,12600.0,0.1769,29.0,22.0,-0.2414
444219,LOKALATE POPCORN LATTE185ML(OL),1156 - RTD COFFEE,CHILLER,1.0,,,5.0,,,1.11,,,7550.0,,,8380.0,,,9.0,,
406323,LUWAK WHITE KOFFIE ORI PET220ML,1156 - RTD COFFEE,CHILLER,1.36,1.18,-0.1324,72.0,31.0,-0.5694,1.16,1.21,0.0431,9804.0,8726.0,-0.11,11373.0,10558.0,-0.0717,124.0,77.0,-0.379
439807,LUWAK KOPI GULA PET 220ML (RN),1156 - RTD COFFEE,CHILLER,,1.0,,,2.33,,,1.4,,,6214.0,,,8700.0,,,5.0,
100089,NESCAFE CAFE LATTE CAN 220ML,1156 - RTD COFFEE,CHILLER,1.11,1.26,0.1351,27.5,36.33,0.3211,1.08,1.45,0.3426,12364.0,14339.0,0.1597,13353.0,20792.0,0.5571,51.0,75.0,0.4706
103545,NESCAFE ORIGINAL CAN 220ML,1156 - RTD COFFEE,CHILLER,1.22,1.26,0.0328,45.5,28.67,-0.3699,1.57,1.08,-0.3121,13492.0,14523.0,0.0764,21182.0,15685.0,-0.2595,58.0,80.0,0.3793
215166,NESCAFE MOCHA COF CAN 220ML,1156 - RTD COFFEE,CHILLER,1.02,1.17,0.1471,24.0,14.0,-0.4167,1.26,1.05,-0.1667,11438.0,13479.0,0.1784,14412.0,14153.0,-0.018,38.0,40.0,0.0526
426999,NESCAFE CARAMEL MAC CAN 220ML,1156 - RTD COFFEE,CHILLER,1.24,1.49,0.2016,63.5,48.67,-0.2335,1.04,1.07,0.0288,9277.0,11112.0,0.1978,9648.0,11890.0,0.2324,122.0,136.0,0.1148
427000,NESCAFE CAPPUCCINO CAN 220ML,1156 - RTD COFFEE,CHILLER,1.38,2.05,0.4855,88.5,62.67,-0.2919,1.09,1.15,0.055,10287.0,15295.0,0.4868,11213.0,17589.0,0.5686,162.0,163.0,0.0062
427004,NESCAFE LATTE CAN 220ML,1156 - RTD COFFEE,CHILLER,1.33,1.93,0.4511,108.5,73.33,-0.3241,1.14,1.12,-0.0175,9749.0,14591.0,0.4967,11114.0,16342.0,0.4704,191.0,197.0,0.0314
427911,NESCAFE COFFEE CRM TP 180ML,1156 - RTD COFFEE,CHILLER,1.18,1.18,0.0,46.0,26.0,-0.4348,1.56,1.59,0.0192,6632.0,6651.0,0.0029,10346.0,10575.0,0.0221,59.0,49.0,-0.1695
431413,NESCAFE ICE BLACK CAN 220ML,1156 - RTD COFFEE,CHILLER,1.47,1.73,0.1769,101.5,56.33,-0.445,1.25,1.17,-0.064,10978.0,13047.0,0.1885,13722.0,15265.0,0.1124,163.0,145.0,-0.1104
433468,NESCAFE GULA AREN COF CAN 220ML,1156 - RTD COFFEE,CHILLER,1.35,1.68,0.2444,92.0,44.0,-0.5217,1.13,1.11,-0.0177,10059.0,12884.0,0.2808,11367.0,14301.0,0.2581,163.0,119.0,-0.2699
441230,NESCAFE OAT LATTE CAN 220ML,1156 - RTD COFFEE,CHILLER,1.08,1.11,0.0278,31.5,15.33,-0.5133,1.03,1.21,0.1748,9417.0,10054.0,0.0676,9700.0,12165.0,0.2541,61.0,38.0,-0.377
452021,NESCAFE KITKAT LATTE CAN 220ML,1156 - RTD COFFEE,CHILLER,,1.19,,,24.33,,,1.07,,,12990.0,,,13899.0,,,68.0,
437963,OATSIDE COFFEE TP 200ML,1156 - RTD COFFEE,CHILLER,1.31,1.85,0.4122,54.0,29.0,-0.463,1.15,1.18,0.0261,10498.0,14731.0,0.4032,12073.0,17383.0,0.4398,94.0,74.0,-0.2128
443540,OATSIDE CARAMEL MCTO TP 200ML,1156 - RTD COFFEE,CHILLER,1.2,1.19,-0.0083,38.0,12.0,-0.6842,1.17,1.12,-0.0427,9591.0,9542.0,-0.0051,11221.0,10687.0,-0.0476,65.0,32.0,-0.5077
443541,OATSIDE MOCHA TP 200ML,1156 - RTD COFFEE,CHILLER,1.65,,,39.5,,,1.07,,,13046.0,,,13959.0,,,74.0,,
990114,POLARIS COFFEE CREAM CAN 330ML,1156 - RTD COFFEE,CHILLER,1.63,1.79,0.0982,20.5,21.0,0.0244,1.28,1.11,-0.1328,11276.0,13452.0,0.193,14433.0,14932.0,0.0346,32.0,57.0,0.7812
434324,STARBUCKS ESPPRESSO LT CAN220ML,1156 - RTD COFFEE,CHILLER,1.07,1.09,0.0187,20.5,15.0,-0.2683,1.28,1.02,-0.2031,16576.0,16787.0,0.0127,21217.0,17123.0,-0.193,32.0,44.0,0.375
434325,STARBUCKS MOCHA/CARAMEL CAN 220,1156 - RTD COFFEE,CHILLER,1.17,1.17,0.0,18.0,11.67,-0.3517,1.03,1.06,0.0291,17925.0,18031.0,0.0059,18463.0,19113.0,0.0352,35.0,33.0,-0.0571
417810,TORA CAFE ICE MLK LTE PET 180ML,1156 - RTD COFFEE,CHILLER,1.04,1.15,0.1058,14.0,4.33,-0.6907,1.04,1.08,0.0385,5968.0,6854.0,0.1485,6207.0,7402.0,0.1925,27.0,12.0,-0.5556
417811,TORA CAFE ICE CPCN PET 180ML,1156 - RTD COFFEE,CHILLER,1.41,1.21,-0.1418,14.5,4.67,-0.6779,1.07,1.08,0.0093,8148.0,7179.0,-0.1189,8718.0,7753.0,-0.1107,27.0,13.0,-0.5185
222701,MR GULA ASAM TP 200ML,1231 - TRADITIONAL DRINK,CHILLER,1.57,1.42,-0.0955,3.5,4.0,0.1429,1.0,1.0,0.0,15286.0,14942.0,-0.0225,15286.0,14942.0,-0.0225,7.0,12.0,0.7143
407272,L-MEN 2GO LF CHOCOLATE TP 200ML,2022 - SPECIALTY LIQUID MILK,CHILLER,1.14,1.23,0.0789,11.0,10.0,-0.0909,1.29,1.36,0.0543,17641.0,19117.0,0.0837,22757.0,25999.0,0.1425,17.0,22.0,0.2941
466234,L-MEN 2GO LF CAPPUCCINO TP190ML,2022 - SPECIALTY LIQUID MILK,CHILLER,1.25,1.2,-0.04,2.0,6.67,2.335,1.0,1.25,0.25,19875.0,19080.0,-0.04,19875.0,23850.0,0.2,4.0,16.0,3.0
466280,MILO UHT PROTEIN TP 225ML,2022 - SPECIALTY LIQUID MILK,CHILLER,,1.23,,,14.33,,,1.08,,,17956.0,,,19392.0,,,40.0,
113850,NUTRIVE BENECOL STR BTL 100ML,2022 - SPECIALTY LIQUID MILK,CHILLER,1.62,1.4,-0.1358,32.0,15.67,-0.5103,1.12,1.12,0.0,14973.0,12947.0,-0.1353,16770.0,14501.0,-0.1353,57.0,42.0,-0.2632
113852,NUTRIVE BENECOL B.CRNT BTL100ML,2022 - SPECIALTY LIQUID MILK,CHILLER,1.62,1.57,-0.0309,39.0,20.33,-0.4787,1.11,1.17,0.0541,14990.0,14646.0,-0.0229,16639.0,17136.0,0.0299,70.0,52.0,-0.2571
200213,NUTRIVE BENECOL LYCHEE BTL100ML,2022 - SPECIALTY LIQUID MILK,CHILLER,1.4,1.52,0.0857,41.0,18.67,-0.5446,1.08,1.08,0.0,12915.0,14000.0,0.084,13948.0,15120.0,0.084,76.0,52.0,-0.3158
408055,NUTRIVE BENECOL ORG BTL 100ML,2022 - SPECIALTY LIQUID MILK,CHILLER,1.52,1.46,-0.0395,25.0,11.67,-0.5332,1.14,1.17,0.0263,14004.0,13949.0,-0.0039,15965.0,16320.0,0.0222,44.0,30.0,-0.3182
118340,PRENAGEN UHT CHOCO 185ML,2022 - SPECIALTY LIQUID MILK,CHILLER,1.0,1.61,0.61,0.5,10.33,19.66,1.0,1.24,0.24,9900.0,15997.0,0.6159,9900.0,19836.0,1.0036,1.0,25.0,24.0
419693,PRENAGEN UHT ALMN SOYA185ML(OL),2022 - SPECIALTY LIQUID MILK,CHILLER,1.0,,,0.5,,,1.0,,,9900.0,,,9900.0,,,1.0,,
449952,BEBELAC UHT PLAIN TP 165ML,2023 - TETRAPACK LIQUID MILK,CHILLER,1.1,1.37,0.2455,35.0,10.0,-0.7143,1.06,1.11,0.0472,10670.0,13010.0,0.2193,11310.0,14441.0,0.2768,66.0,27.0,-0.5909
449977,BEBELAC UHT PLAIN TP 105ML,2023 - TETRAPACK LIQUID MILK,CHILLER,1.27,2.25,0.7717,42.5,35.33,-0.1687,1.2,1.39,0.1583,7878.0,13273.0,0.6848,9454.0,18449.0,0.9514,71.0,76.0,0.0704
459296,BEBELAC UHT COKELAT TP 105ML,2023 - TETRAPACK LIQUID MILK,CHILLER,,1.61,,,23.33,,,1.21,,,9651.0,,,11678.0,,,58.0,
459297,BEBELAC UHT COKELAT TP 165ML,2023 - TETRAPACK LIQUID MILK,CHILLER,,1.53,,,10.0,,,1.36,,,14573.0,,,19819.0,,,22.0,
438623,BINGGRAE UHT BANANA 200ML,2023 - TETRAPACK LIQUID MILK,CHILLER,1.4,1.0,-0.2857,2.5,2.67,0.068,1.0,1.0,0.0,27980.0,19938.0,-0.2874,27980.0,19938.0,-0.2874,5.0,8.0,0.6
448237,(CTN)CHIL-GO VANILA36X130ML(OL),2023 - TETRAPACK LIQUID MILK,CHILLER,1.0,,,2.5,,,1.0,,,195000.0,,,195000.0,,,5.0,,
448238,(CTN)CHIL-GO STBERI36X130ML(OL),2023 - TETRAPACK LIQUID MILK,CHILLER,1.0,,,1.0,,,1.0,,,195000.0,,,195000.0,,,2.0,,
448239,(CTN)CHIL-GO COKELT36X130ML(OL),2023 - TETRAPACK LIQUID MILK,CHILLER,1.0,,,1.5,,,1.0,,,196333.0,,,196333.0,,,3.0,,
417821,CIMORY UHT CHOCOLATE TP 250ML,2023 - TETRAPACK LIQUID MILK,CHILLER,2.11,1.16,-0.4502,169.5,46.67,-0.7247,1.15,1.19,0.0348,15917.0,8986.0,-0.4354,18305.0,10693.0,-0.4158,296.0,118.0,-0.6014
417822,CIMORY UHT BEBASLAKTOSA TP250ML,2023 - TETRAPACK LIQUID MILK,CHILLER,1.63,1.34,-0.1779,73.5,25.67,-0.6507,1.13,1.2,0.0619,12210.0,10122.0,-0.171,13797.0,12146.0,-0.1197,130.0,64.0,-0.5077
420943,CIMORY UHT HAZELNUT TP 250ML,2023 - TETRAPACK LIQUID MILK,CHILLER,1.1,1.19,0.0818,38.5,26.67,-0.3073,1.04,1.1,0.0577,8478.0,9135.0,0.0775,8817.0,10048.0,0.1396,74.0,73.0,-0.0135
420944,CIMORY UHT CHOCO MALT TP 250ML,2023 - TETRAPACK LIQUID MILK,CHILLER,1.08,1.04,-0.037,18.5,17.67,-0.0449,1.03,1.08,0.0485,8378.0,7983.0,-0.0471,8629.0,8622.0,-0.0008,36.0,49.0,0.3611
422599,CIMORY UHT CHOCOLATE TP 125ML,2023 - TETRAPACK LIQUID MILK,CHILLER,1.5,1.42,-0.0533,67.5,42.0,-0.3778,1.17,1.22,0.0427,5566.0,5067.0,-0.0897,6512.0,6182.0,-0.0507,115.0,103.0,-0.1043
422600,CIMORY UHT STRAWBERRY TP 125ML,2023 - TETRAPACK LIQUID MILK,CHILLER,1.36,,,18.0,,,1.2,,,4900.0,,,5880.0,,,30.0,,
423993,CIMORY UHT CASHEW TP 250ML,2023 - TETRAPACK LIQUID MILK,CHILLER,1.15,1.13,-0.0174,36.0,23.33,-0.3519,1.11,1.11,0.0,8939.0,8726.0,-0.0238,9922.0,9686.0,-0.0238,65.0,63.0,-0.0308
423995,CIMORY UHT ALMOND TP 250ML,2023 - TETRAPACK LIQUID MILK,CHILLER,1.19,1.08,-0.0924,69.5,39.0,-0.4388,1.1,1.1,0.0,9135.0,8312.0,-0.0901,10048.0,9143.0,-0.0901,126.0,106.0,-0.1587
425806,CIMORY UHT STR TP 250ML,2023 - TETRAPACK LIQUID MILK,CHILLER,1.16,1.11,-0.0431,27.5,6.33,-0.7698,1.15,1.06,-0.0783,8893.0,8668.0,-0.0253,10227.0,9188.0,-0.1016,48.0,18.0,-0.625
426857,CIMORY UHT MARIE BISC TP 250ML,2023 - TETRAPACK LIQUID MILK,CHILLER,1.2,1.16,-0.0333,76.0,48.0,-0.3684,1.2,1.13,-0.0583,9198.0,8985.0,-0.0232,11038.0,10153.0,-0.0802,127.0,127.0,0.0
434267,CIMORY UHT CHO TRMS TP250ML,2023 - TETRAPACK LIQUID MILK,CHILLER,1.09,1.07,-0.0183,34.0,25.33,-0.255,1.13,1.23,0.0885,8313.0,8213.0,-0.012,9394.0,10102.0,0.0754,60.0,62.0,0.0333
434268,CIMORY UHT SLT CRML TP250ML,2023 - TETRAPACK LIQUID MILK,CHILLER,1.83,,,54.5,,,1.11,,,13711.0,,,15219.0,,,98.0,,
438899,CIMORY UHT PEANUT BUT TP 250ML,2023 - TETRAPACK LIQUID MILK,CHILLER,1.06,,,16.5,,,1.0,,,8012.0,,,8012.0,,,33.0,,
438900,CIMORY UHT CHOCO MINT TP 250ML,2023 - TETRAPACK LIQUID MILK,CHILLER,1.11,1.0,-0.0991,31.5,6.0,-0.8095,1.29,1.12,-0.1318,8540.0,7656.0,-0.1035,11017.0,8575.0,-0.2217,49.0,16.0,-0.6735
443496,CIMORY UHT MATCHA TP 250ML,2023 - TETRAPACK LIQUID MILK,CHILLER,1.28,1.18,-0.0781,119.0,90.33,-0.2409,1.15,1.18,0.0261,9825.0,9061.0,-0.0778,11299.0,10692.0,-0.0537,207.0,229.0,0.1063
466417,CIMORY UHT MILK TEA TP 250ML,2023 - TETRAPACK LIQUID MILK,CHILLER,,1.18,,,26.0,,,1.07,,,8845.0,,,9464.0,,,73.0,
466418,CIMORY UHT THAI TEA TP 250ML,2023 - TETRAPACK LIQUID MILK,CHILLER,,1.1,,,30.0,,,1.05,,,8272.0,,,8686.0,,,86.0,
200206,DANCOW UHT FG COKELAT TP 110ML,2023 - TETRAPACK LIQUID MILK,CHILLER,2.23,1.69,-0.2422,37.0,15.0,-0.5946,1.28,1.07,-0.1641,7876.0,6004.0,-0.2377,10081.0,6424.0,-0.3628,58.0,42.0,-0.2759
200207,DANCOW UHT FG STROBERI TP 110ML,2023 - TETRAPACK LIQUID MILK,CHILLER,1.8,,,29.5,,,1.23,,,6325.0,,,7780.0,,,48.0,,
441414,DANCOW UHT FG VANILA TP 110ML,2023 - TETRAPACK LIQUID MILK,CHILLER,2.56,,,47.5,,,1.44,,,9012.0,,,12977.0,,,66.0,,
465615,DANCOW UHTMLKSHK COOKIE TP180ML,2023 - TETRAPACK LIQUID MILK,CHILLER,1.69,1.21,-0.284,38.5,6.33,-0.8356,1.33,1.12,-0.1579,11517.0,8295.0,-0.2798,15318.0,9290.0,-0.3935,58.0,17.0,-0.7069
465682,DANCOW UHT CHO HAZELNUT TP180ML,2023 - TETRAPACK LIQUID MILK,CHILLER,2.33,1.19,-0.4893,27.0,8.67,-0.6789,1.35,1.13,-0.163,15913.0,8131.0,-0.489,21483.0,9188.0,-0.5723,40.0,23.0,-0.425
10072,DIAMOND UHT FULL CRM TP 200ML,2023 - TETRAPACK LIQUID MILK,CHILLER,,1.42,,,19.67,,,1.05,,,8454.0,,,8877.0,,,56.0,
440192,DIAMOND UHT MALLOW TP 200ML,2023 - TETRAPACK LIQUID MILK,CHILLER,,1.23,,,32.0,,,1.13,,,7288.0,,,8235.0,,,85.0,
440194,DIAMOND UHT MALLOW TP 125ML,2023 - TETRAPACK LIQUID MILK,CHILLER,1.52,1.0,-0.3421,32.5,0.67,-0.9794,1.14,1.0,-0.1228,5994.0,4100.0,-0.316,6833.0,4100.0,-0.4,57.0,2.0,-0.9649
466145,DIAMOND UHT BUBBLE GUM TP 200ML,2023 - TETRAPACK LIQUID MILK,CHILLER,1.7,1.31,-0.2294,27.0,16.33,-0.3952,1.12,1.09,-0.0268,10085.0,7751.0,-0.2314,11295.0,8449.0,-0.252,48.0,45.0,-0.0625
114655,FF UHT PF LF VANILA TP 225ML,2023 - TETRAPACK LIQUID MILK,CHILLER,1.31,1.2,-0.084,77.0,30.67,-0.6017,1.62,1.11,-0.3148,10614.0,9843.0,-0.0726,17195.0,10926.0,-0.3646,95.0,83.0,-0.1263
114656,FF UHT PF LF HC COKELAT TP225ML,2023 - TETRAPACK LIQUID MILK,CHILLER,1.32,1.2,-0.0909,47.5,23.0,-0.5158,1.06,1.05,-0.0094,10647.0,9926.0,-0.0677,11286.0,10422.0,-0.0766,90.0,66.0,-0.2667
115957,FF UHT PF COKELAT TP 225ML,2023 - TETRAPACK LIQUID MILK,CHILLER,1.7,1.63,-0.0412,298.5,142.0,-0.5243,1.24,1.21,-0.0242,11606.0,10577.0,-0.0887,14391.0,12798.0,-0.1107,481.0,352.0,-0.2682
115958,FF UHT PF STROBERI TP 225ML,2023 - TETRAPACK LIQUID MILK,CHILLER,1.39,1.43,0.0288,218.5,78.33,-0.6415,1.18,1.14,-0.0339,9435.0,9504.0,0.0073,11133.0,10835.0,-0.0268,370.0,206.0,-0.4432
115959,FF UHT PF F.CREAM TP 225ML,2023 - TETRAPACK LIQUID MILK,CHILLER,1.68,1.34,-0.2024,297.0,89.0,-0.7003,1.22,1.12,-0.082,11481.0,8906.0,-0.2243,14007.0,9975.0,-0.2879,486.0,238.0,-0.5103
125699,FF UHT PF LF STROBERI TP 225ML,2023 - TETRAPACK LIQUID MILK,CHILLER,1.17,1.04,-0.1111,29.5,15.33,-0.4803,1.07,1.07,0.0,9458.0,8570.0,-0.0939,10120.0,9170.0,-0.0939,55.0,43.0,-0.2182
193048,FF UHT OMEGA COKELAT TP 180ML,2023 - TETRAPACK LIQUID MILK,CHILLER,,1.32,,,31.0,,,1.11,,,7248.0,,,8045.0,,,84.0,
232831,FF UHTOMEGA COKELAT TP 110ML,2023 - TETRAPACK LIQUID MILK,CHILLER,1.35,1.64,0.2148,21.5,45.0,1.093,1.1,1.24,0.1273,5114.0,6079.0,0.1887,5625.0,7538.0,0.3401,39.0,109.0,1.7949
232832,FF UHTOMEGA STROBERI TP 110ML,2023 - TETRAPACK LIQUID MILK,CHILLER,1.43,,,21.0,,,1.08,,,5395.0,,,5827.0,,,39.0,,
402199,FF UHT PF COCONUT TP 225ML,2023 - TETRAPACK LIQUID MILK,CHILLER,1.36,1.09,-0.1985,63.0,23.33,-0.6297,1.14,1.19,0.0439,10979.0,8984.0,-0.1817,12516.0,10691.0,-0.1458,111.0,59.0,-0.4685
415702,FF UHT OMEGA PLAIN TP 110ML,2023 - TETRAPACK LIQUID MILK,CHILLER,,1.71,,,30.33,,,1.06,,,6113.0,,,6480.0,,,86.0,
437246,FF UHT SEREAL TP 225ML,2023 - TETRAPACK LIQUID MILK,CHILLER,1.24,1.29,0.0403,18.5,8.0,-0.5676,1.09,1.09,0.0,10054.0,10521.0,0.0464,10959.0,11468.0,0.0464,34.0,22.0,-0.3529
440502,FF UHT SEREAL KOPI TP 225ML,2023 - TETRAPACK LIQUID MILK,CHILLER,1.13,,,7.5,,,1.0,,,9167.0,,,9167.0,,,15.0,,
443456,(CTN)FF UHT OMG CHO36X110ML(OL),2023 - TETRAPACK LIQUID MILK,CHILLER,1.0,,,5.5,,,1.83,,,104982.0,,,192117.0,,,6.0,,
443457,(CTN)FF UHT OMG STB36X110ML(OL),2023 - TETRAPACK LIQUID MILK,CHILLER,1.0,,,0.5,,,1.0,,,105000.0,,,105000.0,,,1.0,,
443458,(CTN)FF UHT OMG PLN36X110ML(OL),2023 - TETRAPACK LIQUID MILK,CHILLER,1.11,,,4.5,,,1.12,,,116644.0,,,130641.0,,,8.0,,
447726,FF UHT ENERGO MATCHA 225ML,2023 - TETRAPACK LIQUID MILK,CHILLER,1.38,1.14,-0.1739,57.5,11.67,-0.797,1.11,1.13,0.018,11187.0,9323.0,-0.1666,12418.0,10535.0,-0.1516,104.0,31.0,-0.7019
447727,FF UHT ENERGO BERRIES 225ML,2023 - TETRAPACK LIQUID MILK,CHILLER,1.11,1.17,0.0541,28.0,9.67,-0.6546,1.08,1.0,-0.0741,8950.0,9593.0,0.0718,9666.0,9593.0,-0.0076,52.0,29.0,-0.4423
411928,GREENFIELDS UHT STR TP250ML,2023 - TETRAPACK LIQUID MILK,CHILLER,1.35,1.17,-0.1333,61.0,28.67,-0.53,1.21,1.16,-0.0413,10734.0,9930.0,-0.0749,12988.0,11519.0,-0.1131,101.0,74.0,-0.2673
411929,GREENFIELDS UHT FC TP250ML,2023 - TETRAPACK LIQUID MILK,CHILLER,1.64,1.34,-0.1829,108.0,37.0,-0.6574,1.16,1.13,-0.0259,13062.0,11663.0,-0.1071,15152.0,13179.0,-0.1302,186.0,98.0,-0.4731
411932,GREENFIELDS UHT FULLCREAM 105ML,2023 - TETRAPACK LIQUID MILK,CHILLER,2.79,2.88,0.0323,340.5,139.33,-0.5908,1.47,1.56,0.0612,10012.0,10969.0,0.0956,14718.0,17112.0,0.1627,464.0,268.0,-0.4224
437495,(CTN)GRNFIELDS UHT FC32X200(OL),2023 - TETRAPACK LIQUID MILK,CHILLER,1.07,,,14.0,,,2.15,,,194936.0,,,419112.0,,,13.0,,
437496,(CTN)GRNFIELDS UHT SB32X200(OL),2023 - TETRAPACK LIQUID MILK,CHILLER,1.33,,,1.5,,,1.0,,,242567.0,,,242567.0,,,3.0,,
437793,GREENFIELDS UHT CHOCO TP 250ML,2023 - TETRAPACK LIQUID MILK,CHILLER,1.43,1.11,-0.2238,51.5,25.0,-0.5146,1.1,1.19,0.0818,11339.0,9383.0,-0.1725,12473.0,11166.0,-0.1048,94.0,63.0,-0.3298
438380,(CTN)GRNFIELDS UHT FC40X105(OL),2023 - TETRAPACK LIQUID MILK,CHILLER,1.14,,,167.0,,,1.39,,,132460.0,,,184119.0,,,240.0,,
438381,(CTN)GRNFIELDS UHTCHO40X105(OL),2023 - TETRAPACK LIQUID MILK,CHILLER,1.08,,,24.5,,,1.26,,,125473.0,,,158096.0,,,39.0,,
438382,(CTN)GRNFIELDS UHT SB40X105(OL),2023 - TETRAPACK LIQUID MILK,CHILLER,1.02,,,22.0,,,1.26,,,118511.0,,,149324.0,,,35.0,,
438492,GREENFIELDS UHT CHOCO 105ML,2023 - TETRAPACK LIQUID MILK,CHILLER,2.22,2.07,-0.0676,124.5,40.33,-0.6761,1.5,1.3,-0.1333,7947.0,7807.0,-0.0176,11920.0,10149.0,-0.1486,166.0,93.0,-0.4398
440977,(CTN)GRNFIELDS UHTCHO32X200(OL),2023 - TETRAPACK LIQUID MILK,CHILLER,1.0,,,3.0,,,1.2,,,181967.0,,,218360.0,,,5.0,,
446027,GREENFIELDS UHT CF LTE 200ML,2023 - TETRAPACK LIQUID MILK,CHILLER,1.71,,,24.0,,,1.12,,,12246.0,,,13716.0,,,43.0,,
446408,GRNFIELDS UHT BELG CHO 200ML,2023 - TETRAPACK LIQUID MILK,CHILLER,2.07,,,42.0,,,1.2,,,14321.0,,,17185.0,,,70.0,,
115608,HILO TEEN UHT CHCO TP200ML (OL),2023 - TETRAPACK LIQUID MILK,CHILLER,2.0,,,1.0,,,1.0,,,15800.0,,,15800.0,,,2.0,,
406685,HILO SCHOOL COKELAT TP 200ML,2023 - TETRAPACK LIQUID MILK,CHILLER,1.84,1.22,-0.337,36.5,9.0,-0.7534,1.26,1.0,-0.2063,17805.0,11863.0,-0.3337,22434.0,11863.0,-0.4712,58.0,27.0,-0.5345
442324,HILO PROTEIN CHOCO TP 190ML,2023 - TETRAPACK LIQUID MILK,CHILLER,1.37,1.31,-0.0438,25.5,16.33,-0.3596,1.24,1.58,0.2742,20451.0,19853.0,-0.0292,25359.0,31368.0,0.237,41.0,31.0,-0.2439
140233,INDOMILK KIDS COKELAT TP 115ML,2023 - TETRAPACK LIQUID MILK,CHILLER,1.82,1.85,0.0165,57.0,45.33,-0.2047,1.12,1.18,0.0536,6314.0,6315.0,0.0002,7072.0,7452.0,0.0537,102.0,115.0,0.1275
140234,INDOMILK KIDS STROBERI TP 115ML,2023 - TETRAPACK LIQUID MILK,CHILLER,1.5,1.49,-0.0067,63.5,59.0,-0.0709,1.34,1.18,-0.1194,5202.0,5075.0,-0.0244,6971.0,5988.0,-0.141,95.0,150.0,0.5789
140237,INDOMILK VANILLA TP 180ML,2023 - TETRAPACK LIQUID MILK,CHILLER,1.0,,,1.0,,,1.0,,,5300.0,,,5300.0,,,2.0,,
140238,INDOMILK CHOCOLATE TP 180ML,2023 - TETRAPACK LIQUID MILK,CHILLER,1.31,1.38,0.0534,34.0,5.33,-0.8432,1.33,1.14,-0.1429,6968.0,7287.0,0.0458,9267.0,8307.0,-0.1036,51.0,14.0,-0.7255
401705,INDOMILK BANANA TP 180ML,2023 - TETRAPACK LIQUID MILK,CHILLER,1.34,1.37,0.0224,37.0,25.33,-0.3154,1.17,1.12,-0.0427,7141.0,7309.0,0.0235,8355.0,8186.0,-0.0202,63.0,68.0,0.0794
410445,INDOMILK KIDS FC TNP+GLATP115ML,2023 - TETRAPACK LIQUID MILK,CHILLER,2.36,1.89,-0.1992,77.0,40.67,-0.4718,1.2,1.15,-0.0417,8145.0,6382.0,-0.2165,9774.0,7339.0,-0.2491,128.0,106.0,-0.1719
436321,INDOMILK DALGONA TP 180ML,2023 - TETRAPACK LIQUID MILK,CHILLER,1.15,,,19.5,,,1.08,,,6136.0,,,6627.0,,,36.0,,
439748,INDOMILK KIDS LS CKT TP 115ML,2023 - TETRAPACK LIQUID MILK,CHILLER,2.69,2.01,-0.2528,98.5,59.0,-0.401,1.58,1.35,-0.1456,9408.0,6834.0,-0.2736,14865.0,9226.0,-0.3793,125.0,131.0,0.048
444134,INDOMILK GOGUMA TP 180ML,2023 - TETRAPACK LIQUID MILK,CHILLER,1.29,,,21.0,,,1.24,,,6848.0,,,8492.0,,,34.0,,
446411,(CTN)INDOMILK LSCKT40X115ML(OL),2023 - TETRAPACK LIQUID MILK,CHILLER,1.0,,,1.0,,,1.0,,,112000.0,,,112000.0,,,2.0,,
446412,(CTN)INDOMILK LS FC40X115ML(OL),2023 - TETRAPACK LIQUID MILK,CHILLER,1.0,,,0.5,,,1.0,,,112000.0,,,112000.0,,,1.0,,
446855,INDOMILK KIDS BANANA TP 115ML,2023 - TETRAPACK LIQUID MILK,CHILLER,2.0,2.0,0.0,29.5,0.67,-0.9773,1.11,1.0,-0.0991,6841.0,7400.0,0.0817,7594.0,7400.0,-0.0255,53.0,2.0,-0.9623
446109,LACTOGROW UHT MADU VNL TP 135ML,2023 - TETRAPACK LIQUID MILK,CHILLER,2.06,1.48,-0.2816,27.0,8.33,-0.6915,1.23,1.56,0.2683,13156.0,9268.0,-0.2955,16182.0,14458.0,-0.1065,44.0,16.0,-0.6364
448155,(CTN)LACTOGROW UHT MD VN36S(OL),2023 - TETRAPACK LIQUID MILK,CHILLER,1.0,,,1.5,,,1.5,,,211400.0,,,317100.0,,,2.0,,
426052,MILK LIFE UHT COKELAT TP 200ML,2023 - TETRAPACK LIQUID MILK,CHILLER,1.0,,,0.5,,,1.0,,,5600.0,,,5600.0,,,1.0,,
444018,(CTN)MILK LIFE UHT CK40X115(OL),2023 - TETRAPACK LIQUID MILK,CHILLER,1.0,,,3.0,,,1.0,,,108000.0,,,108000.0,,,6.0,,
444020,(CTN)MILK LIFE UHT SB40X115(OL),2023 - TETRAPACK LIQUID MILK,CHILLER,1.0,,,2.5,,,1.25,,,108400.0,,,135500.0,,,4.0,,
444021,(CTN)MILK LIFE UHT VN40X115(OL),2023 - TETRAPACK LIQUID MILK,CHILLER,1.08,,,6.0,,,2.0,,,117167.0,,,234334.0,,,6.0,,
446835,MILK LIFE UHT STR CHS TP200ML,2023 - TETRAPACK LIQUID MILK,CHILLER,1.1,,,25.0,,,1.04,,,7378.0,,,7673.0,,,48.0,,
446836,MILK LIFE UHT CKS CRM TP 200ML,2023 - TETRAPACK LIQUID MILK,CHILLER,1.14,1.45,0.2719,47.5,24.33,-0.4878,1.1,1.14,0.0364,7638.0,9805.0,0.2837,8402.0,11178.0,0.3304,86.0,64.0,-0.2558
452410,MILK LIFE UHT BEBASLAKTOSA200ML,2023 - TETRAPACK LIQUID MILK,CHILLER,,1.0,,,0.33,,,1.0,,,6300.0,,,6300.0,,,1.0,
422546,MILO UHT COKELAT TP 180ML,2023 - TETRAPACK LIQUID MILK,CHILLER,1.45,1.27,-0.1241,104.5,73.67,-0.295,1.42,1.27,-0.1056,8738.0,7909.0,-0.0949,12408.0,10044.0,-0.1905,147.0,174.0,0.1837
444602,(CTN)MILO UHT AG 9(4X110ML)(OL),2023 - TETRAPACK LIQUID MILK,CHILLER,1.0,,,6.5,,,1.08,,,112538.0,,,121541.0,,,12.0,,
444905,MILO UHT NUTRI CHOCO BNN 180ML,2023 - TETRAPACK LIQUID MILK,CHILLER,1.33,1.12,-0.1579,27.5,14.0,-0.4909,1.02,1.08,0.0588,9091.0,7793.0,-0.1428,9273.0,8416.0,-0.0924,54.0,39.0,-0.2778
444906,MILO UHT CHOCO CEREAL TP 180ML,2023 - TETRAPACK LIQUID MILK,CHILLER,1.32,1.43,0.0833,50.0,21.67,-0.5666,1.08,1.05,-0.0278,9015.0,9931.0,0.1016,9736.0,10428.0,0.0711,93.0,62.0,-0.3333
437040,PEDIASURE GO VANILA TP 110ML,2023 - TETRAPACK LIQUID MILK,CHILLER,2.86,1.81,-0.3671,39.0,10.67,-0.7264,1.77,1.1,-0.3785,37663.0,25350.0,-0.3269,66664.0,27885.0,-0.5817,44.0,29.0,-0.3409
437041,PEDIASURE GO COKELAT TP 110ML,2023 - TETRAPACK LIQUID MILK,CHILLER,2.46,,,34.0,,,1.62,,,32460.0,,,52585.0,,,42.0,,
408749,REAL GOOD UHT COKELAT PLW 125ML,2023 - TETRAPACK LIQUID MILK,CHILLER,4.16,3.44,-0.1731,134.5,182.67,0.3581,1.2,1.22,0.0167,13767.0,11377.0,-0.1736,16520.0,13880.0,-0.1598,225.0,448.0,0.9911
441583,SARI CHOCO UHT COKELAT TP 180ML,2023 - TETRAPACK LIQUID MILK,CHILLER,1.04,,,28.5,,,1.06,,,6612.0,,,7009.0,,,54.0,,
441584,SARI CHOCO UHT COKELAT TP 110ML,2023 - TETRAPACK LIQUID MILK,CHILLER,1.0,,,20.5,,,1.0,,,4054.0,,,4054.0,,,41.0,,
105086,ULTRA MILK UHT LF 250ML(RN)(OL),2023 - TETRAPACK LIQUID MILK,CHILLER,3.43,,,11.5,,,1.15,,,27822.0,,,31995.0,,,20.0,,
123548,ULTRA MIMI UHT F.CREAM TP 125ML,2023 - TETRAPACK LIQUID MILK,CHILLER,2.66,2.25,-0.1541,263.0,114.0,-0.5665,1.56,1.4,-0.1026,11105.0,9337.0,-0.1592,17324.0,13072.0,-0.2454,338.0,244.0,-0.2781
154271,ULTRA MILK UHT COKELAT TP 125ML,2023 - TETRAPACK LIQUID MILK,CHILLER,2.28,1.88,-0.1754,103.5,64.33,-0.3785,1.24,1.3,0.0484,9329.0,7554.0,-0.1903,11568.0,9820.0,-0.1511,167.0,148.0,-0.1138
154272,ULTRA MILK UHT STROBERI TP125ML,2023 - TETRAPACK LIQUID MILK,CHILLER,1.71,1.79,0.0468,47.0,46.33,-0.0143,1.16,1.24,0.069,7080.0,7148.0,0.0096,8213.0,8864.0,0.0793,81.0,112.0,0.3827
174590,ULTRA MILK UHT COKELAT TP 200ML,2023 - TETRAPACK LIQUID MILK,CHILLER,1.61,1.31,-0.1863,286.0,166.0,-0.4196,1.3,1.26,-0.0308,10246.0,8271.0,-0.1928,13320.0,10421.0,-0.2176,439.0,396.0,-0.0979
174592,ULTRA MILK UHT STROBERI TP200ML,2023 - TETRAPACK LIQUID MILK,CHILLER,1.39,1.28,-0.0791,116.0,83.33,-0.2816,1.14,1.12,-0.0175,8866.0,8068.0,-0.09,10107.0,9036.0,-0.106,204.0,223.0,0.0931
176010,ULTRA MILK UHT FC TP 200ML,2023 - TETRAPACK LIQUID MILK,CHILLER,1.72,1.35,-0.2151,264.5,131.0,-0.5047,1.2,1.2,0.0,10958.0,8586.0,-0.2165,13150.0,10303.0,-0.2165,442.0,328.0,-0.2579
216472,ULTRA MIMI UHT STROBERI TP125ML,2023 - TETRAPACK LIQUID MILK,CHILLER,1.99,1.62,-0.1859,142.0,64.67,-0.5446,1.35,1.35,0.0,8400.0,6835.0,-0.1863,11340.0,9227.0,-0.1863,211.0,144.0,-0.3175
216473,ULTRA MIMI UHT COKELAT TP 125ML,2023 - TETRAPACK LIQUID MILK,CHILLER,2.15,1.81,-0.1581,167.5,81.33,-0.5144,1.37,1.44,0.0511,9056.0,7576.0,-0.1634,12407.0,10909.0,-0.1207,244.0,169.0,-0.3074
263761,ULTRA MILK UHT LF CKT TP 250ML,2023 - TETRAPACK LIQUID MILK,CHILLER,1.22,1.13,-0.0738,40.5,31.67,-0.218,1.09,1.08,-0.0092,10823.0,10154.0,-0.0618,11797.0,10966.0,-0.0704,74.0,88.0,0.1892
410235,ULTRA MILK UHT TARO TP 200ML,2023 - TETRAPACK LIQUID MILK,CHILLER,1.1,1.15,0.0455,45.5,31.0,-0.3187,1.15,1.06,-0.0783,7057.0,7316.0,0.0367,8116.0,7755.0,-0.0445,79.0,88.0,0.1139
410236,ULTRA MILK UHT KARAMEL TP 200ML,2023 - TETRAPACK LIQUID MILK,CHILLER,1.41,1.28,-0.0922,48.0,27.67,-0.4235,1.2,1.26,0.05,8985.0,8067.0,-0.1022,10782.0,10164.0,-0.0573,80.0,66.0,-0.175
441163,(CTN)ULTRA MM UHT VNL40X125(OL),2023 - TETRAPACK LIQUID MILK,CHILLER,1.09,,,5.5,,,1.1,,,145682.0,,,160250.0,,,10.0,,
441164,(CTN)ULTRA MM UHT CHO40X125(OL),2023 - TETRAPACK LIQUID MILK,CHILLER,1.28,,,16.0,,,1.39,,,170406.0,,,236864.0,,,23.0,,
441165,(CTN)ULTRA MM UHT STR40X125(OL),2023 - TETRAPACK LIQUID MILK,CHILLER,1.14,,,3.5,,,1.4,,,151857.0,,,212600.0,,,5.0,,
441166,(CTN)ULTRA MLK UHT FC40X125(OL),2023 - TETRAPACK LIQUID MILK,CHILLER,1.03,,,18.5,,,1.23,,,134376.0,,,165282.0,,,30.0,,
441167,(CTN)ULTRA MLK UHT CO40X125(OL),2023 - TETRAPACK LIQUID MILK,CHILLER,1.07,,,15.0,,,1.11,,,141873.0,,,157479.0,,,27.0,,
441168,(CTN)ULTRA MLK UHT SB40X125(OL),2023 - TETRAPACK LIQUID MILK,CHILLER,1.0,,,7.0,,,1.27,,,132000.0,,,167640.0,,,11.0,,
442130,(CTN)ULTRA MM UHT FC 40X125(OL),2023 - TETRAPACK LIQUID MILK,CHILLER,1.23,,,53.0,,,1.29,,,163896.0,,,211426.0,,,82.0,,
450861,ULTRA MILK UHT BLBERRY TP 200ML,2023 - TETRAPACK LIQUID MILK,CHILLER,,1.29,,,37.33,,,1.18,,,8074.0,,,9527.0,,,95.0,
6171,ULTRA MILK UHT COKELAT TP 250ML,2023 - TETRAPACK LIQUID MILK,CHILLER,1.34,1.31,-0.0224,210.5,148.33,-0.2953,1.13,1.22,0.0796,10587.0,10340.0,-0.0233,11963.0,12615.0,0.0545,371.0,364.0,-0.0189
6173,ULTRA MILK UHT F.CREAM TP 250ML,2023 - TETRAPACK LIQUID MILK,CHILLER,1.37,1.28,-0.0657,175.0,132.67,-0.2419,1.1,1.16,0.0545,10897.0,10044.0,-0.0783,11987.0,11651.0,-0.028,319.0,343.0,0.0752
6228,ULTRA MILK UHT STROBERI TP250ML,2023 - TETRAPACK LIQUID MILK,CHILLER,1.18,1.18,0.0,101.5,91.67,-0.0968,1.21,1.18,-0.0248,9343.0,9292.0,-0.0055,11305.0,10965.0,-0.0301,168.0,234.0,0.3929
6229,ULTRA MILK UHT MOKA TP 250ML,2023 - TETRAPACK LIQUID MILK,CHILLER,1.2,1.12,-0.0667,27.5,26.67,-0.0302,1.08,1.21,0.1204,9607.0,8841.0,-0.0797,10376.0,10698.0,0.031,51.0,66.0,0.2941
200235,VIDORAN KIDS XM COKELAT TP175ML,2023 - TETRAPACK LIQUID MILK,CHILLER,2.38,3.1,0.3025,30.0,43.33,0.4443,1.22,1.08,-0.1148,11983.0,15538.0,0.2967,14619.0,16781.0,0.1479,49.0,120.0,1.449
200237,VIDORAN KIDS COKELAT TP 110ML,2023 - TETRAPACK LIQUID MILK,CHILLER,2.67,3.04,0.1386,93.5,47.33,-0.4938,1.32,1.31,-0.0076,9315.0,10690.0,0.1476,12296.0,14004.0,0.1389,142.0,108.0,-0.2394
448851,(CTN)VIDORAN UHT CO40X110ML(OL),2023 - TETRAPACK LIQUID MILK,CHILLER,1.0,,,2.0,,,1.0,,,120000.0,,,120000.0,,,4.0,,
437865,ALFA MUJIGAE CRML BNN BTL 250ML,2024 - BOTTLE - CAN LIQUID MILK,CHILLER,1.14,1.04,-0.0877,10.5,17.33,0.6505,1.0,1.11,0.11,11367.0,8981.0,-0.2099,11367.0,9969.0,-0.123,21.0,47.0,1.2381
465617,ALFA MUJIGAE MELON BTL 250ML,2024 - BOTTLE - CAN LIQUID MILK,CHILLER,1.28,1.12,-0.125,39.0,56.33,0.4444,1.13,1.1,-0.0265,12487.0,9740.0,-0.22,14110.0,10714.0,-0.2407,69.0,153.0,1.2174
109447,BEAR BRAND STERIL GOLD CAN140ML,2024 - BOTTLE - CAN LIQUID MILK,CHILLER,2.18,1.29,-0.4083,36.5,12.67,-0.6529,1.2,1.06,-0.1167,26248.0,15661.0,-0.4033,31498.0,16601.0,-0.473,61.0,36.0,-0.4098
196009,BEAR BRAND STERIL CAN 189ML,2024 - BOTTLE - CAN LIQUID MILK,CHILLER,2.94,2.97,0.0102,793.0,274.33,-0.6541,1.3,1.36,0.0462,31803.0,31785.0,-0.0006,41344.0,43228.0,0.0456,1219.0,606.0,-0.5029
441373,(CTN)BEAR BRAND ORI30X189ML(OL),2024 - BOTTLE - CAN LIQUID MILK,CHILLER,1.0,,,4.0,,,1.0,,,324125.0,,,324125.0,,,8.0,,
459540,BEAR BRAND STERIL CLGN CAN189ML,2024 - BOTTLE - CAN LIQUID MILK,CHILLER,,1.42,,,61.67,,,1.18,,,16054.0,,,18944.0,,,157.0,
441258,COLLAGENA STERIL CAN 189ML,2024 - BOTTLE - CAN LIQUID MILK,CHILLER,1.92,1.96,0.0208,146.5,121.67,-0.1695,1.3,1.29,-0.0077,24013.0,24043.0,0.0012,31217.0,31015.0,-0.0065,226.0,283.0,0.2522
444388,ENTRASOL STERIL EX ZTN CAN180ML,2024 - BOTTLE - CAN LIQUID MILK,CHILLER,2.32,,,34.0,,,1.15,,,23240.0,,,26726.0,,,59.0,,
444388,ENTRASOL STERIL OLIVE CAN 180ML,2024 - BOTTLE - CAN LIQUID MILK,CHILLER,,2.68,,,27.0,,,1.21,,,26815.0,,,32446.0,,,67.0,
437048,GOODNES STERIL KURMA CAN 189ML,2024 - BOTTLE - CAN LIQUID MILK,CHILLER,1.89,1.31,-0.3069,43.5,21.33,-0.5097,1.07,1.21,0.1308,18676.0,13100.0,-0.2986,19983.0,15851.0,-0.2068,81.0,53.0,-0.3457
446259,GOODNES STERIL KM HBTS CAN189ML,2024 - BOTTLE - CAN LIQUID MILK,CHILLER,1.63,1.47,-0.0982,35.0,24.0,-0.3143,1.09,1.26,0.156,16131.0,14628.0,-0.0932,17583.0,18431.0,0.0482,64.0,57.0,-0.1094
425653,ICHITAN BROWN SGR PET 300ML,2024 - BOTTLE - CAN LIQUID MILK,CHILLER,1.63,2.1,0.2883,43.5,30.67,-0.2949,1.16,1.14,-0.0172,15109.0,19441.0,0.2867,17526.0,22163.0,0.2646,75.0,81.0,0.08
437463,ICHITAN MILK STRAWBERRYPET300ML,2024 - BOTTLE - CAN LIQUID MILK,CHILLER,1.74,1.13,-0.3506,9.5,10.33,0.0874,1.06,1.11,0.0472,16542.0,11019.0,-0.3339,17535.0,12231.0,-0.3025,18.0,28.0,0.5556
437464,ICHITAN MILK BANANA PET 300ML,2024 - BOTTLE - CAN LIQUID MILK,CHILLER,1.55,1.43,-0.0774,15.5,9.33,-0.3981,1.07,1.04,-0.028,14729.0,13868.0,-0.0585,15760.0,14423.0,-0.0848,29.0,27.0,-0.069
444898,ICHITAN SIGN CHOCO PET 300ML,2024 - BOTTLE - CAN LIQUID MILK,CHILLER,1.13,1.1,-0.0265,27.5,17.33,-0.3698,1.17,1.41,0.2051,12449.0,12444.0,-0.0004,14565.0,17546.0,0.2047,47.0,37.0,-0.2128
433739,INDOMILK STERIL HONEY CAN 189ML,2024 - BOTTLE - CAN LIQUID MILK,CHILLER,1.37,1.19,-0.1314,24.5,5.33,-0.7824,1.2,1.23,0.025,12731.0,11025.0,-0.134,15277.0,13561.0,-0.1123,41.0,13.0,-0.6829
433740,INDOMILK STERIL PLAIN CAN 189M,2024 - BOTTLE - CAN LIQUID MILK,CHILLER,1.72,1.15,-0.3314,21.5,4.33,-0.7986,1.19,1.0,-0.1597,16033.0,10762.0,-0.3288,19079.0,10762.0,-0.4359,36.0,13.0,-0.6389
6203,INDOMILK COKELAT BTL 190ML,2024 - BOTTLE - CAN LIQUID MILK,CHILLER,1.21,1.17,-0.0331,71.0,44.33,-0.3756,1.27,1.19,-0.063,5668.0,5375.0,-0.0517,7198.0,6396.0,-0.1114,112.0,112.0,0.0
6207,INDOMILK STROBERI BTL 190ML,2024 - BOTTLE - CAN LIQUID MILK,CHILLER,1.3,1.29,-0.0077,57.5,32.33,-0.4377,1.15,1.13,-0.0174,5911.0,5895.0,-0.0027,6798.0,6661.0,-0.0202,100.0,86.0,-0.14
466279,KIT KAT CHOCO CAN 220ML,2024 - BOTTLE - CAN LIQUID MILK,CHILLER,,1.21,,,47.0,,,1.07,,,15127.0,,,16186.0,,,132.0,
422731,MILKU COKELAT BTL 200ML,2024 - BOTTLE - CAN LIQUID MILK,CHILLER,1.46,3.04,1.0822,95.5,104.33,0.0925,1.28,1.26,-0.0156,5539.0,11332.0,1.0459,7090.0,14278.0,1.0138,149.0,248.0,0.6644
422952,MILKU STROBERI BTL 200ML,2024 - BOTTLE - CAN LIQUID MILK,CHILLER,1.41,2.85,1.0213,64.0,73.0,0.1406,1.23,1.13,-0.0813,5353.0,10595.0,0.9793,6584.0,11972.0,0.8183,104.0,193.0,0.8558
442252,MILKU ORIGINAL BTL 200 ML,2024 - BOTTLE - CAN LIQUID MILK,CHILLER,1.54,2.24,0.4545,70.5,67.33,-0.045,1.25,1.22,-0.024,5945.0,8360.0,0.4062,7431.0,10199.0,0.3725,113.0,165.0,0.4602
120502,MILO CALCIUM CAN 220ML,2024 - BOTTLE - CAN LIQUID MILK,CHILLER,1.11,1.0,-0.0991,33.0,9.33,-0.7173,1.12,1.0,-0.1071,12300.0,11571.0,-0.0593,13776.0,11571.0,-0.1601,59.0,28.0,-0.5254
212123,MILO ORIGINAL CAN 220ML,2024 - BOTTLE - CAN LIQUID MILK,CHILLER,1.19,1.08,-0.0924,45.5,17.33,-0.6191,1.21,1.04,-0.1405,13175.0,12285.0,-0.0676,15942.0,12776.0,-0.1986,75.0,50.0,-0.3333
444907,MILO EXTRA CHOCO CAN 220ML,2024 - BOTTLE - CAN LIQUID MILK,CHILLER,1.19,1.02,-0.1429,26.5,27.0,0.0189,1.06,1.08,0.0189,13364.0,11800.0,-0.117,14166.0,12744.0,-0.1004,50.0,75.0,0.5
447087,MILO COOL CAN 220ML,2024 - BOTTLE - CAN LIQUID MILK,CHILLER,1.35,1.14,-0.1556,28.5,14.33,-0.4972,1.14,1.13,-0.0088,14725.0,13679.0,-0.071,16786.0,15457.0,-0.0792,50.0,38.0,-0.24
426485,MUJIGAE CHO BNN MILK BTL 250ML,2024 - BOTTLE - CAN LIQUID MILK,CHILLER,1.09,1.12,0.0275,28.5,33.67,0.1814,1.1,1.04,-0.0545,11968.0,12502.0,0.0446,13165.0,13002.0,-0.0124,52.0,97.0,0.8654
426540,MUJIGAE BNN MILK BTL 250ML,2024 - BOTTLE - CAN LIQUID MILK,CHILLER,1.19,1.09,-0.084,34.0,29.33,-0.1374,1.06,1.05,-0.0094,13106.0,12218.0,-0.0678,13892.0,12829.0,-0.0765,64.0,84.0,0.3125
435263,MUJIGAE STR BNN BTL 250ML,2024 - BOTTLE - CAN LIQUID MILK,CHILLER,1.18,1.14,-0.0339,28.5,22.0,-0.2281,1.1,1.06,-0.0364,12868.0,12750.0,-0.0092,14155.0,13515.0,-0.0452,52.0,62.0,0.1923
446391,MUJIGAE BNNMILK WTRMLN BTL250ML,2024 - BOTTLE - CAN LIQUID MILK,CHILLER,1.17,1.1,-0.0598,44.0,42.0,-0.0455,1.13,1.06,-0.0619,12928.0,12312.0,-0.0476,14609.0,13051.0,-0.1066,78.0,119.0,0.5256
465873,MUJIGAE CREAMY MILK BTL 250ML,2024 - BOTTLE - CAN LIQUID MILK,CHILLER,,1.11,,,25.33,,,1.03,,,12184.0,,,12550.0,,,74.0,
465874,MUJIGAE CHS CAKE MILK BTL 250ML,2024 - BOTTLE - CAN LIQUID MILK,CHILLER,,1.1,,,34.0,,,1.11,,,12213.0,,,13556.0,,,92.0,
445040,SO GOOD STERIL CAN 189ML,2024 - BOTTLE - CAN LIQUID MILK,CHILLER,2.33,2.54,0.0901,37.5,49.67,0.3245,1.15,1.14,-0.0087,20840.0,22543.0,0.0817,23966.0,25699.0,0.0723,65.0,131.0,1.0154
420856,TUJUHKURMA STERIL CAN 189ML,2024 - BOTTLE - CAN LIQUID MILK,CHILLER,1.69,1.36,-0.1953,83.0,49.67,-0.4016,1.18,1.19,0.0085,18395.0,15289.0,-0.1689,21706.0,18194.0,-0.1618,141.0,125.0,-0.1135
422563,ALMOND BREEZE MLK CHOC180ML(OL),2025 - PLANT BASED LIQUID MILK,CHILLER,1.67,,,1.5,,,1.0,,,19167.0,,,19167.0,,,3.0,,
422564,ALMOND BREEZE  MLK VNL180ML(OL),2025 - PLANT BASED LIQUID MILK,CHILLER,1.0,,,0.5,,,1.0,,,11500.0,,,11500.0,,,1.0,,
434211,ALMOND BREEZE CKL MILK946ML(OL),2025 - PLANT BASED LIQUID MILK,CHILLER,1.0,,,1.0,,,1.0,,,46650.0,,,46650.0,,,2.0,,
434212,ALMOND BREEZE VNL MILK946ML(OL),2025 - PLANT BASED LIQUID MILK,CHILLER,1.0,,,0.5,,,1.0,,,46800.0,,,46800.0,,,1.0,,
434213,ALMOND BREEZE ORY MILK946ML(OL),2025 - PLANT BASED LIQUID MILK,CHILLER,1.0,,,2.0,,,1.33,,,46575.0,,,61945.0,,,3.0,,
443822,ALMOND BREEZE MLK LATE180ML(OL),2025 - PLANT BASED LIQUID MILK,CHILLER,1.0,,,0.5,,,1.0,,,11500.0,,,11500.0,,,1.0,,
443825,ALMOND BREEZE MLK USW 180ML(OL),2025 - PLANT BASED LIQUID MILK,CHILLER,3.2,,,5.0,,,2.0,,,36800.0,,,73600.0,,,5.0,,
449545,BROOKFARM ALMOND ORIGINAL 200ML,2025 - PLANT BASED LIQUID MILK,CHILLER,,1.29,,,14.0,,,1.02,,,11486.0,,,11716.0,,,41.0,
449547,BROOKFARM ALMOND SLT CRML 200ML,2025 - PLANT BASED LIQUID MILK,CHILLER,,1.14,,,16.33,,,1.09,,,10553.0,,,11503.0,,,45.0,
459545,BROOKFARM ALMOND DARK CHO 200ML,2025 - PLANT BASED LIQUID MILK,CHILLER,,1.06,,,11.67,,,1.13,,,9446.0,,,10674.0,,,31.0,
125183,LACTASOY ORI SOYMILK 250ML (OL),2025 - PLANT BASED LIQUID MILK,CHILLER,2.5,,,2.0,,,1.33,,,25000.0,,,33250.0,,,3.0,,
444870,LACTASOY ORIGINAL SOYMILK1L(OL),2025 - PLANT BASED LIQUID MILK,CHILLER,1.0,,,1.0,,,1.0,,,34500.0,,,34500.0,,,2.0,,
444871,LACTASOY CHOCO SOYMILK1L(OL),2025 - PLANT BASED LIQUID MILK,CHILLER,1.0,,,0.5,,,1.0,,,34500.0,,,34500.0,,,1.0,,
444872,LACTASOY UNSW SOYMILK 250ML(OL),2025 - PLANT BASED LIQUID MILK,CHILLER,3.5,,,1.0,,,2.0,,,35000.0,,,70000.0,,,1.0,,
125465,NARAYA SOYA PET 320ML,2025 - PLANT BASED LIQUID MILK,CHILLER,1.23,1.14,-0.0732,66.5,41.67,-0.3734,1.3,1.25,-0.0385,9324.0,8710.0,-0.0659,12121.0,10888.0,-0.1017,102.0,100.0,-0.0196
431226,OATSIDE BARISTA BLEND 1L,2025 - PLANT BASED LIQUID MILK,CHILLER,1.0,1.08,0.08,1.0,19.67,18.67,1.0,1.34,0.34,34300.0,33912.0,-0.0113,34300.0,45442.0,0.3248,2.0,44.0,21.0
437961,OATSIDE BARISTA BLEND TP 200ML,2025 - PLANT BASED LIQUID MILK,CHILLER,1.56,1.97,0.2628,97.5,44.67,-0.5418,1.24,1.17,-0.0565,12322.0,15251.0,0.2377,15279.0,17844.0,0.1679,157.0,115.0,-0.2675
437962,OATSIDE CHOCOLATE TP 200ML,2025 - PLANT BASED LIQUID MILK,CHILLER,1.36,1.54,0.1324,38.0,22.67,-0.4034,1.13,1.03,-0.0885,10680.0,11937.0,0.1177,12068.0,12295.0,0.0188,67.0,66.0,-0.0149
442187,OATSIDE CHOMALT STRAW 200ML,2025 - PLANT BASED LIQUID MILK,CHILLER,1.64,,,42.0,,,1.09,,,10273.0,,,11198.0,,,77.0,,
442188,OATSIDE CHOCO STRAW 200ML,2025 - PLANT BASED LIQUID MILK,CHILLER,1.31,1.18,-0.0992,56.0,20.67,-0.6309,1.19,1.11,-0.0672,8364.0,7905.0,-0.0549,9953.0,8775.0,-0.1184,94.0,56.0,-0.4043
442189,OATSIDE BARISTABLEND STRAW200ML,2025 - PLANT BASED LIQUID MILK,CHILLER,1.56,1.32,-0.1538,144.5,50.67,-0.6493,1.31,1.63,0.2443,10217.0,8466.0,-0.1714,13384.0,13800.0,0.0311,220.0,93.0,-0.5773
443015,OATSIDE CHOCOLATE 3X200ML (OL),2025 - PLANT BASED LIQUID MILK,CHILLER,3.0,,,2.5,,,1.0,,,53500.0,,,53500.0,,,5.0,,
443016,OATSIDE BARISTA 3X200ML (OL),2025 - PLANT BASED LIQUID MILK,CHILLER,2.47,,,8.5,,,1.06,,,44718.0,,,47401.0,,,16.0,,
437716,TROP'S ALMOND CHOCO TP 190ML,2025 - PLANT BASED LIQUID MILK,CHILLER,1.93,1.22,-0.3679,69.5,17.0,-0.7554,1.23,1.11,-0.0976,22173.0,14431.0,-0.3492,27273.0,16018.0,-0.4127,113.0,46.0,-0.5929
442292,TROP'S OAT DRINK MELON190ML(OL),2025 - PLANT BASED LIQUID MILK,CHILLER,4.5,,,2.0,,,1.0,,,43150.0,,,43150.0,,,4.0,,
449106,TROP'S ALMOND BANANA TP 190ML,2025 - PLANT BASED LIQUID MILK,CHILLER,5.6,1.26,-0.775,2.5,11.33,3.532,1.25,1.03,-0.176,53200.0,14321.0,-0.7308,66500.0,14751.0,-0.7782,4.0,33.0,7.25
120719,V-SOY SOYA BEAN MILK BTL 300ML,2025 - PLANT BASED LIQUID MILK,CHILLER,1.31,1.15,-0.1221,92.0,48.67,-0.471,1.2,1.17,-0.025,19320.0,17447.0,-0.0969,23184.0,20413.0,-0.1195,153.0,125.0,-0.183
123873,V-SOY SOYA ORI TP 1000ML (OL),2025 - PLANT BASED LIQUID MILK,CHILLER,1.0,,,0.5,,,1.0,,,31500.0,,,31500.0,,,1.0,,
417634,V-SOY SOYA BEAN MILK TP 200ML,2025 - PLANT BASED LIQUID MILK,CHILLER,1.47,1.34,-0.0884,82.0,42.67,-0.4796,1.22,1.41,0.1557,13649.0,12426.0,-0.0896,16652.0,17521.0,0.0522,134.0,91.0,-0.3209
429521,V-SOY SOYA MULTI TP 1000ML (OL),2025 - PLANT BASED LIQUID MILK,CHILLER,1.0,,,1.0,,,1.0,,,31500.0,,,31500.0,,,2.0,,
431213,V-SOY GOLD GRAIN TP 1000ML (OL),2025 - PLANT BASED LIQUID MILK,CHILLER,1.25,,,4.0,,,1.14,,,43125.0,,,49162.0,,,7.0,,
434061,V-SOY ORI LOW SUGAR 1000ML (OL),2025 - PLANT BASED LIQUID MILK,CHILLER,1.0,,,1.0,,,1.0,,,31500.0,,,31500.0,,,2.0,,
105829,YEOS KEDELAI CAN 300ML (OL),2025 - PLANT BASED LIQUID MILK,CHILLER,2.4,,,2.5,,,1.0,,,18000.0,,,18000.0,,,5.0,,
106297,GREENFIELDS FRESH MILK 950ML,6211 - FRESH MILK,CHILLER,1.21,1.05,-0.1322,14.0,6.67,-0.5236,1.4,1.43,0.0214,42500.0,36750.0,-0.1353,59500.0,52552.0,-0.1168,20.0,14.0,-0.3
118426,GREENFIELDS FRS MILK 320ML,6211 - FRESH MILK,CHILLER,1.38,1.45,0.0507,16.0,12.67,-0.2081,1.07,1.15,0.0748,17188.0,18092.0,0.0526,18391.0,20806.0,0.1313,30.0,33.0,0.1
118427,GREENFIELDS CHOCOMALT 320ML,6211 - FRESH MILK,CHILLER,1.13,,,7.5,,,1.07,,,14167.0,,,15159.0,,,14.0,,
118427,GREENFIELDS CHOCOMALT 500ML,6211 - FRESH MILK,CHILLER,,1.0,,,5.33,,,1.07,,,12500.0,,,13375.0,,,15.0,
426212,MILK LIFE FM PURE 1000ML,6211 - FRESH MILK,CHILLER,1.0,,,6.0,,,1.2,,,31500.0,,,37800.0,,,10.0,,
109944,CIMORY YOG MIX FRT PET 240ML,6212 - YOGHURT,CHILLER,1.1,1.11,0.0091,45.5,32.67,-0.282,1.14,1.23,0.0789,10059.0,10335.0,0.0274,11467.0,12712.0,0.1086,80.0,80.0,0.0
110159,CIMORY CRMY YOG MANGO 120G,6212 - YOGHURT,CHILLER,1.19,1.13,-0.0504,98.0,56.0,-0.4286,1.11,1.14,0.027,12031.0,11526.0,-0.042,13354.0,13140.0,-0.016,176.0,147.0,-0.1648
112136,CIMORY YOG STR PET 240ML,6212 - YOGHURT,CHILLER,1.16,1.17,0.0086,61.0,40.67,-0.3333,1.07,1.11,0.0374,10797.0,10900.0,0.0095,11553.0,12099.0,0.0473,114.0,110.0,-0.0351
115109,CIMORY YOG BBERRY PET 240ML,6212 - YOGHURT,CHILLER,1.21,1.1,-0.0909,58.0,34.33,-0.4081,1.08,1.13,0.0463,11110.0,10304.0,-0.0725,11999.0,11644.0,-0.0296,107.0,91.0,-0.1495
123693,CIMORY YOG LYCHEE PET 240ML,6212 - YOGHURT,CHILLER,1.12,,,17.0,,,1.06,,,10182.0,,,10793.0,,,32.0,,
403158,CIMORY YOG STR 4X65ML,6212 - YOGHURT,CHILLER,1.25,1.24,-0.008,60.5,16.67,-0.7245,1.21,1.04,-0.1405,10132.0,9920.0,-0.0209,12260.0,10317.0,-0.1585,100.0,48.0,-0.52
405641,CIMORY YOG BBERRY 4X65ML,6212 - YOGHURT,CHILLER,1.14,1.13,-0.0088,69.0,18.0,-0.7391,1.2,1.17,-0.025,9316.0,9037.0,-0.0299,11179.0,10573.0,-0.0542,115.0,46.0,-0.6
414512,CIMORY YOGNOSGR TROPFR PET240ML,6212 - YOGHURT,CHILLER,,1.17,,,23.0,,,1.11,,,9987.0,,,11086.0,,,62.0,
414513,CIMORY YOGNOSGR STRMGO PET240ML,6212 - YOGHURT,CHILLER,1.27,1.04,-0.1811,39.5,31.0,-0.2152,1.16,1.12,-0.0345,11601.0,9123.0,-0.2136,13457.0,10218.0,-0.2407,68.0,83.0,0.2206
419274,CIMORY YOGNOSGR STR PET240ML,6212 - YOGHURT,CHILLER,1.14,1.07,-0.0614,3.5,22.33,5.38,1.0,1.05,0.05,10400.0,9336.0,-0.1023,10400.0,9803.0,-0.0574,7.0,64.0,8.1429
420798,CIMORY CRMY YOG ORI 120G,6212 - YOGHURT,CHILLER,1.41,1.34,-0.0496,160.0,73.67,-0.5396,1.2,1.24,0.0333,14217.0,13608.0,-0.0428,17060.0,16874.0,-0.0109,267.0,178.0,-0.3333
420799,CIMORY CRMY YOG STR 120G,6212 - YOGHURT,CHILLER,1.34,1.18,-0.1194,95.5,56.0,-0.4136,1.19,1.2,0.0084,13496.0,12362.0,-0.084,16060.0,14834.0,-0.0763,160.0,140.0,-0.125
420800,CIMORY CRMY YOG BBERRY 120G,6212 - YOGHURT,CHILLER,1.25,1.09,-0.128,97.5,56.33,-0.4223,1.15,1.1,-0.0435,12562.0,11212.0,-0.1075,14446.0,12333.0,-0.1463,170.0,154.0,-0.0941
423092,CIMORY CRMY YOG PEACH 120G,6212 - YOGHURT,CHILLER,1.12,,,20.0,,,1.03,,,11250.0,,,11588.0,,,39.0,,
431807,CIMORY CRMY YOG BW SGR 120G,6212 - YOGHURT,CHILLER,1.17,1.12,-0.0427,53.5,33.33,-0.377,1.14,1.18,0.0351,11792.0,11395.0,-0.0337,13443.0,13446.0,0.0002,94.0,85.0,-0.0957
439944,CIMORY YOG BLUEBERRY 40G,6212 - YOGHURT,CHILLER,2.27,1.58,-0.304,296.0,68.33,-0.7692,1.32,1.22,-0.0758,6842.0,4847.0,-0.2916,9031.0,5913.0,-0.3453,449.0,168.0,-0.6258
439945,CIMORY YOG STRAWBERRY 40G,6212 - YOGHURT,CHILLER,2.3,1.61,-0.3,319.5,103.33,-0.6766,1.34,1.24,-0.0746,6953.0,5005.0,-0.2802,9317.0,6206.0,-0.3339,476.0,250.0,-0.4748
441917,CIMORY YOG ORIGINAL 40G,6212 - YOGHURT,CHILLER,2.64,1.74,-0.3409,92.0,84.67,-0.0797,1.27,1.32,0.0394,7966.0,5443.0,-0.3167,10117.0,7185.0,-0.2898,145.0,192.0,0.3241
443661,CIMORY YOG MANGO STICKYRICE 40G,6212 - YOGHURT,CHILLER,2.03,1.66,-0.1823,108.0,111.33,0.0308,1.21,1.31,0.0826,6132.0,5165.0,-0.1577,7420.0,6766.0,-0.0881,179.0,255.0,0.4246
444004,CIMORY YOG BROWN SUGAR 40G,6212 - YOGHURT,CHILLER,2.01,1.45,-0.2786,133.0,56.33,-0.5765,1.27,1.26,-0.0079,6069.0,4491.0,-0.26,7708.0,5659.0,-0.2658,209.0,134.0,-0.3589
445018,CIMORY YOG BITES BLUEBERRY 120G,6212 - YOGHURT,CHILLER,1.2,1.08,-0.1,123.0,72.0,-0.4146,1.15,1.16,0.0087,10431.0,9283.0,-0.1101,11996.0,10768.0,-0.1024,213.0,186.0,-0.1268
445019,CIMORY YOG BITES STRAWBERRY120G,6212 - YOGHURT,CHILLER,1.23,1.11,-0.0976,98.5,46.0,-0.533,1.15,1.12,-0.0261,10615.0,9541.0,-0.1012,12207.0,10686.0,-0.1246,172.0,123.0,-0.2849
445020,CIMORY YOG BITES YUZU 120G,6212 - YOGHURT,CHILLER,1.17,,,50.5,,,1.12,,,10120.0,,,11334.0,,,90.0,,
445020,CIMORY YOGBITES ALMDATE PCH120G,6212 - YOGHURT,CHILLER,,1.14,,,17.0,,,1.0,,,9827.0,,,9827.0,,,51.0,
445021,CIMORY YOG BITES STR LYCHEE120G,6212 - YOGHURT,CHILLER,1.16,1.16,0.0,101.0,50.33,-0.5017,1.06,1.06,0.0,10010.0,9992.0,-0.0018,10611.0,10592.0,-0.0018,190.0,142.0,-0.2526
459372,CIMORY YOGNOSGR BBERRY PET240ML,6212 - YOGHURT,CHILLER,,1.1,,,25.67,,,1.05,,,9383.0,,,9852.0,,,73.0,
459482,CIMORY YOG KYOHO GRAPE 40G,6212 - YOGHURT,CHILLER,,1.42,,,79.0,,,1.2,,,4335.0,,,5202.0,,,197.0,
459483,CIMORY YOG ORANGE 40G,6212 - YOGHURT,CHILLER,,1.42,,,34.67,,,1.22,,,4320.0,,,5270.0,,,85.0,
466006,CIMORY YOG BITES STR MANGO 120G,6212 - YOGHURT,CHILLER,1.25,1.15,-0.08,70.5,70.0,-0.0071,1.1,1.17,0.0636,10691.0,9889.0,-0.075,11760.0,11570.0,-0.0162,128.0,180.0,0.4062
466007,CIMORY YOG BITES BERRYBLEND120G,6212 - YOGHURT,CHILLER,1.21,1.1,-0.0909,103.5,73.0,-0.2947,1.11,1.12,0.009,10349.0,9585.0,-0.0738,11487.0,10735.0,-0.0655,186.0,195.0,0.0484
620039,CIMORY YOG MIX BRY PET 240ML,6212 - YOGHURT,CHILLER,1.08,1.06,-0.0185,51.0,31.0,-0.3922,1.07,1.18,0.1028,9922.0,10024.0,0.0103,10617.0,11828.0,0.1141,95.0,79.0,-0.1684
620041,CIMORY YOG PLAIN PET 240ML,6212 - YOGHURT,CHILLER,1.23,1.19,-0.0325,36.5,20.67,-0.4337,1.11,1.15,0.036,11293.0,11032.0,-0.0231,12535.0,12687.0,0.0121,66.0,54.0,-0.1818
413439,GRNFIELDS Y STR 240/250ML,6212 - YOGHURT,CHILLER,1.08,,,13.0,,,1.04,,,10254.0,,,10664.0,,,25.0,,
413443,GRNFIELDS Y BRY 240/250ML,6212 - YOGHURT,CHILLER,1.04,,,12.5,,,1.0,,,9880.0,,,9880.0,,,25.0,,
426307,GREENFIELDS Y STR PCH 110G,6212 - YOGHURT,CHILLER,1.12,,,4.0,,,1.0,,,11088.0,,,11088.0,,,8.0,,
426308,GREENFIELDS Y BRY PCH 110G,6212 - YOGHURT,CHILLER,1.17,,,3.0,,,1.0,,,11483.0,,,11483.0,,,6.0,,
407524,HB YOG GREEK ORI 200ML,6212 - YOGHURT,CHILLER,1.03,1.0,-0.0291,17.5,5.0,-0.7143,1.21,1.07,-0.1157,19669.0,19027.0,-0.0326,23799.0,20359.0,-0.1445,29.0,14.0,-0.5172
436296,KIN YOG SLURP STRAWBERRY 45G,6212 - YOGHURT,CHILLER,1.69,1.29,-0.2367,32.5,14.0,-0.5692,1.12,1.11,-0.0089,5954.0,4807.0,-0.1926,6668.0,5336.0,-0.1998,58.0,38.0,-0.3448
436297,KIN YOG SLURP BLUEBERRY 45G(RN),6212 - YOGHURT,CHILLER,1.53,1.58,0.0327,25.5,11.0,-0.5686,1.19,1.0,-0.1597,5422.0,5827.0,0.0747,6452.0,5827.0,-0.0969,43.0,33.0,-0.2326
436341,KIN YOG SMOOTH CRMY ORI 45G,6212 - YOGHURT,CHILLER,2.02,1.9,-0.0594,24.0,20.0,-0.1667,1.23,1.2,-0.0244,7131.0,6860.0,-0.038,8771.0,8232.0,-0.0615,39.0,50.0,0.2821
436342,KIN YOG SMOOTH CRMY BLK 45G,6212 - YOGHURT,CHILLER,1.75,1.4,-0.2,24.0,15.0,-0.375,1.12,1.05,-0.0625,6150.0,4947.0,-0.1956,6888.0,5194.0,-0.2459,43.0,43.0,0.0
447182,KIN SLURP XL BLUEBERRY 80G,6212 - YOGHURT,CHILLER,1.49,1.17,-0.2148,62.5,7.67,-0.8773,1.09,1.05,-0.0367,11469.0,9996.0,-0.1284,12501.0,10496.0,-0.1604,115.0,22.0,-0.8087
465749,KIN SLURP XL MANGO 80G,6212 - YOGHURT,CHILLER,1.37,1.27,-0.073,71.0,7.33,-0.8968,1.11,1.05,-0.0541,10528.0,10850.0,0.0306,11686.0,11392.0,-0.0252,128.0,21.0,-0.8359
434729,YAKULT LIGHT 5X65ML,6212 - YOGHURT,CHILLER,1.17,1.18,0.0085,157.5,52.33,-0.6677,1.36,1.23,-0.0956,15787.0,16424.0,0.0403,21470.0,20202.0,-0.0591,231.0,128.0,-0.4459
466316,YAKULT MANGGA 5X65ML,6212 - YOGHURT,CHILLER,1.19,1.11,-0.0672,81.0,50.0,-0.3827,1.07,1.15,0.0748,13105.0,13145.0,0.0031,14022.0,15117.0,0.0781,151.0,130.0,-0.1391
6149,YAKULT 5S,6212 - YOGHURT,CHILLER,1.28,1.23,-0.0391,570.5,151.33,-0.7347,1.33,1.23,-0.0752,13624.0,13642.0,0.0013,18120.0,16780.0,-0.074,856.0,368.0,-0.5701
466997,CIMORY EATMILK PUD CHOCOHZL 80G,6218 - PUDDING,CHILLER,1.3,1.18,-0.0923,65.0,58.67,-0.0974,1.11,1.16,0.045,9898.0,8821.0,-0.1088,10987.0,10232.0,-0.0687,117.0,152.0,0.2991
466998,CIMORY EATMILK PUD CHOCO 80G,6218 - PUDDING,CHILLER,1.35,1.18,-0.1259,38.5,70.33,0.8268,1.08,1.22,0.1296,10226.0,8815.0,-0.138,11044.0,10754.0,-0.0263,71.0,173.0,1.4366
466999,CIMORY EATMILK PUD MARIEBISC80G,6218 - PUDDING,CHILLER,1.19,1.19,0.0,39.5,36.0,-0.0886,1.18,1.14,-0.0339,9059.0,8889.0,-0.0188,10690.0,10133.0,-0.0521,67.0,95.0,0.4179
446093,INACO PUDDING CUP 3X120G (OL),6218 - PUDDING,CHILLER,2.0,,,0.5,,,1.0,,,23000.0,,,23000.0,,,1.0,,
123999,WONG COCO PUDDING MANGO CUP120G,6218 - PUDDING,CHILLER,1.27,1.4,0.1024,13.0,8.33,-0.3592,1.13,1.19,0.0531,6342.0,7604.0,0.199,7166.0,9049.0,0.2628,23.0,21.0,-0.087
125100,WONG COCO PUDDING GUAVA CUP120G,6218 - PUDDING,CHILLER,1.19,1.1,-0.0756,8.0,7.0,-0.125,1.33,1.11,-0.1654,5775.0,5505.0,-0.0468,7681.0,6111.0,-0.2044,12.0,19.0,0.5833
436503,WONG COCO PDNG MANGGA120GX3(OL),6218 - PUDDING,CHILLER,1.25,,,2.0,,,1.0,,,14875.0,,,14875.0,,,4.0,,
436504,WONG COCO PDNG GUAVA 120GX3(OL),6218 - PUDDING,CHILLER,1.0,,,1.5,,,1.0,,,11900.0,,,11900.0,,,3.0,,
439148,WONG COCO PDG BLUEBERRY120G(OL),6218 - PUDDING,CHILLER,1.67,,,1.5,,,1.0,,,7233.0,,,7233.0,,,3.0,,
446206,WONG COCO PDG BRY YOG3X120G(OL),6218 - PUDDING,CHILLER,1.25,,,2.0,,,1.33,,,14875.0,,,19784.0,,,3.0,,
125701,YEKO PUDDING CHOCOLATE CUP 125G,6218 - PUDDING,CHILLER,1.0,1.25,0.25,3.5,2.67,-0.2371,1.0,1.14,0.14,8071.0,10000.0,0.239,8071.0,11400.0,0.4125,7.0,7.0,0.0
194469,YEKO PUDDING STRAWBERRY CUP125G,6218 - PUDDING,CHILLER,1.08,1.43,0.3241,6.0,2.33,-0.6117,1.09,1.0,-0.0826,8833.0,11429.0,0.2939,9628.0,11429.0,0.1871,11.0,7.0,-0.3636
440017,FIESTA RTG BAKSO KEJU 60G,6226 - CHILLED MEAT BALLS,CHILLER,1.53,1.12,-0.268,69.0,19.67,-0.7149,1.28,1.05,-0.1797,13167.0,9810.0,-0.255,16854.0,10300.0,-0.3889,108.0,56.0,-0.4815
440018,FIESTA RTG BAKSO BBQ 60G,6226 - CHILLED MEAT BALLS,CHILLER,1.8,1.17,-0.35,22.5,20.0,-0.1111,1.15,1.09,-0.0522,15609.0,10612.0,-0.3201,17950.0,11567.0,-0.3556,39.0,55.0,0.4103
459507,FIESTA RTG BAKSO CHEESY LAVA55G,6226 - CHILLED MEAT BALLS,CHILLER,,1.69,,,24.0,,,1.33,,,16097.0,,,21409.0,,,54.0,
428660,KANZLER BAKSO ORI 48G,6226 - CHILLED MEAT BALLS,CHILLER,1.4,1.22,-0.1286,107.5,47.33,-0.5597,1.2,1.16,-0.0333,12474.0,11018.0,-0.1167,14969.0,12781.0,-0.1462,179.0,122.0,-0.3184
428662,KANZLER BAKSO KEJU 48G,6226 - CHILLED MEAT BALLS,CHILLER,1.38,1.25,-0.0942,84.5,43.0,-0.4911,1.08,1.18,0.0926,12367.0,11295.0,-0.0867,13356.0,13328.0,-0.0021,156.0,109.0,-0.3013
435736,KANZLER BAKSO HOT 48G,6226 - CHILLED MEAT BALLS,CHILLER,1.39,1.2,-0.1367,191.0,96.0,-0.4974,1.18,1.14,-0.0339,12449.0,11162.0,-0.1034,14690.0,12725.0,-0.1338,324.0,252.0,-0.2222
465771,KANZLER BAKSO GOCHUJANG 55G,6226 - CHILLED MEAT BALLS,CHILLER,1.34,1.21,-0.097,97.5,91.67,-0.0598,1.14,1.09,-0.0439,11936.0,10963.0,-0.0815,13607.0,11950.0,-0.1218,171.0,253.0,0.4795
449784,BELFOODS RTG SOSIS NAMI HOT 55G,6227 - CHILLED SAUSAGES,CHILLER,1.0,1.25,0.25,0.5,44.67,88.34,1.0,1.09,0.09,8300.0,10421.0,0.2555,8300.0,11359.0,0.3686,1.0,123.0,122.0
449785,BELFOODS RTG SOSIS JEJU CHS 55G,6227 - CHILLED SAUSAGES,CHILLER,1.5,1.5,0.0,1.0,112.33,111.33,1.0,1.1,0.1,12450.0,12550.0,0.008,12450.0,13805.0,0.1088,2.0,305.0,151.5
449786,BELFOODS RTG SOSIS DAEGU ORI55G,6227 - CHILLED SAUSAGES,CHILLER,,1.27,,,36.67,,,1.13,,,10633.0,,,12015.0,,,97.0,
437455,FIESTA READYTOGO SOSIS ORI 65G,6227 - CHILLED SAUSAGES,CHILLER,1.57,1.27,-0.1911,141.5,28.0,-0.8021,1.17,1.08,-0.0769,13499.0,11062.0,-0.1805,15794.0,11947.0,-0.2436,242.0,78.0,-0.6777
443704,FIESTA RTG SOSIS SPICYKOREAN60G,6227 - CHILLED SAUSAGES,CHILLER,1.39,1.32,-0.0504,133.0,37.0,-0.7218,1.08,1.03,-0.0463,12002.0,11448.0,-0.0462,12962.0,11791.0,-0.0903,246.0,108.0,-0.561
443705,FIESTA RTG SOSIS CHEESYMELTS65G,6227 - CHILLED SAUSAGES,CHILLER,1.6,1.35,-0.1562,195.0,37.67,-0.8068,1.2,1.11,-0.075,13795.0,12003.0,-0.1299,16554.0,13323.0,-0.1952,324.0,102.0,-0.6852
459506,FIESTA RTG SOSIS HICKORYBBQ 60G,6227 - CHILLED SAUSAGES,CHILLER,,1.82,,,19.0,,,1.08,,,17333.0,,,18720.0,,,53.0,
466966,FIESTA RTG SOSIS HOT LAVA 60G,6227 - CHILLED SAUSAGES,CHILLER,1.99,1.63,-0.1809,137.0,46.33,-0.6618,1.1,1.06,-0.0364,18901.0,15464.0,-0.1818,20791.0,16392.0,-0.2116,248.0,131.0,-0.4718
466967,FIESTA RTG SOSIS CHEESE LAVA60G,6227 - CHILLED SAUSAGES,CHILLER,2.03,1.55,-0.2365,159.5,67.33,-0.5779,1.11,1.13,0.018,19249.0,14756.0,-0.2334,21366.0,16674.0,-0.2196,287.0,178.0,-0.3798
417804,KANZLER SGL ORI 65G,6227 - CHILLED SAUSAGES,CHILLER,1.39,1.31,-0.0576,260.5,158.0,-0.3935,1.18,1.22,0.0339,12544.0,11829.0,-0.057,14802.0,14431.0,-0.0251,440.0,390.0,-0.1136
417805,KANZLER SGL KEJU 65G,6227 - CHILLED SAUSAGES,CHILLER,1.38,1.29,-0.0652,362.0,171.67,-0.5258,1.14,1.17,0.0263,12495.0,11678.0,-0.0654,14244.0,13663.0,-0.0408,635.0,442.0,-0.3039
417806,KANZLER SGL MINI 65G,6227 - CHILLED SAUSAGES,CHILLER,1.4,1.29,-0.0786,235.5,131.67,-0.4409,1.19,1.33,0.1176,12669.0,11703.0,-0.0762,15076.0,15565.0,0.0324,395.0,296.0,-0.2506
423992,KANZLER SGL HOT 65G,6227 - CHILLED SAUSAGES,CHILLER,1.34,1.29,-0.0373,427.0,255.67,-0.4012,1.2,1.24,0.0333,12076.0,11678.0,-0.033,14491.0,14481.0,-0.0007,711.0,619.0,-0.1294
435578,KANZLER SGL GOCHUJANG 60G,6227 - CHILLED SAUSAGES,CHILLER,1.29,1.28,-0.0078,350.0,224.0,-0.36,1.15,1.2,0.0435,11678.0,11603.0,-0.0064,13430.0,13924.0,0.0368,611.0,560.0,-0.0835
419629,KIMBO SOS PB GER BWURST 60G,6227 - CHILLED SAUSAGES,CHILLER,1.28,1.22,-0.0469,12.5,16.33,0.3064,1.09,1.04,-0.0459,11504.0,10922.0,-0.0506,12539.0,11359.0,-0.0941,23.0,47.0,1.0435
431102,KIMBO SOS PB KOREA HOT 60G,6227 - CHILLED SAUSAGES,CHILLER,1.46,1.67,0.1438,20.5,8.0,-0.6098,1.14,1.04,-0.0877,13100.0,14917.0,0.1387,14934.0,15514.0,0.0388,36.0,23.0,-0.3611
437454,KIMBO SOS PB AMRC CHEESE 60G,6227 - CHILLED SAUSAGES,CHILLER,1.23,1.33,0.0813,23.5,12.0,-0.4894,1.12,1.24,0.1071,10981.0,11925.0,0.086,12299.0,14787.0,0.2023,42.0,29.0,-0.3095
452149,SO GOOD SOSIS KOREA BULDAK 58G,6227 - CHILLED SAUSAGES,CHILLER,,2.52,,,13.33,,,1.08,,,23075.0,,,24921.0,,,37.0,
452150,SO GOOD SOS KOREA CHS BULDAK58G,6227 - CHILLED SAUSAGES,CHILLER,,2.2,,,18.0,,,1.17,,,20202.0,,,23636.0,,,46.0,
465764,SO GOOD SOS KEJU PEDAS 55G,6227 - CHILLED SAUSAGES,CHILLER,1.15,1.24,0.0783,27.5,32.33,0.1756,1.04,1.11,0.0673,10698.0,12033.0,0.1248,11126.0,13357.0,0.2005,53.0,87.0,0.6415
465773,SO GOOD SOS JEPANG HOT 55G,6227 - CHILLED SAUSAGES,CHILLER,1.31,1.35,0.0305,25.5,22.0,-0.1373,1.0,1.12,0.12,12208.0,12773.0,0.0463,12208.0,14306.0,0.1719,51.0,59.0,0.1569
433386,SO NICE SOSIS PRM SMOKE 60G,6227 - CHILLED SAUSAGES,CHILLER,1.29,1.53,0.186,42.5,40.33,-0.0511,1.06,1.07,0.0094,11362.0,13069.0,0.1502,12044.0,13984.0,0.1611,80.0,113.0,0.4125
433387,SO NICE SOSIS PRM CHS 60G,6227 - CHILLED SAUSAGES,CHILLER,1.2,1.45,0.2083,53.0,65.0,0.2264,1.04,1.07,0.0288,10401.0,12409.0,0.1931,10817.0,13278.0,0.2275,102.0,182.0,0.7843
433388,SO NICE SOSIS PRM ORI 60G,6227 - CHILLED SAUSAGES,CHILLER,1.17,1.63,0.3932,23.5,42.67,0.8157,1.12,1.08,-0.0357,10257.0,13955.0,0.3605,11488.0,15071.0,0.3119,42.0,119.0,1.8333
440407,SO NICE SOSIS PRM HOT 60G,6227 - CHILLED SAUSAGES,CHILLER,1.2,1.54,0.2833,42.5,67.33,0.5842,1.09,1.09,0.0,10527.0,13218.0,0.2556,11474.0,14408.0,0.2557,78.0,185.0,1.3718
434591,BUMIFOOD FISH CHIPS 200G,6234 - FROZEN SEAFOOD,CHILLER,1.0,,,2.0,,,1.0,,,39900.0,,,39900.0,,,4.0,,
434591,BUMIFOOD FISH CHIPS 200G (KZ),6234 - FROZEN SEAFOOD,CHILLER,,1.0,,,0.67,,,1.0,,,39900.0,,,39900.0,,,2.0,
430765,CEDEA STEAMBOAT SET 300G (KZ),6234 - FROZEN SEAFOOD,CHILLER,,1.0,,,0.67,,,1.0,,,35350.0,,,35350.0,,,2.0,
430766,CEDEA STEAMBOAT TOMYUM 300G,6234 - FROZEN SEAFOOD,CHILLER,1.0,,,1.5,,,1.0,,,39900.0,,,39900.0,,,3.0,,
430766,CEDEA STEAMBOAT TOMYUM 300G(KZ),6234 - FROZEN SEAFOOD,CHILLER,,1.0,,,1.0,,,1.0,,,39767.0,,,39767.0,,,3.0,
433205,CEDEA CRAB STICK 250G,6234 - FROZEN SEAFOOD,CHILLER,1.0,,,2.0,,,1.0,,,26250.0,,,26250.0,,,4.0,,
433205,CEDEA CRAB STICK 250G (KZ),6234 - FROZEN SEAFOOD,CHILLER,,1.0,,,0.67,,,1.0,,,25500.0,,,25500.0,,,2.0,
433271,CEDEA FISH DUMP CHEESE 200G,6234 - FROZEN SEAFOOD,CHILLER,1.0,,,3.5,,,1.17,,,21271.0,,,24887.0,,,6.0,,
433271,CEDEA FISH DUMP CHEESE 200G(KZ),6234 - FROZEN SEAFOOD,CHILLER,,1.0,,,1.33,,,1.0,,,20700.0,,,20700.0,,,4.0,
433272,CEDEA FISH DUMP CHICKEN200G(KZ),6234 - FROZEN SEAFOOD,CHILLER,,1.0,,,0.67,,,1.0,,,20700.0,,,20700.0,,,2.0,
433273,CEDEA SALMON BALL 200G,6234 - FROZEN SEAFOOD,CHILLER,1.0,,,1.0,,,1.0,,,20900.0,,,20900.0,,,2.0,,
433273,CEDEA SALMON BALL 200G (KZ),6234 - FROZEN SEAFOOD,CHILLER,,1.0,,,0.67,,,1.0,,,20700.0,,,20700.0,,,2.0,
465618,EBINOYA UDANG LAPIS ROTI 10S,6234 - FROZEN SEAFOOD,CHILLER,,1.0,,,1.33,,,1.0,,,29900.0,,,29900.0,,,4.0,
465618,EBINOYA UDANG LPS ROTI 10S 200G,6234 - FROZEN SEAFOOD,CHILLER,1.0,,,2.0,,,1.0,,,29900.0,,,29900.0,,,4.0,,
433954,KARAWACI OTAK-OTAK IKAN500G,6234 - FROZEN SEAFOOD,CHILLER,1.0,,,0.5,,,1.0,,,36900.0,,,36900.0,,,1.0,,
441145,MITRAKU BAKSO MIX 250G,6234 - FROZEN SEAFOOD,CHILLER,1.08,1.5,0.3889,6.0,2.0,-0.6667,1.0,1.0,0.0,25892.0,35850.0,0.3846,25892.0,35850.0,0.3846,12.0,6.0,-0.5
120947,SUNPRIDE PISANG CAVENDISH SGL,6521 - LOCAL FRUIT,CHILLER,1.53,2.2,0.4379,8.5,3.33,-0.6082,1.13,1.11,-0.0177,9176.0,13200.0,0.4385,10369.0,14652.0,0.4131,15.0,9.0,-0.4
436537,FIRST DATES KURMA 225G,6524 - SEASONAL FRUIT,CHILLER,,1.0,,,5.67,,,1.06,,,27665.0,,,29325.0,,,16.0,
408234,PALM FRUTT KURMA PACK 250G,6524 - SEASONAL FRUIT,CHILLER,1.0,,,7.5,,,1.07,,,24767.0,,,26501.0,,,14.0,,
441195,PRIME DATES KURMA 250G,6524 - SEASONAL FRUIT,CHILLER,4.0,1.0,-0.75,0.5,5.0,9.0,1.0,1.07,0.07,147600.0,36100.0,-0.7554,147600.0,38627.0,-0.7383,1.0,14.0,13.0
436773,BUMIFOOD GYOZA AYAM 200G,6223 - READY TO COOK,FREEZER NUGGET,1.0,1.11,0.11,7.0,3.0,-0.5714,1.08,1.0,-0.0741,39700.0,44111.0,0.1111,42876.0,44111.0,0.0288,13.0,9.0,-0.3077
407523,AKUMO NAGET AYAM 500G,6231 - CHICKEN NUGGET,FREEZER NUGGET,1.0,1.2,0.2,9.0,1.67,-0.8144,1.64,1.67,0.0183,36900.0,44280.0,0.2,60516.0,73948.0,0.222,11.0,3.0,-0.7273
100273,BELFOODS FAV CHICKEN STK 250G,6231 - CHICKEN NUGGET,FREEZER NUGGET,1.0,1.0,0.0,56.0,5.33,-0.9048,1.1,1.07,-0.0273,25402.0,25719.0,0.0125,27942.0,27519.0,-0.0151,102.0,15.0,-0.8529
100274,BELFOODS FAV CHICKEN NUG 250G,6231 - CHICKEN NUGGET,FREEZER NUGGET,1.0,,,0.5,,,1.0,,,26900.0,,,26900.0,,,1.0,,
100280,BELFOODS RYL DRUMIES 470G,6231 - CHICKEN NUGGET,FREEZER NUGGET,1.12,1.0,-0.1071,13.0,0.67,-0.9485,1.13,1.0,-0.115,66365.0,59500.0,-0.1034,74992.0,59500.0,-0.2066,23.0,2.0,-0.913
181695,BELFOODS RYL CHICKE NUG 470G,6231 - CHICKEN NUGGET,FREEZER NUGGET,1.05,1.08,0.0286,10.0,4.0,-0.6,1.11,1.0,-0.0991,60375.0,63008.0,0.0436,67016.0,63008.0,-0.0598,18.0,12.0,-0.3333
219477,BELFOODS FAV CHICKEN NUG 500G,6231 - CHICKEN NUGGET,FREEZER NUGGET,1.08,1.05,-0.0278,38.5,7.33,-0.8096,1.08,1.1,0.0185,51275.0,50559.0,-0.014,55377.0,55615.0,0.0043,71.0,20.0,-0.7183
222151,BELFOODS FAV CHICKEN NUG CR500G,6231 - CHICKEN NUGGET,FREEZER NUGGET,1.0,,,1.0,,,1.0,,,61900.0,,,61900.0,,,2.0,,
223025,BELFOODS FAV SPICY WING 500G,6231 - CHICKEN NUGGET,FREEZER NUGGET,1.0,,,1.0,,,1.0,,,75900.0,,,75900.0,,,2.0,,
264485,BELFOODS FAV CHICKEN SAFARI450G,6231 - CHICKEN NUGGET,FREEZER NUGGET,1.0,1.2,0.2,5.0,1.67,-0.666,1.0,1.25,0.25,58080.0,69660.0,0.1994,58080.0,87075.0,0.4992,10.0,4.0,-0.6
425830,BELFOODS NUG CKN CRUNCHY 500G,6231 - CHICKEN NUGGET,FREEZER NUGGET,1.0,1.0,0.0,40.0,4.67,-0.8832,1.03,1.08,0.0485,51900.0,51929.0,0.0006,53457.0,56083.0,0.0491,78.0,13.0,-0.8333
445976,BELFOODS NUGCKN CRUNCHY STK450G,6231 - CHICKEN NUGGET,FREEZER NUGGET,1.0,1.0,0.0,14.0,2.33,-0.8336,1.04,1.0,-0.0385,46900.0,46929.0,0.0006,48776.0,46929.0,-0.0379,27.0,7.0,-0.7407
446963,BELFOODS NUG CKN CORNFLAKES450G,6231 - CHICKEN NUGGET,FREEZER NUGGET,1.0,1.0,0.0,33.0,7.33,-0.7779,1.1,1.1,0.0,46900.0,46905.0,0.0001,51590.0,51596.0,0.0001,60.0,20.0,-0.6667
450928,BELFOODS NUG CKN BETHESTAR 450G,6231 - CHICKEN NUGGET,FREEZER NUGGET,,1.0,,,1.33,,,1.0,,,47000.0,,,47000.0,,,4.0,
425633,BENFARM CHICKEN NUG 400G,6231 - CHICKEN NUGGET,FREEZER NUGGET,1.0,,,6.5,,,1.0,,,52900.0,,,52900.0,,,13.0,,
430582,BENFARM CHICKEN NUG STK 400G,6231 - CHICKEN NUGGET,FREEZER NUGGET,1.02,,,33.0,,,1.12,,,53702.0,,,60146.0,,,59.0,,
430705,BENFARM CHICKEN KARAAGE 400G,6231 - CHICKEN NUGGET,FREEZER NUGGET,1.0,1.0,0.0,18.5,11.0,-0.4054,1.06,1.1,0.0377,63900.0,63900.0,0.0,67734.0,70290.0,0.0377,35.0,30.0,-0.1429
444243,BENFARM MAC CHEESE BITES 180G,6231 - CHICKEN NUGGET,FREEZER NUGGET,1.15,1.2,0.0435,42.5,19.67,-0.5372,1.13,1.16,0.0265,34473.0,35981.0,0.0437,38954.0,41738.0,0.0715,75.0,51.0,-0.32
459575,BENFARM CHICKEN POP SPICY 400G,6231 - CHICKEN NUGGET,FREEZER NUGGET,,1.18,,,3.67,,,1.22,,,75336.0,,,91910.0,,,9.0,
465769,BENFARM CHICKEN NUG PRM 400G,6231 - CHICKEN NUGGET,FREEZER NUGGET,1.03,1.1,0.068,49.5,13.67,-0.7238,1.12,1.11,-0.0089,55533.0,59159.0,0.0653,62197.0,65666.0,0.0558,88.0,37.0,-0.5795
465770,BENFARM HONEY CHICKEN WINGS400G,6231 - CHICKEN NUGGET,FREEZER NUGGET,1.0,1.11,0.11,21.5,6.33,-0.7056,1.1,1.06,-0.0364,59900.0,66226.0,0.1056,65890.0,70200.0,0.0654,39.0,18.0,-0.5385
441864,CHAMP CHICKEN NUG CRUNCHY 450G,6231 - CHICKEN NUGGET,FREEZER NUGGET,1.12,1.09,-0.0268,12.5,7.33,-0.4136,1.0,1.0,0.0,53496.0,51600.0,-0.0354,53496.0,51600.0,-0.0354,25.0,22.0,-0.12
447585,CHAMP CHICKEN NUG 450G,6231 - CHICKEN NUGGET,FREEZER NUGGET,1.0,1.12,0.12,10.0,5.67,-0.433,1.05,1.13,0.0762,45900.0,51406.0,0.12,48195.0,58089.0,0.2053,19.0,15.0,-0.2105
465981,CHAMP CHICKEN NUG 225G,6231 - CHICKEN NUGGET,FREEZER NUGGET,1.03,1.02,-0.0097,38.5,19.67,-0.4891,1.24,1.04,-0.1613,23495.0,23308.0,-0.008,29134.0,24240.0,-0.168,62.0,57.0,-0.0806
465982,CHAMP CHICKEN NUG ABC 450G,6231 - CHICKEN NUGGET,FREEZER NUGGET,1.0,,,2.5,,,1.0,,,47900.0,,,47900.0,,,5.0,,
465983,CHAMP CHICKEN STIKIE 225G,6231 - CHICKEN NUGGET,FREEZER NUGGET,1.0,1.0,0.0,12.5,1.0,-0.92,1.0,1.0,0.0,27900.0,27900.0,0.0,27900.0,27900.0,0.0,25.0,3.0,-0.88
445607,FIESTA KARAGE 400G,6231 - CHICKEN NUGGET,FREEZER NUGGET,1.03,1.17,0.1359,16.5,4.0,-0.7576,1.14,1.0,-0.1228,61715.0,69975.0,0.1338,70355.0,69975.0,-0.0054,29.0,12.0,-0.5862
446090,FIESTA CHICKEN NUG BUBBLE 400G,6231 - CHICKEN NUGGET,FREEZER NUGGET,1.0,1.03,0.03,48.0,21.33,-0.5556,1.12,1.1,-0.0179,49900.0,52022.0,0.0425,55888.0,57224.0,0.0239,86.0,58.0,-0.3256
446964,FIESTA CHICKEN NUG 400G,6231 - CHICKEN NUGGET,FREEZER NUGGET,1.0,1.0,0.0,18.5,4.0,-0.7838,1.03,1.0,-0.0291,54900.0,54900.0,0.0,56547.0,54900.0,-0.0291,36.0,12.0,-0.6667
449346,FIESTA RICE BITES CHEESY 400G,6231 - CHICKEN NUGGET,FREEZER NUGGET,,1.25,,,1.33,,,1.0,,,73425.0,,,73425.0,,,4.0,
449347,FIESTA RICE BITES YAKINIKU 400G,6231 - CHICKEN NUGGET,FREEZER NUGGET,,1.0,,,3.0,,,1.0,,,59256.0,,,59256.0,,,9.0,
465670,FIESTA CHICKEN STIKIE 400G,6231 - CHICKEN NUGGET,FREEZER NUGGET,1.0,1.0,0.0,8.0,6.33,-0.2088,1.07,1.0,-0.0654,54900.0,55174.0,0.005,58743.0,55174.0,-0.0608,15.0,19.0,0.2667
465984,FIESTA CHICKEN NUGGET 200G,6231 - CHICKEN NUGGET,FREEZER NUGGET,1.0,1.0,0.0,10.5,1.67,-0.841,1.05,1.0,-0.0476,32500.0,32500.0,0.0,34125.0,32500.0,-0.0476,20.0,5.0,-0.75
465985,FIESTA CHICKEN STIKIE 200G,6231 - CHICKEN NUGGET,FREEZER NUGGET,1.0,,,3.5,,,1.0,,,32500.0,,,32500.0,,,7.0,,
466008,FIESTA CHICKEN SPICY WING 400G,6231 - CHICKEN NUGGET,FREEZER NUGGET,,1.14,,,4.67,,,1.08,,,74371.0,,,80321.0,,,13.0,
425837,KANZLER CHICKEN NUG CR 450G,6231 - CHICKEN NUGGET,FREEZER NUGGET,1.05,,,49.0,,,1.14,,,61919.0,,,70588.0,,,86.0,,
425837,KANZLER CHICKEN NUG CR 450G(KZ),6231 - CHICKEN NUGGET,FREEZER NUGGET,,1.1,,,16.67,,,1.14,,,64862.0,,,73943.0,,,44.0,
425838,KANZLER CHICKEN NUG ORI450G,6231 - CHICKEN NUGGET,FREEZER NUGGET,1.05,,,33.0,,,1.16,,,60562.0,,,70252.0,,,57.0,,
425838,KANZLER CHICKEN NUG ORI450G(KZ),6231 - CHICKEN NUGGET,FREEZER NUGGET,,1.11,,,21.33,,,1.03,,,64305.0,,,66234.0,,,62.0,
440267,KANZLER NUG STICK CRSP 450G,6231 - CHICKEN NUGGET,FREEZER NUGGET,1.08,,,33.0,,,1.1,,,63362.0,,,69698.0,,,60.0,,
440267,KANZLER NUG STICK CRSP 450G(KZ),6231 - CHICKEN NUGGET,FREEZER NUGGET,,1.05,,,25.33,,,1.25,,,62000.0,,,77500.0,,,61.0,
445034,KANZLER CKN NUGCR SPICY450G,6231 - CHICKEN NUGGET,FREEZER NUGGET,1.02,1.03,0.0098,22.0,11.0,-0.5,1.1,1.1,0.0,63307.0,63776.0,0.0074,69638.0,70154.0,0.0074,40.0,30.0,-0.25
103891,SO GOOD CHICKEN ORI STK 200G,6231 - CHICKEN NUGGET,FREEZER NUGGET,1.02,1.04,0.0196,27.0,7.67,-0.7159,1.08,1.05,-0.0278,27163.0,26678.0,-0.0179,29336.0,28012.0,-0.0451,50.0,22.0,-0.56
106962,SO GOOD JETZ ORI 400G,6231 - CHICKEN NUGGET,FREEZER NUGGET,1.0,,,0.5,,,1.0,,,57200.0,,,57200.0,,,1.0,,
110599,SO GOOD CHICKEN SPICY WING 400G,6231 - CHICKEN NUGGET,FREEZER NUGGET,1.14,1.15,0.0088,24.5,16.0,-0.3469,1.14,1.12,-0.0175,69608.0,69781.0,0.0025,79353.0,78155.0,-0.0151,43.0,43.0,0.0
112238,SO GOOD CHICKEN KARAGE 400G,6231 - CHICKEN NUGGET,FREEZER NUGGET,1.04,1.12,0.0769,12.0,5.67,-0.5275,1.04,1.42,0.3654,61546.0,66124.0,0.0744,64008.0,93896.0,0.4669,23.0,12.0,-0.4783
123489,SO GOOD CHICKEN STK PRM 400G,6231 - CHICKEN NUGGET,FREEZER NUGGET,1.0,1.0,0.0,9.5,10.0,0.0526,1.46,1.11,-0.2397,58658.0,59923.0,0.0216,85641.0,66515.0,-0.2233,13.0,27.0,1.0769
192510,SO GOOD CHICKEN NUG ORI 400G,6231 - CHICKEN NUGGET,FREEZER NUGGET,1.07,1.05,-0.0187,30.5,13.67,-0.5518,1.15,1.0,-0.1304,53470.0,53505.0,0.0007,61490.0,53505.0,-0.1299,53.0,41.0,-0.2264
196201,SO GOOD CHICKEN DINOBITES 400G,6231 - CHICKEN NUGGET,FREEZER NUGGET,1.08,1.04,-0.037,32.0,17.0,-0.4688,1.1,1.06,-0.0364,57577.0,54633.0,-0.0511,63335.0,57911.0,-0.0856,58.0,48.0,-0.1724
229309,SO GOOD CHICKEN NUG ALPABET400G,6231 - CHICKEN NUGGET,FREEZER NUGGET,1.2,1.0,-0.1667,17.5,3.33,-0.8097,1.13,1.0,-0.115,63329.0,54180.0,-0.1445,71562.0,54180.0,-0.2429,31.0,10.0,-0.6774
427935,SO GOOD CHICKEN WINGS BBQ 400G,6231 - CHICKEN NUGGET,FREEZER NUGGET,1.0,,,2.0,,,1.33,,,62400.0,,,82992.0,,,3.0,,
433920,SO GOOD CKN NUG CRISPY 400G,6231 - CHICKEN NUGGET,FREEZER NUGGET,1.17,1.0,-0.1453,44.0,17.67,-0.5984,1.24,1.1,-0.1129,66415.0,57100.0,-0.1403,82355.0,62810.0,-0.2373,71.0,48.0,-0.3239
444380,SO GOOD CHICKEN NUG MAC CHS400G,6231 - CHICKEN NUGGET,FREEZER NUGGET,1.09,1.0,-0.0826,17.5,6.33,-0.6383,1.03,1.0,-0.0291,60691.0,55900.0,-0.0789,62512.0,55900.0,-0.1058,34.0,19.0,-0.4412
459268,SO GOOD CKN NUG HOT CRISPY 400G,6231 - CHICKEN NUGGET,FREEZER NUGGET,,1.0,,,6.0,,,1.06,,,60678.0,,,64319.0,,,17.0,
465772,SO GOOD CHICKEN STK CRISPY 400G,6231 - CHICKEN NUGGET,FREEZER NUGGET,1.0,1.02,0.02,26.5,13.67,-0.4842,1.1,1.08,-0.0182,57070.0,59049.0,0.0347,62777.0,63773.0,0.0159,48.0,38.0,-0.2083
123649,SO NICE SEDAAAP CHICKEN NUG500G,6231 - CHICKEN NUGGET,FREEZER NUGGET,1.01,1.09,0.0792,118.5,15.33,-0.8706,1.06,1.07,0.0094,39795.0,42641.0,0.0715,42183.0,45626.0,0.0816,223.0,43.0,-0.8072
227604,FIESTA SHOESTRING 500G,6232 - VEGETABLE,FREEZER NUGGET,1.03,1.02,-0.0097,88.0,32.33,-0.6326,1.11,1.17,0.0541,27849.0,27979.0,0.0047,30912.0,32735.0,0.059,158.0,83.0,-0.4747
105384,GOLDEN FARM FF SHOESTRG 1KG,6232 - VEGETABLE,FREEZER NUGGET,1.02,,,24.5,,,1.11,,,51898.0,,,57607.0,,,44.0,,
105384,GOLDEN FARM FF SHOESTRG 1KG(KZ),6232 - VEGETABLE,FREEZER NUGGET,,1.0,,,6.33,,,1.12,,,51584.0,,,57774.0,,,17.0,
105930,GOLDEN FARM MIX VEGE 500G,6232 - VEGETABLE,FREEZER NUGGET,1.0,,,11.0,,,1.0,,,30836.0,,,30836.0,,,22.0,,
106094,GOLDEN FARM FF COATED 500G,6232 - VEGETABLE,FREEZER NUGGET,1.0,,,6.5,,,1.0,,,34900.0,,,34900.0,,,13.0,,
106094,GOLDEN FARM FF COATED 500G (KZ),6232 - VEGETABLE,FREEZER NUGGET,,1.0,,,4.0,,,1.0,,,33192.0,,,33192.0,,,12.0,
112677,GOLDEN FARM NUG POTATO 750G,6232 - VEGETABLE,FREEZER NUGGET,1.0,,,6.0,,,1.0,,,51033.0,,,51033.0,,,12.0,,
443684,RYOU STRIPLOIN STRIPS 140G,6711 - BEEF MEAT,FREEZER NUGGET,1.0,,,0.5,,,1.0,,,37500.0,,,37500.0,,,1.0,,
125642,SO GOOD PAHA&DADA AYAM 1KG,6721 - BROILER,FREEZER NUGGET,1.0,1.0,0.0,3.5,0.67,-0.8086,1.0,1.0,0.0,61929.0,61500.0,-0.0069,61929.0,61500.0,-0.0069,7.0,2.0,-0.7143
444582,AICE SW COOKIES PANDA 6X45ML,6241 - TAKE HOME ICE CREAM,ICE CREAM,1.0,1.0,0.0,1.0,0.67,-0.33,1.0,1.0,0.0,51600.0,51600.0,0.0,51600.0,51600.0,0.0,2.0,2.0,0.0
148297,CAMPINA NEAPOLITAN 350ML/D,6241 - TAKE HOME ICE CREAM,ICE CREAM,1.05,,,59.0,,,1.03,,,28640.0,,,29499.0,,,115.0,,
447404,CAMPINA COOKIE CREAMY 350ML/D,6241 - TAKE HOME ICE CREAM,ICE CREAM,1.05,,,30.0,,,1.03,,,27400.0,,,28222.0,,,58.0,,
450480,CAMPINA NEAPOLITAN 350ML,6241 - TAKE HOME ICE CREAM,ICE CREAM,1.04,1.07,0.0288,12.5,37.67,2.0136,1.04,1.08,0.0385,27040.0,29104.0,0.0763,28122.0,31432.0,0.1177,24.0,105.0,3.375
450481,CAMPINA COOKIE CREAMY 350ML,6241 - TAKE HOME ICE CREAM,ICE CREAM,1.0,1.03,0.03,20.0,20.67,0.0335,1.11,1.09,-0.018,26000.0,27871.0,0.072,28860.0,30379.0,0.0526,36.0,57.0,0.5833
123411,WALL'S MINI CT TRMS&CHO 12X28ML,6241 - TAKE HOME ICE CREAM,ICE CREAM,1.01,1.0,-0.0099,109.0,34.0,-0.6881,1.06,1.05,-0.0094,38199.0,38082.0,-0.0031,40491.0,39986.0,-0.0125,205.0,97.0,-0.5268
428497,WALL'S MINI CNT OREO 12X28ML,6241 - TAKE HOME ICE CREAM,ICE CREAM,1.01,1.02,0.0099,172.5,46.33,-0.7314,1.11,1.07,-0.036,37586.0,37782.0,0.0052,41720.0,40427.0,-0.031,312.0,130.0,-0.5833
434284,WALL'S SQ CHOCO CASHEW CUP410ML,6241 - TAKE HOME ICE CREAM,ICE CREAM,1.0,,,8.5,,,1.0,,,45012.0,,,45012.0,,,17.0,,
441250,WALL'S MANGO COCONUT DLGT 350ML,6241 - TAKE HOME ICE CREAM,ICE CREAM,1.04,,,13.0,,,1.0,,,25442.0,,,25442.0,,,26.0,,
447836,WALLS TROPICAL DELIGHT 350ML,6241 - TAKE HOME ICE CREAM,ICE CREAM,1.06,1.05,-0.0094,62.0,12.33,-0.8011,1.04,1.0,-0.0385,26320.0,26154.0,-0.0063,27373.0,26154.0,-0.0445,119.0,37.0,-0.6891
449975,WALLS MAGNUM MINI ALMDSTR6X45ML,6241 - TAKE HOME ICE CREAM,ICE CREAM,1.03,1.02,-0.0097,30.5,17.0,-0.4426,1.09,1.04,-0.0459,56803.0,56755.0,-0.0008,61915.0,59025.0,-0.0467,56.0,49.0,-0.125
465702,WALLS MAGNUM MINI WHTCHO 6X45ML,6241 - TAKE HOME ICE CREAM,ICE CREAM,1.0,,,1.5,,,1.0,,,55000.0,,,55000.0,,,3.0,,
620050,WALL'S 3IN1 NEOPOLITANA 350ML,6241 - TAKE HOME ICE CREAM,ICE CREAM,1.19,1.05,-0.1176,172.0,86.33,-0.4981,1.07,1.08,0.0093,29617.0,26157.0,-0.1168,31690.0,28250.0,-0.1086,323.0,239.0,-0.2601
893872,WALLS OREO MINI STK 6X48ML,6241 - TAKE HOME ICE CREAM,ICE CREAM,1.0,1.01,0.01,1.5,26.33,16.5533,1.0,1.08,0.08,36500.0,37065.0,0.0155,36500.0,40030.0,0.0967,3.0,73.0,23.3333
413470,AICE MOCHI CHOCOLATE 45G,6242 - IMPULSE ICE CREAM,ICE CREAM,1.92,1.93,0.0052,6.5,5.0,-0.2308,1.0,1.15,0.15,7369.0,7533.0,0.0223,7369.0,8663.0,0.1756,13.0,13.0,0.0
413472,AICE MOCHI VANILA 30G,6242 - IMPULSE ICE CREAM,ICE CREAM,,1.69,,,4.33,,,1.0,,,6554.0,,,6554.0,,,13.0,
413477,AICE MANGO SLUSH LS 65G,6242 - IMPULSE ICE CREAM,ICE CREAM,,1.33,,,1.0,,,1.0,,,8800.0,,,8800.0,,,3.0,
416483,AICE CHOCO SUNDAE 100ML,6242 - IMPULSE ICE CREAM,ICE CREAM,2.0,1.17,-0.415,0.5,2.0,3.0,1.0,1.0,0.0,13400.0,8100.0,-0.3955,13400.0,8100.0,-0.3955,1.0,6.0,5.0
419694,AICE 3COLORS CUP 95G,6242 - IMPULSE ICE CREAM,ICE CREAM,1.17,1.2,0.0256,3.0,1.67,-0.4433,1.0,1.0,0.0,11900.0,12400.0,0.042,11900.0,12400.0,0.042,6.0,5.0,-0.1667
426058,AICE CHOCO CRISPY 60G,6242 - IMPULSE ICE CREAM,ICE CREAM,1.88,1.18,-0.3723,29.0,16.67,-0.4252,1.16,1.11,-0.0431,12612.0,7960.0,-0.3689,14630.0,8836.0,-0.396,50.0,45.0,-0.1
426059,AICE CHOCO ALMOND 90ML,6242 - IMPULSE ICE CREAM,ICE CREAM,1.41,1.23,-0.1277,13.5,14.67,0.0867,1.04,1.05,0.0096,17778.0,15732.0,-0.1151,18489.0,16519.0,-0.1065,26.0,42.0,0.6154
429888,AICE MOCHI KLEPON 45ML,6242 - IMPULSE ICE CREAM,ICE CREAM,,1.0,,,0.33,,,1.0,,,3300.0,,,3300.0,,,1.0,
431033,AICE SWEET CORN 52G,6242 - IMPULSE ICE CREAM,ICE CREAM,1.68,,,56.0,,,1.19,,,8198.0,,,9756.0,,,94.0,,
435058,AICE CHOCOLATE STRIKE 140ML,6242 - IMPULSE ICE CREAM,ICE CREAM,1.27,1.22,-0.0394,13.0,3.0,-0.7692,1.18,1.0,-0.1525,16554.0,16133.0,-0.0254,19534.0,16133.0,-0.1741,22.0,9.0,-0.5909
435143,AICE STRAWBERRY CRISPY 90ML,6242 - IMPULSE ICE CREAM,ICE CREAM,1.92,,,43.0,,,1.15,,,9122.0,,,10490.0,,,75.0,,
435211,AICE BLUEBERRY COOKIES 65G,6242 - IMPULSE ICE CREAM,ICE CREAM,1.0,,,0.5,,,1.0,,,7800.0,,,7800.0,,,1.0,,
436085,AICE HISTERIA 70ML,6242 - IMPULSE ICE CREAM,ICE CREAM,1.42,1.19,-0.162,30.0,22.33,-0.2557,1.09,1.14,0.0459,13235.0,11366.0,-0.1412,14426.0,12957.0,-0.1018,55.0,59.0,0.0727
440841,AICE BANANA CRISPY 65ML,6242 - IMPULSE ICE CREAM,ICE CREAM,1.2,1.5,0.25,2.5,1.33,-0.468,1.67,1.33,-0.2036,7920.0,10200.0,0.2879,13226.0,13566.0,0.0257,3.0,3.0,0.0
441500,AICE HISTERIA PEACH 70ML,6242 - IMPULSE ICE CREAM,ICE CREAM,1.32,1.15,-0.1288,22.0,26.0,0.1818,1.05,1.07,0.019,12318.0,10899.0,-0.1152,12934.0,11662.0,-0.0983,42.0,73.0,0.7381
444309,AICE MOCHI PEACH 45ML,6242 - IMPULSE ICE CREAM,ICE CREAM,1.5,1.0,-0.3333,2.0,2.33,0.165,1.33,1.0,-0.2481,5750.0,3900.0,-0.3217,7648.0,3900.0,-0.4901,3.0,7.0,1.3333
444310,AICE MOCHI BANANA 45ML,6242 - IMPULSE ICE CREAM,ICE CREAM,1.44,1.4,-0.0278,4.5,1.67,-0.6289,1.12,1.0,-0.1071,5500.0,5460.0,-0.0073,6160.0,5460.0,-0.1136,8.0,5.0,-0.375
445406,AICE CRISPY BALLS CHO MALT 65ML,6242 - IMPULSE ICE CREAM,ICE CREAM,1.38,1.32,-0.0435,18.5,14.67,-0.207,1.03,1.02,-0.0097,9678.0,8727.0,-0.0983,9968.0,8902.0,-0.1069,36.0,43.0,0.1944
445731,AICE CLASSIC CHOCO ALMOND 90ML,6242 - IMPULSE ICE CREAM,ICE CREAM,1.36,1.33,-0.0221,12.5,14.0,0.12,1.04,1.05,0.0096,17184.0,17476.0,0.017,17871.0,18350.0,0.0268,24.0,40.0,0.6667
118259,CAMPINA HULA2 KTN HTM45ML,6242 - IMPULSE ICE CREAM,ICE CREAM,1.6,,,236.0,,,1.16,,,8285.0,,,9611.0,,,406.0,,
118259,CAMPINA HULA2 KTN HTM45ML/D,6242 - IMPULSE ICE CREAM,ICE CREAM,,1.54,,,101.0,,,1.12,,,8359.0,,,9362.0,,,270.0,
118855,CAMPINA SPONGEBOB STR CUP 80ML,6242 - IMPULSE ICE CREAM,ICE CREAM,1.29,1.51,0.1705,88.0,15.67,-0.8219,1.05,1.07,0.019,7597.0,10766.0,0.4171,7977.0,11520.0,0.4442,168.0,44.0,-0.7381
226557,CAMPINA CONCERTO CHO VNL 110ML,6242 - IMPULSE ICE CREAM,ICE CREAM,2.02,1.28,-0.3663,63.5,15.33,-0.7586,1.09,1.02,-0.0642,19418.0,14200.0,-0.2687,21166.0,14484.0,-0.3157,117.0,45.0,-0.6154
265357,CAMPINA SPONGEBOB STK 70ML,6242 - IMPULSE ICE CREAM,ICE CREAM,1.44,,,158.5,,,1.08,,,8123.0,,,8773.0,,,293.0,,
265357,CAMPINA SPONGEBOB STK 70ML/D,6242 - IMPULSE ICE CREAM,ICE CREAM,,1.22,,,70.33,,,1.08,,,7749.0,,,8369.0,,,196.0,
402149,CAMPINA HAPPYCOW VNL CUP 85ML,6242 - IMPULSE ICE CREAM,ICE CREAM,1.26,,,90.5,,,1.06,,,11106.0,,,11772.0,,,170.0,,
402149,CAMPINA HAPPYCOW VNL CUP 85ML/D,6242 - IMPULSE ICE CREAM,ICE CREAM,,1.15,,,65.33,,,1.15,,,10715.0,,,12322.0,,,171.0,
405303,CAMPINA PATRICK STICK 65ML,6242 - IMPULSE ICE CREAM,ICE CREAM,1.42,1.0,-0.2958,60.5,5.33,-0.9119,1.03,1.0,-0.0291,7959.0,5919.0,-0.2563,8198.0,5919.0,-0.278,117.0,16.0,-0.8632
411845,CAMPINA CONCERTO CKECRM 80ML/D,6242 - IMPULSE ICE CREAM,ICE CREAM,,1.32,,,25.67,,,1.01,,,8968.0,,,9058.0,,,76.0,
411845,CAMPINA CONCERTO COOKIE CRM80ML,6242 - IMPULSE ICE CREAM,ICE CREAM,1.86,,,219.0,,,1.11,,,11113.0,,,12335.0,,,396.0,,
417606,CAMPINA FROZEN VANILLA 55ML,6242 - IMPULSE ICE CREAM,ICE CREAM,1.2,,,107.5,,,1.12,,,6776.0,,,7589.0,,,192.0,,
417606,CAMPINA FROZEN VANILLA 55ML/D,6242 - IMPULSE ICE CREAM,ICE CREAM,,1.2,,,25.33,,,1.04,,,8076.0,,,8399.0,,,73.0,
418145,CAMPINA CONCERTO MIDI STR 80ML,6242 - IMPULSE ICE CREAM,ICE CREAM,1.82,,,171.5,,,1.09,,,10859.0,,,11836.0,,,315.0,,
418145,CAMPINA CONCERTO MIDI STR80ML/D,6242 - IMPULSE ICE CREAM,ICE CREAM,,1.2,,,34.0,,,1.12,,,7984.0,,,8942.0,,,91.0,
427289,CAMPINA HULA2 DURIAN CUP 90ML,6242 - IMPULSE ICE CREAM,ICE CREAM,1.27,,,102.5,,,1.1,,,19750.0,,,21725.0,,,187.0,,
427289,CAMPINA HULA2 DURIAN CUP 90ML/D,6242 - IMPULSE ICE CREAM,ICE CREAM,,1.26,,,45.33,,,1.07,,,20552.0,,,21991.0,,,127.0,
433057,CAMPINA MOCHI CHOCO CHUNK 45ML,6242 - IMPULSE ICE CREAM,ICE CREAM,1.0,,,3.0,,,1.2,,,7667.0,,,9200.0,,,5.0,,
437064,CAMPINA CASHEW NUT 90ML,6242 - IMPULSE ICE CREAM,ICE CREAM,1.74,,,57.0,,,1.09,,,19303.0,,,21040.0,,,105.0,,
437064,CAMPINA CASHEW NUT 90ML/D,6242 - IMPULSE ICE CREAM,ICE CREAM,,1.34,,,23.67,,,1.04,,,17539.0,,,18241.0,,,68.0,
437869,CAMPINA DISNEY MELON STR 55ML,6242 - IMPULSE ICE CREAM,ICE CREAM,1.33,,,1.5,,,1.0,,,7033.0,,,7033.0,,,3.0,,
438406,CAMPINA STR CHSCAKE CUP 90ML,6242 - IMPULSE ICE CREAM,ICE CREAM,1.1,1.5,0.3636,65.0,0.67,-0.9897,1.03,1.0,-0.0291,14413.0,19500.0,0.3529,14845.0,19500.0,0.3136,126.0,2.0,-0.9841
440268,CAMPINA HULA2 ALPUKAT 45ML,6242 - IMPULSE ICE CREAM,ICE CREAM,1.57,1.24,-0.2102,186.5,38.33,-0.7945,1.09,1.05,-0.0367,7566.0,6389.0,-0.1556,8247.0,6708.0,-0.1866,341.0,110.0,-0.6774
443769,CAMPINA TROP DB CRUNCH 65ML,6242 - IMPULSE ICE CREAM,ICE CREAM,1.71,1.5,-0.1228,53.5,1.33,-0.9751,1.13,1.33,0.177,10394.0,10350.0,-0.0042,11745.0,13766.0,0.1721,95.0,3.0,-0.9684
444381,CAMPINA MARVEL STR CHS CUP 80ML,6242 - IMPULSE ICE CREAM,ICE CREAM,1.14,,,3.5,,,1.0,,,6343.0,,,6343.0,,,7.0,,
445876,CAMPINA CONCERTO ICOWNIC 80ML,6242 - IMPULSE ICE CREAM,ICE CREAM,1.46,1.33,-0.089,61.5,17.0,-0.7236,1.09,1.02,-0.0642,11070.0,11043.0,-0.0024,12066.0,11264.0,-0.0665,113.0,50.0,-0.5575
447405,CAMPINA RAINBOW POPS 60ML,6242 - IMPULSE ICE CREAM,ICE CREAM,1.48,1.48,0.0,133.5,54.33,-0.593,1.36,1.1,-0.1912,6786.0,7731.0,0.1393,9229.0,8504.0,-0.0786,196.0,148.0,-0.2449
449449,CAMPINA SPONGEBOB CUP 80ML,6242 - IMPULSE ICE CREAM,ICE CREAM,,1.3,,,70.33,,,1.12,,,8457.0,,,9472.0,,,189.0,
450875,CAMPINA KOREAN SHINE MUSCAT55ML,6242 - IMPULSE ICE CREAM,ICE CREAM,,1.48,,,47.0,,,1.08,,,6952.0,,,7508.0,,,131.0,
451435,CAMPINA COOKIE CREAMY 55ML,6242 - IMPULSE ICE CREAM,ICE CREAM,,1.54,,,40.33,,,1.1,,,7105.0,,,7816.0,,,110.0,
451964,CAMPINA HULA2 K.HIJAU MAXX 65ML,6242 - IMPULSE ICE CREAM,ICE CREAM,,1.82,,,73.0,,,1.1,,,11813.0,,,12994.0,,,199.0,
451965,CAMPINA O'CHEESECAKE CUP 90ML,6242 - IMPULSE ICE CREAM,ICE CREAM,,1.26,,,13.0,,,1.0,,,13579.0,,,13579.0,,,39.0,
459294,CAMPINA SEOUL LYCHEE YOG 55ML,6242 - IMPULSE ICE CREAM,ICE CREAM,,1.5,,,10.0,,,1.03,,,6900.0,,,7107.0,,,29.0,
459295,CAMPINA FRUITZY 90ML,6242 - IMPULSE ICE CREAM,ICE CREAM,,1.21,,,46.67,,,1.07,,,6470.0,,,6923.0,,,131.0,
459533,CAMPINA HULA2 ALPUKAT 45ML,6242 - IMPULSE ICE CREAM,ICE CREAM,,1.47,,,40.0,,,1.09,,,7513.0,,,8189.0,,,110.0,
459550,CAMPINA CONCERTO COOKIE CRM80ML,6242 - IMPULSE ICE CREAM,ICE CREAM,,1.39,,,47.67,,,1.2,,,9422.0,,,11306.0,,,119.0,
459551,CAMPINA HULA2 KCG HIJAU 45ML,6242 - IMPULSE ICE CREAM,ICE CREAM,,1.56,,,85.67,,,1.11,,,7837.0,,,8699.0,,,232.0,
459552,CAMPINA FROZEN VANILLA 55ML,6242 - IMPULSE ICE CREAM,ICE CREAM,,1.27,,,67.33,,,1.07,,,7624.0,,,8158.0,,,188.0,
459553,CAMPINA HEART CRUNCHY 88ML,6242 - IMPULSE ICE CREAM,ICE CREAM,,1.28,,,29.0,,,1.07,,,7951.0,,,8508.0,,,81.0,
459578,CAMPINA CONCERTO CHO VNL 110ML,6242 - IMPULSE ICE CREAM,ICE CREAM,,1.17,,,4.0,,,1.0,,,12833.0,,,12833.0,,,12.0,
459582,CAMPINA SPONGEBOB STK 70ML,6242 - IMPULSE ICE CREAM,ICE CREAM,,1.29,,,34.67,,,1.05,,,7749.0,,,8136.0,,,99.0,
46238,CAMPINA HEART PACK 85ML,6242 - IMPULSE ICE CREAM,ICE CREAM,1.0,,,1.0,,,2.0,,,5700.0,,,11400.0,,,1.0,,
46240,CAMPINA HULA2 KCG HIJAU 45ML,6242 - IMPULSE ICE CREAM,ICE CREAM,1.7,,,339.0,,,1.16,,,8671.0,,,10058.0,,,587.0,,
46240,CAMPINA HULA2 KCG HIJAU 45ML/D,6242 - IMPULSE ICE CREAM,ICE CREAM,,1.59,,,70.33,,,1.11,,,8494.0,,,9428.0,,,190.0,
46251,CAMPINA OLYMPIA CHOCO CUP 80ML,6242 - IMPULSE ICE CREAM,ICE CREAM,1.4,1.27,-0.0929,26.5,3.67,-0.8615,1.06,1.22,0.1509,7792.0,7818.0,0.0033,8260.0,9538.0,0.1547,50.0,9.0,-0.82
46260,CAMPINA TROP CHOCO PACK 65ML,6242 - IMPULSE ICE CREAM,ICE CREAM,2.16,1.22,-0.4352,40.5,9.0,-0.7778,1.08,1.0,-0.0741,13065.0,8370.0,-0.3594,14110.0,8370.0,-0.4068,75.0,27.0,-0.64
465605,CAMPINA STRAWBERRY LIME 90ML,6242 - IMPULSE ICE CREAM,ICE CREAM,1.15,,,33.0,,,1.12,,,8636.0,,,9672.0,,,59.0,,
465606,CAMPINA FRUITZY 90ML/D,6242 - IMPULSE ICE CREAM,ICE CREAM,1.62,1.12,-0.3086,144.0,10.67,-0.9259,1.21,1.07,-0.1157,7161.0,5681.0,-0.2067,8665.0,6079.0,-0.2984,238.0,30.0,-0.8739
465750,CAMPINA HEART CRUNCHY 88ML,6242 - IMPULSE ICE CREAM,ICE CREAM,1.31,,,143.0,,,1.15,,,7543.0,,,8674.0,,,248.0,,
465750,CAMPINA HEART CRUNCHY 88ML/D,6242 - IMPULSE ICE CREAM,ICE CREAM,,1.2,,,13.33,,,1.03,,,7522.0,,,7748.0,,,39.0,
620074,CAMPINA HULA2 BBR KETAN 65ML,6242 - IMPULSE ICE CREAM,ICE CREAM,1.0,,,0.5,,,1.0,,,5500.0,,,5500.0,,,1.0,,
403977,GLICO HAKU MONAKA VANILLA 180ML,6242 - IMPULSE ICE CREAM,ICE CREAM,1.24,1.24,0.0,119.5,36.0,-0.6987,1.13,1.17,0.0354,18098.0,18387.0,0.016,20451.0,21513.0,0.0519,211.0,92.0,-0.564
412388,GLICO HAKU MONAKA MATCHA 180ML,6242 - IMPULSE ICE CREAM,ICE CREAM,1.3,1.16,-0.1077,174.0,47.0,-0.7299,1.14,1.1,-0.0351,18951.0,17404.0,-0.0816,21604.0,19144.0,-0.1139,306.0,128.0,-0.5817
415086,GLICO HAKU BBERRY CHS CUP 110ML,6242 - IMPULSE ICE CREAM,ICE CREAM,1.46,1.16,-0.2055,112.0,21.0,-0.8125,1.14,1.07,-0.0614,14631.0,11951.0,-0.1832,16679.0,12788.0,-0.2333,196.0,59.0,-0.699
416914,GLICO HAKU VNL CHOCO 100ML,6242 - IMPULSE ICE CREAM,ICE CREAM,1.63,1.29,-0.2086,332.5,74.0,-0.7774,1.14,1.09,-0.0439,9368.0,7608.0,-0.1879,10680.0,8293.0,-0.2235,584.0,204.0,-0.6507
416915,GLICO HAKU STR CHOCO 100ML,6242 - IMPULSE ICE CREAM,ICE CREAM,1.51,1.27,-0.1589,248.0,49.33,-0.8011,1.16,1.12,-0.0345,8700.0,7520.0,-0.1356,10092.0,8422.0,-0.1655,428.0,132.0,-0.6916
417809,GLICO FB MOCHI CHOC 46ML,6242 - IMPULSE ICE CREAM,ICE CREAM,1.99,1.69,-0.1508,400.5,66.67,-0.8335,1.24,1.17,-0.0565,6845.0,6190.0,-0.0957,8488.0,7242.0,-0.1468,644.0,171.0,-0.7345
418350,GLICO FROSTBITE COOKIES CRM65ML,6242 - IMPULSE ICE CREAM,ICE CREAM,1.59,1.36,-0.1447,157.5,55.67,-0.6465,1.15,1.11,-0.0348,8834.0,7832.0,-0.1134,10159.0,8694.0,-0.1442,275.0,151.0,-0.4509
420979,GLICO HAKU TIRAMISU CUP 110ML,6242 - IMPULSE ICE CREAM,ICE CREAM,1.42,1.0,-0.2958,77.0,0.67,-0.9913,1.11,1.0,-0.0991,14188.0,10000.0,-0.2952,15749.0,10000.0,-0.365,139.0,2.0,-0.9856
425832,GLICO FB MOCHI COOKIES CRM45ML,6242 - IMPULSE ICE CREAM,ICE CREAM,1.98,1.72,-0.1313,362.0,92.0,-0.7459,1.25,1.16,-0.072,6818.0,6268.0,-0.0807,8522.0,7271.0,-0.1468,581.0,237.0,-0.5921
426543,GLICO FROSTBITE CHO NUT CSW65ML,6242 - IMPULSE ICE CREAM,ICE CREAM,,1.0,,,0.33,,,1.0,,,5700.0,,,5700.0,,,1.0,
428785,GLICO FROSTBITE BOBA M.TEA 60ML,6242 - IMPULSE ICE CREAM,ICE CREAM,1.35,1.38,0.0222,85.0,53.0,-0.3765,1.16,1.07,-0.0776,6203.0,6328.0,0.0202,7195.0,6771.0,-0.0589,146.0,148.0,0.0137
431174,GLICO FROSTBITE CRNC DB CHO70ML,6242 - IMPULSE ICE CREAM,ICE CREAM,1.7,1.37,-0.1941,168.0,32.67,-0.8055,1.15,1.08,-0.0609,9403.0,7872.0,-0.1628,10813.0,8502.0,-0.2137,293.0,91.0,-0.6894
433070,GLICO JCONE FB COOKIES CRM 80ML,6242 - IMPULSE ICE CREAM,ICE CREAM,1.0,,,0.5,,,1.0,,,5900.0,,,5900.0,,,1.0,,
435023,GLICO FB CHOCO VNL CUP 85ML,6242 - IMPULSE ICE CREAM,ICE CREAM,1.43,1.23,-0.1399,108.0,14.67,-0.8642,1.12,1.07,-0.0446,8017.0,7045.0,-0.1212,8979.0,7538.0,-0.1605,192.0,41.0,-0.7865
436771,GLICO HAKU CHEESE DELIGHT 110ML,6242 - IMPULSE ICE CREAM,ICE CREAM,1.18,,,5.5,,,1.0,,,11264.0,,,11264.0,,,11.0,,
438573,GLICO FROSTBITE COCONUT 60ML,6242 - IMPULSE ICE CREAM,ICE CREAM,1.2,1.4,0.1667,70.5,14.0,-0.8014,1.1,1.17,0.0636,5551.0,6421.0,0.1567,6106.0,7513.0,0.2304,128.0,36.0,-0.7188
442368,GLICO FB CKS CREAM CUP 90ML,6242 - IMPULSE ICE CREAM,ICE CREAM,1.49,1.21,-0.1879,198.0,32.67,-0.835,1.11,1.04,-0.0631,8391.0,7010.0,-0.1646,9314.0,7290.0,-0.2173,358.0,94.0,-0.7374
449345,GLICO FB MOCHI PND SARIKAYA46ML,6242 - IMPULSE ICE CREAM,ICE CREAM,,1.84,,,63.33,,,1.22,,,6440.0,,,7857.0,,,156.0,
449788,GLICO FROSTBITE YAKOO 60ML,6242 - IMPULSE ICE CREAM,ICE CREAM,1.41,1.25,-0.1135,102.5,44.0,-0.5707,1.11,1.09,-0.018,4711.0,4283.0,-0.0909,5229.0,4668.0,-0.1073,185.0,121.0,-0.3459
459549,GLICO FROSTBITE KOPI JLY GA60ML,6242 - IMPULSE ICE CREAM,ICE CREAM,,1.54,,,49.0,,,1.1,,,6949.0,,,7644.0,,,134.0,
459602,GLICO HAKU ALMOND CUP 110ML,6242 - IMPULSE ICE CREAM,ICE CREAM,,1.18,,,16.33,,,1.09,,,14104.0,,,15373.0,,,45.0,
419455,JOYDAY MULBERRY RED VELVET 60ML,6242 - IMPULSE ICE CREAM,ICE CREAM,2.0,1.67,-0.165,0.5,1.0,1.0,1.0,1.0,0.0,25400.0,20233.0,-0.2034,25400.0,20233.0,-0.2034,1.0,3.0,2.0
419461,JOYDAY CRUNCHY CHO MALT 65ML,6242 - IMPULSE ICE CREAM,ICE CREAM,1.2,,,2.5,,,1.0,,,8400.0,,,8400.0,,,5.0,,
419462,JOYDAY CRUNCHY CHO BRY 65ML,6242 - IMPULSE ICE CREAM,ICE CREAM,2.0,,,3.5,,,1.0,,,14000.0,,,14000.0,,,7.0,,
421218,JOYDAY VANILLA MILK CUP 100ML,6242 - IMPULSE ICE CREAM,ICE CREAM,1.0,,,0.5,,,1.0,,,6400.0,,,6400.0,,,1.0,,
433293,JOYDAY CRUNCHY COOKIES CRM 70ML,6242 - IMPULSE ICE CREAM,ICE CREAM,1.5,1.0,-0.3333,1.0,0.33,-0.67,1.0,1.0,0.0,12750.0,10200.0,-0.2,12750.0,10200.0,-0.2,2.0,1.0,-0.5
434285,JOYDAY CRUNCHY DB CHOCO 70ML,6242 - IMPULSE ICE CREAM,ICE CREAM,2.0,1.62,-0.19,3.0,2.67,-0.11,1.2,1.0,-0.1667,13533.0,11288.0,-0.1659,16240.0,11288.0,-0.3049,5.0,8.0,0.6
437188,JOYDAY SUNDAE CHOCO CUP 90ML,6242 - IMPULSE ICE CREAM,ICE CREAM,2.67,,,1.5,,,1.0,,,21067.0,,,21067.0,,,3.0,,
440679,JOYDAY CRUNCHY CHO LAVA 65ML,6242 - IMPULSE ICE CREAM,ICE CREAM,,1.5,,,0.67,,,1.0,,,14250.0,,,14250.0,,,2.0,
443350,JOYDAY NEAPOLITAN CUP 160ML,6242 - IMPULSE ICE CREAM,ICE CREAM,1.38,1.0,-0.2754,4.0,1.0,-0.75,1.0,1.0,0.0,12788.0,9300.0,-0.2728,12788.0,9300.0,-0.2728,8.0,3.0,-0.625
446315,JOYDAY PREMICE ALMOND CRML 90ML,6242 - IMPULSE ICE CREAM,ICE CREAM,2.0,1.0,-0.5,1.0,2.0,1.0,1.0,1.0,0.0,31800.0,15900.0,-0.5,31800.0,15900.0,-0.5,2.0,6.0,2.0
447402,JOYDAY DB SCOOP CHOVNL CUP100ML,6242 - IMPULSE ICE CREAM,ICE CREAM,2.25,,,2.0,,,1.0,,,12375.0,,,12375.0,,,4.0,,
449782,JOYDAY TWISTCONE COF VNL 133ML,6242 - IMPULSE ICE CREAM,ICE CREAM,,1.14,,,2.33,,,1.0,,,13714.0,,,13714.0,,,7.0,
450830,JOYDAY CRUNCHY VANILLA CKS 65ML,6242 - IMPULSE ICE CREAM,ICE CREAM,,1.17,,,2.0,,,1.0,,,11283.0,,,11283.0,,,6.0,
459369,JOYDAY DOLCE CRM BLKFOREST 90ML,6242 - IMPULSE ICE CREAM,ICE CREAM,,1.0,,,0.67,,,1.0,,,9300.0,,,9300.0,,,2.0,
465986,JOYDAY SANDWICH VNL BERRY 100ML,6242 - IMPULSE ICE CREAM,ICE CREAM,1.82,1.67,-0.0824,8.5,1.0,-0.8824,1.13,1.0,-0.115,10394.0,9500.0,-0.086,11745.0,9500.0,-0.1911,15.0,3.0,-0.8
449984,KALULI LIGHT YUMMY CUP 130ML,6242 - IMPULSE ICE CREAM,ICE CREAM,,1.25,,,5.33,,,1.14,,,32106.0,,,36601.0,,,14.0,
449987,KALULI CHOCO MASTER STK 60ML,6242 - IMPULSE ICE CREAM,ICE CREAM,,1.3,,,21.33,,,1.08,,,16912.0,,,18265.0,,,59.0,
109202,WALL'S FEAST COKLAT 65ML,6242 - IMPULSE ICE CREAM,ICE CREAM,2.22,1.61,-0.2748,714.5,241.0,-0.6627,1.15,1.13,-0.0174,13664.0,10574.0,-0.2261,15714.0,11949.0,-0.2396,1241.0,641.0,-0.4835
109203,WALL'S FEAST VANILA 65ML,6242 - IMPULSE ICE CREAM,ICE CREAM,2.18,1.6,-0.2661,726.5,227.33,-0.6871,1.14,1.07,-0.0614,13445.0,10554.0,-0.215,15327.0,11293.0,-0.2632,1274.0,639.0,-0.4984
109458,WALL'S POPULAIRE CHOCO 90ML,6242 - IMPULSE ICE CREAM,ICE CREAM,1.59,1.41,-0.1132,658.5,419.67,-0.3627,1.17,1.21,0.0342,8934.0,7930.0,-0.1124,10453.0,9595.0,-0.0821,1121.0,1038.0,-0.074
109459,WALL'S POPULAIRE STR 90ML,6242 - IMPULSE ICE CREAM,ICE CREAM,1.5,1.31,-0.1267,672.0,411.67,-0.3874,1.21,1.25,0.0331,8396.0,7327.0,-0.1273,10159.0,9159.0,-0.0984,1110.0,991.0,-0.1072
110027,WALL'S P.POP SHAKY SHAKE 150ML,6242 - IMPULSE ICE CREAM,ICE CREAM,1.28,1.17,-0.0859,208.0,150.33,-0.2773,1.07,1.09,0.0187,14060.0,13308.0,-0.0535,15044.0,14506.0,-0.0358,388.0,414.0,0.067
115692,WALL'S MAGNUM ALMOND 80ML,6242 - IMPULSE ICE CREAM,ICE CREAM,1.82,1.3,-0.2857,289.5,81.33,-0.7191,1.14,1.07,-0.0614,33329.0,25017.0,-0.2494,37995.0,26768.0,-0.2955,507.0,228.0,-0.5503
115694,WALL'S MAGNUM CLASSIC 80ML,6242 - IMPULSE ICE CREAM,ICE CREAM,1.65,1.31,-0.2061,190.5,75.33,-0.6046,1.13,1.09,-0.0354,30547.0,25511.0,-0.1649,34518.0,27807.0,-0.1944,338.0,207.0,-0.3876
123406,WALL'S CORNETTO DISC CHO 120ML,6242 - IMPULSE ICE CREAM,ICE CREAM,1.66,1.46,-0.1205,237.0,44.67,-0.8115,1.08,1.06,-0.0185,18511.0,16596.0,-0.1035,19992.0,17592.0,-0.12,438.0,126.0,-0.7123
406030,WALL'S CORNETTO DISC OREO 110ML,6242 - IMPULSE ICE CREAM,ICE CREAM,1.52,1.41,-0.0724,168.0,124.33,-0.2599,1.05,1.06,0.0095,20721.0,19491.0,-0.0594,21757.0,20660.0,-0.0504,319.0,351.0,0.1003
408394,WALL'S CORNETTO BLK&WHT 82ML,6242 - IMPULSE ICE CREAM,ICE CREAM,1.68,1.76,0.0476,441.0,111.67,-0.7468,1.14,1.14,0.0,10755.0,11475.0,0.0669,12261.0,13081.0,0.0669,776.0,293.0,-0.6224
413176,WALL'S P.POP CHOCO LAVA 56ML,6242 - IMPULSE ICE CREAM,ICE CREAM,1.31,,,8.0,,,1.0,,,5881.0,,,5881.0,,,16.0,,
414646,WALL'S CORNETTO SQ 108ML,6242 - IMPULSE ICE CREAM,ICE CREAM,1.54,1.35,-0.1234,174.5,135.33,-0.2245,1.05,1.08,0.0286,23469.0,21186.0,-0.0973,24642.0,22881.0,-0.0715,333.0,377.0,0.1321
415013,WALL'S FEAST DOUBLE 75ML,6242 - IMPULSE ICE CREAM,ICE CREAM,1.46,1.08,-0.2603,178.5,4.33,-0.9757,1.09,1.08,-0.0092,11906.0,10662.0,-0.1045,12978.0,11515.0,-0.1127,328.0,12.0,-0.9634
416515,WALL'S SOLERO FRUIT MANGGA 65ML,6242 - IMPULSE ICE CREAM,ICE CREAM,1.36,1.17,-0.1397,262.0,21.67,-0.9173,1.15,1.07,-0.0696,7342.0,6908.0,-0.0591,8443.0,7392.0,-0.1245,456.0,61.0,-0.8662
417884,WALL'S CORNETTO STR VANILLA82ML,6242 - IMPULSE ICE CREAM,ICE CREAM,1.65,,,198.5,,,1.07,,,10400.0,,,11128.0,,,370.0,,
426541,WALL'S P.POP MINION CUP 90ML,6242 - IMPULSE ICE CREAM,ICE CREAM,1.0,,,1.0,,,1.0,,,6550.0,,,6550.0,,,2.0,,
427498,WALL'S OREO COOKIES CUP 90ML,6242 - IMPULSE ICE CREAM,ICE CREAM,1.23,1.22,-0.0081,263.5,192.67,-0.2688,1.11,1.11,0.0,11176.0,11282.0,0.0095,12405.0,12523.0,0.0095,473.0,519.0,0.0973
431317,WALL'S P.POP UPIN IPIN 60ML,6242 - IMPULSE ICE CREAM,ICE CREAM,1.0,,,0.5,,,1.0,,,3900.0,,,3900.0,,,1.0,,
434171,WALL'S FEAST POP VNL CRML4X16ML,6242 - IMPULSE ICE CREAM,ICE CREAM,1.45,1.26,-0.131,222.0,125.0,-0.4369,1.11,1.12,0.009,15832.0,13770.0,-0.1302,17574.0,15422.0,-0.1225,399.0,336.0,-0.1579
436211,WALL'S P.POP TWIST MAGIC 55ML,6242 - IMPULSE ICE CREAM,ICE CREAM,1.09,,,5.5,,,1.0,,,4582.0,,,4582.0,,,11.0,,
438341,WALL'S MAGNUM MATCHA CRUMB 80ML,6242 - IMPULSE ICE CREAM,ICE CREAM,1.72,1.2,-0.3023,240.0,59.0,-0.7542,1.11,1.05,-0.0541,34906.0,24919.0,-0.2861,38746.0,26165.0,-0.3247,432.0,169.0,-0.6088
439933,WALL'S MAGNUM CHOCO LUXE 80ML,6242 - IMPULSE ICE CREAM,ICE CREAM,1.0,,,1.0,,,1.0,,,20000.0,,,20000.0,,,2.0,,
440675,WALL'S SWEET CORN 98ML,6242 - IMPULSE ICE CREAM,ICE CREAM,1.17,3.0,1.5641,3.0,0.33,-0.89,1.0,1.0,0.0,5267.0,13800.0,1.6201,5267.0,13800.0,1.6201,6.0,1.0,-0.8333
441251,WALL'S UPIN IPIN 60ML,6242 - IMPULSE ICE CREAM,ICE CREAM,1.42,1.32,-0.0704,426.5,199.0,-0.5334,1.2,1.15,-0.0417,6755.0,6424.0,-0.049,8106.0,7388.0,-0.0886,708.0,517.0,-0.2698
441546,WALL'S CORNETTO WHTROSECHS134ML,6242 - IMPULSE ICE CREAM,ICE CREAM,1.18,,,22.5,,,1.0,,,15971.0,,,15971.0,,,45.0,,
443436,WALL'S CALIPPO STRAWBERRY 100ML,6242 - IMPULSE ICE CREAM,ICE CREAM,1.28,1.34,0.0469,40.5,9.67,-0.7612,1.0,1.04,0.04,13000.0,13948.0,0.0729,13000.0,14506.0,0.1158,81.0,28.0,-0.6543
443437,WALL'S CALIPPO BLUE LEMON 100ML,6242 - IMPULSE ICE CREAM,ICE CREAM,1.2,,,5.0,,,1.11,,,12000.0,,,13320.0,,,9.0,,
443691,WALL'S P.POP BANANA RACE 42ML,6242 - IMPULSE ICE CREAM,ICE CREAM,1.35,1.3,-0.037,162.5,172.33,0.0605,1.11,1.13,0.018,7680.0,7551.0,-0.0168,8525.0,8533.0,0.0009,294.0,459.0,0.5612
444150,WALL'S MAGNUM MANGO YOGHURT80ML,6242 - IMPULSE ICE CREAM,ICE CREAM,1.73,1.34,-0.2254,139.5,42.67,-0.6941,1.14,1.06,-0.0702,35140.0,27762.0,-0.21,40060.0,29428.0,-0.2654,245.0,121.0,-0.5061
444567,WALL'S OREO STK 80ML,6242 - IMPULSE ICE CREAM,ICE CREAM,1.82,1.29,-0.2912,397.0,205.33,-0.4828,1.16,1.1,-0.0517,18371.0,13552.0,-0.2623,21310.0,14907.0,-0.3005,686.0,560.0,-0.1837
446838,WALL'S POPULAIRE MANGO 90ML,6242 - IMPULSE ICE CREAM,ICE CREAM,1.45,1.26,-0.131,275.5,113.0,-0.5898,1.1,1.09,-0.0091,8136.0,7308.0,-0.1018,8950.0,7966.0,-0.1099,499.0,312.0,-0.3747
447588,WALL'S MAGNUM CAF  AU LAIT 80ML,6242 - IMPULSE ICE CREAM,ICE CREAM,1.13,1.15,0.0177,45.0,4.33,-0.9038,1.11,1.08,-0.027,22999.0,23423.0,0.0184,25529.0,25297.0,-0.0091,81.0,12.0,-0.8519
448205,WALL'S JELLY STROBERI 60ML,6242 - IMPULSE ICE CREAM,ICE CREAM,1.67,1.38,-0.1737,655.5,256.67,-0.6084,1.24,1.16,-0.0645,7213.0,6175.0,-0.1439,8944.0,7163.0,-0.1991,1058.0,666.0,-0.3705
449781,WALL'S CORNETTO APPLECRUMB108ML,6242 - IMPULSE ICE CREAM,ICE CREAM,1.52,1.56,0.0263,51.5,34.0,-0.3398,1.01,1.0,-0.0099,15691.0,16562.0,0.0555,15848.0,16562.0,0.0451,102.0,102.0,0.0
449974,WALL'S MAGNUM ALMDSTR PANNA80ML,6242 - IMPULSE ICE CREAM,ICE CREAM,1.2,1.31,0.0917,56.5,41.0,-0.2743,1.04,1.08,0.0385,24347.0,27836.0,0.1433,25321.0,30063.0,0.1873,109.0,114.0,0.0459
452293,WALL'S SOLERO LAVA BERRIES 65ML,6242 - IMPULSE ICE CREAM,ICE CREAM,,1.22,,,47.0,,,1.03,,,9991.0,,,10291.0,,,137.0,
459187,WALL'S CORNETTODISC CHOHZL108ML,6242 - IMPULSE ICE CREAM,ICE CREAM,,1.16,,,69.33,,,1.03,,,15797.0,,,16271.0,,,202.0,
459321,WALL'S FEAST XTRAMAX CHOCO 73ML,6242 - IMPULSE ICE CREAM,ICE CREAM,,1.54,,,152.67,,,1.14,,,13953.0,,,15906.0,,,402.0,
459579,WALL'S CORNETTO CHOCO BWN 108ML,6242 - IMPULSE ICE CREAM,ICE CREAM,,1.14,,,37.33,,,1.04,,,12789.0,,,13301.0,,,108.0,
465633,WALL'S CORNETTO MLK BERRY 80ML,6242 - IMPULSE ICE CREAM,ICE CREAM,1.69,1.68,-0.0059,306.0,60.67,-0.8017,1.14,1.08,-0.0526,10751.0,10931.0,0.0167,12256.0,11805.0,-0.0368,535.0,169.0,-0.6841
465634,WALL'S TWISTER GRAPE LYCHEE55ML,6242 - IMPULSE ICE CREAM,ICE CREAM,1.45,1.23,-0.1517,229.5,18.67,-0.9186,1.13,1.22,0.0796,6795.0,6777.0,-0.0026,7678.0,8268.0,0.0768,407.0,46.0,-0.887
465687,WALL'S CORNETTO YOG BERRY 108ML,6242 - IMPULSE ICE CREAM,ICE CREAM,1.41,1.13,-0.1986,107.5,57.33,-0.4667,1.03,1.02,-0.0097,15694.0,13153.0,-0.1619,16165.0,13416.0,-0.1701,209.0,168.0,-0.1962
466105,WALL'S FEAST POP STR YOG 4X16ML,6242 - IMPULSE ICE CREAM,ICE CREAM,1.25,1.3,0.04,158.5,104.67,-0.3396,1.1,1.06,-0.0364,13435.0,14222.0,0.0586,14779.0,15075.0,0.02,289.0,295.0,0.0208
620185,WALL'S P.POP BANANA BOAT 42ML,6242 - IMPULSE ICE CREAM,ICE CREAM,2.5,,,1.0,,,1.0,,,14250.0,,,14250.0,,,2.0,,
620309,WALL'S P.POP RAINBOW POWER 55ML,6242 - IMPULSE ICE CREAM,ICE CREAM,1.72,1.45,-0.157,751.0,370.33,-0.5069,1.26,1.24,-0.0159,6612.0,5769.0,-0.1275,8331.0,7154.0,-0.1413,1191.0,895.0,-0.2485
5147,ANTIMO TAB 10S (DB),3111 - ANALGESIC,MEDICINE & BABY CARE,2.13,1.23,-0.4225,27.5,27.0,-0.0182,1.53,1.14,-0.2549,12764.0,7407.0,-0.4197,19529.0,8444.0,-0.5676,36.0,71.0,0.9722
103367,BODREX MIGRA KAP 4S (DB),3111 - ANALGESIC,MEDICINE & BABY CARE,1.26,1.24,-0.0159,11.5,29.0,1.5217,1.05,1.34,0.2762,3617.0,3724.0,0.0296,3798.0,4990.0,0.3138,22.0,65.0,1.9545
112772,BODREX EXTRA TAB 4S (DB),3111 - ANALGESIC,MEDICINE & BABY CARE,1.38,1.33,-0.0362,26.0,44.0,0.6923,1.21,1.17,-0.0331,4015.0,4210.0,0.0486,4858.0,4926.0,0.014,43.0,113.0,1.6279
5041,BODREX TAB 20S (DH),3111 - ANALGESIC,MEDICINE & BABY CARE,1.14,1.04,-0.0877,10.5,18.33,0.7457,1.0,1.22,0.22,11429.0,10391.0,-0.0908,11429.0,12677.0,0.1092,21.0,45.0,1.1429
119191,BODREXIN DEMAM JERUK 60ML (DH),3111 - ANALGESIC,MEDICINE & BABY CARE,1.0,1.0,0.0,6.0,3.33,-0.445,1.0,1.0,0.0,15700.0,15700.0,0.0,15700.0,15700.0,0.0,12.0,10.0,-0.1667
5143,FEMINAX STRIP 4'S (OL),3111 - ANALGESIC,MEDICINE & BABY CARE,3.0,,,1.5,,,1.0,,,10500.0,,,10500.0,,,3.0,,
5066,OSKADON TAB 4S (DH),3111 - ANALGESIC,MEDICINE & BABY CARE,2.42,1.98,-0.1818,9.5,17.67,0.86,1.58,1.32,-0.1646,5084.0,4242.0,-0.1656,8033.0,5599.0,-0.303,12.0,40.0,2.3333
125137,PANADOL KAP 10S (DH),3111 - ANALGESIC,MEDICINE & BABY CARE,1.19,1.15,-0.0336,21.5,20.0,-0.0698,1.02,1.02,0.0,16012.0,15458.0,-0.0346,16332.0,15767.0,-0.0346,42.0,59.0,0.4048
191422,PANADOL EXTRA KAP 10S (DH),3111 - ANALGESIC,MEDICINE & BABY CARE,1.13,1.05,-0.0708,23.0,29.0,0.2609,1.18,1.12,-0.0508,16843.0,15592.0,-0.0743,19875.0,17463.0,-0.1214,39.0,78.0,1.0
5054,PARAMEX TAB 4S (DB),3111 - ANALGESIC,MEDICINE & BABY CARE,1.66,1.4,-0.1566,32.5,50.33,0.5486,1.33,1.32,-0.0075,5863.0,4914.0,-0.1619,7798.0,6486.0,-0.1682,49.0,114.0,1.3265
111558,PRORIS SYRUP JERUK 60ML (DB),3111 - ANALGESIC,MEDICINE & BABY CARE,,1.0,,,2.67,,,1.0,,,31350.0,,,31350.0,,,8.0,
122615,TEMPRA PARACETAMOL 30ML (DH),3111 - ANALGESIC,MEDICINE & BABY CARE,1.0,1.06,0.06,9.0,5.67,-0.37,1.2,1.21,0.0083,28000.0,29694.0,0.0605,33600.0,35930.0,0.0693,15.0,14.0,-0.0667
313170,TEMPRA FORTE PRCETAMOL 60ML(DH),3111 - ANALGESIC,MEDICINE & BABY CARE,1.0,1.0,0.0,2.5,2.33,-0.068,1.25,1.0,-0.2,57500.0,57571.0,0.0012,71875.0,57571.0,-0.199,4.0,7.0,0.75
223470,TERMOREX PLUS BTL 60ML (DB),3111 - ANALGESIC,MEDICINE & BABY CARE,1.0,1.0,0.0,1.5,5.0,2.3333,1.0,1.0,0.0,21500.0,22947.0,0.0673,21500.0,22947.0,0.0673,3.0,15.0,4.0
5230,TERMOREX PARACETAMOL 60ML (DH),3111 - ANALGESIC,MEDICINE & BABY CARE,1.0,1.0,0.0,4.0,2.67,-0.3325,1.0,1.0,0.0,19500.0,19500.0,0.0,19500.0,19500.0,0.0,8.0,8.0,0.0
450865,DECOLGEN TABLET PE 4S (DB),3112 - ANALGESIC & COLD REMEDIES,MEDICINE & BABY CARE,,1.21,,,14.0,,,1.08,,,3305.0,,,3569.0,,,39.0,
5055,DECOLGEN TAB 4S (DB),3112 - ANALGESIC & COLD REMEDIES,MEDICINE & BABY CARE,1.71,,,24.0,,,1.33,,,4612.0,,,6134.0,,,36.0,,
407868,MIXAGRIP FLU&BTK KAP 4S(DB),3112 - ANALGESIC & COLD REMEDIES,MEDICINE & BABY CARE,1.14,1.14,0.0,14.0,38.67,1.7621,1.4,1.06,-0.2429,4571.0,4554.0,-0.0037,6399.0,4827.0,-0.2457,20.0,109.0,4.45
5076,MIXAGRIP FLU KAP 4S (DB),3112 - ANALGESIC & COLD REMEDIES,MEDICINE & BABY CARE,1.22,1.09,-0.1066,13.5,29.33,1.1726,1.04,1.13,0.0865,4400.0,3970.0,-0.0977,4576.0,4486.0,-0.0197,26.0,78.0,2.0
5049,NEOZEP FORTE TAB 4S (DB),3112 - ANALGESIC & COLD REMEDIES,MEDICINE & BABY CARE,1.67,1.34,-0.1976,13.5,25.33,0.8763,1.12,1.23,0.0982,5333.0,4697.0,-0.1193,5973.0,5777.0,-0.0328,24.0,62.0,1.5833
211239,PANADOL COLD+FLU 10S (DB),3112 - ANALGESIC & COLD REMEDIES,MEDICINE & BABY CARE,1.0,1.06,0.06,5.5,10.33,0.8782,1.0,1.0,0.0,18900.0,20255.0,0.0717,18900.0,20255.0,0.0717,11.0,31.0,1.8182
401048,PANADOL FLU&BTK KAP 10S (DB),3112 - ANALGESIC & COLD REMEDIES,MEDICINE & BABY CARE,1.0,1.03,0.03,8.0,11.67,0.4588,1.0,1.03,0.03,18900.0,19440.0,0.0286,18900.0,20023.0,0.0594,16.0,34.0,1.125
310136,PROCOLD FLU&BTK KAP 6S (DB),3112 - ANALGESIC & COLD REMEDIES,MEDICINE & BABY CARE,1.05,1.06,0.0095,10.5,12.0,0.1429,1.62,1.09,-0.3272,6810.0,6861.0,0.0075,11032.0,7478.0,-0.3222,13.0,33.0,1.5385
407869,PROCOLD FLU KAP 6S (DB),3112 - ANALGESIC & COLD REMEDIES,MEDICINE & BABY CARE,1.09,1.08,-0.0092,21.5,19.67,-0.0851,1.1,1.05,-0.0455,6121.0,6085.0,-0.0059,6733.0,6389.0,-0.0511,39.0,56.0,0.4359
447624,SIDOMUNCUL ESEMAG CAIR SAC 10ML,3113 - ANTACIDS,MEDICINE & BABY CARE,2.22,2.17,-0.0225,49.0,12.0,-0.7551,1.11,1.44,0.2973,5869.0,5867.0,-0.0003,6515.0,8448.0,0.2967,88.0,25.0,-0.7159
112579,MYLANTA LIQUID 50ML (DH),3113 - ANTACIDS,MEDICINE & BABY CARE,1.0,1.25,0.25,2.5,5.33,1.132,1.0,1.14,0.14,19300.0,24162.0,0.2519,19300.0,27545.0,0.4272,5.0,14.0,1.8
5153,MYLANTA TAB 10S (DH),3113 - ANTACIDS,MEDICINE & BABY CARE,1.0,1.0,0.0,6.0,11.67,0.945,1.2,1.06,-0.1167,10300.0,10934.0,0.0616,12360.0,11590.0,-0.0623,10.0,33.0,2.3
122653,POLYSILANE SUSPENSI 100ML (DH),3113 - ANTACIDS,MEDICINE & BABY CARE,1.1,1.0,-0.0909,5.0,3.33,-0.334,1.25,1.0,-0.2,30690.0,28900.0,-0.0583,38362.0,28900.0,-0.2467,8.0,10.0,0.25
416169,POLYSILANE TABLET 8S  (DH),3113 - ANTACIDS,MEDICINE & BABY CARE,1.0,1.12,0.12,7.0,8.0,0.1429,1.0,1.09,0.09,10500.0,11812.0,0.125,10500.0,12875.0,0.2262,14.0,22.0,0.5714
119466,PROMAG HERBAL SAC 15/10ML,3113 - ANTACIDS,MEDICINE & BABY CARE,1.92,1.92,0.0,60.0,21.33,-0.6445,1.12,1.1,-0.0179,7006.0,6877.0,-0.0184,7847.0,7565.0,-0.0359,107.0,58.0,-0.4579
126151,PROMAG CAIR SAC 10ML (DH),3113 - ANTACIDS,MEDICINE & BABY CARE,2.21,1.87,-0.1538,9.5,10.0,0.0526,1.27,1.2,-0.0551,6853.0,5793.0,-0.1547,8703.0,6952.0,-0.2012,15.0,25.0,0.6667
425773,PROMAG TABLET 10S (DH),3113 - ANTACIDS,MEDICINE & BABY CARE,1.05,1.16,0.1048,33.0,27.0,-0.1818,1.14,1.05,-0.0789,11200.0,12701.0,0.134,12768.0,13336.0,0.0445,58.0,77.0,0.3276
438867,PROMAG HERBAL BOX 6X15ML,3113 - ANTACIDS,MEDICINE & BABY CARE,1.0,1.0,0.0,15.0,2.0,-0.8667,1.11,1.0,-0.0991,20777.0,20717.0,-0.0029,23062.0,20717.0,-0.1017,27.0,6.0,-0.7778
172844,OBH COMBI ANAK P STRAW 60ML(DB),3114 - KIDS COUGH MEDICINE,MEDICINE & BABY CARE,1.0,1.02,0.02,16.5,16.67,0.0103,1.0,1.19,0.19,21015.0,21632.0,0.0294,21015.0,25742.0,0.2249,33.0,42.0,0.2727
212751,ACTIFED PLUS COUGH SUPP60ML(DB),3115 - ADULT COUGH MEDICINE,MEDICINE & BABY CARE,1.0,1.0,0.0,4.5,4.33,-0.0378,1.0,1.08,0.08,72533.0,72546.0,0.0002,72533.0,78350.0,0.0802,9.0,12.0,0.3333
212752,ACTIFED EXPECTORANT 60ML (DB),3115 - ADULT COUGH MEDICINE,MEDICINE & BABY CARE,1.14,1.0,-0.1228,3.5,2.67,-0.2371,1.0,1.0,0.0,84571.0,73625.0,-0.1294,84571.0,73625.0,-0.1294,7.0,8.0,0.1429
400299,DEGIROL LOZ 20S (OL),3115 - ADULT COUGH MEDICINE,MEDICINE & BABY CARE,1.0,,,0.5,,,1.0,,,28900.0,,,28900.0,,,1.0,,
400023,HERBAKOF HERBAL 60ML,3115 - ADULT COUGH MEDICINE,MEDICINE & BABY CARE,1.16,1.02,-0.1207,22.0,17.33,-0.2123,1.13,1.16,0.0265,23852.0,20894.0,-0.124,26953.0,24237.0,-0.1008,39.0,45.0,0.1538
452026,HERBAKOF STRONG MINT 100ML,3115 - ADULT COUGH MEDICINE,MEDICINE & BABY CARE,,1.07,,,5.0,,,1.0,,,30827.0,,,30827.0,,,15.0,
439702,IM-BOOST COUGH DEWASA 60ML,3115 - ADULT COUGH MEDICINE,MEDICINE & BABY CARE,1.0,1.11,0.11,18.5,6.33,-0.6578,1.03,1.12,0.0874,29905.0,33047.0,0.1051,30802.0,37013.0,0.2016,36.0,17.0,-0.5278
310089,KOMIX HERBAL ORIGINAL 4X15ML,3115 - ADULT COUGH MEDICINE,MEDICINE & BABY CARE,1.33,1.22,-0.0827,28.5,13.67,-0.5204,1.08,1.11,0.0278,19768.0,18180.0,-0.0803,21349.0,20180.0,-0.0548,53.0,37.0,-0.3019
416359,KOMIX OBH 5X7ML (DB),3115 - ADULT COUGH MEDICINE,MEDICINE & BABY CARE,1.0,,,3.5,,,1.0,,,10500.0,,,10500.0,,,7.0,,
444929,KOMIX HERBAL ORIGINAL SAC 15ML,3115 - ADULT COUGH MEDICINE,MEDICINE & BABY CARE,2.77,1.98,-0.2852,40.5,17.67,-0.5637,1.05,1.08,0.0286,7640.0,5558.0,-0.2725,8022.0,6003.0,-0.2517,77.0,49.0,-0.3636
450770,KOMIX OBH BOX 6X7ML (DB),3115 - ADULT COUGH MEDICINE,MEDICINE & BABY CARE,1.0,1.15,0.15,1.0,6.67,5.67,1.0,1.05,0.05,12000.0,13800.0,0.15,12000.0,14490.0,0.2075,2.0,19.0,8.5
311980,KONIDIN OBH SAC 5X7ML (DH),3115 - ADULT COUGH MEDICINE,MEDICINE & BABY CARE,1.0,1.14,0.14,2.0,11.67,4.835,1.0,1.09,0.09,6300.0,7200.0,0.1429,6300.0,7848.0,0.2457,4.0,32.0,7.0
5053,KONIDIN TAB 4S (DB),3115 - ADULT COUGH MEDICINE,MEDICINE & BABY CARE,1.3,1.27,-0.0231,11.5,16.0,0.3913,1.05,1.14,0.0857,3922.0,3858.0,-0.0163,4118.0,4398.0,0.068,22.0,42.0,0.9091
420729,LASERIN SIRUP NEW 60ML,3115 - ADULT COUGH MEDICINE,MEDICINE & BABY CARE,1.06,1.0,-0.0566,24.5,6.0,-0.7551,1.11,1.0,-0.0991,17886.0,18433.0,0.0306,19853.0,18433.0,-0.0715,44.0,18.0,-0.5909
420909,LASERIN OBAT BATUK 110ML,3115 - ADULT COUGH MEDICINE,MEDICINE & BABY CARE,1.0,1.0,0.0,11.5,1.67,-0.8548,1.35,1.0,-0.2593,29970.0,31500.0,0.0511,40460.0,31500.0,-0.2215,17.0,5.0,-0.7059
428051,NELLCO SPECIAL OBH PE 100ML(DB),3115 - ADULT COUGH MEDICINE,MEDICINE & BABY CARE,1.0,1.0,0.0,3.5,3.0,-0.1429,1.17,1.0,-0.1453,33600.0,35133.0,0.0456,39312.0,35133.0,-0.1063,6.0,9.0,0.5
244194,OB HERBAL 60ML,3115 - ADULT COUGH MEDICINE,MEDICINE & BABY CARE,1.0,1.05,0.05,12.5,6.67,-0.4664,1.14,1.0,-0.1228,22084.0,22985.0,0.0408,25176.0,22985.0,-0.087,22.0,20.0,-0.0909
434544,OB HERBAL HABBATUSSAUDA 60ML,3115 - ADULT COUGH MEDICINE,MEDICINE & BABY CARE,1.0,1.0,0.0,9.5,5.0,-0.4737,1.0,1.07,0.07,21300.0,21647.0,0.0163,21300.0,23162.0,0.0874,19.0,14.0,-0.2632
444488,OB HERBAL SACHET 15ML,3115 - ADULT COUGH MEDICINE,MEDICINE & BABY CARE,2.09,1.5,-0.2823,23.0,8.0,-0.6522,1.1,1.09,-0.0091,9074.0,6567.0,-0.2763,9981.0,7158.0,-0.2828,42.0,22.0,-0.4762
437026,OBH COMBI HERBAL 60ML,3115 - ADULT COUGH MEDICINE,MEDICINE & BABY CARE,1.0,1.08,0.08,30.5,4.33,-0.858,1.0,1.0,0.0,21559.0,23631.0,0.0961,21559.0,23631.0,0.0961,61.0,13.0,-0.7869
109595,OBH COMBI BTK BRDHK 5X7.5ML(DH),3115 - ADULT COUGH MEDICINE,MEDICINE & BABY CARE,1.14,1.0,-0.1228,3.5,4.0,0.1429,1.0,1.09,0.09,6857.0,6000.0,-0.125,6857.0,6540.0,-0.0462,7.0,11.0,0.5714
172843,OBH COMBI BTK FLU MTL 100ML(DB),3115 - ADULT COUGH MEDICINE,MEDICINE & BABY CARE,1.0,1.04,0.04,9.0,9.33,0.0367,1.06,1.12,0.0566,26250.0,27496.0,0.0475,27825.0,30796.0,0.1068,17.0,25.0,0.4706
441843,OBH COMBI ANTITUSSIVE 60ML(DB),3115 - ADULT COUGH MEDICINE,MEDICINE & BABY CARE,1.0,1.0,0.0,3.0,1.0,-0.6667,1.0,1.0,0.0,19000.0,19300.0,0.0158,19000.0,19300.0,0.0158,6.0,3.0,-0.5
5081,OBH COMBI BTK DHK MTL 100ML(DH),3115 - ADULT COUGH MEDICINE,MEDICINE & BABY CARE,1.0,1.0,0.0,3.0,6.67,1.2233,1.0,1.05,0.05,20100.0,20200.0,0.005,20100.0,21210.0,0.0552,6.0,19.0,2.1667
444038,SIDOMUNCUL T.ANGIN BATUK 5X15ML,3115 - ADULT COUGH MEDICINE,MEDICINE & BABY CARE,1.08,1.42,0.3148,13.0,4.0,-0.6923,1.04,1.0,-0.0385,28981.0,38300.0,0.3216,30140.0,38300.0,0.2707,25.0,12.0,-0.52
112773,SILADEX BTK BDHAK 60ML (DB),3115 - ADULT COUGH MEDICINE,MEDICINE & BABY CARE,1.06,1.0,-0.0566,8.0,6.33,-0.2088,1.07,1.0,-0.0654,19956.0,18879.0,-0.054,21353.0,18879.0,-0.1159,15.0,19.0,0.2667
114591,VICKS F-44 SIRUP 54ML (DB),3115 - ADULT COUGH MEDICINE,MEDICINE & BABY CARE,1.0,1.06,0.06,4.5,10.33,1.2956,1.0,1.03,0.03,22722.0,25548.0,0.1244,22722.0,26314.0,0.1581,9.0,30.0,2.3333
400399,VICKS F-44 SIRUP BTL 100ML (DB),3115 - ADULT COUGH MEDICINE,MEDICINE & BABY CARE,1.0,1.07,0.07,1.5,4.67,2.1133,1.5,1.08,-0.28,35000.0,40929.0,0.1694,52500.0,44203.0,-0.158,2.0,13.0,5.5
430796,VICKS FORMULA JAHE MADU 56ML,3115 - ADULT COUGH MEDICINE,MEDICINE & BABY CARE,1.0,1.0,0.0,8.5,3.67,-0.5682,1.0,1.1,0.1,27794.0,28900.0,0.0398,27794.0,31790.0,0.1438,17.0,10.0,-0.4118
437717,VICKS FORMULA JAHE MADU 105ML,3115 - ADULT COUGH MEDICINE,MEDICINE & BABY CARE,1.0,1.2,0.2,5.5,1.67,-0.6964,1.1,1.0,-0.0909,41718.0,54000.0,0.2944,45890.0,54000.0,0.1767,10.0,5.0,-0.5
128044,WOODS' HERBAL PLUS MADU 60ML,3115 - ADULT COUGH MEDICINE,MEDICINE & BABY CARE,1.0,1.0,0.0,5.0,2.0,-0.6,1.0,1.0,0.0,33260.0,33933.0,0.0202,33260.0,33933.0,0.0202,10.0,6.0,-0.4
243903,WOODS' COUGH ANTITSVE 60ML (DB),3115 - ADULT COUGH MEDICINE,MEDICINE & BABY CARE,1.0,1.0,0.0,3.5,6.0,0.7143,1.0,1.06,0.06,28500.0,30017.0,0.0532,28500.0,31818.0,0.1164,7.0,17.0,1.4286
243904,WOODS' COUGH EXPECTRN 60ML (DB),3115 - ADULT COUGH MEDICINE,MEDICINE & BABY CARE,1.06,1.0,-0.0566,8.5,7.33,-0.1376,1.55,1.1,-0.2903,30282.0,29891.0,-0.0129,46937.0,32880.0,-0.2995,11.0,20.0,0.8182
117266,AMBEVEN KAPSUL 10S,3116 - DIARRHEA & CONSTIPATION,MEDICINE & BABY CARE,1.0,1.0,0.0,6.5,3.0,-0.5385,1.0,1.29,0.29,28246.0,27778.0,-0.0166,28246.0,35834.0,0.2686,13.0,7.0,-0.4615
411561,DIAPET KAPSUL 10S,3116 - DIARRHEA & CONSTIPATION,MEDICINE & BABY CARE,1.06,1.0,-0.0566,41.0,8.33,-0.7968,1.02,1.0,-0.0196,9060.0,8544.0,-0.057,9241.0,8544.0,-0.0754,80.0,25.0,-0.6875
411669,DULCOLAX TABLET 10'S (DB),3116 - DIARRHEA & CONSTIPATION,MEDICINE & BABY CARE,,1.0,,,3.67,,,1.22,,,23818.0,,,29058.0,,,9.0,
441650,FLIMTY BLACKCURRANT 16X15G(OL),3116 - DIARRHEA & CONSTIPATION,MEDICINE & BABY CARE,1.25,,,2.0,,,1.0,,,318525.0,,,318525.0,,,4.0,,
442129,FLIMTY BLACKCURRANT 5X15G(OL),3116 - DIARRHEA & CONSTIPATION,MEDICINE & BABY CARE,1.0,,,0.5,,,1.0,,,86800.0,,,86800.0,,,1.0,,
444634,FLIMTY MANGGO 16X15G (OL),3116 - DIARRHEA & CONSTIPATION,MEDICINE & BABY CARE,1.0,,,0.5,,,1.0,,,254500.0,,,254500.0,,,1.0,,
411562,LAXING KAPSUL 10S,3116 - DIARRHEA & CONSTIPATION,MEDICINE & BABY CARE,1.18,1.11,-0.0593,31.0,12.33,-0.6023,1.41,1.19,-0.156,15427.0,14719.0,-0.0459,21752.0,17516.0,-0.1947,44.0,31.0,-0.2955
117168,MICROLAX ATASI SMBELIT 5ML (DH),3116 - DIARRHEA & CONSTIPATION,MEDICINE & BABY CARE,1.2,1.06,-0.1167,2.5,5.67,1.268,1.0,1.31,0.31,31080.0,27365.0,-0.1195,31080.0,35848.0,0.1534,5.0,13.0,1.6
429383,ENTROSTOP TAB 10S (DH),3116 - DIARRHEA & CONSTIPATION,MEDICINE & BABY CARE,1.0,1.0,0.0,9.5,8.0,-0.1579,1.0,1.04,0.04,10179.0,10442.0,0.0258,10179.0,10860.0,0.0669,19.0,23.0,0.2105
5131,NORIT TAB TUBE 40S,3116 - DIARRHEA & CONSTIPATION,MEDICINE & BABY CARE,1.05,1.33,0.2667,10.5,1.0,-0.9048,1.0,1.0,0.0,27286.0,35433.0,0.2986,27286.0,35433.0,0.2986,21.0,3.0,-0.8571
122926,VEGETA HERBAL SAC 5G,3116 - DIARRHEA & CONSTIPATION,MEDICINE & BABY CARE,2.34,1.92,-0.1795,45.5,12.67,-0.7215,1.17,1.09,-0.0684,9276.0,8018.0,-0.1356,10853.0,8740.0,-0.1947,78.0,35.0,-0.5513
411370,BLACKMORES FSH OIL 1000 30S(OL),3118 - ADULT VITAMINS/SUPLEMENT,MEDICINE & BABY CARE,1.0,,,1.0,,,1.0,,,99000.0,,,99000.0,,,2.0,,
427178,BLACKMORES VIT MINERLS 30S (OL),3118 - ADULT VITAMINS/SUPLEMENT,MEDICINE & BABY CARE,1.0,,,1.5,,,1.0,,,165233.0,,,165233.0,,,3.0,,
427179,BLACKMORES BIO C1000 30S (OL),3118 - ADULT VITAMINS/SUPLEMENT,MEDICINE & BABY CARE,1.0,,,0.5,,,1.0,,,140500.0,,,140500.0,,,1.0,,
429981,BLACKMORES CALCI MAG MLT30S(OL),3118 - ADULT VITAMINS/SUPLEMENT,MEDICINE & BABY CARE,1.0,,,1.5,,,1.0,,,115000.0,,,115000.0,,,3.0,,
444214,BLACKMORES IMMUNE C500 30S(OL),3118 - ADULT VITAMINS/SUPLEMENT,MEDICINE & BABY CARE,1.0,,,2.5,,,1.0,,,89700.0,,,89700.0,,,5.0,,
447344,BLACKMORES BIOD3 1000 IU30S(OL),3118 - ADULT VITAMINS/SUPLEMENT,MEDICINE & BABY CARE,1.0,,,3.5,,,1.0,,,89900.0,,,89900.0,,,7.0,,
101683,CDR EFF 10S,3118 - ADULT VITAMINS/SUPLEMENT,MEDICINE & BABY CARE,1.0,1.0,0.0,26.5,5.33,-0.7989,1.13,1.07,-0.0531,61019.0,61056.0,0.0006,68951.0,65330.0,-0.0525,47.0,15.0,-0.6809
102099,CDR FORTOS 10S(OL),3118 - ADULT VITAMINS/SUPLEMENT,MEDICINE & BABY CARE,1.0,,,1.0,,,1.0,,,55900.0,,,55900.0,,,2.0,,
128421,CDR EFF 15S,3118 - ADULT VITAMINS/SUPLEMENT,MEDICINE & BABY CARE,1.17,1.0,-0.1453,3.0,1.33,-0.5567,1.0,1.0,0.0,99200.0,85000.0,-0.1431,99200.0,85000.0,-0.1431,6.0,4.0,-0.3333
419959,CDR STRIP 2S,3118 - ADULT VITAMINS/SUPLEMENT,MEDICINE & BABY CARE,1.24,1.1,-0.1129,14.5,6.67,-0.54,1.04,1.18,0.1346,15424.0,13470.0,-0.1267,16041.0,15895.0,-0.0091,28.0,17.0,-0.3929
441043,COOL-VITA COLAGEN PEACH 10S,3118 - ADULT VITAMINS/SUPLEMENT,MEDICINE & BABY CARE,1.0,1.09,0.09,8.5,7.33,-0.1376,1.13,1.22,0.0796,23676.0,27186.0,0.1483,26754.0,33167.0,0.2397,15.0,18.0,0.2
447834,COOL-VITA COLAGN GMY PCH10S(OL),3118 - ADULT VITAMINS/SUPLEMENT,MEDICINE & BABY CARE,1.0,,,0.5,,,1.0,,,35800.0,,,35800.0,,,1.0,,
403297,ENERVON ACTIVE TAB 4S,3118 - ADULT VITAMINS/SUPLEMENT,MEDICINE & BABY CARE,1.0,1.12,0.12,17.5,13.67,-0.2189,1.0,1.02,0.02,7820.0,8602.0,0.1,7820.0,8774.0,0.122,35.0,40.0,0.1429
5567,ENERVON-C TAB 30S,3118 - ADULT VITAMINS/SUPLEMENT,MEDICINE & BABY CARE,1.0,1.0,0.0,17.0,6.33,-0.6276,1.06,1.06,0.0,45353.0,45742.0,0.0086,48074.0,48487.0,0.0086,32.0,18.0,-0.4375
5605,ENERVON-C TAB 4S,3118 - ADULT VITAMINS/SUPLEMENT,MEDICINE & BABY CARE,1.19,1.15,-0.0336,58.5,27.33,-0.5328,1.26,1.34,0.0635,8439.0,8189.0,-0.0296,10633.0,10973.0,0.032,93.0,61.0,-0.3441
440289,EJ SPORT GO EX LVL BANANA 2TUBE,3118 - ADULT VITAMINS/SUPLEMENT,MEDICINE & BABY CARE,1.22,1.06,-0.1311,9.0,6.0,-0.3333,1.12,1.12,0.0,25733.0,22450.0,-0.1276,28821.0,25144.0,-0.1276,16.0,16.0,0.0
6167,EXTRA JOSS ACTIVE BOX 6X4.2G,3118 - ADULT VITAMINS/SUPLEMENT,MEDICINE & BABY CARE,1.62,1.0,-0.3827,12.0,4.33,-0.6392,2.0,1.3,-0.35,15754.0,10592.0,-0.3277,31508.0,13770.0,-0.563,12.0,10.0,-0.1667
424330,FATIGON MULTIVITAMIN 6S,3118 - ADULT VITAMINS/SUPLEMENT,MEDICINE & BABY CARE,,1.04,,,8.33,,,1.0,,,9984.0,,,9984.0,,,25.0,
425772,FATIGON SPIRIT 6S,3118 - ADULT VITAMINS/SUPLEMENT,MEDICINE & BABY CARE,1.12,1.09,-0.0268,12.5,11.0,-0.12,1.09,1.14,0.0459,16184.0,16203.0,0.0012,17641.0,18471.0,0.047,23.0,29.0,0.2609
100264,HEMAVITON STAMINA PLS KAPSUL 5S,3118 - ADULT VITAMINS/SUPLEMENT,MEDICINE & BABY CARE,1.19,1.19,0.0,13.5,7.0,-0.4815,1.12,1.11,-0.0089,10533.0,10719.0,0.0177,11797.0,11898.0,0.0086,24.0,19.0,-0.2083
100265,HEMAVITON ACT IMUNUP KAPSUL 5S,3118 - ADULT VITAMINS/SUPLEMENT,MEDICINE & BABY CARE,1.21,1.36,0.124,9.5,4.67,-0.5084,1.12,1.08,-0.0357,10753.0,12229.0,0.1373,12043.0,13207.0,0.0967,17.0,13.0,-0.2353
109551,HOLISTICARE ESTER C TAB 30S,3118 - ADULT VITAMINS/SUPLEMENT,MEDICINE & BABY CARE,1.14,1.0,-0.1228,7.0,2.67,-0.6186,1.08,1.33,0.2315,68693.0,62475.0,-0.0905,74188.0,83092.0,0.12,13.0,6.0,-0.5385
114945,HOLISTICARE ESTER C TAB 4S,3118 - ADULT VITAMINS/SUPLEMENT,MEDICINE & BABY CARE,1.21,1.0,-0.1736,30.5,9.33,-0.6941,1.13,1.22,0.0796,10367.0,8721.0,-0.1588,11715.0,10640.0,-0.0918,54.0,23.0,-0.5741
310146,HOLISTICARE SPR ESTER C 90S(OL),3118 - ADULT VITAMINS/SUPLEMENT,MEDICINE & BABY CARE,1.0,,,0.5,,,1.0,,,139900.0,,,139900.0,,,1.0,,
404919,IMBOOST TAB 4S,3118 - ADULT VITAMINS/SUPLEMENT,MEDICINE & BABY CARE,1.09,1.06,-0.0275,16.5,5.33,-0.677,1.06,1.23,0.1604,24015.0,22544.0,-0.0613,25456.0,27729.0,0.0893,31.0,13.0,-0.5806
419670,IMBOOST EFRVSCT EXT VIT C&D3 2S,3118 - ADULT VITAMINS/SUPLEMENT,MEDICINE & BABY CARE,1.23,1.23,0.0,24.0,17.33,-0.2779,1.23,1.21,-0.0163,14962.0,14585.0,-0.0252,18403.0,17648.0,-0.041,39.0,43.0,0.1026
422455,IMBOOST EFRVSCT EXT VIT C&D3 8S,3118 - ADULT VITAMINS/SUPLEMENT,MEDICINE & BABY CARE,1.04,1.29,0.2404,24.0,4.67,-0.8054,1.02,1.08,0.0588,49485.0,61079.0,0.2343,50475.0,65965.0,0.3069,47.0,13.0,-0.7234
431032,IMBOOST EXTRA VIT C & D3 4S,3118 - ADULT VITAMINS/SUPLEMENT,MEDICINE & BABY CARE,1.32,1.19,-0.0985,45.0,20.67,-0.5407,1.02,1.11,0.0882,30254.0,27471.0,-0.092,30859.0,30493.0,-0.0119,88.0,56.0,-0.3636
433076,IMBOOST BONE EFFERVESCENT 8S,3118 - ADULT VITAMINS/SUPLEMENT,MEDICINE & BABY CARE,1.19,1.0,-0.1597,13.0,4.0,-0.6923,1.13,1.2,0.0619,59323.0,49850.0,-0.1597,67035.0,59820.0,-0.1076,23.0,10.0,-0.5652
433285,IMBOOST BONE EFFERVESCENT 2S,3118 - ADULT VITAMINS/SUPLEMENT,MEDICINE & BABY CARE,1.24,1.06,-0.1452,12.5,5.67,-0.5464,1.04,1.21,0.1635,16704.0,14124.0,-0.1545,17372.0,17090.0,-0.0162,24.0,14.0,-0.4167
312545,NATUR-E ADVANCED 4X4S (OL),3118 - ADULT VITAMINS/SUPLEMENT,MEDICINE & BABY CARE,1.0,,,0.5,,,1.0,,,42000.0,,,42000.0,,,1.0,,
402636,NATUR-E ACT BTY 300IU 16S,3118 - ADULT VITAMINS/SUPLEMENT,MEDICINE & BABY CARE,1.0,1.0,0.0,1.0,0.33,-0.67,1.0,1.0,0.0,43900.0,44500.0,0.0137,43900.0,44500.0,0.0137,2.0,1.0,-0.5
419146,NATUR-E WHITE CAPSUL 16S (OL),3118 - ADULT VITAMINS/SUPLEMENT,MEDICINE & BABY CARE,1.2,,,2.5,,,1.0,,,66000.0,,,66000.0,,,5.0,,
5578,NATUR-E SKINSTART 100IU 16S,3118 - ADULT VITAMINS/SUPLEMENT,MEDICINE & BABY CARE,1.0,1.1,0.1,8.5,3.33,-0.6082,1.31,1.43,0.0916,24347.0,26360.0,0.0827,31895.0,37695.0,0.1818,13.0,7.0,-0.4615
192712,NEO HORMOVITON CAPSUL 5S,3118 - ADULT VITAMINS/SUPLEMENT,MEDICINE & BABY CARE,1.05,1.14,0.0857,11.0,2.33,-0.7882,1.22,1.4,0.1475,10400.0,11714.0,0.1263,12688.0,16400.0,0.2926,18.0,5.0,-0.7222
225854,NEO RHEUMACYL NEURO KAP10S (DB),3118 - ADULT VITAMINS/SUPLEMENT,MEDICINE & BABY CARE,1.0,1.0,0.0,4.0,10.67,1.6675,1.14,1.07,-0.0614,12900.0,12909.0,0.0007,14706.0,13813.0,-0.0607,7.0,30.0,3.2857
103917,NEUROBION TAB 10S (DH),3118 - ADULT VITAMINS/SUPLEMENT,MEDICINE & BABY CARE,1.0,1.0,0.0,1.5,2.0,0.3333,1.0,1.0,0.0,31500.0,32117.0,0.0196,31500.0,32117.0,0.0196,3.0,6.0,1.0
310041,NEUROBION FORTE TAB 10S (DH),3118 - ADULT VITAMINS/SUPLEMENT,MEDICINE & BABY CARE,1.0,1.0,0.0,0.5,4.67,8.34,1.0,1.17,0.17,55900.0,56071.0,0.0031,55900.0,65603.0,0.1736,1.0,12.0,11.0
114335,PASAK BUWONO CENG KAP 2S,3118 - ADULT VITAMINS/SUPLEMENT,MEDICINE & BABY CARE,1.44,2.14,0.4861,4.5,2.33,-0.4822,1.5,1.75,0.1667,12167.0,18757.0,0.5416,18250.0,32825.0,0.7986,6.0,4.0,-0.3333
227583,PHARMATON FORMULA KAP 5S,3118 - ADULT VITAMINS/SUPLEMENT,MEDICINE & BABY CARE,1.0,,,2.5,,,1.0,,,31620.0,,,31620.0,,,5.0,,
451467,PHARMATON GO KAPLET 6S,3118 - ADULT VITAMINS/SUPLEMENT,MEDICINE & BABY CARE,,1.67,,,1.0,,,1.0,,,46500.0,,,46500.0,,,3.0,
101682,REDOXON TRIPLE ACTION ORANGE10S,3118 - ADULT VITAMINS/SUPLEMENT,MEDICINE & BABY CARE,1.08,1.08,0.0,18.0,4.0,-0.7778,1.06,1.0,-0.0566,64586.0,64308.0,-0.0043,68461.0,64308.0,-0.0607,34.0,12.0,-0.6471
411141,REDOXON TRIPLE ACTION EFF 2S,3118 - ADULT VITAMINS/SUPLEMENT,MEDICINE & BABY CARE,1.22,1.2,-0.0164,11.5,6.67,-0.42,1.28,1.0,-0.2188,14696.0,13920.0,-0.0528,18811.0,13920.0,-0.26,18.0,20.0,0.1111
443011,SAKATONIK ACTIV STRIP 6 KAPLET,3118 - ADULT VITAMINS/SUPLEMENT,MEDICINE & BABY CARE,1.0,,,2.5,,,1.0,,,11900.0,,,11900.0,,,5.0,,
450982,SAKATONIK ACTIV GUMMY 6S,3118 - ADULT VITAMINS/SUPLEMENT,MEDICINE & BABY CARE,,1.09,,,15.0,,,1.07,,,21669.0,,,23186.0,,,42.0,
126819,SANGOBION CAPSUL 4S,3118 - ADULT VITAMINS/SUPLEMENT,MEDICINE & BABY CARE,1.09,1.19,0.0917,37.5,8.67,-0.7688,1.07,1.13,0.0561,11305.0,12635.0,0.1176,12096.0,14278.0,0.1804,70.0,23.0,-0.6714
77079,SANGOBION CAPSUL 10S,3118 - ADULT VITAMINS/SUPLEMENT,MEDICINE & BABY CARE,1.04,1.0,-0.0385,28.0,13.0,-0.5357,1.04,1.03,-0.0096,26288.0,26385.0,0.0037,27340.0,27177.0,-0.006,54.0,38.0,-0.2963
102995,SIDOMUNCUL C-1000 6X4G,3118 - ADULT VITAMINS/SUPLEMENT,MEDICINE & BABY CARE,1.26,1.0,-0.2063,19.5,6.33,-0.6754,1.22,1.27,0.041,13438.0,10574.0,-0.2131,16394.0,13429.0,-0.1809,32.0,15.0,-0.5312
424007,SIDOMUNCUL VIT C1000 ORANGE6X4G,3118 - ADULT VITAMINS/SUPLEMENT,MEDICINE & BABY CARE,1.22,1.11,-0.0902,31.5,6.33,-0.799,1.17,1.12,-0.0427,13706.0,12616.0,-0.0795,16036.0,14130.0,-0.1189,54.0,17.0,-0.6852
449107,TROP'S COLLAGEN STBERY 200G(OL),3118 - ADULT VITAMINS/SUPLEMENT,MEDICINE & BABY CARE,1.0,,,0.5,,,1.0,,,189900.0,,,189900.0,,,1.0,,
110098,VICEE LEMON TAB 2X500MG,3118 - ADULT VITAMINS/SUPLEMENT,MEDICINE & BABY CARE,1.74,1.88,0.0805,45.5,22.67,-0.5018,1.17,1.11,-0.0513,3937.0,4169.0,0.0589,4606.0,4628.0,0.0048,78.0,61.0,-0.2179
416034,VIOSTIN KAPLET 5S,3118 - ADULT VITAMINS/SUPLEMENT,MEDICINE & BABY CARE,1.0,,,0.5,,,1.0,,,37100.0,,,37100.0,,,1.0,,
310083,VITACIMIN SWEETLET TAB 2S,3118 - ADULT VITAMINS/SUPLEMENT,MEDICINE & BABY CARE,2.17,2.18,0.0046,93.0,35.33,-0.6201,1.14,1.12,-0.0175,5345.0,5598.0,0.0473,6093.0,6270.0,0.029,163.0,95.0,-0.4172
401668,WELMOVE 5S,3118 - ADULT VITAMINS/SUPLEMENT,MEDICINE & BABY CARE,1.18,1.17,-0.0085,5.5,2.0,-0.6364,1.0,1.5,0.5,27773.0,27417.0,-0.0128,27773.0,41126.0,0.4808,11.0,4.0,-0.6364
5583,XON-CE STRIP 2S,3118 - ADULT VITAMINS/SUPLEMENT,MEDICINE & BABY CARE,1.89,1.77,-0.0635,48.5,17.33,-0.6427,1.1,1.06,-0.0364,5581.0,5538.0,-0.0077,6139.0,5870.0,-0.0438,88.0,49.0,-0.4432
441395,YOUVIT ADLT MVIT 30DAY 120G(OL),3118 - ADULT VITAMINS/SUPLEMENT,MEDICINE & BABY CARE,1.0,,,0.5,,,1.0,,,84900.0,,,84900.0,,,1.0,,
101514,COMBANTRIN JERUK NEW 10ML (DB),3119 - ATHELMINTICS,MEDICINE & BABY CARE,1.0,1.0,0.0,4.0,1.67,-0.5825,1.0,1.0,0.0,24900.0,24720.0,-0.0072,24900.0,24720.0,-0.0072,8.0,5.0,-0.375
5135,COMBANTRIN TAB 2X250MG (DB),3119 - ATHELMINTICS,MEDICINE & BABY CARE,1.0,1.25,0.25,4.0,2.67,-0.3325,1.0,1.0,0.0,21500.0,28750.0,0.3372,21500.0,28750.0,0.3372,8.0,8.0,0.0
434859,ALFA/MIU JL AROMATRPY PTCH 12S,3121 - PLESTER,MEDICINE & BABY CARE,1.0,1.0,0.0,0.5,0.33,-0.34,1.0,1.0,0.0,13400.0,12900.0,-0.0373,13400.0,12900.0,-0.0373,1.0,1.0,0.0
432498,BYEBYE-FEVER ANAK NEW PACK 1S,3121 - PLESTER,MEDICINE & BABY CARE,2.31,1.82,-0.2121,31.0,18.33,-0.4087,1.13,1.04,-0.0796,29432.0,23835.0,-0.1902,33258.0,24788.0,-0.2547,55.0,53.0,-0.0364
432644,BYEBYE-FEVER BAYI NEW PACK 1S,3121 - PLESTER,MEDICINE & BABY CARE,2.46,1.84,-0.252,41.0,19.0,-0.5366,1.06,1.04,-0.0189,22062.0,17168.0,-0.2218,23386.0,17855.0,-0.2365,77.0,55.0,-0.2857
437769,BYEBYE-FEVER DEWASA 1S,3121 - PLESTER,MEDICINE & BABY CARE,1.82,1.98,0.0879,53.0,14.67,-0.7232,1.08,1.0,-0.0741,25400.0,28318.0,0.1149,27432.0,28318.0,0.0323,98.0,44.0,-0.551
5347,CABE KOYO 10S,3121 - PLESTER,MEDICINE & BABY CARE,1.12,1.03,-0.0804,21.5,10.33,-0.5195,1.0,1.19,0.19,21570.0,20074.0,-0.0694,21570.0,23888.0,0.1075,43.0,26.0,-0.3953
466024,DETTOL PLESTER REGULER 10S,3121 - PLESTER,MEDICINE & BABY CARE,1.09,1.0,-0.0826,5.5,2.0,-0.6364,1.0,1.0,0.0,9291.0,8500.0,-0.0851,9291.0,8500.0,-0.0851,11.0,6.0,-0.4545
466025,DETTOL PLESTER WATERPROOF 10S,3121 - PLESTER,MEDICINE & BABY CARE,1.0,1.09,0.09,9.0,3.67,-0.5922,1.0,1.0,0.0,11511.0,12491.0,0.0851,11511.0,12491.0,0.0851,18.0,11.0,-0.3889
102726,HANSAPLAST PLESTER ROL KAIN1226,3121 - PLESTER,MEDICINE & BABY CARE,1.09,1.0,-0.0826,5.5,1.67,-0.6964,1.1,1.0,-0.0909,18464.0,16900.0,-0.0847,20310.0,16900.0,-0.1679,10.0,5.0,-0.5
108686,HANSAPLAST KOYO PANAS 10S,3121 - PLESTER,MEDICINE & BABY CARE,1.12,1.08,-0.0357,25.0,16.67,-0.3332,1.11,1.09,-0.018,12770.0,12354.0,-0.0326,14175.0,13466.0,-0.05,45.0,46.0,0.0222
213726,HANSAPLAST KOYO HANGAT 10S,3121 - PLESTER,MEDICINE & BABY CARE,1.16,1.16,0.0,31.5,22.33,-0.2911,1.02,1.06,0.0392,13302.0,13496.0,0.0146,13568.0,14306.0,0.0544,62.0,63.0,0.0161
401924,HANSAPLAST AQUA PROTECT 6S,3121 - PLESTER,MEDICINE & BABY CARE,1.16,1.1,-0.0517,22.5,9.67,-0.5702,1.12,1.0,-0.1071,21696.0,20752.0,-0.0435,24300.0,20752.0,-0.146,40.0,29.0,-0.275
404615,HANSAPLAST DISNEY FROZEN 10S,3121 - PLESTER,MEDICINE & BABY CARE,1.08,1.0,-0.0741,12.5,5.67,-0.5464,1.09,1.0,-0.0826,16112.0,14876.0,-0.0767,17562.0,14876.0,-0.1529,23.0,17.0,-0.2609
425608,HANSAPLAST KAIN ELASTIS 20S(OL),3121 - PLESTER,MEDICINE & BABY CARE,1.0,,,0.5,,,1.0,,,14000.0,,,14000.0,,,1.0,,
427386,HANSAPLAST FINGER STRIPS 6S,3121 - PLESTER,MEDICINE & BABY CARE,1.0,1.14,0.14,5.5,2.33,-0.5764,1.0,1.0,0.0,17473.0,19900.0,0.1389,17473.0,19900.0,0.1389,11.0,7.0,-0.3636
433084,HANSAPLAST ELASTIS FUN 10S,3121 - PLESTER,MEDICINE & BABY CARE,,1.0,,,8.67,,,1.04,,,9469.0,,,9848.0,,,25.0,
442218,HANSAPLAST JUNIOR FUN 100S (OL),3121 - PLESTER,MEDICINE & BABY CARE,1.0,,,0.5,,,1.0,,,33900.0,,,33900.0,,,1.0,,
444647,HANSAPLAST SENSITIVE XL 5S (OL),3121 - PLESTER,MEDICINE & BABY CARE,1.0,,,0.5,,,1.0,,,40900.0,,,40900.0,,,1.0,,
444648,HANSAPLAST SENSITIVE XXL 5S(OL),3121 - PLESTER,MEDICINE & BABY CARE,1.0,,,1.0,,,2.0,,,56750.0,,,113500.0,,,1.0,,
5676,HANSAPLAST ELASTIS 76109 10 S,3121 - PLESTER,MEDICINE & BABY CARE,1.17,1.03,-0.1197,54.5,23.0,-0.578,1.03,1.0,-0.0291,10707.0,9370.0,-0.1249,11028.0,9370.0,-0.1503,106.0,69.0,-0.3491
116364,KOOLFEVER PLESTER DEMAM ANAK,3121 - PLESTER,MEDICINE & BABY CARE,2.3,1.82,-0.2087,40.5,13.33,-0.6709,1.07,1.03,-0.0374,24812.0,20210.0,-0.1855,26549.0,20816.0,-0.2159,76.0,39.0,-0.4868
124192,KOOLFEVER PLESTER DEMAM BAYI,3121 - PLESTER,MEDICINE & BABY CARE,2.44,1.97,-0.1926,34.0,10.67,-0.6862,1.03,1.07,0.0388,20031.0,16491.0,-0.1767,20632.0,17645.0,-0.1448,66.0,30.0,-0.5455
428690,KOOLFEVER DEWASA 1S,3121 - PLESTER,MEDICINE & BABY CARE,1.96,1.58,-0.1939,62.0,21.33,-0.656,1.05,1.07,0.019,23712.0,19081.0,-0.1953,24898.0,20417.0,-0.18,118.0,60.0,-0.4915
422064,Q-LIFE MENSTRUAL CARE 1S,3121 - PLESTER,MEDICINE & BABY CARE,1.24,1.15,-0.0726,24.5,4.33,-0.8233,1.07,1.08,0.0093,21094.0,19500.0,-0.0756,22571.0,21060.0,-0.0669,46.0,12.0,-0.7391
232323,SALONPAS KOYO NEW 10S,3121 - PLESTER,MEDICINE & BABY CARE,1.09,1.16,0.0642,96.0,46.67,-0.5139,1.05,1.06,0.0095,9768.0,11129.0,0.1393,10256.0,11797.0,0.1503,182.0,132.0,-0.2747
232461,SALONPAS HOT KOYO NEW 10S,3121 - PLESTER,MEDICINE & BABY CARE,1.05,1.09,0.0381,29.5,15.33,-0.4803,1.05,1.02,-0.0286,9463.0,10454.0,0.1047,9936.0,10663.0,0.0732,56.0,45.0,-0.1964
406766,SALONPAS PAIN RELIEF PATCH 5S,3121 - PLESTER,MEDICINE & BABY CARE,1.22,1.11,-0.0902,9.0,3.0,-0.6667,1.0,1.0,0.0,39722.0,36078.0,-0.0917,39722.0,36078.0,-0.0917,18.0,9.0,-0.5
416753,SALONPAS KOYO NYERI NEW 10X2S,3121 - PLESTER,MEDICINE & BABY CARE,1.07,1.12,0.0467,76.0,31.67,-0.5833,1.06,1.07,0.0094,16845.0,18547.0,0.101,17856.0,19845.0,0.1114,144.0,89.0,-0.3819
436346,SALONPAS EXTRA HOT 5X2S,3121 - PLESTER,MEDICINE & BABY CARE,1.17,1.16,-0.0085,62.0,10.33,-0.8334,1.06,1.07,0.0094,11625.0,11516.0,-0.0094,12322.0,12322.0,0.0,117.0,29.0,-0.7521
442241,TIANHE SHEXIANG ZHNG GAO10S(OL),3121 - PLESTER,MEDICINE & BABY CARE,1.0,,,1.0,,,1.0,,,37000.0,,,37000.0,,,2.0,,
313139,BETADINE OINTMENT 5G (OL),3123 - ANTISEPTIC,MEDICINE & BABY CARE,2.0,,,2.0,,,1.33,,,31150.0,,,41430.0,,,3.0,,
5671,BETADINE 30ML,3123 - ANTISEPTIC,MEDICINE & BABY CARE,1.0,1.0,0.0,8.0,6.33,-0.2088,1.0,1.0,0.0,33906.0,33889.0,-0.0005,33906.0,33889.0,-0.0005,16.0,19.0,0.1875
443593,CALADINE LOT ALOE VERA 50ML(OL),3123 - ANTISEPTIC,MEDICINE & BABY CARE,1.0,,,1.5,,,1.0,,,21900.0,,,21900.0,,,3.0,,
5427,CALADINE LOTION 60ML (DB),3123 - ANTISEPTIC,MEDICINE & BABY CARE,1.0,1.04,0.04,15.5,8.0,-0.4839,1.15,1.0,-0.1304,21635.0,23312.0,0.0775,24880.0,23312.0,-0.063,27.0,24.0,-0.1111
412044,HANSAPLAST SPRAY ANTISEP40ML,3123 - ANTISEPTIC,MEDICINE & BABY CARE,1.0,1.0,0.0,4.5,1.67,-0.6289,1.0,1.0,0.0,35567.0,35680.0,0.0032,35567.0,35680.0,0.0032,9.0,5.0,-0.4444
412045,HANSAPLAST SALEP LUKA 20G(OL),3123 - ANTISEPTIC,MEDICINE & BABY CARE,1.0,,,1.0,,,1.0,,,49700.0,,,49700.0,,,2.0,,
63173,IKA ALKOHOL 70 % 100ML,3123 - ANTISEPTIC,MEDICINE & BABY CARE,1.0,1.0,0.0,1.5,2.67,0.78,1.0,1.6,0.6,23367.0,23600.0,0.01,23367.0,37760.0,0.616,3.0,5.0,0.6667
435608,LUKAJEL ANTISEPTIC WOUND GEL10G,3123 - ANTISEPTIC,MEDICINE & BABY CARE,1.8,1.0,-0.4444,7.5,0.67,-0.9107,1.0,1.0,0.0,44100.0,24500.0,-0.4444,44100.0,24500.0,-0.4444,15.0,2.0,-0.8667
431839,DIE DA YAO JING 30CC (OL),3123 - ANTISEPTIC,MEDICINE & BABY CARE,1.0,,,0.5,,,1.0,,,28100.0,,,28100.0,,,1.0,,
411390,INSTO REG EYE DROPS 7.5ML (DB),3124 - EYE DROPS,MEDICINE & BABY CARE,1.0,1.0,0.0,7.5,7.67,0.0227,1.0,1.0,0.0,17900.0,17770.0,-0.0073,17900.0,17770.0,-0.0073,15.0,23.0,0.5333
411391,INSTO DRY EYE DROPS 7.5ML (DB),3124 - EYE DROPS,MEDICINE & BABY CARE,1.0,1.0,0.0,2.0,4.67,1.335,1.0,1.0,0.0,18900.0,18900.0,0.0,18900.0,18900.0,0.0,4.0,14.0,2.5
432253,INSTO COOL EYE DROPS 7.5ML(DB),3124 - EYE DROPS,MEDICINE & BABY CARE,1.0,1.0,0.0,4.5,6.33,0.4067,1.0,1.0,0.0,19700.0,19711.0,0.0006,19700.0,19711.0,0.0006,9.0,19.0,1.1111
261070,ROHTO COOL EYE DROPS 7ML (DB),3124 - EYE DROPS,MEDICINE & BABY CARE,,1.0,,,11.0,,,1.0,,,21409.0,,,21409.0,,,33.0,
434979,Y-RINS 2X12ML (OL),3124 - EYE DROPS,MEDICINE & BABY CARE,1.0,,,0.5,,,1.0,,,20500.0,,,20500.0,,,1.0,,
216098,COUNTERPAIN GEL COOL TUBE 15G,"3125 - SALVE, BALM, CREAM & LIQ MEDICINE",MEDICINE & BABY CARE,1.05,1.0,-0.0476,11.0,4.0,-0.6364,1.0,1.0,0.0,32395.0,31117.0,-0.0395,32395.0,31117.0,-0.0395,22.0,12.0,-0.4545
5358,COUNTERPAIN CREAM TUBE 30G,"3125 - SALVE, BALM, CREAM & LIQ MEDICINE",MEDICINE & BABY CARE,1.0,1.0,0.0,8.5,5.33,-0.3729,1.06,1.0,-0.0566,51824.0,51712.0,-0.0022,54933.0,51712.0,-0.0586,16.0,16.0,0.0
459439,FRESH CARE VAPOBALM MATCHA 10G,"3125 - SALVE, BALM, CREAM & LIQ MEDICINE",MEDICINE & BABY CARE,,1.0,,,12.67,,,1.0,,,16500.0,,,16500.0,,,38.0,
101511,GELIGA BALSEM 20G,"3125 - SALVE, BALM, CREAM & LIQ MEDICINE",MEDICINE & BABY CARE,1.11,1.0,-0.0991,14.0,5.33,-0.6193,1.0,1.14,0.14,15425.0,13931.0,-0.0969,15425.0,15881.0,0.0296,28.0,14.0,-0.5
401648,GELIGA KRIM OTOT 60G,"3125 - SALVE, BALM, CREAM & LIQ MEDICINE",MEDICINE & BABY CARE,1.0,,,2.0,,,1.0,,,20900.0,,,20900.0,,,4.0,,
419256,GPU KRIM HOT 120GR,"3125 - SALVE, BALM, CREAM & LIQ MEDICINE",MEDICINE & BABY CARE,1.0,1.0,0.0,6.5,3.67,-0.4354,1.0,1.0,0.0,25900.0,25900.0,0.0,25900.0,25900.0,0.0,13.0,11.0,-0.1538
128053,HOT IN CREAM 120ML,"3125 - SALVE, BALM, CREAM & LIQ MEDICINE",MEDICINE & BABY CARE,1.05,1.0,-0.0476,10.0,3.33,-0.667,1.0,1.0,0.0,40795.0,38620.0,-0.0533,40795.0,38620.0,-0.0533,20.0,10.0,-0.5
311991,HOT IN CREAM TUBE 60G,"3125 - SALVE, BALM, CREAM & LIQ MEDICINE",MEDICINE & BABY CARE,1.03,1.0,-0.0291,18.0,8.33,-0.5372,1.0,1.09,0.09,27411.0,26508.0,-0.0329,27411.0,28894.0,0.0541,36.0,23.0,-0.3611
404817,HOT IN CREAM STRONG TUBE 60G,"3125 - SALVE, BALM, CREAM & LIQ MEDICINE",MEDICINE & BABY CARE,1.0,1.0,0.0,12.5,6.0,-0.52,1.09,1.06,-0.0275,26360.0,27000.0,0.0243,28732.0,28620.0,-0.0039,23.0,17.0,-0.2609
434695,HOT IN GO CREAM 100G,"3125 - SALVE, BALM, CREAM & LIQ MEDICINE",MEDICINE & BABY CARE,1.0,1.22,0.22,9.0,3.0,-0.6667,1.0,1.0,0.0,36550.0,44744.0,0.2242,36550.0,44744.0,0.2242,18.0,9.0,-0.5
407066,MY BABY LOTION TELON PLUS 50G,"3125 - SALVE, BALM, CREAM & LIQ MEDICINE",MEDICINE & BABY CARE,,1.03,,,11.0,,,1.03,,,20091.0,,,20694.0,,,32.0,
419963,NEO RHEUMACYL HOT CRM 100ML,"3125 - SALVE, BALM, CREAM & LIQ MEDICINE",MEDICINE & BABY CARE,1.0,1.29,0.29,9.0,2.33,-0.7411,1.06,1.0,-0.0566,23900.0,37557.0,0.5714,25334.0,37557.0,0.4825,17.0,7.0,-0.5882
417952,SALONPAS JET SPRAY 60ML,"3125 - SALVE, BALM, CREAM & LIQ MEDICINE",MEDICINE & BABY CARE,1.0,1.11,0.11,7.5,3.0,-0.6,1.0,1.0,0.0,48900.0,54367.0,0.1118,48900.0,54367.0,0.1118,15.0,9.0,-0.4
443539,SALONPAS JET SPRAY 118ML (OL),"3125 - SALVE, BALM, CREAM & LIQ MEDICINE",MEDICINE & BABY CARE,1.0,,,0.5,,,1.0,,,74600.0,,,74600.0,,,1.0,,
5345,SALONPAS GEL 30G,"3125 - SALVE, BALM, CREAM & LIQ MEDICINE",MEDICINE & BABY CARE,1.03,1.0,-0.0291,15.5,4.0,-0.7419,1.03,1.0,-0.0291,27245.0,26417.0,-0.0304,28062.0,26417.0,-0.0586,30.0,12.0,-0.6
124177,TIGER BALM MERAH 20G (OL),"3125 - SALVE, BALM, CREAM & LIQ MEDICINE",MEDICINE & BABY CARE,1.0,,,0.5,,,1.0,,,21500.0,,,21500.0,,,1.0,,
124178,TIGER BALM PUTIH 20G (CL)(OL),"3125 - SALVE, BALM, CREAM & LIQ MEDICINE",MEDICINE & BABY CARE,1.0,,,0.5,,,1.0,,,21500.0,,,21500.0,,,1.0,,
448575,TRANSPULMIN BABY 5G,"3125 - SALVE, BALM, CREAM & LIQ MEDICINE",MEDICINE & BABY CARE,1.66,1.0,-0.3976,16.0,1.67,-0.8956,1.07,1.0,-0.0654,49522.0,29900.0,-0.3962,52989.0,29900.0,-0.4357,30.0,5.0,-0.8333
196140,TRESNO JOYO BALSEM TELON 20G,"3125 - SALVE, BALM, CREAM & LIQ MEDICINE",MEDICINE & BABY CARE,1.03,1.09,0.0583,16.5,19.0,0.1515,1.1,1.12,0.0182,12058.0,12502.0,0.0368,13264.0,14002.0,0.0556,30.0,51.0,0.7
310013,VICKS VAPORUB 25G,"3125 - SALVE, BALM, CREAM & LIQ MEDICINE",MEDICINE & BABY CARE,1.04,1.04,0.0,11.5,8.33,-0.2757,1.05,1.0,-0.0476,25983.0,26696.0,0.0274,27282.0,26696.0,-0.0215,22.0,25.0,0.1364
448573,VICKS BABY BALM 20G,"3125 - SALVE, BALM, CREAM & LIQ MEDICINE",MEDICINE & BABY CARE,1.0,1.0,0.0,23.5,2.0,-0.9149,1.04,1.0,-0.0385,26500.0,25733.0,-0.0289,27560.0,25733.0,-0.0663,45.0,6.0,-0.8667
5310,VICKS VAPORUB 10G,"3125 - SALVE, BALM, CREAM & LIQ MEDICINE",MEDICINE & BABY CARE,1.02,1.0,-0.0196,27.0,11.33,-0.5804,1.0,1.1,0.1,9154.0,9850.0,0.076,9154.0,10835.0,0.1836,54.0,31.0,-0.4259
436086,VOLTAREN EMULGEL 20G(OL),"3125 - SALVE, BALM, CREAM & LIQ MEDICINE",MEDICINE & BABY CARE,1.0,,,1.0,,,2.0,,,99000.0,,,198000.0,,,1.0,,
312605,ZAM-BUK MED OINTMENT25G(CL)(OL),"3125 - SALVE, BALM, CREAM & LIQ MEDICINE",MEDICINE & BABY CARE,1.0,1.0,0.0,0.5,1.0,1.0,1.0,1.0,0.0,44900.0,44900.0,0.0,44900.0,44900.0,0.0,1.0,3.0,2.0
406176,88 SALEP KULIT 6G,3127 - FUNGICIDES,MEDICINE & BABY CARE,1.06,1.0,-0.0566,9.0,6.67,-0.2589,1.0,1.0,0.0,18544.0,17520.0,-0.0552,18544.0,17520.0,-0.0552,18.0,20.0,0.1111
244364,KALPANAX CREAM 5G (DB),3127 - FUNGICIDES,MEDICINE & BABY CARE,1.0,1.17,0.17,4.0,6.0,0.5,1.0,1.38,0.38,19750.0,23194.0,0.1744,19750.0,32008.0,0.6207,8.0,13.0,0.625
410731,KALPANAX SALEP 6G,3127 - FUNGICIDES,MEDICINE & BABY CARE,1.0,1.0,0.0,7.0,3.67,-0.4757,1.0,1.1,0.1,14357.0,14209.0,-0.0103,14357.0,15630.0,0.0887,14.0,10.0,-0.2857
400795,PEDITOX 50 ML (OL),3127 - FUNGICIDES,MEDICINE & BABY CARE,1.0,,,1.0,,,1.0,,,10550.0,,,10550.0,,,2.0,,
102329,ANTANGIN JRG SAC 15ML,3131 - TRADITIONAL & CHINESE,MEDICINE & BABY CARE,1.64,1.53,-0.0671,37.5,32.33,-0.1379,1.06,1.07,0.0094,8733.0,7866.0,-0.0993,9257.0,8417.0,-0.0907,71.0,91.0,0.2817
116024,ANTANGIN GINGER MINT SAC 15ML,3131 - TRADITIONAL & CHINESE,MEDICINE & BABY CARE,1.78,1.6,-0.1011,31.5,14.0,-0.5556,1.09,1.0,-0.0826,7832.0,7826.0,-0.0008,8537.0,7826.0,-0.0833,58.0,42.0,-0.2759
126342,ANTANGIN JUNIOR SAC 10ML,3131 - TRADITIONAL & CHINESE,MEDICINE & BABY CARE,2.23,1.95,-0.1256,22.0,27.0,0.2273,1.05,1.04,-0.0095,7186.0,8267.0,0.1504,7545.0,8598.0,0.1396,42.0,78.0,0.8571
134854,ANTANGIN JRG TAB 4S,3131 - TRADITIONAL & CHINESE,MEDICINE & BABY CARE,1.66,1.5,-0.0964,17.5,9.33,-0.4669,1.13,1.12,-0.0088,8594.0,7696.0,-0.1045,9711.0,8620.0,-0.1123,31.0,25.0,-0.1935
403967,ANTANGIN JRG 5X15ML,3131 - TRADITIONAL & CHINESE,MEDICINE & BABY CARE,1.04,1.05,0.0096,35.5,24.33,-0.3146,1.08,1.07,-0.0093,21886.0,22573.0,0.0314,23637.0,24153.0,0.0218,66.0,68.0,0.0303
427676,ANTANGIN HABATUSAUDA BOX 5X15ML,3131 - TRADITIONAL & CHINESE,MEDICINE & BABY CARE,1.0,1.07,0.07,11.0,14.0,0.2727,1.1,1.05,-0.0455,21718.0,23255.0,0.0708,23890.0,24418.0,0.0221,20.0,40.0,1.0
434931,ANTANGIN JUNIOR 5S (OL),3131 - TRADITIONAL & CHINESE,MEDICINE & BABY CARE,1.33,,,1.5,,,1.0,,,16667.0,,,16667.0,,,3.0,,
434932,ANTANGIN GOOD NIGHT 4S (OL),3131 - TRADITIONAL & CHINESE,MEDICINE & BABY CARE,1.0,,,0.5,,,1.0,,,6300.0,,,6300.0,,,1.0,,
122492,BEJO JAHE MERAH 15ML,3131 - TRADITIONAL & CHINESE,MEDICINE & BABY CARE,3.67,2.45,-0.3324,53.5,40.0,-0.2523,1.24,1.1,-0.1129,14459.0,9555.0,-0.3392,17929.0,10510.0,-0.4138,86.0,109.0,0.2674
413435,BEJO JAHE MERAH 6X15 ML,3131 - TRADITIONAL & CHINESE,MEDICINE & BABY CARE,1.11,1.21,0.0901,23.0,26.0,0.1304,1.05,1.37,0.3048,26570.0,27141.0,0.0215,27898.0,37183.0,0.3328,44.0,57.0,0.2955
442236,FOUR SEASON MDC OIL WNT20ML(OL),3131 - TRADITIONAL & CHINESE,MEDICINE & BABY CARE,1.0,,,0.5,,,1.0,,,26400.0,,,26400.0,,,1.0,,
117094,FRESH CARE M.ANGIN ORI 10ML,3131 - TRADITIONAL & CHINESE,MEDICINE & BABY CARE,1.07,1.11,0.0374,22.5,6.0,-0.7333,1.02,1.0,-0.0196,17773.0,18694.0,0.0518,18128.0,18694.0,0.0312,44.0,18.0,-0.5909
119426,FRESH CARE M.ANGIN S.FRUITY10ML,3131 - TRADITIONAL & CHINESE,MEDICINE & BABY CARE,1.05,1.0,-0.0476,9.5,3.67,-0.6137,1.06,1.0,-0.0566,17758.0,16936.0,-0.0463,18823.0,16936.0,-0.1002,18.0,11.0,-0.3889
122262,FRESH CARE M.ANGIN STRONG 10ML,3131 - TRADITIONAL & CHINESE,MEDICINE & BABY CARE,1.06,1.06,0.0,35.0,18.0,-0.4857,1.08,1.02,-0.0556,18109.0,17709.0,-0.0221,19558.0,18063.0,-0.0764,65.0,53.0,-0.1846
310142,FRESH CARE LAVENDER 10ML,3131 - TRADITIONAL & CHINESE,MEDICINE & BABY CARE,1.02,1.0,-0.0196,22.5,5.67,-0.748,1.05,1.0,-0.0476,16873.0,16700.0,-0.0103,17717.0,16700.0,-0.0574,43.0,17.0,-0.6047
417551,FRESH CARE PRESS&RLX STRONG10ML,3131 - TRADITIONAL & CHINESE,MEDICINE & BABY CARE,1.0,1.0,0.0,16.0,3.0,-0.8125,1.1,1.0,-0.0909,16912.0,16956.0,0.0026,18603.0,16956.0,-0.0885,29.0,9.0,-0.6897
425962,FRESH CARE PRES&RELAX K.PTH10ML,3131 - TRADITIONAL & CHINESE,MEDICINE & BABY CARE,1.0,1.0,0.0,8.5,0.33,-0.9612,1.06,1.0,-0.0566,16894.0,16900.0,0.0004,17908.0,16900.0,-0.0563,16.0,1.0,-0.9375
439689,FRESH CARE SMASH 8ML,3131 - TRADITIONAL & CHINESE,MEDICINE & BABY CARE,1.06,1.0,-0.0566,17.5,7.33,-0.5811,1.03,1.0,-0.0291,17466.0,16682.0,-0.0449,17990.0,16682.0,-0.0727,34.0,22.0,-0.3529
443685,FRESH CARE SMASH MATCHA 8ML,3131 - TRADITIONAL & CHINESE,MEDICINE & BABY CARE,1.03,1.03,0.0,60.5,22.33,-0.6309,1.01,1.0,-0.0099,17117.0,17225.0,0.0063,17288.0,17225.0,-0.0036,120.0,67.0,-0.4417
446338,FRESH CARE M.ANGIN STRONG 15+5M,3131 - TRADITIONAL & CHINESE,MEDICINE & BABY CARE,1.09,1.14,0.0459,21.5,23.0,0.0698,1.16,1.13,-0.0259,23528.0,25283.0,0.0746,27292.0,28570.0,0.0468,37.0,61.0,0.6486
451262,FRESH CARE SMASH FRUITY 8ML,3131 - TRADITIONAL & CHINESE,MEDICINE & BABY CARE,,1.02,,,18.0,,,1.04,,,16850.0,,,17524.0,,,52.0,
438257,BEBIO NAT ESS OIL C&F BABY 9ML,3131 - TRADITIONAL & CHINESE,MEDICINE & BABY CARE,1.0,1.0,0.0,7.5,3.0,-0.6,1.0,1.0,0.0,28900.0,28922.0,0.0008,28900.0,28922.0,0.0008,15.0,9.0,-0.4
442237,GOLDEN PERMEN JERUK 12S(OL),3131 - TRADITIONAL & CHINESE,MEDICINE & BABY CARE,1.0,,,0.5,,,1.0,,,23100.0,,,23100.0,,,1.0,,
105076,GPU MINYAK URUT SEREH 60ML,3131 - TRADITIONAL & CHINESE,MEDICINE & BABY CARE,1.0,1.0,0.0,4.0,5.67,0.4175,1.0,1.42,0.42,24412.0,24265.0,-0.006,24412.0,34456.0,0.4114,8.0,12.0,0.5
109258,GPU MINYAK URUT SEREH 30ML,3131 - TRADITIONAL & CHINESE,MEDICINE & BABY CARE,1.03,1.03,0.0,15.0,9.67,-0.3553,1.03,1.04,0.0097,15773.0,15559.0,-0.0136,16246.0,16181.0,-0.004,29.0,28.0,-0.0345
434696,MINYAK HERB WAHID HBTSAUDA100ML,3131 - TRADITIONAL & CHINESE,MEDICINE & BABY CARE,1.0,1.0,0.0,6.5,3.33,-0.4877,1.08,1.11,0.0278,25900.0,25920.0,0.0008,27972.0,28771.0,0.0286,12.0,9.0,-0.25
102511,KAPAK M.ANGIN 10ML,3131 - TRADITIONAL & CHINESE,MEDICINE & BABY CARE,1.0,1.0,0.0,4.0,3.33,-0.1675,1.0,1.0,0.0,25638.0,25510.0,-0.005,25638.0,25510.0,-0.005,8.0,10.0,0.25
310024,KAPAK M.ANGIN 28ML,3131 - TRADITIONAL & CHINESE,MEDICINE & BABY CARE,1.0,1.0,0.0,4.5,1.33,-0.7044,1.0,1.33,0.33,55344.0,55025.0,-0.0058,55344.0,73183.0,0.3223,9.0,3.0,-0.6667
310001,KULDON SARIAWAN TABLET 4S (OL),3131 - TRADITIONAL & CHINESE,MEDICINE & BABY CARE,2.5,,,1.0,,,1.0,,,7500.0,,,7500.0,,,2.0,,
114071,LANG INHALER,3131 - TRADITIONAL & CHINESE,MEDICINE & BABY CARE,1.0,1.07,0.07,10.5,5.0,-0.5238,1.05,1.0,-0.0476,11038.0,11860.0,0.0745,11590.0,11860.0,0.0233,20.0,15.0,-0.25
265336,MEDICATED OIL 12ML,3131 - TRADITIONAL & CHINESE,MEDICINE & BABY CARE,1.0,1.0,0.0,6.0,1.33,-0.7783,1.09,1.0,-0.0826,23942.0,23150.0,-0.0331,26097.0,23150.0,-0.1129,11.0,4.0,-0.6364
441399,MEDICATED OIL WINTER 12ML,3131 - TRADITIONAL & CHINESE,MEDICINE & BABY CARE,1.03,1.33,0.2913,17.5,1.0,-0.9429,1.06,1.0,-0.0566,21883.0,27700.0,0.2658,23196.0,27700.0,0.1942,33.0,3.0,-0.9091
437039,MINYAK TAWON 912 50ML,3131 - TRADITIONAL & CHINESE,MEDICINE & BABY CARE,1.05,1.0,-0.0476,10.0,4.67,-0.533,1.0,1.08,0.08,31055.0,29714.0,-0.0432,31055.0,32091.0,0.0334,20.0,13.0,-0.35
448019,MIXAGRIP HERBAL GREGES 6X15ML,3131 - TRADITIONAL & CHINESE,MEDICINE & BABY CARE,1.13,1.21,0.0708,41.0,8.0,-0.8049,1.17,1.2,0.0256,24384.0,25979.0,0.0654,28529.0,31175.0,0.0927,70.0,20.0,-0.7143
151399,PIL CHI KIT TECK AUN 2.25G (OL),3131 - TRADITIONAL & CHINESE,MEDICINE & BABY CARE,24.0,,,0.5,,,1.0,,,91200.0,,,91200.0,,,1.0,,
412458,PLOSSA PANASIN 10ML,3131 - TRADITIONAL & CHINESE,MEDICINE & BABY CARE,1.0,,,0.5,,,1.0,,,17500.0,,,17500.0,,,1.0,,
412459,PLOSSA EUCALYPTUS 10ML,3131 - TRADITIONAL & CHINESE,MEDICINE & BABY CARE,1.01,1.04,0.0297,34.0,8.0,-0.7647,1.08,1.09,0.0093,17518.0,17671.0,0.0087,18919.0,19261.0,0.0181,63.0,22.0,-0.6508
412603,PLOSSA BLUEMOUNTAIN 10ML,3131 - TRADITIONAL & CHINESE,MEDICINE & BABY CARE,,1.0,,,5.0,,,1.0,,,16900.0,,,16900.0,,,15.0,
432377,PLOSSA CITRUS HERBAL 10ML,3131 - TRADITIONAL & CHINESE,MEDICINE & BABY CARE,1.0,1.0,0.0,19.0,3.67,-0.8068,1.09,1.0,-0.0826,16911.0,16936.0,0.0015,18433.0,16936.0,-0.0812,35.0,11.0,-0.6857
440065,PLOSSA MINI CITRUS REF 4ML,3131 - TRADITIONAL & CHINESE,MEDICINE & BABY CARE,1.0,,,1.5,,,1.0,,,7900.0,,,7900.0,,,3.0,,
440066,PLOSSA MINI PANASIN REF 4ML,3131 - TRADITIONAL & CHINESE,MEDICINE & BABY CARE,1.0,,,0.5,,,1.0,,,7900.0,,,7900.0,,,1.0,,
109756,RAPET WANGI BLISTER 10S (OL),3131 - TRADITIONAL & CHINESE,MEDICINE & BABY CARE,1.33,,,1.5,,,1.0,,,18000.0,,,18000.0,,,3.0,,
119468,SAFE CARE M.ANGIN ORI 10ML,3131 - TRADITIONAL & CHINESE,MEDICINE & BABY CARE,1.14,1.1,-0.0351,18.0,6.67,-0.6294,1.03,1.0,-0.0291,25697.0,24940.0,-0.0295,26468.0,24940.0,-0.0577,35.0,20.0,-0.4286
417557,SAFE CARE M.ANGIN STRONG 10ML,3131 - TRADITIONAL & CHINESE,MEDICINE & BABY CARE,1.0,1.0,0.0,4.0,1.67,-0.5825,1.0,1.0,0.0,21625.0,22900.0,0.059,21625.0,22900.0,0.059,8.0,5.0,-0.375
431835,SANJIN WATERMELON FRS LZGS (OL),3131 - TRADITIONAL & CHINESE,MEDICINE & BABY CARE,1.0,,,0.5,,,1.0,,,17900.0,,,17900.0,,,1.0,,
431836,SANJIN WATERMELON INSFLTNS (OL),3131 - TRADITIONAL & CHINESE,MEDICINE & BABY CARE,1.0,,,0.5,,,1.0,,,34900.0,,,34900.0,,,1.0,,
110156,SIDOMUNCUL T.ANGIN SAC 15ML,3131 - TRADITIONAL & CHINESE,MEDICINE & BABY CARE,1.57,1.64,0.0446,134.5,80.67,-0.4002,1.06,1.11,0.0472,9606.0,10312.0,0.0735,10182.0,11446.0,0.1241,254.0,219.0,-0.1378
116585,SIDOMUNCUL T.ANGIN ANK SAC10ML,3131 - TRADITIONAL & CHINESE,MEDICINE & BABY CARE,2.51,2.43,-0.0319,45.5,18.67,-0.5897,1.12,1.04,-0.0714,12009.0,11534.0,-0.0396,13450.0,11995.0,-0.1082,81.0,54.0,-0.3333
124502,SIDOMUNCUL T.ANGIN 5X15ML,3131 - TRADITIONAL & CHINESE,MEDICINE & BABY CARE,1.16,1.07,-0.0776,198.5,69.33,-0.6507,1.15,1.14,-0.0087,27714.0,25945.0,-0.0638,31871.0,29577.0,-0.072,345.0,183.0,-0.4696
312603,SIDOMUNCUL T.A SGR FREE 5X15ML,3131 - TRADITIONAL & CHINESE,MEDICINE & BABY CARE,1.08,1.14,0.0556,26.0,14.33,-0.4488,1.02,1.05,0.0294,28988.0,31012.0,0.0698,29568.0,32563.0,0.1013,51.0,41.0,-0.1961
312604,SIDOMUNCUL T.ANGIN CR R.ON 10ML,3131 - TRADITIONAL & CHINESE,MEDICINE & BABY CARE,1.11,1.5,0.3514,4.5,2.0,-0.5556,1.29,1.0,-0.2248,20633.0,27750.0,0.3449,26617.0,27750.0,0.0426,7.0,6.0,-0.1429
312606,SIDOMUNCUL T.LINU HERBL SAC15ML,3131 - TRADITIONAL & CHINESE,MEDICINE & BABY CARE,2.02,1.8,-0.1089,43.5,14.67,-0.6628,1.1,1.19,0.0818,8948.0,8134.0,-0.091,9843.0,9679.0,-0.0167,79.0,37.0,-0.5316
410632,SIDOMUNCUL T.ANGIN FLU 5X15ML,3131 - TRADITIONAL & CHINESE,MEDICINE & BABY CARE,1.11,1.24,0.1171,31.5,7.0,-0.7778,1.09,1.11,0.0183,28279.0,31652.0,0.1193,30824.0,35134.0,0.1398,58.0,19.0,-0.6724
443131,SO FRESH M. ANGIN HOT 10MLX2S,3131 - TRADITIONAL & CHINESE,MEDICINE & BABY CARE,1.16,1.04,-0.1034,28.5,15.0,-0.4737,1.19,1.02,-0.1429,17368.0,16364.0,-0.0578,20668.0,16691.0,-0.1924,48.0,44.0,-0.0833
443132,SO FRESH M. ANGIN EUCA 10MLX2S,3131 - TRADITIONAL & CHINESE,MEDICINE & BABY CARE,1.13,1.0,-0.115,22.5,12.67,-0.4369,1.25,1.12,-0.104,17000.0,15047.0,-0.1149,21250.0,16853.0,-0.2069,36.0,34.0,-0.0556
452135,SO FRESH M. ANGIN CITRUS 10MLX2,3131 - TRADITIONAL & CHINESE,MEDICINE & BABY CARE,,1.0,,,8.33,,,1.09,,,15000.0,,,16350.0,,,23.0,
433463,TJ MASUK ANGIN 140G,3131 - TRADITIONAL & CHINESE,MEDICINE & BABY CARE,1.0,1.0,0.0,2.5,2.33,-0.068,1.0,1.0,0.0,26620.0,29414.0,0.105,26620.0,29414.0,0.105,5.0,7.0,0.4
119722,VFRESH M.ANGIN ORI 8ML,3131 - TRADITIONAL & CHINESE,MEDICINE & BABY CARE,1.08,1.0,-0.0741,6.5,3.67,-0.4354,1.0,1.0,0.0,16769.0,15227.0,-0.092,16769.0,15227.0,-0.092,13.0,11.0,-0.1538
124190,VFRESH M.ANGIN ARMTRAPY LVN 8ML,3131 - TRADITIONAL & CHINESE,MEDICINE & BABY CARE,1.0,1.0,0.0,7.5,3.33,-0.556,1.0,1.0,0.0,15547.0,15200.0,-0.0223,15547.0,15200.0,-0.0223,15.0,10.0,-0.3333
310056,VFRESH M.ANGIN HOT 8ML,3131 - TRADITIONAL & CHINESE,MEDICINE & BABY CARE,1.0,1.17,0.17,11.5,6.0,-0.4783,1.05,1.0,-0.0476,15800.0,17806.0,0.127,16590.0,17806.0,0.0733,22.0,18.0,-0.1818
415840,VICKS INHALER KEYCHAIN 0.5ML,3131 - TRADITIONAL & CHINESE,MEDICINE & BABY CARE,1.03,1.05,0.0194,31.5,12.33,-0.6086,1.09,1.03,-0.055,21379.0,23181.0,0.0843,23303.0,23876.0,0.0246,58.0,36.0,-0.3793
435469,VICKS INHALER TWINPACK 2X0.5ML,3131 - TRADITIONAL & CHINESE,MEDICINE & BABY CARE,1.0,,,1.0,,,1.0,,,35300.0,,,35300.0,,,2.0,,
437020,ALFAMART MINYAK TELON PLUS 60ML,3132 - TELON OIL,MEDICINE & BABY CARE,1.0,,,1.5,,,1.0,,,11900.0,,,11900.0,,,3.0,,
448402,BEBIO M.TELON PLUS 60ML,3132 - TELON OIL,MEDICINE & BABY CARE,1.06,1.0,-0.0566,23.5,8.0,-0.6596,1.07,1.0,-0.0654,22872.0,21500.0,-0.06,24473.0,21500.0,-0.1215,44.0,24.0,-0.4545
100850,LANG M.TELON 60ML,3132 - TELON OIL,MEDICINE & BABY CARE,1.0,1.0,0.0,12.5,11.33,-0.0936,1.09,1.06,-0.0275,27108.0,25132.0,-0.0729,29548.0,26640.0,-0.0984,23.0,32.0,0.3913
128168,LANG M.TELON PLUS 60ML,3132 - TELON OIL,MEDICINE & BABY CARE,1.15,1.0,-0.1304,16.5,8.67,-0.4745,1.06,1.04,-0.0189,28903.0,25188.0,-0.1285,30637.0,26196.0,-0.145,31.0,25.0,-0.1935
312043,LANG M.TELON PLUS 150ML,3132 - TELON OIL,MEDICINE & BABY CARE,1.15,1.23,0.0696,13.0,4.33,-0.6669,1.08,1.08,0.0,61315.0,65385.0,0.0664,66220.0,70616.0,0.0664,24.0,12.0,-0.5
433294,CAPLANG TELON LANG 150ML,3132 - TELON OIL,MEDICINE & BABY CARE,1.11,1.07,-0.036,9.5,4.67,-0.5084,1.0,1.08,0.08,58716.0,56950.0,-0.0301,58716.0,61506.0,0.0475,19.0,13.0,-0.3158
441921,CUSSONS B.TELON PLUS 150ML,3132 - TELON OIL,MEDICINE & BABY CARE,1.03,1.04,0.0097,19.0,8.67,-0.5437,1.03,1.04,0.0097,36845.0,37281.0,0.0118,37950.0,38772.0,0.0217,37.0,25.0,-0.3243
441922,CUSSONS BABY M.TELON PLUS 60ML,3132 - TELON OIL,MEDICINE & BABY CARE,1.03,1.04,0.0097,32.0,16.0,-0.5,1.05,1.14,0.0857,18050.0,18229.0,0.0099,18952.0,20781.0,0.0965,61.0,42.0,-0.3115
178771,GAJAH M.TELON PLUS 60ML,3132 - TELON OIL,MEDICINE & BABY CARE,1.0,1.0,0.0,1.0,1.67,0.67,1.0,1.0,0.0,24900.0,25380.0,0.0193,24900.0,25380.0,0.0193,2.0,5.0,1.5
128052,HUKI MINYAK TELON 125ML( OL),3132 - TELON OIL,MEDICINE & BABY CARE,1.0,,,0.5,,,1.0,,,36000.0,,,36000.0,,,1.0,,
119879,KONICARE M.TELON PLUS LAV 60ML,3132 - TELON OIL,MEDICINE & BABY CARE,1.03,1.0,-0.0291,15.0,3.33,-0.778,1.07,1.11,0.0374,30183.0,29500.0,-0.0226,32296.0,32745.0,0.0139,28.0,9.0,-0.6786
128652,KONICARE M.TELON PLUS LAV 125ML,3132 - TELON OIL,MEDICINE & BABY CARE,1.0,1.06,0.06,5.0,5.33,0.066,1.0,1.0,0.0,56610.0,59800.0,0.0564,56610.0,59800.0,0.0564,10.0,16.0,0.6
5467,KONICARE M.TELON 60ML,3132 - TELON OIL,MEDICINE & BABY CARE,1.13,1.0,-0.115,15.5,8.0,-0.4839,1.24,1.09,-0.121,27348.0,24358.0,-0.1093,33912.0,26550.0,-0.2171,25.0,22.0,-0.12
125000,MY BABY M.TELON PLUS 90ML,3132 - TELON OIL,MEDICINE & BABY CARE,1.05,1.01,-0.0381,89.5,57.67,-0.3556,1.12,1.09,-0.0268,25837.0,24792.0,-0.0404,28937.0,27023.0,-0.0661,160.0,159.0,-0.0062
238285,MY BABY M.TELON PLUS 60ML,3132 - TELON OIL,MEDICINE & BABY CARE,1.1,1.01,-0.0818,158.0,38.67,-0.7553,1.08,1.05,-0.0278,19985.0,18372.0,-0.0807,21584.0,19291.0,-0.1062,292.0,111.0,-0.6199
310148,MY BABY M.TELON PLUS 150ML,3132 - TELON OIL,MEDICINE & BABY CARE,1.08,1.03,-0.0463,166.5,40.0,-0.7598,1.13,1.07,-0.0531,41408.0,40022.0,-0.0335,46791.0,42824.0,-0.0848,295.0,112.0,-0.6203
401046,MY BABY M.TELON PLUS L.PRO 60ML,3132 - TELON OIL,MEDICINE & BABY CARE,1.0,1.0,0.0,7.0,20.67,1.9529,1.0,1.02,0.02,20300.0,20300.0,0.0,20300.0,20706.0,0.02,14.0,61.0,3.3571
404531,MY BABY M.TELON PLUS L.PRO 90ML,3132 - TELON OIL,MEDICINE & BABY CARE,1.11,1.03,-0.0721,22.0,12.67,-0.4241,1.07,1.03,-0.0374,29957.0,27608.0,-0.0784,32054.0,28436.0,-0.1129,41.0,37.0,-0.0976
425556,MY BABY N.TLN PLUS PRO150ML(OL),3132 - TELON OIL,MEDICINE & BABY CARE,1.5,,,6.0,,,1.33,,,57900.0,,,77007.0,,,9.0,,
431419,MY BABY TELON LAVENDER 90ML,3132 - TELON OIL,MEDICINE & BABY CARE,1.03,1.03,0.0,14.5,21.0,0.4483,1.12,1.11,-0.0089,25448.0,25381.0,-0.0026,28502.0,28173.0,-0.0115,26.0,57.0,1.1923
434247,MY BABY M.TELON PLUS LAV 60ML,3132 - TELON OIL,MEDICINE & BABY CARE,1.09,1.0,-0.0826,50.0,15.33,-0.6934,1.03,1.0,-0.0291,19844.0,18200.0,-0.0828,20439.0,18200.0,-0.1095,97.0,46.0,-0.5258
434248,MY BABY M.TELON PLUS LAV 150ML,3132 - TELON OIL,MEDICINE & BABY CARE,1.03,1.02,-0.0097,37.0,15.33,-0.5857,1.16,1.12,-0.0345,39438.0,39246.0,-0.0049,45748.0,43956.0,-0.0392,64.0,41.0,-0.3594
164164,TRESNO JOYO M.TELON 100ML,3132 - TELON OIL,MEDICINE & BABY CARE,1.0,1.07,0.07,9.0,9.67,0.0744,1.12,1.04,-0.0714,29828.0,32024.0,0.0736,33407.0,33305.0,-0.0031,16.0,28.0,0.75
421855,TRESNO JOYO M.TLN HRB PLS 100ML,3132 - TELON OIL,MEDICINE & BABY CARE,1.0,,,7.5,,,1.0,,,30367.0,,,30367.0,,,15.0,,
126054,ZWITSAL M.TELON 100ML,3132 - TELON OIL,MEDICINE & BABY CARE,1.0,1.33,0.33,3.5,1.0,-0.7143,1.0,1.0,0.0,44471.0,47567.0,0.0696,44471.0,47567.0,0.0696,7.0,3.0,-0.5714
119720,LANG M.EUCLYPTS ORI 60ML,3133 - CAJUPUTI OIL,MEDICINE & BABY CARE,1.1,1.07,-0.0273,30.0,9.0,-0.7,1.2,1.08,-0.1,34160.0,33956.0,-0.006,40992.0,36672.0,-0.1054,50.0,25.0,-0.5
119721,LANG M K.PTH EUCLYPTS120ML (OL),3133 - CAJUPUTI OIL,MEDICINE & BABY CARE,1.57,,,3.5,,,1.17,,,89500.0,,,104715.0,,,6.0,,
310017,LANG M KAYU PUTIH FS 210ML (OL),3133 - CAJUPUTI OIL,MEDICINE & BABY CARE,1.57,,,3.5,,,1.4,,,140486.0,,,196680.0,,,5.0,,
312368,LANG M.EUCLYPTS LAVENDER 60ML,3133 - CAJUPUTI OIL,MEDICINE & BABY CARE,1.11,1.11,0.0,30.5,15.67,-0.4862,1.07,1.07,0.0,34610.0,34860.0,0.0072,37033.0,37300.0,0.0072,57.0,44.0,-0.2281
312369,LANG M.EUCLYPTS ROSE 60ML,3133 - CAJUPUTI OIL,MEDICINE & BABY CARE,1.0,,,1.5,,,1.0,,,30567.0,,,30567.0,,,3.0,,
312579,LANG M.EUCLYPTS LAVENDER 30ML,3133 - CAJUPUTI OIL,MEDICINE & BABY CARE,1.0,1.0,0.0,24.5,8.33,-0.66,1.02,1.04,0.0196,16010.0,15924.0,-0.0054,16330.0,16561.0,0.0141,48.0,24.0,-0.5
405727,LANG M.KAYU PUTIH PLUS 60ML,3133 - CAJUPUTI OIL,MEDICINE & BABY CARE,1.0,1.0,0.0,12.5,5.0,-0.6,1.09,1.07,-0.0183,32736.0,30587.0,-0.0656,35682.0,32728.0,-0.0828,23.0,14.0,-0.3913
406076,LANG M.KAYU PUTIH PLUS 120ML,3133 - CAJUPUTI OIL,MEDICINE & BABY CARE,1.1,1.0,-0.0909,5.0,2.33,-0.534,1.0,1.0,0.0,72200.0,65543.0,-0.0922,72200.0,65543.0,-0.0922,10.0,7.0,-0.3
410635,LANG M. KAYU PUTIH PLUS 30ML,3133 - CAJUPUTI OIL,MEDICINE & BABY CARE,1.04,1.0,-0.0385,24.0,8.67,-0.6388,1.0,1.08,0.08,16744.0,16023.0,-0.0431,16744.0,17305.0,0.0335,48.0,24.0,-0.5
448175,LANG M. KAYU PUTIH ROLL ON 15ML,3133 - CAJUPUTI OIL,MEDICINE & BABY CARE,1.15,1.19,0.0348,88.5,33.33,-0.6234,1.09,1.02,-0.0642,11410.0,11808.0,0.0349,12437.0,12044.0,-0.0316,163.0,98.0,-0.3988
5328,LANG M.KAYU PUTIH 30ML,3133 - CAJUPUTI OIL,MEDICINE & BABY CARE,1.05,1.56,0.4857,118.0,26.67,-0.774,1.11,1.01,-0.0901,16372.0,24341.0,0.4867,18173.0,24584.0,0.3528,212.0,79.0,-0.6274
5329,LANG M.KAYU PUTIH 60ML,3133 - CAJUPUTI OIL,MEDICINE & BABY CARE,1.03,1.32,0.2816,71.5,41.33,-0.422,1.1,1.09,-0.0091,28803.0,37352.0,0.2968,31683.0,40714.0,0.285,130.0,114.0,-0.1231
5330,LANG M.KAYU PUTIH 120ML,3133 - CAJUPUTI OIL,MEDICINE & BABY CARE,1.04,1.15,0.1058,35.5,15.67,-0.5586,1.06,1.02,-0.0377,57514.0,63464.0,0.1035,60965.0,64733.0,0.0618,67.0,46.0,-0.3134
415079,FRESH CARE M.KAYU PUTIH 10ML,3133 - CAJUPUTI OIL,MEDICINE & BABY CARE,1.04,1.0,-0.0385,11.5,2.33,-0.7974,1.1,1.0,-0.0909,17609.0,16900.0,-0.0403,19370.0,16900.0,-0.1275,21.0,7.0,-0.6667
116072,GAJAH M.KAYU PUTIH PLUS 30ML,3133 - CAJUPUTI OIL,MEDICINE & BABY CARE,1.0,,,0.5,,,1.0,,,17000.0,,,17000.0,,,1.0,,
162726,GAJAH M.KAYU PUTIH PLUS 60ML,3133 - CAJUPUTI OIL,MEDICINE & BABY CARE,1.0,1.0,0.0,2.5,1.33,-0.468,1.0,1.0,0.0,29020.0,28975.0,-0.0016,29020.0,28975.0,-0.0016,5.0,4.0,-0.2
422839,MY BABY KIDS M.KAYU PTH 60ML,3133 - CAJUPUTI OIL,MEDICINE & BABY CARE,1.13,1.05,-0.0708,31.0,14.0,-0.5484,1.32,1.17,-0.1136,25031.0,23571.0,-0.0583,33041.0,27578.0,-0.1653,47.0,36.0,-0.234
434890,MY BABY KIDS M.KY PUT 150ML(OL),3133 - CAJUPUTI OIL,MEDICINE & BABY CARE,1.88,,,4.0,,,1.33,,,78375.0,,,104239.0,,,6.0,,
110212,ALSHIFA MADU 250G,3141 - HONEY,MEDICINE & BABY CARE,1.0,,,2.0,,,1.0,,,68650.0,,,68650.0,,,4.0,,
51615,FLORA MADU HUTAN TROP 350ML,3141 - HONEY,MEDICINE & BABY CARE,1.0,1.0,0.0,4.0,2.33,-0.4175,1.0,1.17,0.17,59850.0,59829.0,-0.0004,59850.0,70000.0,0.1696,8.0,6.0,-0.25
427421,MADU ENAK MANUKA 250G,3141 - HONEY,MEDICINE & BABY CARE,1.0,,,0.5,,,1.0,,,58500.0,,,58500.0,,,1.0,,
431031,MADU ENAK SACH ORIGINAL12S (OL),3141 - HONEY,MEDICINE & BABY CARE,1.0,,,0.5,,,1.0,,,11000.0,,,11000.0,,,1.0,,
122935,TRESNO JOYO MADU MURNI 150G,3141 - HONEY,MEDICINE & BABY CARE,1.04,1.02,-0.0192,26.0,14.67,-0.4358,1.0,1.0,0.0,28025.0,29141.0,0.0398,28025.0,29141.0,0.0398,52.0,44.0,-0.1538
310020,TRESNO JOYO MADU KURMA 150G,3141 - HONEY,MEDICINE & BABY CARE,1.0,1.0,0.0,5.0,2.33,-0.534,1.11,1.0,-0.0991,26820.0,28357.0,0.0573,29770.0,28357.0,-0.0475,9.0,7.0,-0.2222
407650,TRESNO JOYO MADU PANAS DLM 150G,3141 - HONEY,MEDICINE & BABY CARE,1.07,1.0,-0.0654,7.0,2.67,-0.6186,1.08,1.0,-0.0741,32043.0,33175.0,0.0353,34606.0,33175.0,-0.0414,13.0,8.0,-0.3846
410495,TRESNO JOYO SARI KURMA 250ML,3141 - HONEY,MEDICINE & BABY CARE,1.0,1.0,0.0,6.5,3.33,-0.4877,1.0,1.67,0.67,26800.0,28380.0,0.059,26800.0,47395.0,0.7685,13.0,6.0,-0.5385
413097,TRESNO JOYO MADU LEMON 150G,3141 - HONEY,MEDICINE & BABY CARE,1.0,1.0,0.0,17.5,2.67,-0.8474,1.0,1.0,0.0,26517.0,29463.0,0.1111,26517.0,29463.0,0.1111,35.0,8.0,-0.7714
422890,TRESNO JOYO MADU TJ JAHE M150G,3141 - HONEY,MEDICINE & BABY CARE,1.0,1.11,0.11,1.5,3.0,1.0,1.0,1.5,0.5,29900.0,35000.0,0.1706,29900.0,52500.0,0.7559,3.0,6.0,1.0
427459,TRESNO JOYO MADU HITAM 250ML,3141 - HONEY,MEDICINE & BABY CARE,1.0,,,2.5,,,1.0,,,41900.0,,,41900.0,,,5.0,,
432303,MADU TJ MURNI 500G,3141 - HONEY,MEDICINE & BABY CARE,1.0,1.0,0.0,4.0,2.33,-0.4175,1.0,1.0,0.0,74125.0,77900.0,0.0509,74125.0,77900.0,0.0509,8.0,7.0,-0.125
466027,URAY MADU NATURAL 150G,3141 - HONEY,MEDICINE & BABY CARE,,1.06,,,6.0,,,1.0,,,27972.0,,,27972.0,,,18.0,
115767,MADURASA MURNI 150G/160G,3141 - HONEY,MEDICINE & BABY CARE,1.0,1.09,0.09,25.5,3.67,-0.8561,1.04,1.0,-0.0385,22686.0,26391.0,0.1633,23593.0,26391.0,0.1186,49.0,11.0,-0.7755
310120,MADURASA MURNI BTL 910G(OL),3141 - HONEY,MEDICINE & BABY CARE,1.0,,,1.0,,,1.0,,,117500.0,,,117500.0,,,2.0,,
3672,MADURASA JERUK NIPIS SAC12S(OL),3141 - HONEY,MEDICINE & BABY CARE,3.0,,,0.5,,,1.0,,,34500.0,,,34500.0,,,1.0,,
404870,MADURASA ORIGINAL 150G,3141 - HONEY,MEDICINE & BABY CARE,1.02,1.0,-0.0196,22.0,8.0,-0.6364,1.02,1.04,0.0196,17848.0,17621.0,-0.0127,18205.0,18326.0,0.0066,43.0,23.0,-0.4651
439757,MADURASA ORI BOX 12SX20G,3141 - HONEY,MEDICINE & BABY CARE,1.0,1.03,0.03,24.0,10.67,-0.5554,1.2,1.07,-0.1083,13000.0,13484.0,0.0372,15600.0,14428.0,-0.0751,40.0,30.0,-0.25
63518,NUSANTARA MADU MURNI 250ML,3141 - HONEY,MEDICINE & BABY CARE,1.0,1.0,0.0,3.0,3.67,0.2233,1.0,1.1,0.1,71033.0,71055.0,0.0003,71033.0,78160.0,0.1003,6.0,10.0,0.6667
63520,NUSANTARA MADU SUPER 250ML,3141 - HONEY,MEDICINE & BABY CARE,1.43,1.2,-0.1608,3.5,3.33,-0.0486,1.0,1.11,0.11,124057.0,103920.0,-0.1623,124057.0,115351.0,-0.0702,7.0,9.0,0.2857
9183,CALADINE POWDER 100G,3258 - TALCUM POWDER,MEDICINE & BABY CARE,1.03,1.07,0.0388,15.5,5.0,-0.6774,1.0,1.07,0.07,25613.0,27600.0,0.0776,25613.0,29532.0,0.153,31.0,14.0,-0.5484
404359,HEROCYN BEDAK OBAT 85G,3258 - TALCUM POWDER,MEDICINE & BABY CARE,1.05,1.0,-0.0476,10.0,3.33,-0.667,1.11,1.0,-0.0991,18035.0,17460.0,-0.0319,20019.0,17460.0,-0.1278,18.0,10.0,-0.4444
429366,ALFA WIPES DISNEY H&MTH20S,3313 - WET TISSUE,MEDICINE & BABY CARE,1.14,1.24,0.0877,28.5,20.67,-0.2747,1.0,1.07,0.07,7567.0,7806.0,0.0316,7567.0,8352.0,0.1037,57.0,58.0,0.0175
442078,ALFA WIPES DISNEY BABY 20S,3313 - WET TISSUE,MEDICINE & BABY CARE,1.27,1.09,-0.1417,22.0,15.0,-0.3182,1.0,1.02,0.02,7755.0,7400.0,-0.0458,7755.0,7548.0,-0.0267,44.0,44.0,0.0
445826,ALFA TISSUE BASAH BAMBU 20S,3313 - WET TISSUE,MEDICINE & BABY CARE,1.03,1.24,0.2039,14.5,11.0,-0.2414,1.0,1.0,0.0,7138.0,8176.0,0.1454,7138.0,8176.0,0.1454,29.0,33.0,0.1379
429367,ALFAMART WIPES DISNEY BACTRL48S,3313 - WET TISSUE,MEDICINE & BABY CARE,1.0,1.0,0.0,13.0,2.33,-0.8208,1.13,1.0,-0.115,9508.0,11129.0,0.1705,10744.0,11129.0,0.0358,23.0,7.0,-0.6957
466374,ALFAMART SANRIO WET WIPES B2G1,3313 - WET TISSUE,MEDICINE & BABY CARE,,1.06,,,12.0,,,1.03,,,11517.0,,,11863.0,,,35.0,
122258,CUSSONS B.WPS NR 3X45'S/ BOGOF,3313 - WET TISSUE,MEDICINE & BABY CARE,1.11,1.11,0.0,43.5,28.0,-0.3563,1.19,1.09,-0.084,21597.0,21005.0,-0.0274,25700.0,22895.0,-0.1091,73.0,77.0,0.0548
227908,CUSSONS B.WPS MG 3X45'S/ BOGOF,3313 - WET TISSUE,MEDICINE & BABY CARE,1.15,1.13,-0.0174,53.5,31.33,-0.4144,1.3,1.19,-0.0846,22147.0,20836.0,-0.0592,28791.0,24795.0,-0.1388,82.0,79.0,-0.0366
417246,KODOMO B.WIPES PINK 2X50S,3313 - WET TISSUE,MEDICINE & BABY CARE,1.15,1.1,-0.0435,308.0,89.33,-0.71,1.23,1.14,-0.0732,16599.0,15772.0,-0.0498,20417.0,17980.0,-0.1194,499.0,235.0,-0.5291
417247,KODOMO B.WIPES BLUE 2X50S,3313 - WET TISSUE,MEDICINE & BABY CARE,1.14,1.08,-0.0526,201.5,64.67,-0.6791,1.15,1.17,0.0174,16437.0,15458.0,-0.0596,18903.0,18086.0,-0.0432,351.0,166.0,-0.5271
427678,KODOMO B.WIPES ANTI BAC 2X50S,3313 - WET TISSUE,MEDICINE & BABY CARE,1.14,1.09,-0.0439,85.5,25.33,-0.7037,1.21,1.17,-0.0331,18360.0,17512.0,-0.0462,22216.0,20489.0,-0.0777,141.0,65.0,-0.539
449971,KODOMO HAND&MOUTH WIPES 2X50S,3313 - WET TISSUE,MEDICINE & BABY CARE,1.25,1.07,-0.144,12.0,15.0,0.25,1.0,1.18,0.18,20138.0,17093.0,-0.1512,20138.0,20170.0,0.0016,24.0,38.0,0.5833
411751,MAMY POKO B.WPS FR BGF 50S,3313 - WET TISSUE,MEDICINE & BABY CARE,1.29,1.09,-0.155,24.5,7.67,-0.6869,1.14,1.05,-0.0789,27684.0,23370.0,-0.1558,31560.0,24538.0,-0.2225,43.0,22.0,-0.4884
411752,MAMY POKO B.WPS NF BGF 50S,3313 - WET TISSUE,MEDICINE & BABY CARE,1.46,1.25,-0.1438,87.5,12.0,-0.8629,1.29,1.29,0.0,31355.0,26875.0,-0.1429,40448.0,34669.0,-0.1429,136.0,28.0,-0.7941
419261,MAMY POKO B.WPS A.SEP NF BGF48S,3313 - WET TISSUE,MEDICINE & BABY CARE,1.11,1.06,-0.045,44.0,11.0,-0.75,1.47,1.43,-0.0272,23989.0,22812.0,-0.0491,35264.0,32621.0,-0.0749,60.0,23.0,-0.6167
117783,MITU B.WIPES ANTISEPTIC BGF 50S,3313 - WET TISSUE,MEDICINE & BABY CARE,1.08,1.02,-0.0556,38.0,13.67,-0.6403,1.13,1.05,-0.0708,17163.0,16288.0,-0.051,19394.0,17102.0,-0.1182,67.0,39.0,-0.4179
117784,MITU B.WIPES REG PINK BGF 50S,3313 - WET TISSUE,MEDICINE & BABY CARE,1.06,1.11,0.0472,34.0,38.0,0.1176,1.1,1.05,-0.0455,15776.0,16456.0,0.0431,17354.0,17279.0,-0.0043,62.0,109.0,0.7581
122629,MITU B.WIPES ANTISEPTIC BGF 10S,3313 - WET TISSUE,MEDICINE & BABY CARE,1.27,1.06,-0.1654,31.0,22.0,-0.2903,1.07,1.02,-0.0467,9490.0,7829.0,-0.175,10154.0,7986.0,-0.2135,58.0,65.0,0.1207
212838,MITU B.WIPES GT POPOK BLUE 50S,3313 - WET TISSUE,MEDICINE & BABY CARE,1.18,1.16,-0.0169,54.5,36.0,-0.3394,1.2,1.09,-0.0917,17639.0,17469.0,-0.0096,21167.0,19041.0,-0.1004,91.0,99.0,0.0879
402177,MITU B.WIPES GT POPOK PURPLE50S,3313 - WET TISSUE,MEDICINE & BABY CARE,1.17,1.15,-0.0171,109.5,57.0,-0.4795,1.22,1.12,-0.082,17419.0,17525.0,0.0061,21251.0,19628.0,-0.0764,180.0,152.0,-0.1556
330092,MY BABY WIPES ANTI BAC 50+50S,3313 - WET TISSUE,MEDICINE & BABY CARE,1.1,1.11,0.0091,113.0,26.33,-0.767,1.14,1.1,-0.0351,21646.0,19600.0,-0.0945,24676.0,21560.0,-0.1263,199.0,72.0,-0.6382
415852,PASEO B.WIPES JOJOBA OIL 2X50S,3313 - WET TISSUE,MEDICINE & BABY CARE,1.17,1.1,-0.0598,198.0,25.67,-0.8704,1.16,1.12,-0.0345,15083.0,14260.0,-0.0546,17496.0,15971.0,-0.0872,340.0,69.0,-0.7971
445674,WETKINS B.WIPES BLUE BGF50S(OL),3313 - WET TISSUE,MEDICINE & BABY CARE,1.0,,,0.5,,,1.0,,,12700.0,,,12700.0,,,1.0,,
441196,YUNIKON B.WIPES ANTIBAC 2X40S,3313 - WET TISSUE,MEDICINE & BABY CARE,1.13,1.07,-0.0531,95.5,31.33,-0.6719,1.28,1.13,-0.1172,13458.0,12798.0,-0.049,17226.0,14462.0,-0.1605,149.0,83.0,-0.443
447320,YUNIKON BB WPS DIAPR BGF50S(OL),3313 - WET TISSUE,MEDICINE & BABY CARE,1.0,,,2.5,,,1.0,,,11580.0,,,11580.0,,,5.0,,
447321,YUNIKON BB WPS H&M BGF 50S (OL),3313 - WET TISSUE,MEDICINE & BABY CARE,1.4,,,2.5,,,1.0,,,16180.0,,,16180.0,,,5.0,,
447322,YUNIKON BB WPS UNSC BGF 50S(OL),3313 - WET TISSUE,MEDICINE & BABY CARE,1.0,,,1.5,,,1.0,,,11500.0,,,11500.0,,,3.0,,
447345,YUNIKON B.WIPES HND&MOUTH 2X40S,3313 - WET TISSUE,MEDICINE & BABY CARE,1.09,1.07,-0.0183,93.0,36.67,-0.6057,1.18,1.13,-0.0424,12924.0,12775.0,-0.0115,15250.0,14436.0,-0.0534,157.0,97.0,-0.3822
330004,ALFAMART COT BUD BABY REF 100S,3333 - BABY COTTON,MEDICINE & BABY CARE,1.17,1.15,-0.0171,283.5,140.33,-0.505,1.06,1.09,0.0283,7476.0,7292.0,-0.0246,7925.0,7948.0,0.0029,534.0,388.0,-0.2734
330087,ALFAMART COT BABY POT 100S,3333 - BABY COTTON,MEDICINE & BABY CARE,1.0,1.04,0.04,54.5,27.67,-0.4923,1.0,1.01,0.01,10232.0,10480.0,0.0242,10232.0,10585.0,0.0345,109.0,82.0,-0.2477
421350,ALFAMART COTBUD BABY REF 100S,3333 - BABY COTTON,MEDICINE & BABY CARE,1.14,1.14,0.0,56.0,37.33,-0.3334,1.03,1.12,0.0874,7454.0,7141.0,-0.042,7678.0,7998.0,0.0417,109.0,100.0,-0.0826
109894,CHARMI COTTON BUDS  EAR32S (OL),3333 - BABY COTTON,MEDICINE & BABY CARE,1.0,,,0.5,,,1.0,,,30500.0,,,30500.0,,,1.0,,
330078,PIGEON COTTON BALL 100'S (MB),3333 - BABY COTTON,MEDICINE & BABY CARE,1.0,,,0.5,,,1.0,,,41100.0,,,41100.0,,,1.0,,
330005,ALFAMART COT BUD REG REF 100S,3334 - REGULER COTTON BUD,MEDICINE & BABY CARE,1.13,1.13,0.0,124.0,61.67,-0.5027,1.04,1.08,0.0385,7499.0,7422.0,-0.0103,7799.0,8016.0,0.0278,239.0,172.0,-0.2803
421105,ALFAMART COT BUD REG REF100S,3334 - REGULER COTTON BUD,MEDICINE & BABY CARE,,1.09,,,3.67,,,1.0,,,7091.0,,,7091.0,,,11.0,
438450,ALFAMART COT BUDS SPRL DRMN100S,3334 - REGULER COTTON BUD,MEDICINE & BABY CARE,1.1,1.17,0.0636,117.0,75.67,-0.3532,1.04,1.06,0.0192,7046.0,7378.0,0.0471,7328.0,7821.0,0.0673,226.0,215.0,-0.0487
446978,ALFAMART COTTON BUD CSMTCS 100S,3334 - REGULER COTTON BUD,MEDICINE & BABY CARE,1.1,1.06,-0.0364,68.0,36.0,-0.4706,1.03,1.03,0.0,6896.0,6769.0,-0.0184,7103.0,6972.0,-0.0184,132.0,105.0,-0.2045
143807,SELECTION COTTON BUD POT 180S,3334 - REGULER COTTON BUD,MEDICINE & BABY CARE,1.02,1.04,0.0196,66.5,46.0,-0.3083,1.0,1.02,0.02,13950.0,14243.0,0.021,13950.0,14528.0,0.0414,133.0,135.0,0.015
439991,GENTLY SHP CANDLENUT 100ML (OL),3411 - BABY SHAMPOO,MEDICINE & BABY CARE,1.0,,,0.5,,,1.0,,,60000.0,,,60000.0,,,1.0,,
12234,JOHNSON'S .SHP GLD200ML(OL),3411 - BABY SHAMPOO,MEDICINE & BABY CARE,1.0,,,0.5,,,1.0,,,22900.0,,,22900.0,,,1.0,,
403152,JOHNSONS SHP SHINY DROPS 100ML,3411 - BABY SHAMPOO,MEDICINE & BABY CARE,1.04,1.05,0.0096,23.0,19.67,-0.1448,1.12,1.26,0.125,18243.0,18378.0,0.0074,20432.0,23156.0,0.1333,41.0,47.0,0.1463
228257,MY BABY SHP BLACK&SHINE 100ML,3411 - BABY SHAMPOO,MEDICINE & BABY CARE,1.09,1.1,0.0092,22.0,10.0,-0.5455,1.05,1.0,-0.0476,12311.0,12373.0,0.005,12927.0,12373.0,-0.0429,42.0,30.0,-0.2857
103054,ZWITSAL B.SHP ALOE VERA 100ML,3411 - BABY SHAMPOO,MEDICINE & BABY CARE,1.08,1.09,0.0093,19.5,11.67,-0.4015,1.11,1.03,-0.0721,19469.0,19720.0,0.0129,21611.0,20312.0,-0.0601,35.0,34.0,-0.0286
143972,ZWITSAL BB SHP NAT AV 300ML(OL),3411 - BABY SHAMPOO,MEDICINE & BABY CARE,1.0,,,1.0,,,1.0,,,33200.0,,,33200.0,,,2.0,,
340056,ZWITSAL B.SHP KMR&SDR 250ML(OL),3411 - BABY SHAMPOO,MEDICINE & BABY CARE,3.0,,,0.5,,,1.0,,,81000.0,,,81000.0,,,1.0,,
12064,CUSSONS B.SOAP MILD&GNTL 60/75G,3412 - BABY BAR SOAP,MEDICINE & BABY CARE,1.38,1.39,0.0072,23.5,7.67,-0.6736,1.09,1.05,-0.0367,8315.0,8317.0,0.0002,9063.0,8733.0,-0.0364,43.0,22.0,-0.4884
340145,MY BABY B.SOAP SWT FLO 75G,3412 - BABY BAR SOAP,MEDICINE & BABY CARE,1.51,1.55,0.0265,44.0,20.0,-0.5455,1.14,1.13,-0.0088,8299.0,7922.0,-0.0454,9461.0,8952.0,-0.0538,77.0,53.0,-0.3117
447197,ZWITSAL B.SOAP ALOE VERA 70G,3412 - BABY BAR SOAP,MEDICINE & BABY CARE,1.22,1.51,0.2377,47.5,31.67,-0.3333,1.12,1.1,-0.0179,6157.0,7528.0,0.2227,6896.0,8281.0,0.2008,85.0,86.0,0.0118
437328,BIRTH BEYOND BABY COLG 100ML,3413 - BABY COLOGNE,MEDICINE & BABY CARE,1.0,,,0.5,,,1.0,,,37000.0,,,37000.0,,,1.0,,
12307,CUSSONS B.COLG SOFT TOUCH 100ML,3413 - BABY COLOGNE,MEDICINE & BABY CARE,1.08,1.0,-0.0741,6.5,4.0,-0.3846,1.0,1.0,0.0,29292.0,27200.0,-0.0714,29292.0,27200.0,-0.0714,13.0,12.0,-0.0769
410751,CUSSONS B.COLG CHEERFUL 100ML,3413 - BABY COLOGNE,MEDICINE & BABY CARE,1.1,1.0,-0.0909,10.0,3.33,-0.667,1.11,1.11,0.0,30070.0,27310.0,-0.0918,33378.0,30314.0,-0.0918,18.0,9.0,-0.5
410835,CUSSONS B.COLG SPARKL JOY 100ML,3413 - BABY COLOGNE,MEDICINE & BABY CARE,1.0,1.0,0.0,7.0,2.67,-0.6186,1.0,1.0,0.0,27200.0,27200.0,0.0,27200.0,27200.0,0.0,14.0,8.0,-0.4286
448259,GENTLY B.COLG SOFT 100ML(OL),3413 - BABY COLOGNE,MEDICINE & BABY CARE,1.0,,,0.5,,,1.0,,,34900.0,,,34900.0,,,1.0,,
114917,JOHNSON'S B.COLG SMR SWING100ML,3413 - BABY COLOGNE,MEDICINE & BABY CARE,1.04,1.0,-0.0385,25.0,12.67,-0.4932,1.02,1.06,0.0392,29882.0,28911.0,-0.0325,30480.0,30646.0,0.0054,49.0,36.0,-0.2653
340005,JOHNSON'S B.COLG H.BERRIES100ML,3413 - BABY COLOGNE,MEDICINE & BABY CARE,1.02,1.0,-0.0196,26.0,10.33,-0.6027,1.08,1.15,0.0648,29367.0,28848.0,-0.0177,31716.0,33175.0,0.046,48.0,27.0,-0.4375
403153,JOHNSON'S B.COLG SLIDE 100ML,3413 - BABY COLOGNE,MEDICINE & BABY CARE,1.0,1.13,0.13,12.0,5.0,-0.5833,1.09,1.0,-0.0826,29208.0,33500.0,0.1469,31837.0,33500.0,0.0522,22.0,15.0,-0.3182
228255,MY BABY COLG SOFT&GNT 100ML(MB),3413 - BABY COLOGNE,MEDICINE & BABY CARE,1.18,1.0,-0.1525,5.5,1.0,-0.8182,1.38,1.0,-0.2754,26591.0,22500.0,-0.1538,36696.0,22500.0,-0.3869,8.0,3.0,-0.625
107307,ZWITSAL B.COLG SFT TCH100ML(OL),3413 - BABY COLOGNE,MEDICINE & BABY CARE,2.5,,,3.0,,,1.2,,,63350.0,,,76020.0,,,5.0,,
122818,CUSSONS B.PWD FRS&NOURS 100G,3414 - BABY TALCUM POWDER,MEDICINE & BABY CARE,1.05,1.06,0.0095,39.5,16.67,-0.578,1.05,1.02,-0.0286,10866.0,11588.0,0.0664,11409.0,11820.0,0.036,75.0,49.0,-0.3467
433611,KONICARE LIQ POWDER NB 60G (OL),3414 - BABY TALCUM POWDER,MEDICINE & BABY CARE,2.33,,,1.5,,,1.5,,,38500.0,,,57750.0,,,2.0,,
433612,KONICARE BIANG KERINGAT 80G(OL),3414 - BABY TALCUM POWDER,MEDICINE & BABY CARE,1.0,,,0.5,,,1.0,,,15000.0,,,15000.0,,,1.0,,
116515,MY BABY B.PWD COMFRT/TLN100+25G,3414 - BABY TALCUM POWDER,MEDICINE & BABY CARE,1.08,1.03,-0.0463,64.5,39.0,-0.3953,1.05,1.01,-0.0381,9536.0,9091.0,-0.0467,10013.0,9182.0,-0.083,123.0,116.0,-0.0569
219707,MY BABY B.PWD NOURISH/SWT 150G,3414 - BABY TALCUM POWDER,MEDICINE & BABY CARE,1.06,1.04,-0.0189,41.0,23.33,-0.431,1.09,1.11,0.0183,13373.0,13444.0,0.0053,14577.0,14923.0,0.0237,75.0,63.0,-0.16
403299,MY BABY B.PWD NRSH235/SWT250G,3414 - BABY TALCUM POWDER,MEDICINE & BABY CARE,1.24,1.02,-0.1774,50.5,19.0,-0.6238,1.05,1.04,-0.0095,21718.0,18568.0,-0.145,22804.0,19311.0,-0.1532,96.0,55.0,-0.4271
114405,PIGEON B.POWDER COMPACT 45G(MB),3414 - BABY TALCUM POWDER,MEDICINE & BABY CARE,1.0,,,1.5,,,1.0,,,56700.0,,,56700.0,,,3.0,,
437324,BIRTH BEYOND BABY HAIR100ML(OL),"3415 - BABY LOTION, OIL & CREAM",MEDICINE & BABY CARE,1.0,,,1.0,,,1.0,,,30900.0,,,30900.0,,,2.0,,
106413,CUSSONS B.CREAM SOFT&SMOTH 50G,"3415 - BABY LOTION, OIL & CREAM",MEDICINE & BABY CARE,1.15,1.0,-0.1304,24.0,8.0,-0.6667,1.07,1.04,-0.028,23365.0,19221.0,-0.1774,25001.0,19990.0,-0.2004,45.0,23.0,-0.4889
117593,CUSSONS H.LOT CANDLE NUT 100ML,"3415 - BABY LOTION, OIL & CREAM",MEDICINE & BABY CARE,,1.02,,,19.0,,,1.04,,,29579.0,,,30762.0,,,55.0,
117593,CUSSONS H.LOT KEMIRI 100ML,"3415 - BABY LOTION, OIL & CREAM",MEDICINE & BABY CARE,1.02,,,30.5,,,1.05,,,29446.0,,,30918.0,,,58.0,,
194302,CUSSONS B.CREAM MILD&GENTLE 50G,"3415 - BABY LOTION, OIL & CREAM",MEDICINE & BABY CARE,1.0,1.0,0.0,15.5,4.67,-0.6987,1.19,1.08,-0.0924,20394.0,19157.0,-0.0607,24269.0,20690.0,-0.1475,26.0,13.0,-0.5
224035,CUSSONS B.OIL SOFT&SMOOTH 100ML,"3415 - BABY LOTION, OIL & CREAM",MEDICINE & BABY CARE,1.0,1.0,0.0,8.5,3.33,-0.6082,1.0,1.0,0.0,24824.0,25030.0,0.0083,24824.0,25030.0,0.0083,17.0,10.0,-0.4118
340140,CUSSONS BB CRM DIAPR RSH50G(OL),"3415 - BABY LOTION, OIL & CREAM",MEDICINE & BABY CARE,2.0,,,0.5,,,1.0,,,38000.0,,,38000.0,,,1.0,,
435265,CUSSONS BB LOT MOSCARE 100G(OL),"3415 - BABY LOTION, OIL & CREAM",MEDICINE & BABY CARE,1.75,,,2.0,,,1.33,,,52300.0,,,69559.0,,,3.0,,
437340,CUSSONS H.LOT KEMIRI 35+15ML,"3415 - BABY LOTION, OIL & CREAM",MEDICINE & BABY CARE,1.0,1.06,0.06,25.0,11.67,-0.5332,1.06,1.09,0.0283,15158.0,16931.0,0.117,16067.0,18455.0,0.1486,47.0,32.0,-0.3191
439096,CUSSONS B.CRM NEW BORN 50G (OL),"3415 - BABY LOTION, OIL & CREAM",MEDICINE & BABY CARE,4.0,,,0.5,,,1.0,,,82800.0,,,82800.0,,,1.0,,
440247,CUSSONS B.OIL SOFT&SMTH 35+15ML,"3415 - BABY LOTION, OIL & CREAM",MEDICINE & BABY CARE,1.02,1.0,-0.0196,23.5,11.0,-0.5319,1.0,1.0,0.0,13798.0,13561.0,-0.0172,13798.0,13561.0,-0.0172,47.0,33.0,-0.2979
446154,CUSSONS B.CRM NOURISH&CARE 50G,"3415 - BABY LOTION, OIL & CREAM",MEDICINE & BABY CARE,1.1,1.04,-0.0545,24.5,8.67,-0.6461,1.07,1.0,-0.0654,22482.0,19908.0,-0.1145,24056.0,19908.0,-0.1724,46.0,26.0,-0.4348
116786,JOHNSON'S BABYLOT PINK 100ML,"3415 - BABY LOTION, OIL & CREAM",MEDICINE & BABY CARE,1.0,1.0,0.0,9.5,8.67,-0.0874,1.0,1.04,0.04,20179.0,19831.0,-0.0172,20179.0,20624.0,0.0221,19.0,25.0,0.3158
12336,JOHNSON'S B.OIL 50ML,"3415 - BABY LOTION, OIL & CREAM",MEDICINE & BABY CARE,1.06,1.0,-0.0566,25.0,15.0,-0.4,1.02,1.0,-0.0196,15152.0,14624.0,-0.0348,15455.0,14624.0,-0.0538,49.0,45.0,-0.0816
12353,JOHNSON'S B.OIL 125ML,"3415 - BABY LOTION, OIL & CREAM",MEDICINE & BABY CARE,,1.0,,,4.33,,,1.0,,,30823.0,,,30823.0,,,13.0,
227862,JOHNSONS B.LOTION MILK RC 100ML,"3415 - BABY LOTION, OIL & CREAM",MEDICINE & BABY CARE,1.04,1.0,-0.0385,13.5,3.67,-0.7281,1.0,1.0,0.0,24826.0,23936.0,-0.0358,24826.0,23936.0,-0.0358,27.0,11.0,-0.5926
431167,JOHNSON'S MLK RC LTN 500ML (OL),"3415 - BABY LOTION, OIL & CREAM",MEDICINE & BABY CARE,1.0,,,0.5,,,1.0,,,80900.0,,,80900.0,,,1.0,,
431168,JOHNSON'S  CTN TCH LTN500ML(OL),"3415 - BABY LOTION, OIL & CREAM",MEDICINE & BABY CARE,1.0,,,1.0,,,1.0,,,82900.0,,,82900.0,,,2.0,,
443598,JOHNSONS B.LOTION BEDTIME 100ML,"3415 - BABY LOTION, OIL & CREAM",MEDICINE & BABY CARE,1.0,,,4.5,,,1.0,,,20789.0,,,20789.0,,,9.0,,
445089,JOHNSONS B.CREAM MILK+RICE 50G,"3415 - BABY LOTION, OIL & CREAM",MEDICINE & BABY CARE,1.0,,,2.5,,,1.0,,,24840.0,,,24840.0,,,5.0,,
442083,LOLUNA FACE&BODY LOT 80ML(OL),"3415 - BABY LOTION, OIL & CREAM",MEDICINE & BABY CARE,1.0,,,1.5,,,1.0,,,36900.0,,,36900.0,,,3.0,,
442084,LOLUNA BABY HAIR LOT 100ML(OL),"3415 - BABY LOTION, OIL & CREAM",MEDICINE & BABY CARE,1.5,,,1.0,,,1.0,,,49050.0,,,49050.0,,,2.0,,
444944,LOLUNA BABY LOT FC&BD 200ML(OL),"3415 - BABY LOTION, OIL & CREAM",MEDICINE & BABY CARE,1.0,,,1.0,,,1.0,,,73300.0,,,73300.0,,,2.0,,
447504,LOLUNA BB CALM CREAM 40ML(OL),"3415 - BABY LOTION, OIL & CREAM",MEDICINE & BABY CARE,1.33,,,1.5,,,1.0,,,70300.0,,,70300.0,,,3.0,,
448460,MOELL BODY LOTION 185G(OL),"3415 - BABY LOTION, OIL & CREAM",MEDICINE & BABY CARE,1.33,,,1.5,,,1.0,,,105800.0,,,105800.0,,,3.0,,
448462,MOELL HAIR LOTION 100ML(OL),"3415 - BABY LOTION, OIL & CREAM",MEDICINE & BABY CARE,1.0,,,0.5,,,1.0,,,70300.0,,,70300.0,,,1.0,,
448463,MOELL FACE CREAM 40G(OL),"3415 - BABY LOTION, OIL & CREAM",MEDICINE & BABY CARE,1.5,,,1.0,,,1.0,,,129800.0,,,129800.0,,,2.0,,
448465,MOELL SUNSCREEN 30G(OL),"3415 - BABY LOTION, OIL & CREAM",MEDICINE & BABY CARE,2.33,,,1.5,,,1.0,,,188700.0,,,188700.0,,,3.0,,
426509,MY BABY H.LOT BLACK SHINE 100ML,"3415 - BABY LOTION, OIL & CREAM",MEDICINE & BABY CARE,1.04,1.08,0.0385,22.5,8.33,-0.6298,1.02,1.09,0.0686,24969.0,25836.0,0.0347,25468.0,28161.0,0.1057,44.0,23.0,-0.4773
435290,MY BABY OIL PLUS CITRONELA 90ML,"3415 - BABY LOTION, OIL & CREAM",MEDICINE & BABY CARE,1.0,1.0,0.0,5.5,5.0,-0.0909,1.0,1.0,0.0,19909.0,19900.0,-0.0005,19909.0,19900.0,-0.0005,11.0,15.0,0.3636
443407,MY BABY B.CREAM NRSH&SMTH 50G,"3415 - BABY LOTION, OIL & CREAM",MEDICINE & BABY CARE,1.09,1.01,-0.0734,29.0,23.0,-0.2069,1.04,1.06,0.0192,18598.0,18167.0,-0.0232,19342.0,19257.0,-0.0044,56.0,65.0,0.1607
449451,MY BABY FACE&BODY CRM CM&RX50G,"3415 - BABY LOTION, OIL & CREAM",MEDICINE & BABY CARE,,1.0,,,1.33,,,1.0,,,17950.0,,,17950.0,,,4.0,
448177,NUBIKO BABY CREAM TUB 50G(OL),"3415 - BABY LOTION, OIL & CREAM",MEDICINE & BABY CARE,1.0,,,1.5,,,1.0,,,95000.0,,,95000.0,,,3.0,,
448178,NUBIKO ESSENTL SOOTHE 14.5G(OL),"3415 - BABY LOTION, OIL & CREAM",MEDICINE & BABY CARE,1.0,,,1.0,,,1.0,,,70850.0,,,70850.0,,,2.0,,
110755,PIGEON B.LOTION TUBE 100ML (MB),"3415 - BABY LOTION, OIL & CREAM",MEDICINE & BABY CARE,1.0,1.0,0.0,0.5,1.0,1.0,1.0,1.0,0.0,26400.0,26500.0,0.0038,26400.0,26500.0,0.0038,1.0,3.0,2.0
433461,PUREBABY SK RESCUE CRM 50ML(OL),"3415 - BABY LOTION, OIL & CREAM",MEDICINE & BABY CARE,1.0,,,1.0,,,1.0,,,39500.0,,,39500.0,,,2.0,,
444978,TROPEE BB HAIR LOT FRS100ML(OL),"3415 - BABY LOTION, OIL & CREAM",MEDICINE & BABY CARE,1.0,,,0.5,,,1.0,,,52900.0,,,52900.0,,,1.0,,
103053,ZWITSAL H.LOT ALOE VERA 100ML,"3415 - BABY LOTION, OIL & CREAM",MEDICINE & BABY CARE,1.07,1.0,-0.0654,37.0,16.0,-0.5676,1.04,1.02,-0.0192,33373.0,31217.0,-0.0646,34708.0,31841.0,-0.0826,71.0,47.0,-0.338
106241,ZWITSAL B.CREAM EXT CARE 50ML,"3415 - BABY LOTION, OIL & CREAM",MEDICINE & BABY CARE,1.0,1.0,0.0,14.5,3.33,-0.7703,1.04,1.0,-0.0385,24597.0,24660.0,0.0026,25581.0,24660.0,-0.036,28.0,10.0,-0.6429
124524,ZWITSAL HAIR LOT A.VR 200ML(OL),"3415 - BABY LOTION, OIL & CREAM",MEDICINE & BABY CARE,2.8,,,2.5,,,1.25,,,115640.0,,,144550.0,,,4.0,,
428426,ZWITSAL BABY FAC&BODY CREAM 50G,"3415 - BABY LOTION, OIL & CREAM",MEDICINE & BABY CARE,1.07,1.02,-0.0467,28.5,15.33,-0.4621,1.04,1.0,-0.0385,22367.0,21233.0,-0.0507,23262.0,21233.0,-0.0872,55.0,46.0,-0.1636
433206,ZWITSAL H.LOT SWEET ALMOND100ML,"3415 - BABY LOTION, OIL & CREAM",MEDICINE & BABY CARE,1.04,1.0,-0.0385,12.0,3.67,-0.6942,1.04,1.0,-0.0385,32300.0,31000.0,-0.0402,33592.0,31000.0,-0.0772,23.0,11.0,-0.5217
445669,BABY-DEE H&B FOAM MILK600ML(OL),3416 - BABY LIQUID SOAP,MEDICINE & BABY CARE,1.0,,,1.0,,,1.0,,,41900.0,,,41900.0,,,2.0,,
443588,CETAPHIL BABY BATH&WSH400ML(OL),3416 - BABY LIQUID SOAP,MEDICINE & BABY CARE,1.0,,,0.5,,,1.0,,,174900.0,,,174900.0,,,1.0,,
117727,CUSSONS BB H&B MLD600+150ML(OL),3416 - BABY LIQUID SOAP,MEDICINE & BABY CARE,1.0,,,0.5,,,1.0,,,48100.0,,,48100.0,,,1.0,,
122260,CUSSONS H&B SOFT&SMTH 375ML,3416 - BABY LIQUID SOAP,MEDICINE & BABY CARE,,1.0,,,12.33,,,1.0,,,31900.0,,,31900.0,,,37.0,
411142,CUSSONS H&B MILD&GNTL 375/400ML,3416 - BABY LIQUID SOAP,MEDICINE & BABY CARE,1.05,1.14,0.0857,29.0,7.0,-0.7586,1.05,1.05,0.0,31447.0,34438.0,0.0951,33019.0,36160.0,0.0951,55.0,20.0,-0.6364
445075,CUSSONS H&B DEEP MOIST REF375ML,3416 - BABY LIQUID SOAP,MEDICINE & BABY CARE,1.08,1.02,-0.0556,48.5,15.67,-0.6769,1.07,1.04,-0.028,32366.0,30536.0,-0.0565,34632.0,31757.0,-0.083,91.0,45.0,-0.5055
441548,EXPERT CARE SHP&BW GTL250ML(OL),3416 - BABY LIQUID SOAP,MEDICINE & BABY CARE,1.0,,,0.5,,,1.0,,,85900.0,,,85900.0,,,1.0,,
101431,JOHNSON'S H&B MLK+RICE BTL200ML,3416 - BABY LIQUID SOAP,MEDICINE & BABY CARE,1.03,1.06,0.0291,17.0,10.33,-0.3924,1.06,1.07,0.0094,26726.0,27877.0,0.0431,28330.0,29828.0,0.0529,32.0,29.0,-0.0938
114477,JOHNSON'S H&B MLK+RICE REF400ML,3416 - BABY LIQUID SOAP,MEDICINE & BABY CARE,1.03,1.05,0.0194,31.0,12.33,-0.6023,1.05,1.06,0.0095,38458.0,39411.0,0.0248,40381.0,41776.0,0.0345,59.0,35.0,-0.4068
210550,JOHNSON'S H&B TOPTOTOE BTL200ML,3416 - BABY LIQUID SOAP,MEDICINE & BABY CARE,1.0,1.0,0.0,13.0,6.33,-0.5131,1.04,1.06,0.0192,22573.0,22532.0,-0.0018,23476.0,23884.0,0.0174,25.0,18.0,-0.28
340064,JOHNSON B.TOP TOE WSH 500ML(OL),3416 - BABY LIQUID SOAP,MEDICINE & BABY CARE,1.0,,,2.0,,,1.0,,,49400.0,,,49400.0,,,4.0,,
340065,JOHNSON B.BTH MILKRC 500ML (OL),3416 - BABY LIQUID SOAP,MEDICINE & BABY CARE,1.0,,,0.5,,,1.0,,,53000.0,,,53000.0,,,1.0,,
340066,JOHNSON'S H&B BEDTIME REF 400ML,3416 - BABY LIQUID SOAP,MEDICINE & BABY CARE,1.04,1.1,0.0577,11.5,3.33,-0.7104,1.1,1.0,-0.0909,38826.0,40920.0,0.0539,42709.0,40920.0,-0.0419,21.0,10.0,-0.5238
425947,JOHNSONS B CTN BATH 500ML (OL),3416 - BABY LIQUID SOAP,MEDICINE & BABY CARE,1.0,,,0.5,,,1.0,,,55000.0,,,55000.0,,,1.0,,
446603,JOHNSONS H&B MLK+RICE 100ML(MB),3416 - BABY LIQUID SOAP,MEDICINE & BABY CARE,1.17,,,3.0,,,1.0,,,18200.0,,,18200.0,,,6.0,,
432468,KODOMO B H&B TOPTOTOE REF 450ML,3416 - BABY LIQUID SOAP,MEDICINE & BABY CARE,1.12,1.04,-0.0714,44.0,24.33,-0.447,1.11,1.07,-0.036,30938.0,26986.0,-0.1277,34341.0,28875.0,-0.1592,79.0,68.0,-0.1392
440722,KODOMO B H&B TOPTOTOE PUMP400ML,3416 - BABY LIQUID SOAP,MEDICINE & BABY CARE,1.0,1.0,0.0,13.5,14.33,0.0615,1.12,1.02,-0.0893,36400.0,36500.0,0.0027,40768.0,37230.0,-0.0868,24.0,42.0,0.75
448539,KODOMO B H&B TOPTOTOE PINK450ML,3416 - BABY LIQUID SOAP,MEDICINE & BABY CARE,1.08,1.02,-0.0556,65.5,30.0,-0.542,1.1,1.14,0.0364,29809.0,26702.0,-0.1042,32790.0,30440.0,-0.0717,119.0,79.0,-0.3361
433852,LACTACYD BB LIQ GENTLE CARE60ML,3416 - BABY LIQUID SOAP,MEDICINE & BABY CARE,1.0,1.18,0.18,20.0,7.33,-0.6335,1.14,1.1,-0.0351,41502.0,46459.0,0.1194,47312.0,51105.0,0.0802,35.0,20.0,-0.4286
442081,LOLUNA BB WSH HEADTTOE100ML(OL),3416 - BABY LIQUID SOAP,MEDICINE & BABY CARE,1.0,,,0.5,,,1.0,,,22800.0,,,22800.0,,,1.0,,
442082,LOLUNA BB WSH HEADTTOE300ML(OL),3416 - BABY LIQUID SOAP,MEDICINE & BABY CARE,1.0,,,0.5,,,1.0,,,50700.0,,,50700.0,,,1.0,,
117111,MITU B.SOAP 2IN1 HONEY400ML(OL),3416 - BABY LIQUID SOAP,MEDICINE & BABY CARE,1.0,,,0.5,,,1.0,,,31500.0,,,31500.0,,,1.0,,
404366,MY BABY H&B ALOE VERA BTL 200ML,3416 - BABY LIQUID SOAP,MEDICINE & BABY CARE,1.03,1.0,-0.0291,32.0,10.67,-0.6666,1.14,1.07,-0.0614,20330.0,19706.0,-0.0307,23176.0,21085.0,-0.0902,56.0,30.0,-0.4643
421439,MY BABY H&B ALOE VERA REF 400ML,3416 - BABY LIQUID SOAP,MEDICINE & BABY CARE,1.14,1.05,-0.0789,70.0,13.0,-0.8143,1.15,1.11,-0.0348,32032.0,28400.0,-0.1134,36837.0,31524.0,-0.1442,122.0,35.0,-0.7131
425554,MY BABY H&B SWEET FRAL REF400ML,3416 - BABY LIQUID SOAP,MEDICINE & BABY CARE,1.32,1.09,-0.1742,22.0,18.67,-0.1514,1.1,1.08,-0.0182,37298.0,29411.0,-0.2115,41028.0,31764.0,-0.2258,40.0,52.0,0.3
425752,MY BABY H&W SWEET FLOR200ML(OL),3416 - BABY LIQUID SOAP,MEDICINE & BABY CARE,3.0,,,1.5,,,1.0,,,49800.0,,,49800.0,,,3.0,,
433375,MY BABY H&B ALOE PUMP300/385ML,3416 - BABY LIQUID SOAP,MEDICINE & BABY CARE,1.09,1.0,-0.0826,17.5,5.67,-0.676,1.03,1.0,-0.0291,35631.0,32200.0,-0.0963,36700.0,32200.0,-0.1226,34.0,17.0,-0.5
438531,MY BABY H&B BLUE 375ML (OL),3416 - BABY LIQUID SOAP,MEDICINE & BABY CARE,2.83,,,3.0,,,1.2,,,67717.0,,,81260.0,,,5.0,,
443285,MY BABY H&B LAV&CHAMOMILE 400ML,3416 - BABY LIQUID SOAP,MEDICINE & BABY CARE,1.18,1.26,0.0678,35.5,10.33,-0.709,1.22,1.03,-0.1557,33197.0,33997.0,0.0241,40500.0,35017.0,-0.1354,58.0,30.0,-0.4828
447716,MY BABY K.H&B  ALOE AVOC 280ML,3416 - BABY LIQUID SOAP,MEDICINE & BABY CARE,1.38,1.02,-0.2609,4.0,15.0,2.75,1.0,1.02,0.02,33000.0,28520.0,-0.1358,33000.0,29090.0,-0.1185,8.0,44.0,4.5
427866,PROBABY B.BATH LOVELY 200ML(OL),3416 - BABY LIQUID SOAP,MEDICINE & BABY CARE,1.0,,,0.5,,,1.0,,,15600.0,,,15600.0,,,1.0,,
439957,PROBABY B.BATH CHRFUL 200ML(OL),3416 - BABY LIQUID SOAP,MEDICINE & BABY CARE,1.0,,,0.5,,,1.0,,,15600.0,,,15600.0,,,1.0,,
433448,PUREBABY BATH H&B PUMP350ML(OL),3416 - BABY LIQUID SOAP,MEDICINE & BABY CARE,1.33,,,1.5,,,1.0,,,67667.0,,,67667.0,,,3.0,,
433449,PUREBABY BATH H&B REFF350ML(OL),3416 - BABY LIQUID SOAP,MEDICINE & BABY CARE,1.0,,,1.0,,,1.0,,,44950.0,,,44950.0,,,2.0,,
434441,SLEEK BB  2IN1 H&B 250ML (OL),3416 - BABY LIQUID SOAP,MEDICINE & BABY CARE,1.0,,,0.5,,,1.0,,,26900.0,,,26900.0,,,1.0,,
447346,YUNIKON H&B SOFT SCENT REF400ML,3416 - BABY LIQUID SOAP,MEDICINE & BABY CARE,1.02,,,27.5,,,1.08,,,24335.0,,,26282.0,,,51.0,,
126360,ZWITSAL H&B ALOE VERA BTL 300ML,3416 - BABY LIQUID SOAP,MEDICINE & BABY CARE,1.05,1.0,-0.0476,18.5,11.33,-0.3876,1.03,1.03,0.0,42851.0,40806.0,-0.0477,44137.0,42030.0,-0.0477,36.0,33.0,-0.0833
143970,ZWITSAL BB BATH HONEY 300ML(OL),3416 - BABY LIQUID SOAP,MEDICINE & BABY CARE,4.12,,,4.0,,,1.33,,,148088.0,,,196957.0,,,6.0,,
340072,ZWITSAL BB BATH TLN 250ML (OL),3416 - BABY LIQUID SOAP,MEDICINE & BABY CARE,2.0,,,1.0,,,1.0,,,65200.0,,,65200.0,,,2.0,,
424846,ZWITSAL B.BATH H&B AL600ML (MB),3416 - BABY LIQUID SOAP,MEDICINE & BABY CARE,1.0,1.0,0.0,2.5,0.33,-0.868,1.0,1.0,0.0,54600.0,54600.0,0.0,54600.0,54600.0,0.0,5.0,1.0,-0.8
440798,ZWITSAL H&B ALOE VERA REF 400ML,3416 - BABY LIQUID SOAP,MEDICINE & BABY CARE,1.04,1.13,0.0865,40.0,15.33,-0.6168,1.05,1.12,0.0667,40766.0,44470.0,0.0909,42804.0,49806.0,0.1636,76.0,41.0,-0.4605
440799,ZWITSAL H&B A.BACT REF 400ML,3416 - BABY LIQUID SOAP,MEDICINE & BABY CARE,1.06,1.0,-0.0566,24.0,12.0,-0.5,1.14,1.09,-0.0439,41694.0,39328.0,-0.0567,47531.0,42868.0,-0.0981,42.0,33.0,-0.2143
440801,ZWITSAL H&B MILK HNY 400ML(OL),3416 - BABY LIQUID SOAP,MEDICINE & BABY CARE,1.75,,,4.0,,,1.14,,,60900.0,,,69426.0,,,7.0,,
440802,ZWITSAL H&B ALOE VERA BTL 200ML,3416 - BABY LIQUID SOAP,MEDICINE & BABY CARE,1.0,1.04,0.04,31.5,7.67,-0.7565,1.11,1.05,-0.0541,25814.0,26987.0,0.0454,28654.0,28336.0,-0.0111,57.0,22.0,-0.614
441051,ZWITSAL H&B A.BACT BTL 200ML,3416 - BABY LIQUID SOAP,MEDICINE & BABY CARE,1.05,1.04,-0.0095,20.0,9.0,-0.55,1.05,1.0,-0.0476,27090.0,26856.0,-0.0086,28444.0,26856.0,-0.0558,38.0,27.0,-0.2895
444631,ZWITSAL B.BATH TELON REFF 400ML,3416 - BABY LIQUID SOAP,MEDICINE & BABY CARE,1.0,1.05,0.05,1.0,6.33,5.33,1.0,1.12,0.12,39300.0,41389.0,0.0532,39300.0,46356.0,0.1795,2.0,17.0,7.5
444632,ZWITSAL H&B ANTIBACT PUMP 300ML,3416 - BABY LIQUID SOAP,MEDICINE & BABY CARE,1.15,1.0,-0.1304,13.5,5.0,-0.6296,1.0,1.07,0.07,46685.0,40567.0,-0.131,46685.0,43407.0,-0.0702,27.0,14.0,-0.4815
340171,CUSSONS B LIQ DET BGF 700ML(MB),3417 - BABY LIQUID DET & SOFTENER,MEDICINE & BABY CARE,1.0,,,1.0,,,1.0,,,42500.0,,,42500.0,,,2.0,,
107419,MY BABY FAB SWT FLR 1.5L(OL),3417 - BABY LIQUID DET & SOFTENER,MEDICINE & BABY CARE,3.4,,,5.0,,,1.11,,,86700.0,,,96237.0,,,9.0,,
107420,MY BABY FAB SOFT GTL 1.5L(OL),3417 - BABY LIQUID DET & SOFTENER,MEDICINE & BABY CARE,1.9,,,5.0,,,1.11,,,48450.0,,,53780.0,,,9.0,,
435268,MY BABY LIQ DET 450ML(OL),3417 - BABY LIQUID DET & SOFTENER,MEDICINE & BABY CARE,1.6,,,2.5,,,1.0,,,29600.0,,,29600.0,,,5.0,,
116041,SLEEK BABY LAUNDRY DET 450ML,3417 - BABY LIQUID DET & SOFTENER,MEDICINE & BABY CARE,1.11,1.0,-0.0991,23.0,4.67,-0.797,1.12,1.0,-0.1071,31276.0,28214.0,-0.0979,35029.0,28214.0,-0.1946,41.0,14.0,-0.6585
434439,SLEEK BABY BLD PCH 900ML (OL),3417 - BABY LIQUID DET & SOFTENER,MEDICINE & BABY CARE,1.0,,,2.0,,,1.0,,,42500.0,,,42500.0,,,4.0,,
450964,SLEEK BABY SOFTENER 430ML,3417 - BABY LIQUID DET & SOFTENER,MEDICINE & BABY CARE,,1.11,,,3.0,,,1.0,,,31000.0,,,31000.0,,,9.0,
12291,DEE-DEE SHP STRW PUMP 250ML(OL),3421 - KIDS SHAMPOO,MEDICINE & BABY CARE,1.0,,,0.5,,,1.0,,,22900.0,,,22900.0,,,1.0,,
432974,DEE DEE SHP STRAW PCH 200ML(OL),3421 - KIDS SHAMPOO,MEDICINE & BABY CARE,2.5,,,2.0,,,1.0,,,29750.0,,,29750.0,,,4.0,,
432975,DEE DEE SHP GRAPE PCH 200ML(OL),3421 - KIDS SHAMPOO,MEDICINE & BABY CARE,1.2,,,2.5,,,1.0,,,14280.0,,,14280.0,,,5.0,,
403447,JOHNSON'S SHP SHNY DRP200ML(OL),3421 - KIDS SHAMPOO,MEDICINE & BABY CARE,1.0,,,1.5,,,1.0,,,25900.0,,,25900.0,,,3.0,,
128762,KODOMO SHP COND BBERRY BTL200ML,3421 - KIDS SHAMPOO,MEDICINE & BABY CARE,1.02,1.02,0.0,23.0,16.67,-0.2752,1.07,1.0,-0.0654,18380.0,18266.0,-0.0062,19667.0,18266.0,-0.0712,43.0,50.0,0.1628
416027,KODOMO SHP COND STR BTL 200ML,3421 - KIDS SHAMPOO,MEDICINE & BABY CARE,1.05,1.02,-0.0286,33.0,18.33,-0.4445,1.03,1.08,0.0485,18765.0,18233.0,-0.0284,19328.0,19692.0,0.0188,64.0,51.0,-0.2031
417079,KODOMO SHP CHERRY 200ML,3421 - KIDS SHAMPOO,MEDICINE & BABY CARE,1.05,1.07,0.019,18.5,24.33,0.3151,1.0,1.04,0.04,18873.0,19638.0,0.0405,18873.0,20424.0,0.0822,37.0,70.0,0.8919
320860,MASTER KIDS SHP BATMAN150ML(OL),3421 - KIDS SHAMPOO,MEDICINE & BABY CARE,1.0,,,2.5,,,1.0,,,15260.0,,,15260.0,,,5.0,,
437019,MASTER KIDS SHP SPDRMN150ML(OL),3421 - KIDS SHAMPOO,MEDICINE & BABY CARE,1.33,,,1.5,,,1.5,,,20467.0,,,30700.0,,,2.0,,
416471,MY BABY K.SHP&CND SOFT&SHN180ML,3421 - KIDS SHAMPOO,MEDICINE & BABY CARE,1.12,1.0,-0.1071,61.5,12.33,-0.7995,1.05,1.03,-0.019,18178.0,14776.0,-0.1871,19087.0,15219.0,-0.2027,117.0,36.0,-0.6923
416890,MY BABY K.SHP&CND HL&FRESH180ML,3421 - KIDS SHAMPOO,MEDICINE & BABY CARE,1.07,1.07,0.0,61.5,14.0,-0.7724,1.12,1.11,-0.0089,17254.0,15900.0,-0.0785,19324.0,17649.0,-0.0867,110.0,38.0,-0.6545
126213,CUSSONS K.COLG S.SMOOTHIES100ML,3422 - KIDS COLOGNE,MEDICINE & BABY CARE,1.03,1.0,-0.0291,15.0,6.0,-0.6,1.03,1.06,0.0291,20910.0,20467.0,-0.0212,21537.0,21695.0,0.0073,29.0,17.0,-0.4138
405306,CUSSONS K.COLG F.BERRIES 100ML,3422 - KIDS COLOGNE,MEDICINE & BABY CARE,1.0,1.06,0.06,11.5,6.0,-0.4783,1.1,1.0,-0.0909,20230.0,21550.0,0.0652,22253.0,21550.0,-0.0316,21.0,18.0,-0.1429
421342,DOREMI K.COLG NUSSA RARRA 100ML,3422 - KIDS COLOGNE,MEDICINE & BABY CARE,1.0,1.08,0.08,9.0,4.0,-0.5556,1.0,1.0,0.0,21900.0,23717.0,0.083,21900.0,23717.0,0.083,18.0,12.0,-0.3333
438853,DOREMI K.COLG GLACIER 100ML,3422 - KIDS COLOGNE,MEDICINE & BABY CARE,1.06,1.07,0.0094,8.0,9.33,0.1662,1.0,1.08,0.08,22181.0,22229.0,0.0022,22181.0,24007.0,0.0823,16.0,26.0,0.625
103394,MASTER KIDS COL BATMAN100ML(OL),3422 - KIDS COLOGNE,MEDICINE & BABY CARE,1.0,,,0.5,,,1.0,,,15900.0,,,15900.0,,,1.0,,
103395,MASTER K.COLG SUPERMAN 100ML,3422 - KIDS COLOGNE,MEDICINE & BABY CARE,1.0,1.0,0.0,19.0,11.67,-0.3858,1.03,1.03,0.0,19687.0,19557.0,-0.0066,20278.0,20144.0,-0.0066,37.0,34.0,-0.0811
116518,MASTER KIDS COL BEN10 100ML(OL),3422 - KIDS COLOGNE,MEDICINE & BABY CARE,1.0,,,0.5,,,1.0,,,15500.0,,,15500.0,,,1.0,,
437018,MASTER KIDS COL SPDRMN100ML(OL),3422 - KIDS COLOGNE,MEDICINE & BABY CARE,1.0,,,1.5,,,1.0,,,15633.0,,,15633.0,,,3.0,,
425566,MY BABY K.COLG 2IN1 SWEET 100ML,3422 - KIDS COLOGNE,MEDICINE & BABY CARE,1.09,1.0,-0.0826,46.0,20.67,-0.5507,1.18,1.02,-0.1356,17289.0,15939.0,-0.0781,20401.0,16258.0,-0.2031,78.0,61.0,-0.2179
426510,MY BABY K.COLG 2IN1 FRESH 100ML,3422 - KIDS COLOGNE,MEDICINE & BABY CARE,1.13,1.03,-0.0885,67.0,23.0,-0.6567,1.21,1.08,-0.1074,17931.0,16401.0,-0.0853,21697.0,17713.0,-0.1836,111.0,64.0,-0.4234
443406,MY BABY K.COLG 2IN1 LIVELY100ML,3422 - KIDS COLOGNE,MEDICINE & BABY CARE,,1.01,,,24.0,,,1.07,,,16150.0,,,17280.0,,,67.0,
444476,PIGEON TEENS BS CALM 100ML(OL),3422 - KIDS COLOGNE,MEDICINE & BABY CARE,1.0,,,0.5,,,1.0,,,33100.0,,,33100.0,,,1.0,,
442291,PURE KIDS DEO MELON 50ML(OL),3422 - KIDS COLOGNE,MEDICINE & BABY CARE,1.0,,,1.0,,,1.0,,,45400.0,,,45400.0,,,2.0,,
421341,DOREMI H&B NUSSA RARRA BTL200ML,3423 - KIDS LIQUID SOAP,MEDICINE & BABY CARE,1.0,1.0,0.0,8.0,3.33,-0.5838,1.14,1.0,-0.1228,25081.0,25110.0,0.0012,28592.0,25110.0,-0.1218,14.0,10.0,-0.2857
428427,DOREMI H&B BOBOIBOY REF300ML,3423 - KIDS LIQUID SOAP,MEDICINE & BABY CARE,1.0,1.23,0.23,13.5,7.33,-0.457,1.17,1.16,-0.0085,19878.0,24377.0,0.2263,23257.0,28277.0,0.2158,23.0,19.0,-0.1739
124563,KODOMO B.WASH STR BTL 200ML,3423 - KIDS LIQUID SOAP,MEDICINE & BABY CARE,1.09,1.0,-0.0826,23.0,15.67,-0.3187,1.0,1.02,0.02,19300.0,17957.0,-0.0696,19300.0,18316.0,-0.051,46.0,46.0,0.0
413211,KODOMO B.WASH ORANGE BTL 200ML,3423 - KIDS LIQUID SOAP,MEDICINE & BABY CARE,1.0,1.0,0.0,12.5,6.33,-0.4936,1.0,1.12,0.12,17932.0,17932.0,0.0,17932.0,20084.0,0.12,25.0,17.0,-0.32
434383,KODOMO BW BLEUBERRY 200ML (OL),3423 - KIDS LIQUID SOAP,MEDICINE & BABY CARE,1.35,,,10.0,,,1.25,,,20655.0,,,25819.0,,,16.0,,
434384,KODOMO BW CHERRY 200ML (OL),3423 - KIDS LIQUID SOAP,MEDICINE & BABY CARE,1.53,,,8.5,,,1.31,,,23553.0,,,30854.0,,,13.0,,
450723,KODOMO BW 2IN1 PINK BRRIES300ML,3423 - KIDS LIQUID SOAP,MEDICINE & BABY CARE,,1.04,,,8.0,,,1.0,,,31004.0,,,31004.0,,,24.0,
465927,KODOMO B.WASH 2IN1 TROP 300ML,3423 - KIDS LIQUID SOAP,MEDICINE & BABY CARE,1.01,1.0,-0.0099,51.0,4.67,-0.9084,1.06,1.0,-0.0566,30193.0,29900.0,-0.0097,32005.0,29900.0,-0.0658,96.0,14.0,-0.8542
416773,MY BABY KIDS BW SOFT&SMTH 180ML,3423 - KIDS LIQUID SOAP,MEDICINE & BABY CARE,1.11,1.11,0.0,32.5,9.0,-0.7231,1.05,1.08,0.0286,17723.0,17785.0,0.0035,18609.0,19208.0,0.0322,62.0,25.0,-0.5968
434448,MY BABY K. HBW SF&NR 200ML,3423 - KIDS LIQUID SOAP,MEDICINE & BABY CARE,1.0,1.04,0.04,6.0,9.33,0.555,1.09,1.08,-0.0092,17583.0,18157.0,0.0326,19165.0,19610.0,0.0232,11.0,26.0,1.3636
447714,MY BABY KIDS H&B PINK 280ML(OL),3423 - KIDS LIQUID SOAP,MEDICINE & BABY CARE,2.0,,,2.0,,,1.33,,,48000.0,,,63840.0,,,3.0,,
447715,MY BABY KIDS H&B BLUE 280ML(OL),3423 - KIDS LIQUID SOAP,MEDICINE & BABY CARE,1.67,,,3.0,,,1.2,,,40000.0,,,48000.0,,,5.0,,
418056,ZWITSAL K.BB CLN&FRSH 250ML(OL),3423 - KIDS LIQUID SOAP,MEDICINE & BABY CARE,1.33,,,1.5,,,1.0,,,29467.0,,,29467.0,,,3.0,,
421049,ZWITSAL HBW 2IN1 NAT&NOUR 250ML,3423 - KIDS LIQUID SOAP,MEDICINE & BABY CARE,1.16,1.0,-0.1379,53.5,4.0,-0.9252,1.13,1.09,-0.0354,26322.0,22700.0,-0.1376,29744.0,24743.0,-0.1681,95.0,11.0,-0.8842
421451,ZWITSAL K.H&B 2IN1 PINK 280ML,3423 - KIDS LIQUID SOAP,MEDICINE & BABY CARE,1.06,1.29,0.217,15.5,2.33,-0.8497,1.03,1.0,-0.0291,35158.0,42429.0,0.2068,36213.0,42429.0,0.1717,30.0,7.0,-0.7667
431059,ZWITSAL K.H&B 2IN1 GREEN 280ML,3423 - KIDS LIQUID SOAP,MEDICINE & BABY CARE,1.0,1.0,0.0,6.0,1.67,-0.7217,1.0,1.25,0.25,33050.0,28260.0,-0.1449,33050.0,35325.0,0.0688,12.0,4.0,-0.6667
437017,B&B T.PASTE RIKO 45G(OL),3424 - TOOTH PASTE KIDS,MEDICINE & BABY CARE,1.0,,,1.5,,,1.5,,,6833.0,,,10250.0,,,2.0,,
419645,COLGATE KIDS PG MINION 40G,3424 - TOOTH PASTE KIDS,MEDICINE & BABY CARE,1.18,1.14,-0.0339,11.0,7.33,-0.3336,1.05,1.22,0.1619,19973.0,19264.0,-0.0355,20972.0,23502.0,0.1206,21.0,18.0,-0.1429
437236,COLGATE KIDS PG BARBIE 40G,3424 - TOOTH PASTE KIDS,MEDICINE & BABY CARE,1.0,1.0,0.0,4.5,5.33,0.1844,1.0,1.07,0.07,17011.0,16912.0,-0.0058,17011.0,18096.0,0.0638,9.0,15.0,0.6667
437908,COLGATE KIDS PG BATMAN 40G (OL),3424 - TOOTH PASTE KIDS,MEDICINE & BABY CARE,1.33,,,1.5,,,1.5,,,19333.0,,,29000.0,,,2.0,,
407776,DARLIE PG KIDS JNR STW 40GR(OL),3424 - TOOTH PASTE KIDS,MEDICINE & BABY CARE,1.0,,,0.5,,,1.0,,,17900.0,,,17900.0,,,1.0,,
118162,DEE DEE PG CHILD GRAPE 50G (OL),3424 - TOOTH PASTE KIDS,MEDICINE & BABY CARE,1.0,,,0.5,,,1.0,,,6600.0,,,6600.0,,,1.0,,
118163,DEE DEE PG CHILD ORANGE 50G(OL),3424 - TOOTH PASTE KIDS,MEDICINE & BABY CARE,1.0,,,0.5,,,1.0,,,6600.0,,,6600.0,,,1.0,,
102355,ENZIM PG ANAK BUBLE GUM 63G(OL),3424 - TOOTH PASTE KIDS,MEDICINE & BABY CARE,1.17,,,6.0,,,1.09,,,17383.0,,,18947.0,,,11.0,,
102356,ENZIM PG ANAK STRAWBERY63G,3424 - TOOTH PASTE KIDS,MEDICINE & BABY CARE,1.04,1.06,0.0192,56.0,21.67,-0.613,1.15,1.03,-0.1043,18312.0,18725.0,0.0226,21059.0,19287.0,-0.0841,97.0,63.0,-0.3505
263842,ENZIM PG ANAK ORANGE 63G(OL),3424 - TOOTH PASTE KIDS,MEDICINE & BABY CARE,1.14,,,3.5,,,1.17,,,17029.0,,,19924.0,,,6.0,,
435237,ENZIM PG MIXDENT 93G(OL),3424 - TOOTH PASTE KIDS,MEDICINE & BABY CARE,1.33,,,3.0,,,1.2,,,24667.0,,,29600.0,,,5.0,,
435033,JORDAN PG KIDS STEP 1 75G (OL),3424 - TOOTH PASTE KIDS,MEDICINE & BABY CARE,1.5,,,2.0,,,1.33,,,48350.0,,,64306.0,,,3.0,,
435034,JORDAN PG KIDS STEP 2 75G (OL),3424 - TOOTH PASTE KIDS,MEDICINE & BABY CARE,1.25,,,2.0,,,2.0,,,40000.0,,,80000.0,,,2.0,,
439753,JORDAN PG KIDS 2 STP APL75G(OL),3424 - TOOTH PASTE KIDS,MEDICINE & BABY CARE,1.5,,,1.0,,,1.0,,,48000.0,,,48000.0,,,2.0,,
120795,KODOMO PG ANAK ORANGE 45G,3424 - TOOTH PASTE KIDS,MEDICINE & BABY CARE,1.11,1.25,0.1261,63.0,34.67,-0.4497,1.04,1.03,-0.0096,8649.0,9740.0,0.1261,8995.0,10032.0,0.1153,121.0,101.0,-0.1653
120796,KODOMO PG ANAK STRAWBERRY 45G,3424 - TOOTH PASTE KIDS,MEDICINE & BABY CARE,1.09,1.12,0.0275,110.5,40.0,-0.638,1.06,1.08,0.0189,8542.0,8728.0,0.0218,9055.0,9426.0,0.041,209.0,111.0,-0.4689
121446,KODOMO PG GRAPE 45G (OL),3424 - TOOTH PASTE KIDS,MEDICINE & BABY CARE,1.38,,,6.5,,,1.08,,,9715.0,,,10492.0,,,12.0,,
194049,KODOMO PG MELON 45G (OL),3424 - TOOTH PASTE KIDS,MEDICINE & BABY CARE,1.43,,,7.0,,,1.27,,,9964.0,,,12654.0,,,11.0,,
426238,KODOMO PG ANAK M.BERRIES GEL45G,3424 - TOOTH PASTE KIDS,MEDICINE & BABY CARE,1.13,1.08,-0.0442,72.5,50.33,-0.3058,1.05,1.09,0.0381,8800.0,8401.0,-0.0453,9240.0,9157.0,-0.009,138.0,139.0,0.0072
438158,KODOMO PG STRAWBERRY 80G (OL),3424 - TOOTH PASTE KIDS,MEDICINE & BABY CARE,1.57,,,3.5,,,1.0,,,14300.0,,,14300.0,,,7.0,,
435288,MY BABY KIDS PG STRAWBERRY 45G,3424 - TOOTH PASTE KIDS,MEDICINE & BABY CARE,1.44,1.48,0.0278,63.0,28.67,-0.5449,1.03,1.08,0.0485,10018.0,10226.0,0.0208,10319.0,11044.0,0.0703,122.0,80.0,-0.3443
412271,PEPSODENT PG KIDS STRAWBERRY50G,3424 - TOOTH PASTE KIDS,MEDICINE & BABY CARE,1.14,1.11,-0.0263,91.0,36.0,-0.6044,1.09,1.07,-0.0183,10058.0,10208.0,0.0149,10963.0,10923.0,-0.0036,167.0,101.0,-0.3952
431385,PUREKIDS TOOTHPST BNNA50G (OL),3424 - TOOTH PASTE KIDS,MEDICINE & BABY CARE,2.0,,,0.5,,,1.0,,,98000.0,,,98000.0,,,1.0,,
444472,COLGATE SG MINION 2-5 YEARS(OL),3425 - TOOTH BRUSH KIDS,MEDICINE & BABY CARE,1.0,1.0,0.0,0.5,0.33,-0.34,1.0,1.0,0.0,24900.0,23900.0,-0.0402,24900.0,23900.0,-0.0402,1.0,1.0,0.0
444473,COLGATE SG MINION 5-9 YEARS 1S,3425 - TOOTH BRUSH KIDS,MEDICINE & BABY CARE,1.14,1.0,-0.1228,7.0,5.0,-0.2857,1.0,1.0,0.0,33143.0,29060.0,-0.1232,33143.0,29060.0,-0.1232,14.0,15.0,0.0714
444474,COLGATE SG BARBIE 6 YEARS (OL),3425 - TOOTH BRUSH KIDS,MEDICINE & BABY CARE,1.0,,,0.5,,,1.0,,,24900.0,,,24900.0,,,1.0,,
214072,FORMULA PG+SG JUNIOR STR/GUM45G,3425 - TOOTH BRUSH KIDS,MEDICINE & BABY CARE,1.05,1.04,-0.0095,29.5,18.0,-0.3898,1.02,1.02,0.0,12993.0,12789.0,-0.0157,13253.0,13045.0,-0.0157,58.0,53.0,-0.0862
408496,FORMULA PG+SG JUNIOR ORG/APL45G,3425 - TOOTH BRUSH KIDS,MEDICINE & BABY CARE,1.0,1.07,0.07,18.5,15.0,-0.1892,1.0,1.0,0.0,12314.0,13129.0,0.0662,12314.0,13129.0,0.0662,37.0,45.0,0.2162
211295,JORDAN SG K.BUDDY 5-10 SOFT(OL),3425 - TOOTH BRUSH KIDS,MEDICINE & BABY CARE,1.4,,,2.5,,,1.0,,,18060.0,,,18060.0,,,5.0,,
435031,JORDAN SG KIDS STEP 1 (OL),3425 - TOOTH BRUSH KIDS,MEDICINE & BABY CARE,1.0,,,0.5,,,1.0,,,26900.0,,,26900.0,,,1.0,,
435032,JORDAN SG KIDS STEP 2 (OL),3425 - TOOTH BRUSH KIDS,MEDICINE & BABY CARE,1.0,,,0.5,,,1.0,,,27000.0,,,27000.0,,,1.0,,
178446,KODOMO SG KIDS ZIG ZAG 2IN1,3425 - TOOTH BRUSH KIDS,MEDICINE & BABY CARE,1.1,1.21,0.1,67.0,35.0,-0.4776,1.04,1.03,-0.0096,12090.0,13477.0,0.1147,12574.0,13881.0,0.1039,129.0,102.0,-0.2093
340328,KODOMO 2IN1 FREE TOYS,3425 - TOOTH BRUSH KIDS,MEDICINE & BABY CARE,1.1,1.1,0.0,80.5,46.33,-0.4245,1.06,1.05,-0.0094,15494.0,15388.0,-0.0068,16424.0,16157.0,-0.0163,152.0,133.0,-0.125
445326,KODOMO SG KIDS FLEXY,3425 - TOOTH BRUSH KIDS,MEDICINE & BABY CARE,1.21,1.17,-0.0331,69.0,34.0,-0.5072,1.03,1.04,0.0097,12901.0,12345.0,-0.0431,13288.0,12839.0,-0.0338,134.0,98.0,-0.2687
443211,ORAL-B SG KIDS 1S,3425 - TOOTH BRUSH KIDS,MEDICINE & BABY CARE,1.2,1.23,0.025,47.0,16.0,-0.6596,1.07,1.0,-0.0654,15387.0,15733.0,0.0225,16464.0,15733.0,-0.0444,88.0,48.0,-0.4545
411512,PEPSODENT SG KIDS EXTRA SOFT,3425 - TOOTH BRUSH KIDS,MEDICINE & BABY CARE,1.34,1.17,-0.1269,19.0,8.0,-0.5789,1.0,1.04,0.04,15339.0,13112.0,-0.1452,15339.0,13636.0,-0.111,38.0,23.0,-0.3947
423303,PEPSODENT PG+SG KIDS STRAW 50G,3425 - TOOTH BRUSH KIDS,MEDICINE & BABY CARE,1.03,1.11,0.0777,19.0,9.0,-0.5263,1.03,1.0,-0.0291,16963.0,19319.0,0.1389,17472.0,19319.0,0.1057,37.0,27.0,-0.2703
434862,BELLAGIO POMADE KIDZ S.BERRY40G,3426 - KIDS HAIR VITAMIN,MEDICINE & BABY CARE,1.0,1.0,0.0,12.0,7.0,-0.4167,1.0,1.05,0.05,15567.0,15514.0,-0.0034,15567.0,16290.0,0.0464,24.0,20.0,-0.1667
434489,SOFTEX  BREAST PADS 50 (MB),3441 - MOTHER CARE,MEDICINE & BABY CARE,,1.0,,,0.33,,,1.0,,,64900.0,,,64900.0,,,1.0,
112680,HUKI DOT SILICONE L 3S,"3443 - NURSING, BOTTLE & PACIFIER",MEDICINE & BABY CARE,1.0,1.0,0.0,3.5,1.67,-0.5229,1.0,1.0,0.0,44571.0,45580.0,0.0226,44571.0,45580.0,0.0226,7.0,5.0,-0.2857
239422,HUKI DOT SILICONE L,"3443 - NURSING, BOTTLE & PACIFIER",MEDICINE & BABY CARE,1.07,1.0,-0.0654,7.0,1.33,-0.81,1.08,1.0,-0.0741,18943.0,17800.0,-0.0603,20458.0,17800.0,-0.1299,13.0,4.0,-0.6923
340287,HUKI BOTOL PP 240ML,"3443 - NURSING, BOTTLE & PACIFIER",MEDICINE & BABY CARE,1.0,1.0,0.0,2.0,1.67,-0.165,1.0,1.0,0.0,40050.0,39960.0,-0.0022,40050.0,39960.0,-0.0022,4.0,5.0,0.25
340331,HUKI BOTOL PP 120ML,"3443 - NURSING, BOTTLE & PACIFIER",MEDICINE & BABY CARE,1.0,1.0,0.0,2.0,1.67,-0.165,1.0,1.0,0.0,35950.0,37440.0,0.0414,35950.0,37440.0,0.0414,4.0,5.0,0.25
406568,HUKI BOTOL PP 60ML,"3443 - NURSING, BOTTLE & PACIFIER",MEDICINE & BABY CARE,1.0,1.0,0.0,0.5,1.0,1.0,1.0,1.0,0.0,33000.0,33067.0,0.002,33000.0,33067.0,0.002,1.0,3.0,2.0
433170,HUKI EMPENG BLISTER 2S,"3443 - NURSING, BOTTLE & PACIFIER",MEDICINE & BABY CARE,1.0,1.0,0.0,2.0,2.0,0.0,1.0,1.0,0.0,49900.0,49617.0,-0.0057,49900.0,49617.0,-0.0057,4.0,6.0,0.5
439270,HUKI DOT ORTHODONTIC S 1S (OL),"3443 - NURSING, BOTTLE & PACIFIER",MEDICINE & BABY CARE,1.0,,,0.5,,,1.0,,,14000.0,,,14000.0,,,1.0,,
439118,PHILIPS AVENT BTL CLASSIC 260ML,"3443 - NURSING, BOTTLE & PACIFIER",MEDICINE & BABY CARE,1.0,1.0,0.0,6.5,2.33,-0.6415,1.08,1.0,-0.0741,49900.0,49900.0,0.0,53892.0,49900.0,-0.0741,12.0,7.0,-0.4167
439120,PHILIPS AVENT DOT 3 HOLES(OL),"3443 - NURSING, BOTTLE & PACIFIER",MEDICINE & BABY CARE,1.0,,,0.5,,,1.0,,,62400.0,,,62400.0,,,1.0,,
439121,PHILIPS AVENT DOT 4 HOLES 2S,"3443 - NURSING, BOTTLE & PACIFIER",MEDICINE & BABY CARE,1.0,1.0,0.0,2.0,3.0,0.5,1.0,1.29,0.29,75000.0,75167.0,0.0022,75000.0,96965.0,0.2929,4.0,7.0,0.75
440860,PHILIPS AVENT BTL CLASSIC 125ML,"3443 - NURSING, BOTTLE & PACIFIER",MEDICINE & BABY CARE,1.25,1.0,-0.2,6.0,2.67,-0.555,1.09,1.0,-0.0826,57425.0,45850.0,-0.2016,62593.0,45850.0,-0.2675,11.0,8.0,-0.2727
443274,PHILIPS AVENT BTL GIRAFFE 260ML,"3443 - NURSING, BOTTLE & PACIFIER",MEDICINE & BABY CARE,1.0,1.0,0.0,0.5,4.67,8.34,1.0,1.0,0.0,54400.0,54500.0,0.0018,54400.0,54500.0,0.0018,1.0,14.0,13.0
101612,PIGEON BOTOL PP 120ML,"3443 - NURSING, BOTTLE & PACIFIER",MEDICINE & BABY CARE,1.0,1.07,0.07,1.5,5.0,2.3333,1.0,1.0,0.0,43000.0,46013.0,0.0701,43000.0,46013.0,0.0701,3.0,15.0,4.0
114402,PIGEON MAGMAG ALL IN 1 SET (MB),"3443 - NURSING, BOTTLE & PACIFIER",MEDICINE & BABY CARE,1.0,,,0.5,,,1.0,,,111600.0,,,111600.0,,,1.0,,
126816,PIGEON PERISTALTIC NIPPLE L,"3443 - NURSING, BOTTLE & PACIFIER",MEDICINE & BABY CARE,1.15,1.25,0.087,6.5,4.0,-0.3846,1.08,1.0,-0.0741,25446.0,27500.0,0.0807,27482.0,27500.0,0.0007,12.0,12.0,0.0
126910,PIGEON BOTOL PP RP 50ML,"3443 - NURSING, BOTTLE & PACIFIER",MEDICINE & BABY CARE,1.0,1.33,0.33,0.5,1.0,1.0,1.0,1.0,0.0,43200.0,57367.0,0.3279,43200.0,57367.0,0.3279,1.0,3.0,2.0
228430,PIGEON MLIGHT/ SLC PACIFIER ST2,"3443 - NURSING, BOTTLE & PACIFIER",MEDICINE & BABY CARE,1.0,1.0,0.0,0.5,2.0,3.0,1.0,1.0,0.0,46500.0,46633.0,0.0029,46500.0,46633.0,0.0029,1.0,6.0,5.0
263450,PIGEON BOTOL PP RP 240ML,"3443 - NURSING, BOTTLE & PACIFIER",MEDICINE & BABY CARE,1.0,1.0,0.0,7.0,1.67,-0.7614,1.08,1.0,-0.0741,48857.0,49820.0,0.0197,52766.0,49820.0,-0.0558,13.0,5.0,-0.6154
340037,PIGEON PERISTALTIC NIPPLE L 3S,"3443 - NURSING, BOTTLE & PACIFIER",MEDICINE & BABY CARE,1.0,1.0,0.0,8.0,4.0,-0.5,1.14,1.0,-0.1228,53838.0,53733.0,-0.002,61375.0,53733.0,-0.1245,14.0,12.0,-0.1429
432663,PIGEON BTL CLEAR BLUE 240ML(MB),"3443 - NURSING, BOTTLE & PACIFIER",MEDICINE & BABY CARE,1.0,,,0.5,,,1.0,,,55900.0,,,55900.0,,,1.0,,
445476,PIGEON WIDE NECK 240ML (MB),"3443 - NURSING, BOTTLE & PACIFIER",MEDICINE & BABY CARE,,1.0,,,0.67,,,1.0,,,58400.0,,,58400.0,,,2.0,
446819,PIGEON SOFTOUCH L 2S,"3443 - NURSING, BOTTLE & PACIFIER",MEDICINE & BABY CARE,1.0,1.0,0.0,2.5,2.0,-0.2,1.0,1.2,0.2,66940.0,66950.0,0.0001,66940.0,80340.0,0.2002,5.0,5.0,0.0
446820,PIGEON WIDE NECK 160ML,"3443 - NURSING, BOTTLE & PACIFIER",MEDICINE & BABY CARE,1.0,1.0,0.0,6.0,2.33,-0.6117,1.0,1.17,0.17,55217.0,55200.0,-0.0003,55217.0,64584.0,0.1696,12.0,6.0,-0.5
437343,CUSSONS BABY 2IN1 SIKAT BTL(MB),3444 - BABY EQUIPMENT,MEDICINE & BABY CARE,1.0,1.0,0.0,0.5,0.67,0.34,1.0,1.0,0.0,37600.0,29300.0,-0.2207,37600.0,29300.0,-0.2207,1.0,2.0,1.0
61349,CUSSONS BABY PACK BAG,3444 - BABY EQUIPMENT,MEDICINE & BABY CARE,1.0,,,6.5,,,1.08,,,58900.0,,,63612.0,,,12.0,,
439079,JOHNSON'S BABY GIFT BOX(OL),3444 - BABY EQUIPMENT,MEDICINE & BABY CARE,1.0,,,0.5,,,1.0,,,109900.0,,,109900.0,,,1.0,,
449142,MOELL 3IN1 POUCH (OL),3444 - BABY EQUIPMENT,MEDICINE & BABY CARE,1.0,,,0.5,,,1.0,,,210900.0,,,210900.0,,,1.0,,
412649,PIGEON 2IN1 BOTTLE NIPPLE BRUSH,3444 - BABY EQUIPMENT,MEDICINE & BABY CARE,1.0,1.0,0.0,5.5,3.0,-0.4545,1.0,1.0,0.0,42309.0,43100.0,0.0187,42309.0,43100.0,0.0187,11.0,9.0,-0.1818
415631,ZWITSAL MINI TRAVEL PACK (OL),3444 - BABY EQUIPMENT,MEDICINE & BABY CARE,13.82,,,5.5,,,5.5,,,389673.0,,,2143202.0,,,2.0,,
122256,CUSSONS B LIQ CLEANSER 300ML,3446 - BABY LIQUID CLEANSER,MEDICINE & BABY CARE,1.12,1.09,-0.0268,37.5,22.33,-0.4045,1.17,1.12,-0.0427,23731.0,23007.0,-0.0305,27765.0,25768.0,-0.0719,64.0,60.0,-0.0625
447029,CUSSONS BB LIQ CLS700+300ML(OL),3446 - BABY LIQUID CLEANSER,MEDICINE & BABY CARE,1.0,,,1.5,,,1.5,,,42967.0,,,64450.0,,,2.0,,
404367,MY BABY BOTTLE CLNS 300/400ML,3446 - BABY LIQUID CLEANSER,MEDICINE & BABY CARE,1.19,1.33,0.1176,52.0,2.0,-0.9615,1.12,1.0,-0.1071,21819.0,20267.0,-0.0711,24437.0,20267.0,-0.1706,93.0,6.0,-0.9355
440528,PIGEON LIQ CLEANSR REF450ML(OL),3446 - BABY LIQUID CLEANSER,MEDICINE & BABY CARE,2.0,,,0.5,,,1.0,,,78000.0,,,78000.0,,,1.0,,
441504,PIGEON LIQ CLEANSR BTL500ML(OL),3446 - BABY LIQUID CLEANSER,MEDICINE & BABY CARE,2.0,,,0.5,,,1.0,,,103800.0,,,103800.0,,,1.0,,
431171,PROBABY LIQ CLEANSER REF 450ML,3446 - BABY LIQUID CLEANSER,MEDICINE & BABY CARE,1.15,1.06,-0.0783,45.5,21.0,-0.5385,1.2,1.12,-0.0667,22967.0,23316.0,0.0152,27560.0,26114.0,-0.0525,76.0,56.0,-0.2632
108950,SLEEK BTL NIPPLE CLEANSER 450ML,3446 - BABY LIQUID CLEANSER,MEDICINE & BABY CARE,1.09,1.08,-0.0092,34.0,8.67,-0.745,1.11,1.04,-0.0631,38556.0,38242.0,-0.0081,42797.0,39772.0,-0.0707,61.0,25.0,-0.5902
320413,SLEEK NIPPLE CLNS BTL 500ML(OL),3446 - BABY LIQUID CLEANSER,MEDICINE & BABY CARE,1.33,,,1.5,,,1.0,,,51867.0,,,51867.0,,,3.0,,
429495,SLEEK BTL NIPPLE CLEANSER 150ML,3446 - BABY LIQUID CLEANSER,MEDICINE & BABY CARE,1.02,1.0,-0.0196,41.0,14.33,-0.6505,1.08,1.05,-0.0278,16006.0,15588.0,-0.0261,17286.0,16367.0,-0.0532,76.0,41.0,-0.4605
434437,SLEEK BB CLEANSER PCH 900ML(OL),3446 - BABY LIQUID CLEANSER,MEDICINE & BABY CARE,1.0,,,3.0,,,1.0,,,55500.0,,,55500.0,,,6.0,,
441918,ALAMII GUM HONEYTROP 40G,2321 - POCKET CANDY,MEJA KASIR,1.15,1.04,-0.0957,49.5,15.33,-0.6903,1.1,1.07,-0.0273,14456.0,13263.0,-0.0825,15902.0,14191.0,-0.1076,90.0,43.0,-0.5222
441919,ALAMII GUM HONBERRI 40G,2321 - POCKET CANDY,MEJA KASIR,1.22,1.09,-0.1066,46.0,29.0,-0.3696,1.12,1.12,0.0,15683.0,13939.0,-0.1112,17565.0,15612.0,-0.1112,82.0,78.0,-0.0488
230236,ALFAMART YUPI FRT GUMMY ALBI40G,2321 - POCKET CANDY,MEJA KASIR,1.26,1.2,-0.0476,45.5,35.67,-0.216,1.05,1.04,-0.0095,5151.0,4718.0,-0.0841,5409.0,4907.0,-0.0928,87.0,103.0,0.1839
441061,ALFAMART YUPI TSUM2 FRUITY 40G,2321 - POCKET CANDY,MEJA KASIR,1.17,1.08,-0.0769,32.5,26.33,-0.1898,1.08,1.03,-0.0463,5729.0,5087.0,-0.1121,6187.0,5240.0,-0.1531,60.0,77.0,0.2833
427826,AMOS 4D GUMMY BLOCK 40G,2321 - POCKET CANDY,MEJA KASIR,1.03,1.05,0.0194,30.5,28.67,-0.06,1.02,1.09,0.0686,11297.0,11509.0,0.0188,11523.0,12545.0,0.0887,60.0,79.0,0.3167
414157,BIG FOOT HIMALAYA SALT LEMON15G,2321 - POCKET CANDY,MEJA KASIR,1.52,1.54,0.0132,110.5,49.33,-0.5536,1.28,1.17,-0.0859,6742.0,7233.0,0.0728,8630.0,8463.0,-0.0194,172.0,126.0,-0.2674
439534,CANNON BALL PERMEN COKELAT 40G,2321 - POCKET CANDY,MEJA KASIR,1.15,1.16,0.0087,59.5,33.33,-0.4398,1.03,1.05,0.0194,6254.0,6436.0,0.0291,6442.0,6758.0,0.0491,115.0,95.0,-0.1739
136938,CHUPACHUPS CALCIVITA CRM 10.5G,2321 - POCKET CANDY,MEJA KASIR,1.2,1.77,0.475,678.5,189.67,-0.7205,1.15,1.18,0.0261,2406.0,4049.0,0.6829,2767.0,4778.0,0.7268,1185.0,484.0,-0.5916
408672,CHUPACHUPS SOUR BELT 7G,2321 - POCKET CANDY,MEJA KASIR,1.94,1.39,-0.2835,103.5,45.67,-0.5587,1.17,1.21,0.0342,5006.0,3726.0,-0.2557,5857.0,4508.0,-0.2303,177.0,113.0,-0.3616
411419,CHUPACHUPS BIG BABOL GUM 15G,2321 - POCKET CANDY,MEJA KASIR,1.37,1.51,0.1022,78.0,61.0,-0.2179,1.09,1.09,0.0,3834.0,4175.0,0.0889,4179.0,4551.0,0.089,143.0,168.0,0.1748
423911,CHUPACHUPS MELODY POPS 15G,2321 - POCKET CANDY,MEJA KASIR,1.32,1.32,0.0,114.0,68.0,-0.4035,1.17,1.05,-0.1026,5190.0,5329.0,0.0268,6072.0,5595.0,-0.0786,195.0,195.0,0.0
429453,CHUPA CHUPS SURPRISE AST 12G,2321 - POCKET CANDY,MEJA KASIR,1.12,1.11,-0.0089,24.5,21.67,-0.1155,1.17,1.0,-0.1453,15718.0,15683.0,-0.0022,18390.0,15683.0,-0.1472,42.0,65.0,0.5476
441412,CHUPACHUPS TUBES MINI 24G,2321 - POCKET CANDY,MEJA KASIR,1.12,,,55.5,,,1.21,,,6244.0,,,7555.0,,,92.0,,
445044,CHUPACHUPS TONGUE PAINTED 2X9G,2321 - POCKET CANDY,MEJA KASIR,1.06,,,25.5,,,1.16,,,3996.0,,,4635.0,,,44.0,,
459498,CHUPA CHUPS ROPES AST 24G,2321 - POCKET CANDY,MEJA KASIR,,1.13,,,25.0,,,1.09,,,6583.0,,,7175.0,,,69.0,
466573,CHUPACHUPS GUMMY COLA 45G,2321 - POCKET CANDY,MEJA KASIR,1.06,1.05,-0.0094,33.5,14.67,-0.5621,1.03,1.0,-0.0291,7903.0,7673.0,-0.0291,8140.0,7673.0,-0.0574,65.0,44.0,-0.3231
466574,CHUPACHUPS GUMMY PANDA BEARS45G,2321 - POCKET CANDY,MEJA KASIR,1.17,1.06,-0.094,52.0,12.0,-0.7692,1.09,1.0,-0.0826,8738.0,7661.0,-0.1233,9524.0,7661.0,-0.1956,95.0,36.0,-0.6211
125552,FISHERMAN'S SF BLKCURENT 22/25G,2321 - POCKET CANDY,MEJA KASIR,1.15,,,46.0,,,1.06,,,25291.0,,,26808.0,,,87.0,,
125552,FISHERMAN'S SF BLKCURENT 22G,2321 - POCKET CANDY,MEJA KASIR,,1.13,,,25.0,,,1.19,,,24793.0,,,29504.0,,,63.0,
175923,FISHERMAN'S SF LEMON 22/25G,2321 - POCKET CANDY,MEJA KASIR,1.17,,,34.5,,,1.06,,,25865.0,,,27417.0,,,65.0,,
175923,FISHERMAN'S SF LEMON 22G,2321 - POCKET CANDY,MEJA KASIR,,1.04,,,31.67,,,1.07,,,22852.0,,,24452.0,,,89.0,
1870,FISHERMAN'S SF MINT 22/25G,2321 - POCKET CANDY,MEJA KASIR,1.03,,,16.5,,,1.03,,,22567.0,,,23244.0,,,32.0,,
1870,FISHERMAN'S SF MINT 22G,2321 - POCKET CANDY,MEJA KASIR,,1.0,,,10.0,,,1.11,,,21960.0,,,24376.0,,,27.0,
1871,FISHERMAN'S EXT STRONG 22/25G,2321 - POCKET CANDY,MEJA KASIR,1.04,,,35.0,,,1.09,,,23059.0,,,25134.0,,,64.0,,
1871,FISHERMAN'S EXT STRONG 22G,2321 - POCKET CANDY,MEJA KASIR,,1.21,,,17.67,,,1.15,,,26498.0,,,30473.0,,,46.0,
401130,FISHERMAN'S SF SPEARMINT 22/25G,2321 - POCKET CANDY,MEJA KASIR,1.1,,,41.5,,,1.11,,,24059.0,,,26705.0,,,75.0,,
401130,FISHERMAN'S SF SPEARMINT 22G,2321 - POCKET CANDY,MEJA KASIR,,1.04,,,25.0,,,1.17,,,22783.0,,,26656.0,,,64.0,
401131,FISHERMAN'S SF HNY LEMON 22/25G,2321 - POCKET CANDY,MEJA KASIR,1.12,,,20.5,,,1.11,,,24676.0,,,27390.0,,,37.0,,
401131,FISHERMAN'S SF HNY LEMON 22G,2321 - POCKET CANDY,MEJA KASIR,,1.2,,,13.67,,,1.14,,,27095.0,,,30888.0,,,36.0,
426975,FISHERMAN'S CHOCO MINT 22/25G,2321 - POCKET CANDY,MEJA KASIR,1.02,,,27.0,,,1.26,,,22322.0,,,28126.0,,,43.0,,
426975,FISHERMAN'S CHOCO MINT 25/22G,2321 - POCKET CANDY,MEJA KASIR,,1.08,,,12.33,,,1.19,,,23597.0,,,28080.0,,,31.0,
426976,FISHERMAN'S CHOCO ORANGE 22/25G,2321 - POCKET CANDY,MEJA KASIR,1.06,,,16.5,,,1.14,,,23185.0,,,26431.0,,,29.0,,
426976,FISHERMAN'S CHOCO ORANGE 25/22G,2321 - POCKET CANDY,MEJA KASIR,,1.09,,,11.67,,,1.09,,,23837.0,,,25982.0,,,32.0,
450591,FOX'S GUMMY EMOTI HAPPYSAD 35G,2321 - POCKET CANDY,MEJA KASIR,1.0,1.34,0.34,1.0,78.67,77.67,1.0,1.08,0.08,6500.0,8724.0,0.3422,6500.0,9422.0,0.4495,2.0,219.0,108.5
450592,FOX'S GUMMY EMOTI LOVEANGRY 35G,2321 - POCKET CANDY,MEJA KASIR,1.0,1.36,0.36,0.5,87.67,174.34,1.0,1.1,0.1,6500.0,8813.0,0.3558,6500.0,9694.0,0.4914,1.0,239.0,238.0
108085,FROZZ BLUEBERRY MINT 14/15G,2321 - POCKET CANDY,MEJA KASIR,,1.02,,,19.67,,,1.02,,,9719.0,,,9913.0,,,58.0,
108085,FROZZ BLUEBERRY MINT 15G,2321 - POCKET CANDY,MEJA KASIR,1.05,,,22.0,,,1.05,,,9934.0,,,10431.0,,,42.0,,
2211,FROZZ BARLEY MINT POT 14/15G,2321 - POCKET CANDY,MEJA KASIR,,1.03,,,23.0,,,1.03,,,9859.0,,,10155.0,,,67.0,
2211,FROZZ BARLEY MINT POT 15G,2321 - POCKET CANDY,MEJA KASIR,1.05,,,30.5,,,1.02,,,10034.0,,,10235.0,,,60.0,,
2212,FROZZ CHERRY MINT 14/15G,2321 - POCKET CANDY,MEJA KASIR,,1.38,,,29.33,,,1.63,,,12975.0,,,21149.0,,,54.0,
2212,FROZZ CHERRY MINT 15G,2321 - POCKET CANDY,MEJA KASIR,1.02,,,31.5,,,1.15,,,9660.0,,,11109.0,,,55.0,,
412403,FROZZ ANGGUR MINT 14G,2321 - POCKET CANDY,MEJA KASIR,,1.04,,,16.67,,,1.04,,,9718.0,,,10107.0,,,48.0,
465721,FROZZ PINKBERRY MINT 14G,2321 - POCKET CANDY,MEJA KASIR,1.0,1.0,0.0,14.0,1.0,-0.9286,1.0,1.0,0.0,9486.0,9167.0,-0.0336,9486.0,9167.0,-0.0336,28.0,3.0,-0.8929
465722,FROZZ MELON MINT 14G,2321 - POCKET CANDY,MEJA KASIR,1.03,1.0,-0.0291,14.5,3.0,-0.7931,1.04,1.0,-0.0385,9807.0,9378.0,-0.0437,10199.0,9378.0,-0.0805,28.0,9.0,-0.6786
443566,FRUTA GUMMY MIX 45G,2321 - POCKET CANDY,MEJA KASIR,1.42,1.22,-0.1408,88.0,80.67,-0.0833,1.17,1.21,0.0342,7056.0,6224.0,-0.1179,8256.0,7531.0,-0.0878,151.0,200.0,0.3245
445725,FRUZZ BALL CANDY FRUIT 25.5G,2321 - POCKET CANDY,MEJA KASIR,1.19,1.36,0.1429,42.5,9.33,-0.7805,1.04,1.0,-0.0385,5573.0,5971.0,0.0714,5796.0,5971.0,0.0302,82.0,28.0,-0.6585
100710,GO FRESS PEPPERMINT 24S,2321 - POCKET CANDY,MEJA KASIR,1.11,1.08,-0.027,23.5,12.33,-0.4753,1.02,1.06,0.0392,16030.0,15351.0,-0.0424,16351.0,16272.0,-0.0048,46.0,35.0,-0.2391
230123,GO FRESS GRAPE 24S,2321 - POCKET CANDY,MEJA KASIR,1.0,1.08,0.08,14.0,4.0,-0.7143,1.04,1.0,-0.0385,14621.0,14958.0,0.023,15206.0,14958.0,-0.0163,27.0,12.0,-0.5556
449953,GO FRESS LITE ICY MELON 24S,2321 - POCKET CANDY,MEJA KASIR,,1.0,,,5.33,,,1.07,,,12312.0,,,13174.0,,,15.0,
449954,GO FRESS LITE MINTY PEACH 24S,2321 - POCKET CANDY,MEJA KASIR,,1.02,,,13.33,,,1.03,,,12662.0,,,13042.0,,,39.0,
422923,HEXOS MINT 8X2.5G,2321 - POCKET CANDY,MEJA KASIR,1.31,1.23,-0.0611,92.0,71.0,-0.2283,1.11,1.11,0.0,5436.0,5296.0,-0.0258,6034.0,5879.0,-0.0257,166.0,192.0,0.1566
449704,JAGOAN NEON LPOP 3X9G,2321 - POCKET CANDY,MEJA KASIR,,1.13,,,42.67,,,1.06,,,4692.0,,,4974.0,,,121.0,
407547,JLO LOLLIPOP DISNEY 15G,2321 - POCKET CANDY,MEJA KASIR,1.38,,,17.0,,,1.03,,,8221.0,,,8468.0,,,33.0,,
415732,JLO LOLLIPOP AST 15G,2321 - POCKET CANDY,MEJA KASIR,1.17,1.17,0.0,29.5,7.67,-0.74,1.13,1.05,-0.0708,6900.0,6143.0,-0.1097,7797.0,6450.0,-0.1728,52.0,22.0,-0.5769
459384,JLO JELLY FRIED EGG 20G,2321 - POCKET CANDY,MEJA KASIR,,1.25,,,44.67,,,1.15,,,7410.0,,,8522.0,,,117.0,
465630,JLO GUMMY PEELING PCH 40G,2321 - POCKET CANDY,MEJA KASIR,1.09,1.11,0.0183,44.5,27.0,-0.3933,1.09,1.07,-0.0183,10831.0,11060.0,0.0211,11806.0,11834.0,0.0024,82.0,76.0,-0.0732
78329,KOALA-LA CANDY STRAWBERRY 10G,2321 - POCKET CANDY,MEJA KASIR,1.32,1.17,-0.1136,60.5,33.67,-0.4435,1.1,1.11,0.0091,7653.0,6861.0,-0.1035,8418.0,7616.0,-0.0953,110.0,91.0,-0.1727
78332,KOALA-LA CANDY BLUBERI 10G,2321 - POCKET CANDY,MEJA KASIR,1.16,1.19,0.0259,73.5,54.33,-0.2608,1.11,1.12,0.009,6694.0,6829.0,0.0202,7430.0,7648.0,0.0293,133.0,145.0,0.0902
408772,KOPIKO CANDY BLISTER 32G,2321 - POCKET CANDY,MEJA KASIR,1.06,1.06,0.0,34.5,30.0,-0.1304,1.01,1.06,0.0495,8909.0,9146.0,0.0266,8998.0,9695.0,0.0775,68.0,85.0,0.25
423989,KOPIKO CANDY SGRFREE BLISTER32G,2321 - POCKET CANDY,MEJA KASIR,1.06,1.1,0.0377,31.0,14.0,-0.5484,1.09,1.05,-0.0367,12935.0,13352.0,0.0322,14099.0,14020.0,-0.0056,57.0,40.0,-0.2982
412681,KORORO GRAPE JLY CANDY 40G,2321 - POCKET CANDY,MEJA KASIR,1.11,1.07,-0.036,19.0,19.0,0.0,1.06,1.12,0.0566,16663.0,16105.0,-0.0335,17663.0,18038.0,0.0212,36.0,51.0,0.4167
419055,KORORO PEACH JLY CANDY 40G,2321 - POCKET CANDY,MEJA KASIR,1.03,1.1,0.068,15.0,3.33,-0.778,1.0,1.0,0.0,15560.0,19000.0,0.2211,15560.0,19000.0,0.2211,30.0,10.0,-0.6667
466605,MARI CAFE CAPPUCCINO 35G,2321 - POCKET CANDY,MEJA KASIR,1.03,1.15,0.1165,15.5,20.0,0.2903,1.03,1.13,0.0971,11271.0,12463.0,0.1058,11609.0,14083.0,0.2131,30.0,53.0,0.7667
466606,MARI CAFE ESPRESSO 35G,2321 - POCKET CANDY,MEJA KASIR,1.13,1.11,-0.0177,19.5,18.33,-0.06,1.08,1.04,-0.037,12313.0,12011.0,-0.0245,13298.0,12491.0,-0.0607,36.0,53.0,0.4722
115448,MENTOS RAINBOW ROLL 37G,2321 - POCKET CANDY,MEJA KASIR,1.48,1.31,-0.1149,135.0,119.0,-0.1185,1.09,1.08,-0.0092,7631.0,6052.0,-0.2069,8318.0,6536.0,-0.2142,248.0,330.0,0.3306
131418,MENTOS FRUIT ROLL 37G,2321 - POCKET CANDY,MEJA KASIR,1.39,1.21,-0.1295,109.0,79.33,-0.2722,1.06,1.09,0.0283,7061.0,5525.0,-0.2175,7485.0,6022.0,-0.1955,206.0,218.0,0.0583
1962,MENTOS MINT ROLL 37G,2321 - POCKET CANDY,MEJA KASIR,1.42,1.38,-0.0282,183.0,148.67,-0.1876,1.1,1.12,0.0182,7327.0,6371.0,-0.1305,8060.0,7136.0,-0.1146,333.0,400.0,0.2012
228753,MENTOS GRAPE ROLL 37G,2321 - POCKET CANDY,MEJA KASIR,1.29,1.18,-0.0853,72.0,61.33,-0.1482,1.1,1.09,-0.0091,6523.0,5394.0,-0.1731,7175.0,5879.0,-0.1806,131.0,169.0,0.2901
411162,MENTOS INC CHEW GRAPE 45G,2321 - POCKET CANDY,MEJA KASIR,1.19,1.25,0.0504,28.5,6.67,-0.766,1.14,1.18,0.0351,9291.0,7750.0,-0.1659,10592.0,9145.0,-0.1366,50.0,17.0,-0.66
429945,MENTOS PEACH ORANGE ROLL 37G,2321 - POCKET CANDY,MEJA KASIR,1.23,3.0,1.439,111.0,0.33,-0.997,1.12,1.0,-0.1071,5427.0,14700.0,1.7087,6078.0,14700.0,1.4186,199.0,1.0,-0.995
465864,MENTOS WATERMELON ROLL 37G,2321 - POCKET CANDY,MEJA KASIR,1.36,1.5,0.1029,51.5,2.0,-0.9612,1.03,1.0,-0.0291,6406.0,6600.0,0.0303,6598.0,6600.0,0.0003,100.0,6.0,-0.94
466370,MENTOS FEELING BERRY ROLL 37.8G,2321 - POCKET CANDY,MEJA KASIR,,1.26,,,58.0,,,1.07,,,5704.0,,,6103.0,,,163.0,
437359,MILKITA CANDY BITES 24G,2321 - POCKET CANDY,MEJA KASIR,1.16,1.31,0.1293,310.5,185.33,-0.4031,1.09,1.1,0.0092,6100.0,6868.0,0.1259,6649.0,7555.0,0.1363,569.0,504.0,-0.1142
446455,MILKITA LPOP BLUE 3X8.5G,2321 - POCKET CANDY,MEJA KASIR,1.28,1.15,-0.1016,119.5,56.0,-0.5314,1.11,1.11,0.0,6504.0,6103.0,-0.0617,7219.0,6774.0,-0.0616,215.0,152.0,-0.293
446456,MILKITA LPOP PINK 3X8.5G,2321 - POCKET CANDY,MEJA KASIR,1.23,1.15,-0.065,85.5,73.0,-0.1462,1.12,1.1,-0.0179,6177.0,6014.0,-0.0264,6918.0,6615.0,-0.0438,152.0,200.0,0.3158
229863,PAGODA PASTILES GREEN JERUK 35G,2321 - POCKET CANDY,MEJA KASIR,1.11,1.04,-0.0631,28.5,18.0,-0.3684,1.04,1.08,0.0385,12595.0,11504.0,-0.0866,13099.0,12424.0,-0.0515,55.0,50.0,-0.0909
51551,PEZ CANDY ASSORTED 17G,2321 - POCKET CANDY,MEJA KASIR,1.17,1.04,-0.1111,12.0,8.0,-0.3333,1.04,1.0,-0.0385,43229.0,38421.0,-0.1112,44958.0,38421.0,-0.1454,23.0,24.0,0.0435
407205,RELAXA PLAY AVENGERS AST 40G,2321 - POCKET CANDY,MEJA KASIR,1.12,1.14,0.0179,52.5,2.33,-0.9556,1.05,1.0,-0.0476,6154.0,5957.0,-0.032,6462.0,5957.0,-0.0781,100.0,7.0,-0.93
407206,RELAXA PLAY BOBOIBOY/FROZEN 40G,2321 - POCKET CANDY,MEJA KASIR,,1.11,,,64.0,,,1.11,,,6019.0,,,6681.0,,,173.0,
407206,RELAXA PLAY FROZEN 40G,2321 - POCKET CANDY,MEJA KASIR,1.18,,,53.5,,,1.07,,,6466.0,,,6919.0,,,100.0,,
440992,RICOLA SF ORI HERB 40G,2321 - POCKET CANDY,MEJA KASIR,1.1,1.06,-0.0364,15.5,10.33,-0.3335,1.0,1.03,0.03,25774.0,24919.0,-0.0332,25774.0,25667.0,-0.0042,31.0,30.0,-0.0323
440993,RICOLA SF LEMON MINT 40G,2321 - POCKET CANDY,MEJA KASIR,1.09,1.28,0.1743,5.5,16.67,2.0309,1.22,1.09,-0.1066,25636.0,29816.0,0.1631,31276.0,32499.0,0.0391,9.0,46.0,4.1111
230289,SIDOMUNCUL PERMEN TOLAKANGIN 5S,2321 - POCKET CANDY,MEJA KASIR,1.71,1.78,0.0409,115.0,64.0,-0.4435,1.13,1.32,0.1681,6317.0,6480.0,0.0258,7138.0,8554.0,0.1984,203.0,145.0,-0.2857
113060,STREPSILS ORIGINAL 20.8G,2321 - POCKET CANDY,MEJA KASIR,1.0,1.05,0.05,14.5,13.0,-0.1034,1.04,1.03,-0.0096,22569.0,23549.0,0.0434,23472.0,24255.0,0.0334,28.0,38.0,0.3571
113061,STREPSILS VITC ORANGE 20.8G,2321 - POCKET CANDY,MEJA KASIR,1.02,1.09,0.0686,20.5,18.33,-0.1059,1.0,1.04,0.04,23171.0,25276.0,0.0908,23171.0,26287.0,0.1345,41.0,53.0,0.2927
113066,STREPSILS COOL 20.8G,2321 - POCKET CANDY,MEJA KASIR,1.08,1.07,-0.0093,55.5,35.33,-0.3634,1.06,1.02,-0.0377,24329.0,24257.0,-0.003,25789.0,24742.0,-0.0406,105.0,104.0,-0.0095
113830,STREPSILS HONEY&LMN 20.8G,2321 - POCKET CANDY,MEJA KASIR,1.03,1.01,-0.0194,30.0,22.33,-0.2557,1.07,1.06,-0.0093,23358.0,22782.0,-0.0247,24993.0,24149.0,-0.0338,56.0,63.0,0.125
115205,STREPSILS SF LEMON 18.8G,2321 - POCKET CANDY,MEJA KASIR,1.12,1.02,-0.0893,20.5,14.0,-0.3171,1.05,1.02,-0.0286,27254.0,24926.0,-0.0854,28617.0,25425.0,-0.1115,39.0,41.0,0.0513
411555,STREPSILS MENTHOL VANILLA 20.8G,2321 - POCKET CANDY,MEJA KASIR,1.07,1.0,-0.0654,7.5,7.0,-0.0667,1.07,1.0,-0.0654,24253.0,22505.0,-0.0721,25951.0,22505.0,-0.1328,14.0,21.0,0.5
412546,STREPSILS COOL+VITC ORG PACK,2321 - POCKET CANDY,MEJA KASIR,1.0,1.0,0.0,13.0,11.0,-0.1538,1.04,1.0,-0.0385,35973.0,35976.0,0.0001,37412.0,35976.0,-0.0384,25.0,33.0,0.32
442041,SUGUS STICK BLACKCURRANT 30G,2321 - POCKET CANDY,MEJA KASIR,1.09,1.08,-0.0092,39.5,36.33,-0.0803,1.1,1.06,-0.0364,5511.0,5413.0,-0.0178,6062.0,5738.0,-0.0534,72.0,103.0,0.4306
442042,SUGUS STICK STROBERI 30G,2321 - POCKET CANDY,MEJA KASIR,1.09,1.12,0.0275,27.5,24.67,-0.1029,1.04,1.07,0.0288,5498.0,5597.0,0.018,5718.0,5989.0,0.0474,53.0,69.0,0.3019
465925,SUGUS STICK B2G1 3X30G,2321 - POCKET CANDY,MEJA KASIR,1.04,1.11,0.0673,47.0,3.0,-0.9362,1.08,1.0,-0.0741,10328.0,11000.0,0.0651,11154.0,11000.0,-0.0138,87.0,9.0,-0.8966
451348,SUPER ZUPER SOUR 5X2.5G,2321 - POCKET CANDY,MEJA KASIR,,1.18,,,30.0,,,1.06,,,5242.0,,,5557.0,,,85.0,
446555,SWEET FUN FRUIT CANDY 2G,2321 - POCKET CANDY,MEJA KASIR,1.02,1.05,0.0294,23.0,25.0,0.087,1.02,1.01,-0.0098,32500.0,32215.0,-0.0088,33150.0,32537.0,-0.0185,45.0,74.0,0.6444
440981,WONHAE GUMMY YOGURT ORI 48G,2321 - POCKET CANDY,MEJA KASIR,1.11,1.11,0.0,109.5,106.67,-0.0258,1.11,1.08,-0.027,11936.0,12337.0,0.0336,13249.0,13324.0,0.0057,197.0,297.0,0.5076
194860,WOODS' PMINT LOZ EXT STRONG 15G,2321 - POCKET CANDY,MEJA KASIR,1.32,1.3,-0.0152,94.0,59.67,-0.3652,1.18,1.17,-0.0085,12552.0,12456.0,-0.0076,14811.0,14574.0,-0.016,159.0,153.0,-0.0377
431069,WOODS' PMINT LOZ LEMON VITC 15G,2321 - POCKET CANDY,MEJA KASIR,1.07,1.17,0.0935,44.0,25.67,-0.4166,1.22,1.15,-0.0574,11147.0,12168.0,0.0916,13599.0,13993.0,0.029,72.0,67.0,-0.0694
123603,YUPI SOUR O'RINGO MINI 45G,2321 - POCKET CANDY,MEJA KASIR,1.1,1.11,0.0091,93.0,52.33,-0.4373,1.16,1.04,-0.1034,6383.0,6429.0,0.0072,7404.0,6686.0,-0.097,160.0,151.0,-0.0562
175383,YUPI PIZZA 23G,2321 - POCKET CANDY,MEJA KASIR,1.26,1.19,-0.0556,91.5,68.0,-0.2568,1.13,1.13,0.0,5713.0,5038.0,-0.1182,6456.0,5693.0,-0.1182,162.0,181.0,0.1173
181526,YUPI STRAWBERRY KISS 45G,2321 - POCKET CANDY,MEJA KASIR,1.06,1.1,0.0377,142.5,99.33,-0.3029,1.06,1.09,0.0283,6080.0,6284.0,0.0336,6445.0,6850.0,0.0628,268.0,273.0,0.0187
181528,YUPI HAPPY BEARS DAY 45G,2321 - POCKET CANDY,MEJA KASIR,1.14,1.14,0.0,226.0,111.0,-0.5088,1.16,1.14,-0.0172,6589.0,6461.0,-0.0194,7643.0,7366.0,-0.0362,390.0,291.0,-0.2538
181529,YUPI NEON STIX 45G,2321 - POCKET CANDY,MEJA KASIR,1.14,1.1,-0.0351,231.5,156.0,-0.3261,1.11,1.12,0.009,6603.0,6293.0,-0.0469,7329.0,7048.0,-0.0383,416.0,416.0,0.0
230107,YUPI GUMMY BIG FRANK 32G,2321 - POCKET CANDY,MEJA KASIR,1.12,1.13,0.0089,82.0,39.67,-0.5162,1.09,1.08,-0.0092,5802.0,5932.0,0.0224,6324.0,6407.0,0.0131,150.0,110.0,-0.2667
230286,YUPI FRUIT COCKTAILS 24G,2321 - POCKET CANDY,MEJA KASIR,1.18,1.09,-0.0763,124.0,72.0,-0.4194,1.18,1.17,-0.0085,5439.0,4601.0,-0.1541,6418.0,5383.0,-0.1613,211.0,185.0,-0.1232
230323,YUPI LITTLE STAR 45G,2321 - POCKET CANDY,MEJA KASIR,1.13,1.16,0.0265,120.5,82.33,-0.3168,1.09,1.15,0.055,6560.0,6703.0,0.0218,7150.0,7708.0,0.078,221.0,215.0,-0.0271
405116,YUPI NOODLES 23G,2321 - POCKET CANDY,MEJA KASIR,1.2,1.15,-0.0417,155.5,101.33,-0.3484,1.12,1.14,0.0179,5540.0,4861.0,-0.1226,6205.0,5542.0,-0.1068,278.0,267.0,-0.0396
416275,YUPI EXOTIC MANGO 45G,2321 - POCKET CANDY,MEJA KASIR,1.16,1.17,0.0086,105.0,55.67,-0.4698,1.06,1.03,-0.0283,6650.0,6708.0,0.0087,7049.0,6909.0,-0.0199,199.0,162.0,-0.1859
424817,YUPI BOLI BLACKBERRY PCH 40G,2321 - POCKET CANDY,MEJA KASIR,1.04,1.05,0.0096,42.0,33.0,-0.2143,1.14,1.04,-0.0877,8387.0,8481.0,0.0112,9561.0,8820.0,-0.0775,74.0,95.0,0.2838
424818,YUPI BOLI STRAWBERRY PCH 40G,2321 - POCKET CANDY,MEJA KASIR,1.07,1.09,0.0187,36.5,23.0,-0.3699,1.0,1.1,0.1,8578.0,8774.0,0.0228,8578.0,9651.0,0.1251,73.0,63.0,-0.137
438268,YUPI WILD SAFARI 44G,2321 - POCKET CANDY,MEJA KASIR,1.19,1.04,-0.1261,115.5,34.0,-0.7056,1.12,1.07,-0.0446,6774.0,5900.0,-0.129,7587.0,6313.0,-0.1679,206.0,95.0,-0.5388
442034,YUPI GUMMY BIG BURGER 32G,2321 - POCKET CANDY,MEJA KASIR,1.14,1.14,0.0,62.5,57.67,-0.0773,1.16,1.09,-0.0603,5811.0,5826.0,0.0026,6741.0,6350.0,-0.058,108.0,158.0,0.463
465712,YUPI ROOJAX SOUR SPICY 32G,2321 - POCKET CANDY,MEJA KASIR,1.12,1.1,-0.0179,47.5,16.0,-0.6632,1.08,1.0,-0.0741,5604.0,5115.0,-0.0873,6052.0,5115.0,-0.1548,88.0,48.0,-0.4545
445045,BELLA MR.P HONEY CASHEW NUT 45G,2332 - BLOCK CHOCOLATE,MEJA KASIR,1.42,1.12,-0.2113,117.0,2.67,-0.9772,1.23,1.0,-0.187,13774.0,11188.0,-0.1877,16942.0,11188.0,-0.3396,190.0,8.0,-0.9579
120593,CADBURY DAIRY MILK 52/57G,2332 - BLOCK CHOCOLATE,MEJA KASIR,,1.25,,,118.33,,,1.12,,,23736.0,,,26584.0,,,316.0,
120593,CADBURY DAIRY MILK 57G,2332 - BLOCK CHOCOLATE,MEJA KASIR,1.23,,,183.5,,,1.14,,,22233.0,,,25346.0,,,322.0,,
120595,CADBURY DAIRY MILK 22/25G,2332 - BLOCK CHOCOLATE,MEJA KASIR,,1.16,,,56.33,,,1.1,,,11715.0,,,12887.0,,,153.0,
120595,CADBURY DAIRY MILK 25G,2332 - BLOCK CHOCOLATE,MEJA KASIR,1.15,,,70.0,,,1.09,,,11789.0,,,12850.0,,,128.0,,
230053,CADBURY DM FRUIT NUT 52/57G,2332 - BLOCK CHOCOLATE,MEJA KASIR,,1.14,,,14.0,,,1.0,,,24374.0,,,24374.0,,,42.0,
230053,CADBURY DM FRUIT NUT 57G,2332 - BLOCK CHOCOLATE,MEJA KASIR,1.15,,,19.5,,,1.18,,,23890.0,,,28190.0,,,33.0,,
230253,CADBURY DM BLACK FOREST 52/57G,2332 - BLOCK CHOCOLATE,MEJA KASIR,,1.13,,,20.67,,,1.09,,,24060.0,,,26225.0,,,57.0,
230253,CADBURY DM BLACK FOREST 57G,2332 - BLOCK CHOCOLATE,MEJA KASIR,1.1,,,21.0,,,1.08,,,22576.0,,,24382.0,,,39.0,,
403417,CADBURY DM CASHEW NUT 22/25G,2332 - BLOCK CHOCOLATE,MEJA KASIR,,1.36,,,11.0,,,1.0,,,13779.0,,,13779.0,,,33.0,
403417,CADBURY DM CASHEW NUT 25G,2332 - BLOCK CHOCOLATE,MEJA KASIR,1.13,,,27.5,,,1.0,,,11418.0,,,11418.0,,,55.0,,
403418,CADBURY DM CASHEW NUT 52/57G,2332 - BLOCK CHOCOLATE,MEJA KASIR,,1.61,,,112.67,,,1.15,,,30043.0,,,34549.0,,,295.0,
403418,CADBURY DM CASHEW NUT 57G,2332 - BLOCK CHOCOLATE,MEJA KASIR,1.28,,,185.5,,,1.17,,,23025.0,,,26939.0,,,318.0,,
411652,CADBURY DM CASHEW NUT 85G,2332 - BLOCK CHOCOLATE,MEJA KASIR,1.12,1.1,-0.0179,12.5,20.67,0.6536,1.0,1.0,0.0,30048.0,29855.0,-0.0064,30048.0,29855.0,-0.0064,25.0,62.0,1.48
428686,CADBURY DM HAZELNUT 52/57G,2332 - BLOCK CHOCOLATE,MEJA KASIR,,1.12,,,5.67,,,1.0,,,23976.0,,,23976.0,,,17.0,
428686,CADBURY DM HAZELNUT 57G,2332 - BLOCK CHOCOLATE,MEJA KASIR,1.04,,,11.5,,,1.1,,,21700.0,,,23870.0,,,21.0,,
431475,CADBURY DAIRY MILK 85G,2332 - BLOCK CHOCOLATE,MEJA KASIR,1.19,1.15,-0.0336,50.5,34.0,-0.3267,1.1,1.06,-0.0364,32637.0,31310.0,-0.0407,35901.0,33189.0,-0.0755,92.0,96.0,0.0435
438658,CADBURY DAIRY MILK BITES18X4.5G,2332 - BLOCK CHOCOLATE,MEJA KASIR,1.13,1.07,-0.0531,49.5,23.33,-0.5287,1.05,1.08,0.0286,31313.0,30889.0,-0.0135,32879.0,33360.0,0.0146,94.0,65.0,-0.3085
440518,CADBURY CASHEW NUT 3X62G,2332 - BLOCK CHOCOLATE,MEJA KASIR,1.0,,,1.0,,,1.0,,,35900.0,,,35900.0,,,2.0,,
440519,CADBURY DAIRY MILK 3X62G,2332 - BLOCK CHOCOLATE,MEJA KASIR,1.0,,,2.0,,,1.0,,,35900.0,,,35900.0,,,4.0,,
440596,CADBURY DAIRY MILK POPHEART150G,2332 - BLOCK CHOCOLATE,MEJA KASIR,1.0,,,1.0,,,1.0,,,37900.0,,,37900.0,,,2.0,,
446460,CADBURY DAIRY MILK JAR 405G(OL),2332 - BLOCK CHOCOLATE,MEJA KASIR,1.0,,,2.5,,,1.67,,,109900.0,,,183533.0,,,3.0,,
465869,CADBURY DAIRY MILK OREO 58.5G,2332 - BLOCK CHOCOLATE,MEJA KASIR,1.07,1.13,0.0561,74.5,47.0,-0.3691,1.11,1.08,-0.027,21819.0,23781.0,0.0899,24219.0,25683.0,0.0604,134.0,131.0,-0.0224
416453,CHOMP2 CHOCOLATE COIN STRIP 36G,2332 - BLOCK CHOCOLATE,MEJA KASIR,1.09,1.03,-0.055,21.5,20.67,-0.0386,1.02,1.07,0.049,15137.0,14300.0,-0.0553,15440.0,15301.0,-0.009,42.0,58.0,0.381
441810,DARK WONDER CHOCO ALMOND 56G,2332 - BLOCK CHOCOLATE,MEJA KASIR,1.64,1.29,-0.2134,55.0,10.33,-0.8122,1.13,1.0,-0.115,35985.0,27781.0,-0.228,40663.0,27781.0,-0.3168,97.0,31.0,-0.6804
447439,DARK WONDER CHOCO 2X56G,2332 - BLOCK CHOCOLATE,MEJA KASIR,1.0,1.0,0.0,1.0,0.33,-0.67,1.0,1.0,0.0,21900.0,22100.0,0.0091,21900.0,22100.0,0.0091,2.0,1.0,-0.5
125497,DELFI DAIRY MILK 40G,2332 - BLOCK CHOCOLATE,MEJA KASIR,1.13,1.12,-0.0088,59.0,8.33,-0.8588,1.12,1.0,-0.1071,20352.0,19912.0,-0.0216,22794.0,19912.0,-0.1264,105.0,25.0,-0.7619
442085,DELFI TREASURE MILK BOGOF 36G,2332 - BLOCK CHOCOLATE,MEJA KASIR,1.25,,,16.0,,,1.45,,,18112.0,,,26262.0,,,22.0,,
442085,DELFI TREASURE MILK BOGOF30/36G,2332 - BLOCK CHOCOLATE,MEJA KASIR,,1.09,,,15.67,,,1.15,,,15779.0,,,18146.0,,,41.0,
465700,DELFI BIG COIN GONGXIFACAI 25G,2332 - BLOCK CHOCOLATE,MEJA KASIR,,1.0,,,0.33,,,1.0,,,9700.0,,,9700.0,,,1.0,
417221,MILO CHOCO BAR 15G,2332 - BLOCK CHOCOLATE,MEJA KASIR,1.35,1.17,-0.1333,97.0,42.0,-0.567,1.2,1.22,0.0167,6771.0,6455.0,-0.0467,8125.0,7875.0,-0.0308,161.0,103.0,-0.3602
102731,SILVER QUEEN CHUNKY CSW 82/85G,2332 - BLOCK CHOCOLATE,MEJA KASIR,,1.17,,,76.67,,,1.05,,,31625.0,,,33206.0,,,219.0,
102731,SILVER QUEEN CHUNKY CSW 85G,2332 - BLOCK CHOCOLATE,MEJA KASIR,1.11,,,84.0,,,1.04,,,31254.0,,,32504.0,,,161.0,,
109481,SILVER QUEEN CHUNKY WHT 82/85G,2332 - BLOCK CHOCOLATE,MEJA KASIR,,1.12,,,31.67,,,1.1,,,33336.0,,,36670.0,,,86.0,
109481,SILVER QUEEN CHUNKY WHT 85G,2332 - BLOCK CHOCOLATE,MEJA KASIR,1.08,,,68.5,,,1.14,,,31923.0,,,36392.0,,,120.0,,
112393,SILVER QUEEN CHUNKY ALMD 82/85G,2332 - BLOCK CHOCOLATE,MEJA KASIR,,1.19,,,86.67,,,1.06,,,32268.0,,,34204.0,,,246.0,
112393,SILVER QUEEN CHUNKY ALMD 85G,2332 - BLOCK CHOCOLATE,MEJA KASIR,1.16,,,127.5,,,1.1,,,32464.0,,,35710.0,,,232.0,,
1351,SILVER QUEEN CASHEW 22G,2332 - BLOCK CHOCOLATE,MEJA KASIR,1.4,1.37,-0.0214,138.0,51.67,-0.6256,1.09,1.08,-0.0092,14741.0,14159.0,-0.0395,16068.0,15292.0,-0.0483,253.0,143.0,-0.4348
1352,SILVER QUEEN CASHEW 52/55G,2332 - BLOCK CHOCOLATE,MEJA KASIR,1.6,,,882.0,,,1.11,,,30474.0,,,33826.0,,,1590.0,,
1352,SILVER QUEEN CASHEW 52G,2332 - BLOCK CHOCOLATE,MEJA KASIR,,1.62,,,589.67,,,1.14,,,28687.0,,,32703.0,,,1548.0,
148755,SILVER QUEEN FRUIT&NUTS 52/55G,2332 - BLOCK CHOCOLATE,MEJA KASIR,,1.19,,,16.0,,,1.0,,,25929.0,,,25929.0,,,48.0,
148755,SILVER QUEEN FRUIT&NUTS 55G,2332 - BLOCK CHOCOLATE,MEJA KASIR,1.23,,,74.5,,,1.06,,,25366.0,,,26888.0,,,140.0,,
148756,SILVER QUEEN FRUIT&NUTS 22G,2332 - BLOCK CHOCOLATE,MEJA KASIR,1.18,1.32,0.1186,16.5,9.33,-0.4345,1.03,1.0,-0.0291,13003.0,13350.0,0.0267,13393.0,13350.0,-0.0032,32.0,28.0,-0.125
1595,SILVER QUEEN ALMOND 52/55G,2332 - BLOCK CHOCOLATE,MEJA KASIR,1.46,,,913.0,,,1.12,,,27707.0,,,31032.0,,,1632.0,,
1595,SILVER QUEEN ALMOND 52G,2332 - BLOCK CHOCOLATE,MEJA KASIR,,1.51,,,436.0,,,1.13,,,26578.0,,,30033.0,,,1162.0,
230258,SILVER QUEEN CHUNKY CSW 26G,2332 - BLOCK CHOCOLATE,MEJA KASIR,1.35,1.12,-0.1704,74.0,41.0,-0.4459,1.03,1.07,0.0388,14529.0,12423.0,-0.145,14965.0,13293.0,-0.1117,143.0,115.0,-0.1958
263572,SILVER QUEEN CRISPY 50/53G,2332 - BLOCK CHOCOLATE,MEJA KASIR,,1.18,,,11.33,,,1.17,,,24503.0,,,28669.0,,,29.0,
263572,SILVER QUEEN CRISPY 53G,2332 - BLOCK CHOCOLATE,MEJA KASIR,1.3,,,58.0,,,1.05,,,26886.0,,,28230.0,,,111.0,,
26442,SILVER QUEEN ALMOND 22G,2332 - BLOCK CHOCOLATE,MEJA KASIR,1.3,1.14,-0.1231,84.5,38.0,-0.5503,1.04,1.06,0.0192,13538.0,12169.0,-0.1011,14080.0,12899.0,-0.0839,162.0,108.0,-0.3333
412694,SILVER QUEEN GREEN TEA 22G,2332 - BLOCK CHOCOLATE,MEJA KASIR,1.19,1.09,-0.084,65.5,35.0,-0.4656,1.12,1.11,-0.0089,15825.0,14905.0,-0.0581,17724.0,16545.0,-0.0665,117.0,95.0,-0.188
412695,SILVER QUEEN GREEN TEA 52/55G,2332 - BLOCK CHOCOLATE,MEJA KASIR,,1.13,,,21.0,,,1.26,,,28898.0,,,36411.0,,,50.0,
412695,SILVER QUEEN GREEN TEA 55G,2332 - BLOCK CHOCOLATE,MEJA KASIR,1.29,,,34.5,,,1.17,,,33143.0,,,38777.0,,,59.0,,
422338,SILVER QUEEN BERRY YOG 22G,2332 - BLOCK CHOCOLATE,MEJA KASIR,1.17,1.08,-0.0769,33.0,17.33,-0.4748,1.06,1.04,-0.0189,15761.0,14612.0,-0.0729,16707.0,15196.0,-0.0904,62.0,50.0,-0.1935
426757,SILVER QUEEN BERRY YOG 55G,2332 - BLOCK CHOCOLATE,MEJA KASIR,1.09,1.05,-0.0367,11.0,6.67,-0.3936,1.0,1.0,0.0,27882.0,26965.0,-0.0329,27882.0,26965.0,-0.0329,22.0,20.0,-0.0909
433850,SILVER QUEEN CHUNKY ALMD 26G,2332 - BLOCK CHOCOLATE,MEJA KASIR,1.24,1.19,-0.0403,61.5,30.0,-0.5122,1.07,1.03,-0.0374,13258.0,13114.0,-0.0109,14186.0,13507.0,-0.0479,115.0,87.0,-0.2435
440941,SILVER QUEEN CHUNKY BEAR 3X26G,2332 - BLOCK CHOCOLATE,MEJA KASIR,1.0,,,1.0,,,1.0,,,27200.0,,,27200.0,,,2.0,,
451718,SILVER QUEEN CHUNKY MINIS 10X8G,2332 - BLOCK CHOCOLATE,MEJA KASIR,,1.08,,,13.33,,,1.0,,,33128.0,,,33128.0,,,40.0,
105017,VAN HOUTEN DARK MILK ALMOND 40G,2332 - BLOCK CHOCOLATE,MEJA KASIR,1.0,,,1.0,,,1.0,,,18100.0,,,18100.0,,,2.0,,
141011,CHUPACHUPS BIGBABOL STR STK 5S,2341 - POCKET CHEWING GUM,MEJA KASIR,1.2,1.19,-0.0083,76.0,46.67,-0.3859,1.04,1.06,0.0192,4248.0,4428.0,0.0424,4418.0,4694.0,0.0625,146.0,132.0,-0.0959
141012,CHUPACHUPS BIGBABOL BERY STK 5S,2341 - POCKET CHEWING GUM,MEJA KASIR,1.18,1.16,-0.0169,67.0,48.33,-0.2787,1.02,1.07,0.049,4199.0,4262.0,0.015,4283.0,4560.0,0.0647,131.0,135.0,0.0305
141013,CHUPACHUPS BIGBABOL FRUTI STK5S,2341 - POCKET CHEWING GUM,MEJA KASIR,1.28,1.2,-0.0625,101.5,59.33,-0.4155,1.04,1.05,0.0096,4561.0,4449.0,-0.0246,4743.0,4671.0,-0.0152,195.0,169.0,-0.1333
407001,CHUPA CHUPS FF GUM FRUTTI 11G,2341 - POCKET CHEWING GUM,MEJA KASIR,1.1,1.12,0.0182,15.0,13.33,-0.1113,1.0,1.11,0.11,6053.0,6172.0,0.0197,6053.0,6851.0,0.1318,30.0,36.0,0.2
422651,CHUPACHUPS BIGBABOL FRTSTK2X20G,2341 - POCKET CHEWING GUM,MEJA KASIR,1.14,1.04,-0.0877,31.5,18.33,-0.4181,1.05,1.06,0.0095,9133.0,8227.0,-0.0992,9590.0,8721.0,-0.0906,60.0,52.0,-0.1333
429944,CHUPACHUPS BIGBABOL ASTRO STK5S,2341 - POCKET CHEWING GUM,MEJA KASIR,1.14,,,58.5,,,1.05,,,3999.0,,,4199.0,,,111.0,,
441498,CHUPA CHUPS PLAY TENNIS 20G,2341 - POCKET CHEWING GUM,MEJA KASIR,1.09,1.13,0.0367,26.5,12.67,-0.5219,1.02,1.03,0.0098,5064.0,5121.0,0.0113,5165.0,5275.0,0.0213,52.0,37.0,-0.2885
444384,CHUPA CHUPS FF GUM SEMANGKA 11G,2341 - POCKET CHEWING GUM,MEJA KASIR,1.14,,,7.0,,,1.0,,,5214.0,,,5214.0,,,14.0,,
451006,CHUPACHUPS BIGBABOL PAINTER 20G,2341 - POCKET CHEWING GUM,MEJA KASIR,,1.16,,,37.67,,,1.08,,,4152.0,,,4484.0,,,105.0,
228076,HAPPYDENT WHITE 14G,2341 - POCKET CHEWING GUM,MEJA KASIR,1.09,1.08,-0.0092,55.5,46.67,-0.1591,1.09,1.18,0.0826,5747.0,5532.0,-0.0374,6264.0,6528.0,0.0421,102.0,119.0,0.1667
414404,HAPPYDENT COOL WHITE28/24G,2341 - POCKET CHEWING GUM,MEJA KASIR,1.04,1.03,-0.0096,84.5,57.67,-0.3175,1.05,1.14,0.0857,9225.0,9630.0,0.0439,9686.0,10978.0,0.1334,161.0,152.0,-0.0559
403970,WRIGLEY'S DM PMINT STK 5S,2341 - POCKET CHEWING GUM,MEJA KASIR,1.06,,,17.0,,,1.13,,,5176.0,,,5849.0,,,30.0,,
109383,HAPPYDENT WHITE61.6/52.8G,2342 - BOTTLE CHEWING GUM,MEJA KASIR,1.0,1.09,0.09,12.0,11.33,-0.0558,1.0,1.03,0.03,18208.0,19682.0,0.081,18208.0,20272.0,0.1134,24.0,33.0,0.375
230276,HAPPYDENT ACTI WHT PMINT 56G,2342 - BOTTLE CHEWING GUM,MEJA KASIR,1.0,1.06,0.06,11.5,11.33,-0.0148,1.05,1.13,0.0762,19922.0,20938.0,0.051,20918.0,23660.0,0.1311,22.0,30.0,0.3636
465603,HAPPYDENT COOL CITRUS/SWEET 28G,2342 - BOTTLE CHEWING GUM,MEJA KASIR,1.04,1.04,0.0,56.5,30.0,-0.469,1.04,1.08,0.0385,9248.0,9607.0,0.0388,9618.0,10376.0,0.0788,109.0,83.0,-0.2385
109253,LOTTE XYLITOL BLBERRY 55.1G,2342 - BOTTLE CHEWING GUM,MEJA KASIR,1.08,1.05,-0.0278,32.0,22.0,-0.3125,1.14,1.05,-0.0789,20019.0,19176.0,-0.0421,22822.0,20135.0,-0.1177,56.0,63.0,0.125
261530,LOTTE XYLITOL NIPIS BTS 55.1G,2342 - BOTTLE CHEWING GUM,MEJA KASIR,1.0,,,5.0,,,1.11,,,18570.0,,,20613.0,,,9.0,,
261531,LOTTE XYLITOL FRESHMINT 55.1G,2342 - BOTTLE CHEWING GUM,MEJA KASIR,1.0,,,6.0,,,1.0,,,18508.0,,,18508.0,,,12.0,,
403518,LOTTE XYLITOL BERRY 26.1G,2342 - BOTTLE CHEWING GUM,MEJA KASIR,1.0,1.0,0.0,2.0,6.67,2.335,1.0,1.0,0.0,9100.0,8920.0,-0.0198,9100.0,8920.0,-0.0198,4.0,20.0,4.0
404727,LOTTE XYLITOL NIPIS 26.1G,2342 - BOTTLE CHEWING GUM,MEJA KASIR,1.02,1.03,0.0098,26.0,24.0,-0.0769,1.16,1.07,-0.0776,9371.0,9408.0,0.0039,10870.0,10067.0,-0.0739,45.0,67.0,0.4889
429452,LOTTE XYLITOL FRESH MINT 26.1G,2342 - BOTTLE CHEWING GUM,MEJA KASIR,1.0,1.03,0.03,21.0,34.67,0.651,1.02,1.06,0.0392,9002.0,9364.0,0.0402,9182.0,9926.0,0.081,41.0,98.0,1.3902
442090,LOTTE XYLITOL COOL MINT 55.1G,2342 - BOTTLE CHEWING GUM,MEJA KASIR,1.04,1.05,0.0096,23.5,14.67,-0.3757,1.02,1.13,0.1078,18738.0,19011.0,0.0146,19113.0,21482.0,0.1239,46.0,39.0,-0.1522
121268,HAPPYDENT WHITE MINT 60/70G,2343 - BAG CHEWING GUM,MEJA KASIR,1.01,1.1,0.0891,34.5,36.0,0.0435,1.23,1.15,-0.065,15439.0,16402.0,0.0624,18990.0,18862.0,-0.0067,56.0,94.0,0.6786
437211,BLACKMORES KOALAKIDS MLT60S(OL),3117 - KIDS VITAMINS,MEJA KASIR,1.0,,,2.0,,,1.0,,,235000.0,,,235000.0,,,4.0,,
125240,CEREBROFORT GUMMY STRAWBERRY20G,3117 - KIDS VITAMINS,MEJA KASIR,1.18,1.03,-0.1271,59.0,22.0,-0.6271,1.13,1.1,-0.0265,19638.0,18194.0,-0.0735,22191.0,20013.0,-0.0981,104.0,60.0,-0.4231
411043,CEREBROFORT GUMMY GRAPE 20G,3117 - KIDS VITAMINS,MEJA KASIR,1.11,1.07,-0.036,39.5,9.0,-0.7722,1.1,1.12,0.0182,18980.0,18896.0,-0.0044,20878.0,21164.0,0.0137,72.0,24.0,-0.6667
447833,COOL-VITA DHA GUMMY PCH 10S(OL),3117 - KIDS VITAMINS,MEJA KASIR,1.4,,,2.5,,,1.0,,,48920.0,,,48920.0,,,5.0,,
100713,CURCUMA GROW EMULSION JRK 200ML,3117 - KIDS VITAMINS,MEJA KASIR,1.02,1.03,0.0098,31.5,11.67,-0.6295,1.03,1.03,0.0,39206.0,42189.0,0.0761,40382.0,43455.0,0.0761,61.0,34.0,-0.4426
446282,EXPERT BOOST VIT D ANAK 30S(OL),3117 - KIDS VITAMINS,MEJA KASIR,1.0,,,3.0,,,1.2,,,69417.0,,,83300.0,,,5.0,,
403968,FITKOM GUMMY STRAWBERRY/F&G 21G,3117 - KIDS VITAMINS,MEJA KASIR,1.26,1.24,-0.0159,25.0,8.33,-0.6668,1.11,1.0,-0.0991,15044.0,14836.0,-0.0138,16699.0,14836.0,-0.1116,45.0,25.0,-0.4444
408028,FITKOM TAB HISAP STRAWBERRY 21S,3117 - KIDS VITAMINS,MEJA KASIR,1.09,1.0,-0.0826,16.5,0.67,-0.9594,1.03,1.0,-0.0291,21352.0,20000.0,-0.0633,21993.0,20000.0,-0.0906,32.0,2.0,-0.9375
408701,FITKOM TAB HISAP ANGGUR 21S,3117 - KIDS VITAMINS,MEJA KASIR,1.06,1.1,0.0377,16.5,9.67,-0.4139,1.14,1.16,0.0175,20755.0,22062.0,0.063,23661.0,25592.0,0.0816,29.0,25.0,-0.1379
408767,FITKOM HI-C ORANGE BTL 21S,3117 - KIDS VITAMINS,MEJA KASIR,1.07,,,7.5,,,1.25,,,20333.0,,,25416.0,,,12.0,,
310145,HOLISTICARE ESTER C KIDS30S(OL),3117 - KIDS VITAMINS,MEJA KASIR,2.0,,,0.5,,,1.0,,,85800.0,,,85800.0,,,1.0,,
410547,IM-BOOST KIDS TABLET HISAP 21S,3117 - KIDS VITAMINS,MEJA KASIR,1.42,1.07,-0.2465,33.0,5.0,-0.8485,1.27,1.15,-0.0945,53723.0,40307.0,-0.2497,68228.0,46353.0,-0.3206,52.0,13.0,-0.75
419469,IMBOOST SIRUP 45 ML,3117 - KIDS VITAMINS,MEJA KASIR,1.0,1.22,0.22,14.5,13.67,-0.0572,1.16,1.11,-0.0431,31814.0,38451.0,0.2086,36904.0,42681.0,0.1565,25.0,37.0,0.48
175046,SAKATONIK ABC STROBERI 24/30S,3117 - KIDS VITAMINS,MEJA KASIR,1.04,1.0,-0.0385,22.5,7.67,-0.6591,1.18,1.05,-0.1102,24456.0,24796.0,0.0139,28858.0,26036.0,-0.0978,38.0,22.0,-0.4211
312366,SAKATONIK ABC ANTARIKSA 30S,3117 - KIDS VITAMINS,MEJA KASIR,1.0,1.0,0.0,20.0,5.33,-0.7335,1.18,1.0,-0.1525,23387.0,24512.0,0.0481,27597.0,24512.0,-0.1118,34.0,16.0,-0.5294
444664,SAKATONIK ABC CURCUMA MADU 24S,3117 - KIDS VITAMINS,MEJA KASIR,1.01,1.39,0.3762,81.5,7.67,-0.9059,1.07,1.28,0.1963,29178.0,41787.0,0.4321,31220.0,53487.0,0.7132,153.0,18.0,-0.8824
76306,SCOTT'S EMULS VITA BTL400ML(OL),3117 - KIDS VITAMINS,MEJA KASIR,1.0,,,3.5,,,1.0,,,88286.0,,,88286.0,,,7.0,,
406873,STIMUNO ORANGE BERRY 60ML,3117 - KIDS VITAMINS,MEJA KASIR,1.0,,,1.5,,,1.5,,,40500.0,,,60750.0,,,2.0,,
312176,TJ JOYBEE JERUK 100ML,3117 - KIDS VITAMINS,MEJA KASIR,1.03,1.0,-0.0291,18.0,11.0,-0.3889,1.16,1.14,-0.0172,18892.0,18900.0,0.0004,21915.0,21546.0,-0.0168,31.0,29.0,-0.0645
403613,TJ JOYBEE ORIGINAL 100ML,3117 - KIDS VITAMINS,MEJA KASIR,1.06,1.0,-0.0566,17.0,6.67,-0.6076,1.0,1.05,0.05,20144.0,19890.0,-0.0126,20144.0,20884.0,0.0367,34.0,19.0,-0.4412
410494,TJ JOYBEE GROW EMUL JERUK 200ML,3117 - KIDS VITAMINS,MEJA KASIR,1.0,1.0,0.0,5.0,5.33,0.066,1.0,1.07,0.07,32600.0,33763.0,0.0357,32600.0,36126.0,0.1082,10.0,15.0,0.5
413584,TJ JOYBEE GUMMY 21G,3117 - KIDS VITAMINS,MEJA KASIR,1.09,,,5.5,,,1.0,,,10991.0,,,10991.0,,,11.0,,
125250,VIDORAN GUMMY MULTIVITAMIN 60G,3117 - KIDS VITAMINS,MEJA KASIR,1.04,1.2,0.1538,14.0,5.0,-0.6429,1.22,1.07,-0.123,20364.0,23880.0,0.1727,24844.0,25552.0,0.0285,23.0,14.0,-0.3913
412178,YOUVIT MULTIVIT ANAK 28G,3117 - KIDS VITAMINS,MEJA KASIR,1.09,1.03,-0.055,22.5,10.67,-0.5258,1.15,1.19,0.0348,21302.0,20216.0,-0.051,24497.0,24057.0,-0.018,39.0,27.0,-0.3077
439770,YOUVIT KIDS OMEGA 7 DAY 28G(OL),3117 - KIDS VITAMINS,MEJA KASIR,1.0,,,1.5,,,1.0,,,20900.0,,,20900.0,,,3.0,,
441393,YOUVIT KIDS MVIT 30DAY 120G(OL),3117 - KIDS VITAMINS,MEJA KASIR,1.0,,,2.5,,,1.25,,,69000.0,,,86250.0,,,4.0,,
441394,YOUVIT KIDS OMGA 30DAY 120G(OL),3117 - KIDS VITAMINS,MEJA KASIR,1.0,,,2.0,,,2.0,,,85000.0,,,170000.0,,,2.0,,
109705,AKURAT STRIP UJI KEHAMILAN,3122 - PREGNANT TEST & CONTRACEPTION,MEJA KASIR,1.03,1.07,0.0388,47.0,9.33,-0.8015,1.12,1.08,-0.0357,16995.0,17775.0,0.0459,19034.0,19197.0,0.0086,84.0,26.0,-0.6905
108275,ANDALAN STRIP UJI KEHAMILAN,3122 - PREGNANT TEST & CONTRACEPTION,MEJA KASIR,1.23,1.13,-0.0813,95.0,20.67,-0.7824,1.12,1.09,-0.0268,9391.0,9068.0,-0.0344,10518.0,9884.0,-0.0603,169.0,57.0,-0.6627
110081,DUREX PLAY LUBRICANT 50ML,3122 - PREGNANT TEST & CONTRACEPTION,MEJA KASIR,1.0,1.0,0.0,6.5,1.67,-0.7431,1.08,1.0,-0.0741,88646.0,89320.0,0.0076,95738.0,89320.0,-0.067,12.0,5.0,-0.5833
229740,DUREX KONDOM EXTRA SAFE 3S,3122 - PREGNANT TEST & CONTRACEPTION,MEJA KASIR,1.04,1.0,-0.0385,14.0,3.33,-0.7621,2.0,1.0,-0.5,36446.0,35020.0,-0.0391,72892.0,35020.0,-0.5196,14.0,10.0,-0.2857
406077,DUREX KONDOM INVISIBLE 2S,3122 - PREGNANT TEST & CONTRACEPTION,MEJA KASIR,1.31,1.0,-0.2366,6.5,2.33,-0.6415,1.0,1.0,0.0,74585.0,57300.0,-0.2317,74585.0,57300.0,-0.2317,13.0,7.0,-0.4615
437323,DUREX KONDOM LOVE 12S,3122 - PREGNANT TEST & CONTRACEPTION,MEJA KASIR,1.0,1.04,0.04,12.5,7.67,-0.3864,1.04,1.21,0.1635,44968.0,46435.0,0.0326,46767.0,56186.0,0.2014,24.0,19.0,-0.2083
441883,DUREX MUTUAL PLEASURE 3S,3122 - PREGNANT TEST & CONTRACEPTION,MEJA KASIR,1.05,1.14,0.0857,10.0,2.33,-0.767,1.0,1.0,0.0,39795.0,42071.0,0.0572,39795.0,42071.0,0.0572,20.0,7.0,-0.65
446178,DUREX KONDOM CHOCOLATE 3S,3122 - PREGNANT TEST & CONTRACEPTION,MEJA KASIR,1.14,,,14.0,,,1.04,,,26846.0,,,27920.0,,,27.0,,
448867,DUREX PLAY SWEET STRAWBERRY50ML,3122 - PREGNANT TEST & CONTRACEPTION,MEJA KASIR,1.08,1.0,-0.0741,6.5,3.67,-0.4354,1.0,1.0,0.0,93585.0,86900.0,-0.0714,93585.0,86900.0,-0.0714,13.0,11.0,-0.1538
802648,DUREX KONDOM LOVE 3S,3122 - PREGNANT TEST & CONTRACEPTION,MEJA KASIR,1.05,1.17,0.1143,44.0,13.67,-0.6893,1.1,1.14,0.0364,15342.0,17293.0,0.1272,16876.0,19714.0,0.1682,80.0,36.0,-0.55
103771,FIESTA KONDOM UTR THIN 3S,3122 - PREGNANT TEST & CONTRACEPTION,MEJA KASIR,1.16,1.0,-0.1379,35.0,5.0,-0.8571,1.21,1.0,-0.1736,24999.0,23300.0,-0.068,30249.0,23300.0,-0.2297,58.0,15.0,-0.7414
223092,FIESTA KONDOM STRAWBERRY 3S,3122 - PREGNANT TEST & CONTRACEPTION,MEJA KASIR,1.03,1.18,0.1456,17.0,5.67,-0.6665,1.06,1.0,-0.0566,21288.0,25747.0,0.2095,22565.0,25747.0,0.141,32.0,17.0,-0.4688
401022,FIESTA KONDOM MAX DOTTED 3S,3122 - PREGNANT TEST & CONTRACEPTION,MEJA KASIR,1.05,1.05,0.0,18.5,6.67,-0.6395,1.06,1.11,0.0472,22957.0,24675.0,0.0748,24334.0,27389.0,0.1255,35.0,18.0,-0.4857
441846,FIESTA WARM GEL STRAWBERRY 70ML,3122 - PREGNANT TEST & CONTRACEPTION,MEJA KASIR,1.0,,,6.5,,,1.0,,,66300.0,,,66300.0,,,13.0,,
442077,FIESTA KONDOM FUN PACK 5+1S,3122 - PREGNANT TEST & CONTRACEPTION,MEJA KASIR,1.0,,,4.0,,,1.0,,,28950.0,,,28950.0,,,8.0,,
425638,LOVERS TISSUE 6S,3122 - PREGNANT TEST & CONTRACEPTION,MEJA KASIR,1.02,1.06,0.0392,23.5,11.0,-0.5319,1.12,1.03,-0.0804,17283.0,18173.0,0.0515,19357.0,18718.0,-0.033,42.0,32.0,-0.2381
419599,MAGIC POWER TISSUE 6S,3122 - PREGNANT TEST & CONTRACEPTION,MEJA KASIR,1.09,1.02,-0.0642,28.0,13.33,-0.5239,1.02,1.08,0.0588,18043.0,17198.0,-0.0468,18404.0,18574.0,0.0092,55.0,37.0,-0.3273
443594,MAGIC POWER SPRAY 15ML,3122 - PREGNANT TEST & CONTRACEPTION,MEJA KASIR,1.06,1.0,-0.0566,9.0,7.33,-0.1856,1.0,1.0,0.0,24239.0,24027.0,-0.0087,24239.0,24027.0,-0.0087,18.0,22.0,0.2222
448522,MAGIC POWER ICE BLAST TISSUE 6S,3122 - PREGNANT TEST & CONTRACEPTION,MEJA KASIR,1.02,1.08,0.0588,25.0,8.67,-0.6532,1.04,1.04,0.0,16742.0,17750.0,0.0602,17412.0,18460.0,0.0602,48.0,25.0,-0.4792
119354,OKAMOTO KONDOM CROWN 3S,3122 - PREGNANT TEST & CONTRACEPTION,MEJA KASIR,1.22,,,34.0,,,1.21,,,26831.0,,,32466.0,,,56.0,,
401224,OKAMOTO KONDOM PLATINUM 003 2S,3122 - PREGNANT TEST & CONTRACEPTION,MEJA KASIR,1.14,1.0,-0.1228,10.5,4.0,-0.619,1.24,1.09,-0.121,50867.0,44983.0,-0.1157,63075.0,49031.0,-0.2227,17.0,11.0,-0.3529
451279,OKAMOTO KONDOM RF 003 2S,3122 - PREGNANT TEST & CONTRACEPTION,MEJA KASIR,,1.0,,,2.67,,,1.14,,,44963.0,,,51258.0,,,7.0,
182014,SENSITIF STRIP UJI KEHAMILAN,3122 - PREGNANT TEST & CONTRACEPTION,MEJA KASIR,1.02,1.05,0.0294,21.5,6.67,-0.6898,1.08,1.0,-0.0741,35191.0,35920.0,0.0207,38006.0,35920.0,-0.0549,40.0,20.0,-0.5
423729,SURE TEZ HCG PREGNANCY STRIP,3122 - PREGNANT TEST & CONTRACEPTION,MEJA KASIR,1.0,,,3.0,,,1.0,,,25900.0,,,25900.0,,,6.0,,
103772,SUTRA KONDOM 3S,3122 - PREGNANT TEST & CONTRACEPTION,MEJA KASIR,1.03,1.04,0.0097,65.0,35.0,-0.4615,1.07,1.17,0.0935,11008.0,11370.0,0.0329,11779.0,13303.0,0.1294,121.0,90.0,-0.2562
109767,SUTRA KONDOM OK 3S,3122 - PREGNANT TEST & CONTRACEPTION,MEJA KASIR,1.03,1.03,0.0,36.5,19.33,-0.4704,1.12,1.07,-0.0446,14640.0,15457.0,0.0558,16397.0,16539.0,0.0087,65.0,54.0,-0.1692
136346,SUTRA KONDOM 12S,3122 - PREGNANT TEST & CONTRACEPTION,MEJA KASIR,1.07,1.0,-0.0654,59.5,26.33,-0.5575,1.11,1.04,-0.0631,34971.0,34597.0,-0.0107,38818.0,35981.0,-0.0731,107.0,76.0,-0.2897
144561,SUTRA KONDOM OK 12S,3122 - PREGNANT TEST & CONTRACEPTION,MEJA KASIR,1.0,1.0,0.0,27.0,6.67,-0.753,1.04,1.05,0.0096,45185.0,46755.0,0.0347,46992.0,49093.0,0.0447,52.0,19.0,-0.6346
412483,SUTRA KONDOM GERIGI 3S,3122 - PREGNANT TEST & CONTRACEPTION,MEJA KASIR,1.03,1.0,-0.0291,35.0,18.0,-0.4857,1.03,1.15,0.1165,15260.0,15907.0,0.0424,15718.0,18293.0,0.1638,68.0,47.0,-0.3088
417434,SUTRA LUBRICANT 50ML,3122 - PREGNANT TEST & CONTRACEPTION,MEJA KASIR,1.0,1.09,0.09,36.0,7.67,-0.7869,1.06,1.0,-0.0566,26700.0,30665.0,0.1485,28302.0,30665.0,0.0835,68.0,23.0,-0.6618
425716,SUTRA KONDOM GERIGI 12S,3122 - PREGNANT TEST & CONTRACEPTION,MEJA KASIR,1.03,1.05,0.0194,15.0,7.33,-0.5113,1.03,1.1,0.068,42763.0,47059.0,0.1005,44046.0,51765.0,0.1752,29.0,20.0,-0.3103
441225,SUTRA KONDOM 003 2S,3122 - PREGNANT TEST & CONTRACEPTION,MEJA KASIR,1.14,1.21,0.0614,40.0,8.0,-0.8,1.16,1.09,-0.0603,21299.0,25629.0,0.2033,24707.0,27936.0,0.1307,69.0,22.0,-0.6812
449348,SUTRA KONDOM CINTA 3S,3122 - PREGNANT TEST & CONTRACEPTION,MEJA KASIR,,1.04,,,9.0,,,1.04,,,11926.0,,,12403.0,,,26.0,
310044,VIGEL LUBRICANT GEL 60G,3122 - PREGNANT TEST & CONTRACEPTION,MEJA KASIR,1.0,1.0,0.0,9.0,7.0,-0.2222,1.0,1.0,0.0,35900.0,37152.0,0.0349,35900.0,37152.0,0.0349,18.0,21.0,0.1667
420713,VIVO KONDOM 0.03 PRM 3S,3122 - PREGNANT TEST & CONTRACEPTION,MEJA KASIR,1.02,1.05,0.0294,29.0,7.0,-0.7586,1.09,1.11,0.0183,31576.0,32481.0,0.0287,34418.0,36054.0,0.0475,53.0,19.0,-0.6415
440542,VIVO KONDOM ULTRA THIN 12S(OL),3122 - PREGNANT TEST & CONTRACEPTION,MEJA KASIR,1.0,,,0.5,,,1.0,,,53900.0,,,53900.0,,,1.0,,
440544,VIVO LUBRICANT STRAWBRY 60G(OL),3122 - PREGNANT TEST & CONTRACEPTION,MEJA KASIR,1.0,,,0.5,,,1.0,,,65000.0,,,65000.0,,,1.0,,
106289,ABC ALKALINE 9V,4111 - ALKALINE,MEJA KASIR,1.09,1.42,0.3028,5.5,4.0,-0.2727,1.0,1.09,0.09,49345.0,64192.0,0.3009,49345.0,69969.0,0.418,11.0,11.0,0.0
169764,ABC ALKALINE LR-06 MP AA 2S,4111 - ALKALINE,MEJA KASIR,1.07,1.03,-0.0374,65.0,48.0,-0.2615,1.02,1.04,0.0196,23587.0,23080.0,-0.0215,24059.0,24003.0,-0.0023,128.0,139.0,0.0859
169765,ABC ALKALINE LR-06 MP AA 4S,4111 - ALKALINE,MEJA KASIR,1.13,1.17,0.0354,110.0,59.33,-0.4606,1.03,1.02,-0.0097,49405.0,51412.0,0.0406,50887.0,52440.0,0.0305,214.0,174.0,-0.1869
182364,ABC ALKALINE LR-03 MP AAA 4S,4111 - ALKALINE,MEJA KASIR,1.05,1.1,0.0476,66.5,33.0,-0.5038,1.03,1.03,0.0,46482.0,48597.0,0.0455,47876.0,50055.0,0.0455,129.0,96.0,-0.2558
182365,ABC ALKALINE LR-03 MP AAA 2S,4111 - ALKALINE,MEJA KASIR,1.05,1.01,-0.0381,53.0,42.33,-0.2013,1.0,1.02,0.02,23270.0,22585.0,-0.0294,23270.0,23037.0,-0.01,106.0,125.0,0.1792
442048,ABC ALKALINE LR03 MP AAA 8S(OL),4111 - ALKALINE,MEJA KASIR,1.0,,,1.0,,,1.0,,,53900.0,,,53900.0,,,2.0,,
442049,ABC ALKALINE LR-06 MP AA 8S(OL),4111 - ALKALINE,MEJA KASIR,1.0,,,3.0,,,1.2,,,53900.0,,,64680.0,,,5.0,,
215361,ENERGIZER MAX AA 2S,4111 - ALKALINE,MEJA KASIR,1.11,1.05,-0.0541,4.5,6.67,0.4822,1.0,1.05,0.05,29100.0,27900.0,-0.0412,29100.0,29295.0,0.0067,9.0,19.0,1.1111
215362,ENERGIZER MAX AAA 2S,4111 - ALKALINE,MEJA KASIR,1.0,1.05,0.05,8.5,6.67,-0.2153,1.0,1.0,0.0,26141.0,28135.0,0.0763,26141.0,28135.0,0.0763,17.0,20.0,0.1765
24103,ENERGIZER MAX  AA 4S,4111 - ALKALINE,MEJA KASIR,1.05,1.08,0.0286,9.5,4.0,-0.5789,1.0,1.0,0.0,53726.0,56883.0,0.0588,53726.0,56883.0,0.0588,19.0,12.0,-0.3684
24134,ENERGIZER MAX AAA 4S,4111 - ALKALINE,MEJA KASIR,1.11,1.17,0.0541,4.5,2.0,-0.5556,1.0,1.0,0.0,57078.0,60833.0,0.0658,57078.0,60833.0,0.0658,9.0,6.0,-0.3333
413768,ENERGIZER CR2025 2S,4111 - ALKALINE,MEJA KASIR,1.0,1.05,0.05,7.0,7.33,0.0471,1.08,1.0,-0.0741,26371.0,27786.0,0.0537,28481.0,27786.0,-0.0244,13.0,22.0,0.6923
413769,ENERGIZER 2032 LITHIUM,4111 - ALKALINE,MEJA KASIR,1.02,1.03,0.0098,30.5,20.0,-0.3443,1.0,1.0,0.0,28669.0,29077.0,0.0142,28669.0,29077.0,0.0142,61.0,60.0,-0.0164
413770,ENERGIZER ECR 2016 LITHIUM,4111 - ALKALINE,MEJA KASIR,1.1,1.08,-0.0182,5.0,4.33,-0.134,1.0,1.0,0.0,30840.0,30277.0,-0.0183,30840.0,30277.0,-0.0183,10.0,13.0,0.3
122439,ABC R-3 SUPER POWER AAA 4S,4112 - ZINC CARBON,MEJA KASIR,1.07,1.03,-0.0374,172.0,97.33,-0.4341,1.01,1.02,0.0099,18693.0,18365.0,-0.0175,18880.0,18732.0,-0.0078,339.0,287.0,-0.1534
24081,ABC R-20 BIRU 2S,4112 - ZINC CARBON,MEJA KASIR,1.15,1.1,-0.0435,27.0,16.67,-0.3826,1.06,1.04,-0.0189,24591.0,23678.0,-0.0371,26066.0,24625.0,-0.0553,51.0,48.0,-0.0588
24083,ABC R-20 SUPER POWER 2S,4112 - ZINC CARBON,MEJA KASIR,1.06,1.05,-0.0094,16.5,7.0,-0.5758,1.0,1.0,0.0,36939.0,36662.0,-0.0075,36939.0,36662.0,-0.0075,33.0,21.0,-0.3636
24086,ABC R-6 BIRU 4S,4112 - ZINC CARBON,MEJA KASIR,1.07,1.07,0.0,144.0,78.0,-0.4583,1.01,1.03,0.0198,18124.0,18463.0,0.0187,18305.0,19017.0,0.0389,286.0,228.0,-0.2028
24088,ABC R-6 SUPER POWER 4S,4112 - ZINC CARBON,MEJA KASIR,1.04,1.05,0.0096,38.5,51.33,0.3332,1.0,1.01,0.01,20426.0,21369.0,0.0462,20426.0,21583.0,0.0566,77.0,153.0,0.987
24091,ABC SUPER POWER 9V,4112 - ZINC CARBON,MEJA KASIR,1.25,1.24,-0.008,10.0,7.0,-0.3,1.0,1.0,0.0,25735.0,25833.0,0.0038,25735.0,25833.0,0.0038,20.0,21.0,0.05
445644,ABC SPW R6-TP AA 12S (OL),4112 - ZINC CARBON,MEJA KASIR,1.0,,,3.0,,,1.0,,,39000.0,,,39000.0,,,6.0,,
445645,ABC SPW R03-TP AAA 12S (OL),4112 - ZINC CARBON,MEJA KASIR,1.06,,,8.0,,,1.0,,,34000.0,,,34000.0,,,16.0,,
122399,EVEREADY 1012 AAA MERAH 4S,4112 - ZINC CARBON,MEJA KASIR,1.01,1.01,0.0,59.0,29.0,-0.5085,1.03,1.04,0.0097,15776.0,15721.0,-0.0035,16249.0,16350.0,0.0062,115.0,84.0,-0.2696
24117,EVEREADY 1015 AA MERAH 4S,4112 - ZINC CARBON,MEJA KASIR,1.07,1.07,0.0,153.5,42.67,-0.722,1.02,1.02,0.0,15419.0,15528.0,0.0071,15727.0,15839.0,0.0071,300.0,126.0,-0.58
24119,EVEREADY 1215 AA HITAM,4112 - ZINC CARBON,MEJA KASIR,1.0,1.03,0.03,17.0,12.67,-0.2547,1.0,1.0,0.0,19874.0,20597.0,0.0364,19874.0,20597.0,0.0364,34.0,38.0,0.1176
263734,EVEREADY 1212 BP4 AAA HITAM,4112 - ZINC CARBON,MEJA KASIR,1.08,1.03,-0.0463,54.5,20.0,-0.633,1.02,1.02,0.0,22496.0,21593.0,-0.0401,22946.0,22025.0,-0.0401,107.0,59.0,-0.4486
442264,EVEREADY 1215 HITAM 12S (OL),4112 - ZINC CARBON,MEJA KASIR,1.0,,,2.5,,,1.0,,,44840.0,,,44840.0,,,5.0,,
413095,ALFA ECO BAG 30X40 AST,4633 - LEISURE BAG,MEJA KASIR,1.02,1.04,0.0196,922.5,837.0,-0.0927,1.18,1.24,0.0508,4372.0,4387.0,0.0034,5159.0,5440.0,0.0545,1569.0,2019.0,0.2868
414633,ALFA ECO BAG 38X45 AST,4633 - LEISURE BAG,MEJA KASIR,1.04,1.05,0.0096,719.0,696.33,-0.0315,1.19,1.26,0.0588,5498.0,5432.0,-0.012,6543.0,6844.0,0.046,1210.0,1659.0,0.3711
422550,ALFAMART ECO PAPER BAG,4633 - LEISURE BAG,MEJA KASIR,1.04,1.01,-0.0288,681.0,709.33,0.0416,1.19,1.29,0.084,1994.0,1889.0,-0.0527,2373.0,2437.0,0.027,1148.0,1648.0,0.4355
432499,ALFAMART ECO PAPER BAG TNP HNDL,4633 - LEISURE BAG,MEJA KASIR,1.03,1.01,-0.0194,73.0,26.33,-0.6393,1.3,1.13,-0.1308,1060.0,1018.0,-0.0396,1378.0,1150.0,-0.1655,112.0,70.0,-0.375
407429,ARIRANG GORENG PEDAS 130G(OL),1911 - INSTANT NOODLE BAG,NOODLE,1.0,,,0.5,,,1.0,,,14900.0,,,14900.0,,,1.0,,
445375,ARIRANG KIMCHI SOUP 120G(OL),1911 - INSTANT NOODLE BAG,NOODLE,1.0,,,1.0,,,1.0,,,15400.0,,,15400.0,,,2.0,,
426534,BURUNG LYG MIESOA AYM B65G (OL),1911 - INSTANT NOODLE BAG,NOODLE,1.0,,,0.5,,,1.0,,,5900.0,,,5900.0,,,1.0,,
125540,GAGA MIE SOTO SEGAAR 70G(OL),1911 - INSTANT NOODLE BAG,NOODLE,16.87,,,7.5,,,1.25,,,41187.0,,,51484.0,,,12.0,,
197206,GAGA MIE KUAH EP JALAPENO 75G,1911 - INSTANT NOODLE BAG,NOODLE,2.36,1.9,-0.1949,54.5,14.0,-0.7431,1.06,1.08,0.0189,7541.0,6945.0,-0.079,7993.0,7501.0,-0.0616,103.0,39.0,-0.6214
214021,GAGA MIE GRG EP JALAPENO 85G,1911 - INSTANT NOODLE BAG,NOODLE,2.57,1.54,-0.4008,57.5,8.0,-0.8609,1.06,1.0,-0.0566,8971.0,5571.0,-0.379,9509.0,5571.0,-0.4141,109.0,24.0,-0.7798
443316,GAGA MIE GRG INDONESIA ORI 88G,1911 - INSTANT NOODLE BAG,NOODLE,3.13,1.83,-0.4153,53.5,7.67,-0.8566,1.11,1.0,-0.0991,10792.0,6583.0,-0.39,11979.0,6583.0,-0.4505,96.0,23.0,-0.7604
445376,GAGA MIE GRG LADA HITAM 85G(OL),1911 - INSTANT NOODLE BAG,NOODLE,4.0,,,1.0,,,1.0,,,12800.0,,,12800.0,,,2.0,,
113937,GEKIKARA MIE HOT MUSHROOM 109G,1911 - INSTANT NOODLE BAG,NOODLE,1.47,1.38,-0.0612,30.0,16.67,-0.4443,1.18,1.09,-0.0763,11923.0,11634.0,-0.0242,14069.0,12681.0,-0.0987,51.0,46.0,-0.098
400391,GEKIKARA GRG HOT CHICKEN 118G,1911 - INSTANT NOODLE BAG,NOODLE,1.33,1.43,0.0752,34.5,19.33,-0.4397,1.13,1.16,0.0265,10926.0,11914.0,0.0904,12346.0,13820.0,0.1194,61.0,50.0,-0.1803
420908,GEKIKARA GRG HOT CARBO 120G,1911 - INSTANT NOODLE BAG,NOODLE,1.25,1.24,-0.008,27.5,13.67,-0.5029,1.02,1.02,0.0,10318.0,10407.0,0.0086,10524.0,10615.0,0.0086,54.0,40.0,-0.2593
100158,INDOMIE KARI AYAM 70G,1911 - INSTANT NOODLE BAG,NOODLE,2.39,1.99,-0.1674,218.0,64.67,-0.7033,1.24,1.29,0.0403,8074.0,6554.0,-0.1883,10012.0,8455.0,-0.1555,351.0,150.0,-0.5726
10113,INDOMIE GRG JUMBO 129G,1911 - INSTANT NOODLE BAG,NOODLE,2.64,1.74,-0.3409,245.0,60.0,-0.7551,1.23,1.15,-0.065,11308.0,7467.0,-0.3397,13909.0,8587.0,-0.3826,398.0,157.0,-0.6055
102273,INDOMIE SOTO SPESIAL KOYA 75G,1911 - INSTANT NOODLE BAG,NOODLE,1.91,1.87,-0.0209,46.5,27.67,-0.4049,1.08,1.22,0.1296,6223.0,6022.0,-0.0323,6721.0,7347.0,0.0931,86.0,68.0,-0.2093
115370,INDOMIE GRG JUMBO AYAM 127G,1911 - INSTANT NOODLE BAG,NOODLE,2.09,1.86,-0.11,89.0,24.33,-0.7266,1.22,1.26,0.0328,9079.0,8353.0,-0.08,11076.0,10525.0,-0.0497,146.0,58.0,-0.6027
120193,INDOMIE GRG RENDANG 91G,1911 - INSTANT NOODLE BAG,NOODLE,2.01,1.61,-0.199,141.5,37.67,-0.7338,1.24,1.1,-0.1129,6701.0,5350.0,-0.2016,8309.0,5885.0,-0.2917,229.0,103.0,-0.5502
123325,INDOMIE SOTO BANJAR LIMAU 75G,1911 - INSTANT NOODLE BAG,NOODLE,1.63,1.64,0.0061,51.5,18.33,-0.6441,1.11,1.2,0.0811,5423.0,5322.0,-0.0186,6020.0,6386.0,0.0608,93.0,46.0,-0.5054
408388,INDOMIE GRG ACEH 90G,1911 - INSTANT NOODLE BAG,NOODLE,1.78,1.65,-0.073,136.0,45.0,-0.6691,1.23,1.19,-0.0325,5944.0,5416.0,-0.0888,7311.0,6445.0,-0.1185,222.0,113.0,-0.491
413579,INDOMIE GRG AYAM GEPREK 85G,1911 - INSTANT NOODLE BAG,NOODLE,2.02,1.69,-0.1634,113.0,34.33,-0.6962,1.35,1.17,-0.1333,6854.0,5592.0,-0.1841,9253.0,6543.0,-0.2929,167.0,88.0,-0.4731
433975,INDOMIE TORI MISO 86G,1911 - INSTANT NOODLE BAG,NOODLE,1.57,1.46,-0.0701,44.5,27.67,-0.3782,1.22,1.24,0.0164,9674.0,9070.0,-0.0624,11802.0,11247.0,-0.047,73.0,67.0,-0.0822
438979,INDOMIE GRG JUMBO RENDANG 120G,1911 - INSTANT NOODLE BAG,NOODLE,1.75,1.64,-0.0629,79.5,22.33,-0.7191,1.16,1.06,-0.0862,7550.0,7154.0,-0.0525,8758.0,7583.0,-0.1342,137.0,63.0,-0.5401
440677,INDOMIE TORI KARA 89G,1911 - INSTANT NOODLE BAG,NOODLE,1.31,1.41,0.0763,57.5,16.33,-0.716,1.16,1.07,-0.0776,8110.0,8724.0,0.0757,9408.0,9335.0,-0.0078,99.0,46.0,-0.5354
441519,INDOMIE RAWON MERCON 75G,1911 - INSTANT NOODLE BAG,NOODLE,1.68,2.09,0.244,41.0,15.67,-0.6178,1.08,1.12,0.037,5477.0,6736.0,0.2299,5915.0,7544.0,0.2754,76.0,42.0,-0.4474
446244,INDOMIE GRG FIERY CHIKIN 94G,1911 - INSTANT NOODLE BAG,NOODLE,1.35,1.25,-0.0741,28.5,10.67,-0.6256,1.06,1.0,-0.0566,8114.0,7525.0,-0.0726,8601.0,7525.0,-0.1251,54.0,32.0,-0.4074
446245,INDOMIE SPICY RAMYEON 83G,1911 - INSTANT NOODLE BAG,NOODLE,1.34,1.3,-0.0299,36.5,15.67,-0.5707,1.12,1.02,-0.0893,8068.0,7938.0,-0.0161,9036.0,8097.0,-0.1039,65.0,46.0,-0.2923
448160,INDOMIE SOTO KOYA PEDAS 76G,1911 - INSTANT NOODLE BAG,NOODLE,1.76,1.55,-0.1193,119.0,31.33,-0.7367,1.16,1.11,-0.0431,5745.0,5019.0,-0.1264,6664.0,5571.0,-0.164,206.0,85.0,-0.5874
448161,INDOMIE SOTO KOYA NAGIH 76G,1911 - INSTANT NOODLE BAG,NOODLE,1.91,1.59,-0.1675,75.0,23.0,-0.6933,1.15,1.1,-0.0435,6216.0,5152.0,-0.1712,7148.0,5667.0,-0.2072,130.0,63.0,-0.5154
452326,INDOMIE GRG (GSS) 5X85G,1911 - INSTANT NOODLE BAG,NOODLE,,1.02,,,17.33,,,1.06,,,16692.0,,,17694.0,,,49.0,
452328,INDOMIE SOTO MIE 5X70G,1911 - INSTANT NOODLE BAG,NOODLE,,1.06,,,10.67,,,1.03,,,16969.0,,,17478.0,,,31.0,
466261,INDOMIE HYPEABIS BANGLADESH 80G,1911 - INSTANT NOODLE BAG,NOODLE,1.95,1.82,-0.0667,43.0,39.33,-0.0853,1.05,1.11,0.0571,6642.0,5971.0,-0.101,6974.0,6628.0,-0.0496,82.0,106.0,0.2927
8593,INDOMIE KALDU AYAM 72G,1911 - INSTANT NOODLE BAG,NOODLE,2.8,2.27,-0.1893,137.5,46.33,-0.6631,1.23,1.17,-0.0488,9185.0,7351.0,-0.1997,11298.0,8601.0,-0.2387,223.0,119.0,-0.4664
8594,INDOMIE AYAM SPECIAL 68G,1911 - INSTANT NOODLE BAG,NOODLE,2.51,2.33,-0.0717,102.5,28.33,-0.7236,1.23,1.15,-0.065,8202.0,7526.0,-0.0824,10088.0,8655.0,-0.142,166.0,74.0,-0.5542
8596,INDOMIE AYAM BAWANG 69G,1911 - INSTANT NOODLE BAG,NOODLE,3.13,2.0,-0.361,312.5,72.33,-0.7685,1.3,1.2,-0.0769,10078.0,6307.0,-0.3742,13101.0,7568.0,-0.4223,479.0,181.0,-0.6221
8603,INDOMIE SOTO MIE 70G,1911 - INSTANT NOODLE BAG,NOODLE,2.89,2.3,-0.2042,280.0,54.0,-0.8071,1.28,1.33,0.0391,9375.0,7260.0,-0.2256,12000.0,9656.0,-0.1953,436.0,122.0,-0.7202
8658,INDOMIE GRG (GSS) 84G,1911 - INSTANT NOODLE BAG,NOODLE,3.42,,,805.0,,,1.41,,,11432.0,,,16119.0,,,1144.0,,
8658,INDOMIE GRG (GSS) 85G,1911 - INSTANT NOODLE BAG,NOODLE,,2.94,,,218.0,,,1.29,,,9611.0,,,12398.0,,,508.0,
850744,KOBE MIE GRG BONCABE 95G,1911 - INSTANT NOODLE BAG,NOODLE,1.19,1.0,-0.1597,8.0,1.67,-0.7912,1.0,1.0,0.0,6944.0,5880.0,-0.1532,6944.0,5880.0,-0.1532,16.0,5.0,-0.6875
412434,LEMONILO GRG 65G,1911 - INSTANT NOODLE BAG,NOODLE,1.58,1.35,-0.1456,41.5,23.0,-0.4458,1.17,1.21,0.0342,10993.0,9430.0,-0.1422,12862.0,11410.0,-0.1129,71.0,57.0,-0.1972
415874,LEMONILO MIE AYAM BAWANG 60G,1911 - INSTANT NOODLE BAG,NOODLE,1.2,,,12.5,,,1.14,,,8308.0,,,9471.0,,,22.0,,
424873,LEMONILO GRG PEDAS KOREA 68G,1911 - INSTANT NOODLE BAG,NOODLE,1.21,1.36,0.124,9.5,8.33,-0.1232,1.0,1.47,0.47,8374.0,9408.0,0.1235,8374.0,13830.0,0.6515,19.0,17.0,-0.1053
113335,MIGELAS BASO SAPI 6X30G,1911 - INSTANT NOODLE BAG,NOODLE,1.05,,,19.5,,,1.03,,,12277.0,,,12645.0,,,38.0,,
113336,MIGELAS SOTO AYAM 6X30G(OL),1911 - INSTANT NOODLE BAG,NOODLE,1.0,,,0.5,,,1.0,,,10900.0,,,10900.0,,,1.0,,
113338,MIGELAS AYAM BAWANG 6X30G(OL),1911 - INSTANT NOODLE BAG,NOODLE,1.0,,,1.0,,,1.0,,,10900.0,,,10900.0,,,2.0,,
428532,WONHAE BLACK FRIED RAMYUN 125G,1911 - INSTANT NOODLE BAG,NOODLE,1.2,1.22,0.0167,2.5,10.67,3.268,1.25,1.03,-0.176,25840.0,12619.0,-0.5116,32300.0,12998.0,-0.5976,4.0,31.0,6.75
437358,MUJIGAE MIE RAPOKKI SPICY 260G,1911 - INSTANT NOODLE BAG,NOODLE,1.0,1.1,0.1,11.0,3.33,-0.6973,1.0,1.0,0.0,19795.0,21820.0,0.1023,19795.0,21820.0,0.1023,22.0,10.0,-0.5455
411902,NS RAMEN KALDU AYAM 100G,1911 - INSTANT NOODLE BAG,NOODLE,1.25,,,6.0,,,1.0,,,10175.0,,,10175.0,,,12.0,,
459310,NS RAMEN HOKKAIDO MISO 106G,1911 - INSTANT NOODLE BAG,NOODLE,,1.21,,,4.67,,,1.0,,,13357.0,,,13357.0,,,14.0,
459311,NS RAMEN KYUSHU BLACK 106G,1911 - INSTANT NOODLE BAG,NOODLE,,1.2,,,3.33,,,1.0,,,13200.0,,,13200.0,,,10.0,
110103,NONG SHIM MIE NEOGURI UDON 120G,1911 - INSTANT NOODLE BAG,NOODLE,1.12,,,8.5,,,1.55,,,17906.0,,,27754.0,,,11.0,,
110103,NONGSHIM MIE NEOGURI UDON 120G,1911 - INSTANT NOODLE BAG,NOODLE,,1.56,,,3.0,,,1.12,,,25556.0,,,28623.0,,,8.0,
121960,NONG SHIM MIE SHIN RAMYUN 120G,1911 - INSTANT NOODLE BAG,NOODLE,1.35,,,24.5,,,1.14,,,21496.0,,,24505.0,,,43.0,,
121960,NONGSHIM MIE SHIN RAMYUN 120G,1911 - INSTANT NOODLE BAG,NOODLE,,1.05,,,6.33,,,1.12,,,17279.0,,,19352.0,,,17.0,
414215,PALDO VOLCANO CHICKEN 140G,1911 - INSTANT NOODLE BAG,NOODLE,,1.0,,,0.67,,,1.0,,,23900.0,,,23900.0,,,2.0,
434161,RICHEESE GRG KEJU PEDAS L3 75G,1911 - INSTANT NOODLE BAG,NOODLE,1.0,,,1.0,,,1.0,,,3500.0,,,3500.0,,,2.0,,
190001,SAMYANG GRG HOT CKN RAMEN 140G,1911 - INSTANT NOODLE BAG,NOODLE,1.34,1.04,-0.2239,20.5,9.0,-0.561,1.11,1.08,-0.027,34222.0,26530.0,-0.2248,37986.0,28652.0,-0.2457,37.0,25.0,-0.3243
406020,SAMYANG GRG HOT CKN CHEESE 140G,1911 - INSTANT NOODLE BAG,NOODLE,1.0,1.12,0.12,10.0,5.67,-0.433,1.0,1.0,0.0,25930.0,29029.0,0.1195,25930.0,29029.0,0.1195,20.0,17.0,-0.15
411548,SAMYANG GRG EXTRA HOT CKN 140G,1911 - INSTANT NOODLE BAG,NOODLE,1.15,1.13,-0.0174,10.0,5.0,-0.5,1.11,1.15,0.036,29795.0,29380.0,-0.0139,33072.0,33787.0,0.0216,18.0,13.0,-0.2778
414888,SAMYANG GRG HOT CKN CARBO 130G,1911 - INSTANT NOODLE BAG,NOODLE,1.12,1.2,0.0714,20.5,8.33,-0.5937,1.0,1.0,0.0,29512.0,31464.0,0.0661,29512.0,31464.0,0.0661,41.0,25.0,-0.3902
425663,SAMYANG GRG HOT CKN JJAJANG140G,1911 - INSTANT NOODLE BAG,NOODLE,1.0,,,0.5,,,1.0,,,25500.0,,,25500.0,,,1.0,,
433991,SAMYANG BULDAK CARBONARA 140G,1911 - INSTANT NOODLE BAG,NOODLE,1.07,1.11,0.0374,14.5,3.0,-0.7931,1.21,1.0,-0.1736,27045.0,28111.0,0.0394,32724.0,28111.0,-0.141,24.0,9.0,-0.625
448330,SAMYANG GRG QUATRO CHEESE 145G,1911 - INSTANT NOODLE BAG,NOODLE,,1.12,,,2.67,,,1.14,,,28587.0,,,32589.0,,,7.0,
448331,SAMYANG CURRY SPICY RAMEN 140G,1911 - INSTANT NOODLE BAG,NOODLE,,1.1,,,3.33,,,1.0,,,21340.0,,,21340.0,,,10.0,
449015,SAMYANG GRG HOT CKN ROSE 140G,1911 - INSTANT NOODLE BAG,NOODLE,1.11,1.11,0.0,17.5,6.0,-0.6571,1.03,1.0,-0.0291,24514.0,24444.0,-0.0029,25249.0,24444.0,-0.0319,34.0,18.0,-0.4706
115850,SARIMI 2 GRG AYAM KECAP 126G,1911 - INSTANT NOODLE BAG,NOODLE,2.05,1.37,-0.3317,27.5,10.0,-0.6364,1.25,1.03,-0.176,8909.0,5923.0,-0.3352,11136.0,6101.0,-0.4521,44.0,29.0,-0.3409
113469,SEDAAP MIE KARI SPECIAL 75G,1911 - INSTANT NOODLE BAG,NOODLE,2.07,1.91,-0.0773,106.5,29.67,-0.7214,1.11,1.24,0.1171,6582.0,6125.0,-0.0694,7306.0,7595.0,0.0396,192.0,72.0,-0.625
224207,SEDAAP MIE AYAM BAWANG 71/70G,1911 - INSTANT NOODLE BAG,NOODLE,2.41,,,88.5,,,1.11,,,7724.0,,,8574.0,,,159.0,,
224207,SEDAAP MIE AYAM BAWANG 71G,1911 - INSTANT NOODLE BAG,NOODLE,,1.79,,,35.33,,,1.13,,,5746.0,,,6493.0,,,94.0,
224208,SEDAAP MIE GRG 91G,1911 - INSTANT NOODLE BAG,NOODLE,2.0,1.86,-0.07,250.0,77.0,-0.692,1.17,1.13,-0.0342,6578.0,6087.0,-0.0746,7696.0,6878.0,-0.1063,428.0,204.0,-0.5234
224209,SEDAAP MIE SOTO 76G,1911 - INSTANT NOODLE BAG,NOODLE,1.84,1.83,-0.0054,80.5,33.67,-0.5817,1.1,1.11,0.0091,5811.0,5872.0,0.0105,6392.0,6518.0,0.0197,146.0,91.0,-0.3767
224210,SEDAAP MIE KARI AYAM 72G,1911 - INSTANT NOODLE BAG,NOODLE,,1.74,,,7.67,,,1.05,,,5617.0,,,5898.0,,,22.0,
415665,SEDAAP MIE GRG 5X91G,1911 - INSTANT NOODLE BAG,NOODLE,1.18,1.62,0.3729,271.0,258.67,-0.0455,1.29,1.41,0.093,19286.0,25728.0,0.334,24879.0,36276.0,0.4581,420.0,552.0,0.3143
415666,SEDAAP MIE SOTO 5X76G,1911 - INSTANT NOODLE BAG,NOODLE,1.11,1.47,0.3243,127.0,118.67,-0.0656,1.15,1.28,0.113,17720.0,22385.0,0.2633,20378.0,28653.0,0.4061,220.0,278.0,0.2636
416166,SEDAAP MIE GRG KOR SPICY CKN87G,1911 - INSTANT NOODLE BAG,NOODLE,2.07,1.72,-0.1691,91.5,41.0,-0.5519,1.14,1.18,0.0351,6856.0,5690.0,-0.1701,7816.0,6714.0,-0.141,160.0,104.0,-0.35
419942,SEDAAP MIE KOREAN SPICY SOUP77G,1911 - INSTANT NOODLE BAG,NOODLE,2.1,1.59,-0.2429,71.5,22.67,-0.6829,1.12,1.05,-0.0625,6427.0,5093.0,-0.2076,7198.0,5348.0,-0.257,128.0,65.0,-0.4922
426794,SEDAAP MIE SINGAPORE LAKSA 83G,1911 - INSTANT NOODLE BAG,NOODLE,1.94,2.22,0.1443,130.0,41.0,-0.6846,1.15,1.14,-0.0087,6232.0,7157.0,0.1484,7167.0,8159.0,0.1384,226.0,108.0,-0.5221
428495,SEDAAP MIE GRG AYM BKR LIMAU89G,1911 - INSTANT NOODLE BAG,NOODLE,2.53,1.88,-0.2569,56.0,19.33,-0.6548,1.27,1.12,-0.1181,8334.0,6209.0,-0.255,10584.0,6954.0,-0.343,88.0,52.0,-0.4091
432376,SEDAAP MIE SOTO MADURA 70G,1911 - INSTANT NOODLE BAG,NOODLE,1.93,1.63,-0.1554,36.0,10.0,-0.7222,1.06,1.07,0.0094,6167.0,5240.0,-0.1503,6537.0,5607.0,-0.1423,68.0,28.0,-0.5882
434755,SEDAAP MIE GRG CHEESE BULDAK86G,1911 - INSTANT NOODLE BAG,NOODLE,2.22,1.68,-0.2432,90.5,34.0,-0.6243,1.16,1.19,0.0259,7296.0,5531.0,-0.2419,8463.0,6582.0,-0.2223,156.0,86.0,-0.4487
438855,SEDAAP MIE BAKED GRG 87G,1911 - INSTANT NOODLE BAG,NOODLE,1.75,2.27,0.2971,43.5,16.0,-0.6322,1.13,1.14,0.0088,5074.0,6585.0,0.2978,5734.0,7507.0,0.3092,77.0,42.0,-0.4545
438856,SEDAAP MIE BAKED SOTO 76G,1911 - INSTANT NOODLE BAG,NOODLE,1.85,,,23.5,,,1.04,,,5368.0,,,5583.0,,,45.0,,
439738,SEDAAP MIE AYAM JERIT RAWIT 77G,1911 - INSTANT NOODLE BAG,NOODLE,2.0,1.6,-0.2,74.0,24.0,-0.6757,1.17,1.09,-0.0684,6403.0,5136.0,-0.1979,7492.0,5598.0,-0.2528,126.0,66.0,-0.4762
446480,SEDAAP MIE GRG ALA CHEF 93G,1911 - INSTANT NOODLE BAG,NOODLE,1.88,1.97,0.0479,108.5,25.33,-0.7665,1.1,1.07,-0.0273,6227.0,6551.0,0.052,6850.0,7010.0,0.0234,198.0,71.0,-0.6414
451434,SEDAAP MIE AYAM BAWANG 5X71G,1911 - INSTANT NOODLE BAG,NOODLE,,1.32,,,128.0,,,1.3,,,20336.0,,,26437.0,,,296.0,
190053,SUKSESS 2 GRG AYAM KREMES 133G,1911 - INSTANT NOODLE BAG,NOODLE,2.16,1.29,-0.4028,37.0,18.67,-0.4954,1.14,1.08,-0.0526,9343.0,5588.0,-0.4019,10651.0,6035.0,-0.4334,65.0,52.0,-0.2
408135,SUKSESS GRG AYAM KECAP 129G,1911 - INSTANT NOODLE BAG,NOODLE,1.51,1.59,0.053,28.5,10.67,-0.6256,1.06,1.1,0.0377,6556.0,6884.0,0.05,6949.0,7572.0,0.0897,54.0,29.0,-0.463
443403,SUKSESS 2 GRG RENDANG 132G,1911 - INSTANT NOODLE BAG,NOODLE,1.89,1.4,-0.2593,37.5,15.0,-0.6,1.15,1.07,-0.0696,8245.0,6159.0,-0.253,9482.0,6590.0,-0.305,65.0,42.0,-0.3538
466334,SUKSESS 2 GRG ACEH 140G,1911 - INSTANT NOODLE BAG,NOODLE,,1.3,,,15.33,,,1.1,,,5648.0,,,6213.0,,,42.0,
414796,TASTY BAKMI GRG AYAM 129G,1911 - INSTANT NOODLE BAG,NOODLE,1.37,1.26,-0.0803,23.0,9.0,-0.6087,1.31,1.42,0.084,8422.0,7700.0,-0.0857,11033.0,10934.0,-0.009,35.0,19.0,-0.4571
428852,TASTY BAKMI GRG BEEF YKNK 115G,1911 - INSTANT NOODLE BAG,NOODLE,1.24,1.28,0.0323,12.5,6.0,-0.52,1.09,1.2,0.1009,7636.0,8494.0,0.1124,8323.0,10193.0,0.2247,23.0,15.0,-0.3478
440955,TASTY BAKMI GRG TERIYAKI 120G,1911 - INSTANT NOODLE BAG,NOODLE,1.33,1.24,-0.0677,6.0,11.33,0.8883,1.0,1.17,0.17,8158.0,7582.0,-0.0706,8158.0,8871.0,0.0874,12.0,29.0,1.4167
433864,WONHAE MIE CHEESE RAMYUN 120G,1911 - INSTANT NOODLE BAG,NOODLE,1.2,1.15,-0.0417,5.0,4.33,-0.134,1.0,1.08,0.08,16740.0,16046.0,-0.0415,16740.0,17330.0,0.0352,10.0,12.0,0.2
465693,ALFA MIE SEIROCKYA TORI CUP114G,1912 - INSTANT NOODLE CUP,NOODLE,1.19,1.17,-0.0168,13.0,4.0,-0.6923,1.18,1.0,-0.1525,21081.0,16217.0,-0.2307,24876.0,16217.0,-0.3481,22.0,12.0,-0.4545
465694,ALFA MIE MALA SPICY CUP 80G,1912 - INSTANT NOODLE CUP,NOODLE,1.38,1.11,-0.1957,8.0,6.33,-0.2088,1.0,1.0,0.0,13606.0,8763.0,-0.3559,13606.0,8763.0,-0.3559,16.0,19.0,0.1875
415127,GAGA MIE JALAPENO CUP 75G,1912 - INSTANT NOODLE CUP,NOODLE,1.51,1.3,-0.1391,32.5,7.67,-0.764,1.12,1.1,-0.0179,8895.0,8665.0,-0.0259,9962.0,9532.0,-0.0432,58.0,21.0,-0.6379
213327,POP MIE LAPEER KARI AYAM CUP 75,1912 - INSTANT NOODLE CUP,NOODLE,1.34,1.23,-0.0821,47.0,15.67,-0.6666,1.22,1.09,-0.1066,7579.0,7040.0,-0.0711,9246.0,7674.0,-0.17,77.0,43.0,-0.4416
213328,POP MIE LAPEER SOTO AYAM CUP 75,1912 - INSTANT NOODLE CUP,NOODLE,1.54,1.41,-0.0844,56.5,17.0,-0.6991,1.14,1.11,-0.0263,8704.0,8059.0,-0.0741,9923.0,8945.0,-0.0986,99.0,46.0,-0.5354
265037,POP MIE SNEK AYAM BWG CUP 40G,1912 - INSTANT NOODLE CUP,NOODLE,,1.29,,,8.0,,,1.04,,,4908.0,,,5104.0,,,23.0,
265038,POP MIE SNEK BASO CUP 38G,1912 - INSTANT NOODLE CUP,NOODLE,,1.3,,,6.67,,,1.05,,,4940.0,,,5187.0,,,19.0,
407743,POP MIE DWR AYAM PEDAS CUP 75G,1912 - INSTANT NOODLE CUP,NOODLE,1.33,1.2,-0.0977,48.5,14.67,-0.6975,1.1,1.05,-0.0455,7859.0,7282.0,-0.0734,8645.0,7646.0,-0.1156,88.0,42.0,-0.5227
412347,POP MIE GRG AYAM GLEDEK CUP 75G,1912 - INSTANT NOODLE CUP,NOODLE,1.19,1.13,-0.0504,21.5,12.67,-0.4107,1.08,1.09,0.0093,6967.0,6784.0,-0.0263,7524.0,7395.0,-0.0171,40.0,35.0,-0.125
440104,POP MIE TORI MISO CUP 77G,1912 - INSTANT NOODLE CUP,NOODLE,1.22,1.19,-0.0246,44.5,15.67,-0.6479,1.1,1.07,-0.0273,8112.0,7668.0,-0.0547,8923.0,8205.0,-0.0805,81.0,44.0,-0.4568
446247,POP MIE FIERY CHICKEN 74G(OL),1912 - INSTANT NOODLE CUP,NOODLE,1.0,,,0.5,,,1.0,,,5900.0,,,5900.0,,,1.0,,
446251,POP MIE SPICY RAMYEON 71G,1912 - INSTANT NOODLE CUP,NOODLE,1.31,1.0,-0.2366,40.5,1.33,-0.9672,1.21,1.0,-0.1736,8536.0,6275.0,-0.2649,10329.0,6275.0,-0.3925,67.0,4.0,-0.9403
447973,POP MIE SNEK GORENG CUP 43G,1912 - INSTANT NOODLE CUP,NOODLE,,1.47,,,6.33,,,1.19,,,5600.0,,,6664.0,,,16.0,
448065,(CTN)POPMIE SNEK GRG 12X43G(OL),1912 - INSTANT NOODLE CUP,NOODLE,1.0,,,2.0,,,1.0,,,39900.0,,,39900.0,,,4.0,,
448067,(CTN)POPMIE SNEK BASO12X28G(OL,1912 - INSTANT NOODLE CUP,NOODLE,1.25,,,2.0,,,1.0,,,47875.0,,,47875.0,,,4.0,,
448068,(CTN)POPMIE SNEK S.AY12X39G(OL),1912 - INSTANT NOODLE CUP,NOODLE,1.0,,,0.5,,,1.0,,,39900.0,,,39900.0,,,1.0,,
452110,POP MIE BASO GRANAT CUP 77G,1912 - INSTANT NOODLE CUP,NOODLE,,1.14,,,9.67,,,1.04,,,6721.0,,,6990.0,,,28.0,
452111,POP MIE KARI LAVA CUP 79G,1912 - INSTANT NOODLE CUP,NOODLE,,1.13,,,10.33,,,1.03,,,6668.0,,,6868.0,,,30.0,
465830,POP MIE GRG MI GORENG 80G,1912 - INSTANT NOODLE CUP,NOODLE,1.7,1.3,-0.2353,76.0,16.67,-0.7807,1.18,1.04,-0.1186,10168.0,7842.0,-0.2288,11998.0,8156.0,-0.3202,129.0,48.0,-0.6279
8608,POP MIE LAPEER AYAM CUP 75G,1912 - INSTANT NOODLE CUP,NOODLE,1.57,1.41,-0.1019,68.0,19.67,-0.7107,1.18,1.07,-0.0932,8785.0,8214.0,-0.065,10366.0,8789.0,-0.1521,115.0,55.0,-0.5217
8802,POP MIE LAPEER BASO CUP 75G,1912 - INSTANT NOODLE CUP,NOODLE,1.53,1.41,-0.0784,81.0,25.0,-0.6914,1.14,1.09,-0.0439,8590.0,8007.0,-0.0679,9793.0,8728.0,-0.1088,142.0,69.0,-0.5141
123273,SEDAAP MIE GRG CUP 85G,1912 - INSTANT NOODLE CUP,NOODLE,1.54,1.59,0.0325,40.5,18.0,-0.5556,1.21,1.1,-0.0909,9054.0,9287.0,0.0257,10955.0,10216.0,-0.0675,67.0,49.0,-0.2687
123274,SEDAAP MIE SOTO CUP 81G,1912 - INSTANT NOODLE CUP,NOODLE,1.51,1.5,-0.0066,36.0,26.67,-0.2592,1.11,1.08,-0.027,8357.0,8291.0,-0.0079,9276.0,8954.0,-0.0347,65.0,74.0,0.1385
190000,SEDAAP MIE KARI SPS CUP 81G,1912 - INSTANT NOODLE CUP,NOODLE,1.43,1.2,-0.1608,29.0,14.67,-0.4941,1.12,1.02,-0.0893,7910.0,6634.0,-0.1613,8859.0,6767.0,-0.2361,52.0,43.0,-0.1731
417653,SEDAAP MIE KOREAN S CKN CUP81G,1912 - INSTANT NOODLE CUP,NOODLE,1.19,1.42,0.1933,24.0,12.67,-0.4721,1.04,1.12,0.0769,7035.0,8318.0,0.1824,7316.0,9316.0,0.2734,46.0,34.0,-0.2609
425637,SEDAAP MIE AYAM JERIT CUP 75G,1912 - INSTANT NOODLE CUP,NOODLE,1.34,1.17,-0.1269,20.5,11.67,-0.4307,1.02,1.06,0.0392,7424.0,6540.0,-0.1191,7572.0,6932.0,-0.0845,40.0,33.0,-0.175
431884,SEDAAP MIE BAKSO BLEDUK CUP 77G,1912 - INSTANT NOODLE CUP,NOODLE,1.38,1.17,-0.1522,35.5,17.67,-0.5023,1.27,1.15,-0.0945,7715.0,6543.0,-0.1519,9798.0,7524.0,-0.2321,56.0,46.0,-0.1786
438660,SEDAAP MIE AYAM NAMPOOL CUP 75G,1912 - INSTANT NOODLE CUP,NOODLE,2.33,,,1.5,,,1.0,,,12833.0,,,12833.0,,,3.0,,
445334,SEDAAP RAWIT KARI MERCON 79G,1912 - INSTANT NOODLE CUP,NOODLE,1.12,1.18,0.0536,34.0,18.67,-0.4509,1.1,1.08,-0.0182,6182.0,6559.0,0.061,6800.0,7084.0,0.0418,62.0,52.0,-0.1613
459385,SEDAAP MIE SPICY LAKSA CUP 86G,1912 - INSTANT NOODLE CUP,NOODLE,,1.39,,,18.0,,,1.08,,,7843.0,,,8470.0,,,50.0,
430623,ARIRANG SOUP BONE 70G (OL),1913 - INSTANT RICE NOODLE,NOODLE,1.0,,,1.0,,,1.0,,,10450.0,,,10450.0,,,2.0,,
438216,ARIRANG BULGOGI VERMICEL70G(OL),1913 - INSTANT RICE NOODLE,NOODLE,1.0,,,0.5,,,1.0,,,10000.0,,,10000.0,,,1.0,,
120439,BIHUNKU AYAM BWG 55G,1913 - INSTANT RICE NOODLE,NOODLE,1.84,1.75,-0.0489,43.0,19.67,-0.5426,1.18,1.05,-0.1102,6905.0,6486.0,-0.0607,8148.0,6810.0,-0.1642,73.0,56.0,-0.2329
120440,BIHUNKU GRG 60G,1913 - INSTANT RICE NOODLE,NOODLE,2.0,2.02,0.01,32.0,13.33,-0.5834,1.31,1.08,-0.1756,8673.0,8727.0,0.0062,11362.0,9425.0,-0.1705,49.0,37.0,-0.2449
190078,BIHUNKU SOTO 55G,1913 - INSTANT RICE NOODLE,NOODLE,1.57,2.23,0.4204,53.0,36.0,-0.3208,1.18,1.2,0.0169,5905.0,8286.0,0.4032,6968.0,9943.0,0.427,90.0,90.0,0.0
442251,BIHUNKU BAKSO SAPI 50G,1913 - INSTANT RICE NOODLE,NOODLE,1.71,1.75,0.0234,29.0,20.0,-0.3103,1.23,1.11,-0.0976,6266.0,6410.0,0.023,7707.0,7115.0,-0.0768,47.0,54.0,0.1489
445985,BIHUNKU SEDUH 6X24G,1913 - INSTANT RICE NOODLE,NOODLE,1.05,,,9.5,,,1.19,,,10789.0,,,12839.0,,,16.0,,
75827,SUPER BIHUN MINYAK BAWANG 61G,1913 - INSTANT RICE NOODLE,NOODLE,1.81,1.22,-0.326,10.5,3.0,-0.7143,1.24,1.0,-0.1935,11100.0,8156.0,-0.2652,13764.0,8156.0,-0.4074,17.0,9.0,-0.4706
126963,3 AYAM MI TELUR KUNING 200G,1914 - PREPARED NOODLE,NOODLE,1.45,1.75,0.2069,50.0,6.67,-0.8666,1.14,1.0,-0.1228,8554.0,10005.0,0.1696,9752.0,10005.0,0.0259,88.0,20.0,-0.7727
190102,BURUNG LYG KWT GRG 85G,1914 - PREPARED NOODLE,NOODLE,1.59,1.15,-0.2767,8.5,6.67,-0.2153,1.06,1.43,0.3491,9988.0,7275.0,-0.2716,10587.0,10403.0,-0.0174,16.0,14.0,-0.125
415975,BURUNG LYG KWT KUAH AYAM 67G,1914 - PREPARED NOODLE,NOODLE,1.62,1.0,-0.3827,4.0,1.33,-0.6675,1.0,1.0,0.0,10250.0,6200.0,-0.3951,10250.0,6200.0,-0.3951,8.0,4.0,-0.5
437338,BURUNG LYG MIESOA 350G (OL),1914 - PREPARED NOODLE,NOODLE,1.0,,,0.5,,,1.0,,,23900.0,,,23900.0,,,1.0,,
428996,NARAYA VERMICELLI SOUN 500G(OL),1914 - PREPARED NOODLE,NOODLE,1.0,,,0.5,,,1.0,,,17500.0,,,17500.0,,,1.0,,
123449,TANAM JAGUNG BIHUN JAGUNG 320G,1914 - PREPARED NOODLE,NOODLE,1.12,1.33,0.1875,16.5,4.0,-0.7576,1.14,1.09,-0.0439,13167.0,15600.0,0.1848,15010.0,17004.0,0.1328,29.0,11.0,-0.6207
434103,CRYSTAL TERI NASI 80G (OL),1923 - INSTANT PORRIDGE,NOODLE,1.0,,,0.5,,,1.0,,,52500.0,,,52500.0,,,1.0,,
406081,KIMBO BUBUR AYAM PCH 250G,1923 - INSTANT PORRIDGE,NOODLE,1.3,1.5,0.1538,5.0,2.0,-0.6,1.0,1.2,0.2,13910.0,16050.0,0.1538,13910.0,19260.0,0.3846,10.0,5.0,-0.5
112767,SUPER BUBUR INST KARI AYAM 46G,1923 - INSTANT PORRIDGE,NOODLE,1.62,1.31,-0.1914,24.0,13.0,-0.4583,1.07,1.03,-0.0374,6552.0,5262.0,-0.1969,7011.0,5420.0,-0.2269,45.0,38.0,-0.1556
120353,SUPER BUBUR SOTO 46G,1923 - INSTANT PORRIDGE,NOODLE,1.73,1.26,-0.2717,25.5,11.67,-0.5424,1.11,1.17,0.0541,6990.0,5071.0,-0.2745,7759.0,5933.0,-0.2353,46.0,30.0,-0.3478
262562,SUPER BUBUR AYAM 45G,1923 - INSTANT PORRIDGE,NOODLE,1.84,1.33,-0.2772,37.5,16.0,-0.5733,1.09,1.09,0.0,7617.0,5575.0,-0.2681,8303.0,6077.0,-0.2681,69.0,44.0,-0.3623
447502,YUUKA FOOD TERI KSPY ORI30G(OL),1923 - INSTANT PORRIDGE,NOODLE,3.0,,,0.5,,,1.0,,,55500.0,,,55500.0,,,1.0,,
413142,BARBIE/CAPYBARA STICKER AST,4314 - STICKER & ALBUM,STICKER,1.0,1.07,0.07,1.0,4.67,3.67,1.0,1.17,0.17,19950.0,21421.0,0.0737,19950.0,25063.0,0.2563,2.0,12.0,5.0
429035,CARS STICKER BOOK NEW,4314 - STICKER & ALBUM,STICKER,,1.0,,,0.33,,,1.0,,,15700.0,,,15700.0,,,1.0,
427203,SHAKE ME STICKER FROZEN,4314 - STICKER & ALBUM,STICKER,1.0,1.0,0.0,0.5,0.33,-0.34,1.0,1.0,0.0,19900.0,19900.0,0.0,19900.0,19900.0,0.0,1.0,1.0,0.0
437790,MINI ART PACK PRINCESS,4314 - STICKER & ALBUM,STICKER,1.0,1.0,0.0,0.5,0.33,-0.34,1.0,1.0,0.0,19900.0,19900.0,0.0,19900.0,19900.0,0.0,1.0,1.0,0.0
437934,SHAKE ME STICKER PRINCESS,4314 - STICKER & ALBUM,STICKER,,1.0,,,0.67,,,1.0,,,19900.0,,,19900.0,,,2.0,
437935,3D STICKER PUFFY PRINCESS,4314 - STICKER & ALBUM,STICKER,1.25,1.0,-0.2,2.0,2.33,0.165,1.0,1.0,0.0,12375.0,9900.0,-0.2,12375.0,9900.0,-0.2,4.0,7.0,0.75
437936,3D STICKER PUFFY FROZEN,4314 - STICKER & ALBUM,STICKER,1.0,1.0,0.0,1.5,2.33,0.5533,1.0,1.0,0.0,9900.0,9900.0,0.0,9900.0,9900.0,0.0,3.0,7.0,1.3333
437938,3D STICKER PUFFY ANIMALS,4314 - STICKER & ALBUM,STICKER,1.0,1.0,0.0,3.0,3.33,0.11,1.0,1.0,0.0,9900.0,9900.0,0.0,9900.0,9900.0,0.0,6.0,10.0,0.6667
437939,3D STICKER PUFFY TRANSPORT,4314 - STICKER & ALBUM,STICKER,1.11,1.0,-0.0991,4.5,4.33,-0.0378,1.0,1.18,0.18,11000.0,9900.0,-0.1,11000.0,11682.0,0.062,9.0,11.0,0.2222
408327,CARS REWARD STICKER SMALL,4314 - STICKER & ALBUM,STICKER,,1.0,,,0.33,,,1.0,,,9000.0,,,9000.0,,,1.0,
412283,FROZEN REWARD STICKER,4314 - STICKER & ALBUM,STICKER,,1.0,,,0.33,,,1.0,,,9000.0,,,9000.0,,,1.0,
412285,FROZEN STICKER BOOK,4314 - STICKER & ALBUM,STICKER,1.0,,,0.5,,,1.0,,,25900.0,,,25900.0,,,1.0,,
441617,SANRIO SHACKER STICKER AST,4314 - STICKER & ALBUM,STICKER,1.0,1.11,0.11,1.0,3.0,2.0,1.0,1.0,0.0,19900.0,22111.0,0.1111,19900.0,22111.0,0.1111,2.0,9.0,3.5
441618,SANRIO EMBOSSED STICKER AST,4314 - STICKER & ALBUM,STICKER,1.0,1.0,0.0,2.0,2.33,0.165,1.0,1.0,0.0,19950.0,19900.0,-0.0025,19950.0,19900.0,-0.0025,4.0,7.0,0.75
427207,MINI ART PACK FROZEN,4314 - STICKER & ALBUM,STICKER,1.0,1.0,0.0,0.5,0.33,-0.34,1.0,1.0,0.0,19900.0,19900.0,0.0,19900.0,19900.0,0.0,1.0,1.0,0.0
416058,SGI PUZZLE 2 IN 1 AST,4314 - STICKER & ALBUM,STICKER,1.0,1.08,0.08,2.5,8.67,2.468,1.0,1.3,0.3,16500.0,17769.0,0.0769,16500.0,23100.0,0.4,5.0,20.0,3.0
446447,SANRIO JELLY STICKER AST,4314 - STICKER & ALBUM,STICKER,1.14,1.0,-0.1228,3.5,4.67,0.3343,1.0,1.0,0.0,22743.0,19900.0,-0.125,22743.0,19900.0,-0.125,7.0,14.0,1.0
417536,UNICORN STICKER AST,4314 - STICKER & ALBUM,STICKER,1.0,1.0,0.0,1.5,2.33,0.5533,1.0,1.0,0.0,19900.0,19900.0,0.0,19900.0,19900.0,0.0,3.0,7.0,1.3333
451060,ALFA FAC TISSUE ONE PIECE 100S,3311 - FACIAL TISSUE,TISSUE,,1.69,,,53.0,,,1.03,,,9521.0,,,9807.0,,,155.0,
451881,ALFAMART BT21 FAC TISSUE B2G1,3311 - FACIAL TISSUE,TISSUE,,1.0,,,15.67,,,1.02,,,22300.0,,,22746.0,,,46.0,
418314,ALFAMART FAC TISU DISNEY 200S,3311 - FACIAL TISSUE,TISSUE,1.02,1.06,0.0392,41.0,11.33,-0.7237,1.05,1.0,-0.0476,14239.0,16844.0,0.1829,14951.0,16844.0,0.1266,78.0,34.0,-0.5641
421454,ALFAMART FAC TISSUE PACK 220S,3311 - FACIAL TISSUE,TISSUE,1.05,1.08,0.0286,321.0,80.0,-0.7508,1.09,1.0,-0.0826,15662.0,15000.0,-0.0423,17072.0,15000.0,-0.1214,589.0,239.0,-0.5942
421455,ALFAMART FAC TISSUE ALBI 50'S,3311 - FACIAL TISSUE,TISSUE,1.71,1.53,-0.1053,175.0,82.0,-0.5314,1.06,1.02,-0.0377,8024.0,7677.0,-0.0432,8505.0,7831.0,-0.0792,330.0,240.0,-0.2727
421456,ALFAMART FAC TISSUE400G,3311 - FACIAL TISSUE,TISSUE,1.06,1.08,0.0189,317.0,57.33,-0.8191,1.1,1.04,-0.0545,22583.0,24278.0,0.0751,24841.0,25249.0,0.0164,575.0,165.0,-0.713
421457,ALFAMART FAC TISSUE700G,3311 - FACIAL TISSUE,TISSUE,1.05,,,47.5,,,1.09,,,35007.0,,,38158.0,,,87.0,,
421457,ALFAMART FAC TISSUE700G/700S,3311 - FACIAL TISSUE,TISSUE,,1.04,,,33.0,,,1.1,,,34816.0,,,38298.0,,,90.0,
421459,ALFAMART FAC TISU WINI/LOT 200S,3311 - FACIAL TISSUE,TISSUE,1.16,1.1,-0.0517,103.5,27.0,-0.7391,1.08,1.05,-0.0278,8583.0,9132.0,0.064,9270.0,9589.0,0.0344,191.0,77.0,-0.5969
432061,ALFAMART FACIAL TISSUE 1KG,3311 - FACIAL TISSUE,TISSUE,1.14,,,176.5,,,1.21,,,48610.0,,,58818.0,,,292.0,,
432061,ALFAMART FACIAL TISSUE 1KG/900S,3311 - FACIAL TISSUE,TISSUE,,1.3,,,47.33,,,1.2,,,54035.0,,,64842.0,,,118.0,
435179,ALFAMART FAC TISSUE BAMBOO 150S,3311 - FACIAL TISSUE,TISSUE,1.0,1.0,0.0,4.0,0.33,-0.9175,1.14,1.0,-0.1228,14900.0,14900.0,0.0,16986.0,14900.0,-0.1228,7.0,1.0,-0.8571
437195,ALFAMART FAC TISSUE B2G1,3311 - FACIAL TISSUE,TISSUE,1.07,1.05,-0.0187,1214.5,312.0,-0.7431,1.21,1.15,-0.0496,24172.0,22643.0,-0.0633,29248.0,26039.0,-0.1097,2001.0,813.0,-0.5937
438851,ALFAMART FAC TISSUE DRAEMON 70S,3311 - FACIAL TISSUE,TISSUE,1.82,2.04,0.1209,153.5,79.0,-0.4853,1.03,1.03,0.0,8742.0,9434.0,0.0792,9004.0,9717.0,0.0792,297.0,230.0,-0.2256
439556,ALFAMART FAC TISSUE DISNEY PREM,3311 - FACIAL TISSUE,TISSUE,1.05,1.02,-0.0286,52.0,28.33,-0.4552,1.02,1.01,-0.0098,11152.0,10939.0,-0.0191,11375.0,11048.0,-0.0287,102.0,84.0,-0.1765
443163,ALFAMART BT21 TISSUE BAMBOO 50S,3311 - FACIAL TISSUE,TISSUE,1.11,1.03,-0.0721,65.5,24.33,-0.6285,1.05,1.0,-0.0476,6470.0,6596.0,0.0195,6794.0,6596.0,-0.0291,125.0,73.0,-0.416
443165,ALFAMART BT21 TISSUE BAMBOO200S,3311 - FACIAL TISSUE,TISSUE,1.09,1.1,0.0092,48.0,16.0,-0.6667,1.03,1.04,0.0097,9185.0,9510.0,0.0354,9461.0,9890.0,0.0453,93.0,46.0,-0.5054
443166,ALFAMART BT21 TISSUE BAMBOO 100,3311 - FACIAL TISSUE,TISSUE,1.06,1.07,0.0094,44.0,24.33,-0.447,1.04,1.0,-0.0385,9625.0,10497.0,0.0906,10010.0,10497.0,0.0487,85.0,73.0,-0.1412
448202,ALFAMART SANRIO FAC TISSUE B2G1,3311 - FACIAL TISSUE,TISSUE,1.07,1.02,-0.0467,103.0,62.33,-0.3949,1.01,1.06,0.0495,9597.0,9171.0,-0.0444,9693.0,9721.0,0.0029,204.0,176.0,-0.1373
449022,ALFAMART DISNEY TS BAMBOO 100S,3311 - FACIAL TISSUE,TISSUE,1.19,1.18,-0.0084,18.5,24.67,0.3335,1.0,1.04,0.04,9995.0,9619.0,-0.0376,9995.0,10004.0,0.0009,37.0,71.0,0.9189
439160,FAVOUR FAC TISSUE MINI 120S(OL),3311 - FACIAL TISSUE,TISSUE,2.78,,,4.5,,,1.12,,,21667.0,,,24267.0,,,8.0,,
439162,MONTISS FAC TISSUE1000+100S(OL),3311 - FACIAL TISSUE,TISSUE,1.76,,,335.0,,,1.2,,,66890.0,,,80268.0,,,559.0,,
441029,MONTISS FAC TISSUE SOFT150S(OL),3311 - FACIAL TISSUE,TISSUE,2.45,,,32.5,,,1.07,,,20838.0,,,22297.0,,,61.0,,
442242,MONTISS FAC TISSUE 2X200S (OL),3311 - FACIAL TISSUE,TISSUE,1.03,,,220.0,,,1.32,,,19138.0,,,25262.0,,,333.0,,
446365,MONTISS FAC TISSUE 4X200S (OL),3311 - FACIAL TISSUE,TISSUE,1.05,,,10.0,,,1.05,,,20265.0,,,21278.0,,,19.0,,
116194,MULTI FAC TISSUE MP-04 600/700G,3311 - FACIAL TISSUE,TISSUE,1.05,1.02,-0.0286,20.5,18.33,-0.1059,1.05,1.12,0.0667,32866.0,31764.0,-0.0335,34509.0,35576.0,0.0309,39.0,49.0,0.2564
117944,MULTI FAC TISSUE MP-08 1000GR,3311 - FACIAL TISSUE,TISSUE,1.1,1.08,-0.0182,43.0,16.33,-0.6202,1.13,1.09,-0.0354,56327.0,53000.0,-0.0591,63650.0,57770.0,-0.0924,76.0,45.0,-0.4079
13400,MULTI FAC TISSUE MP-01 250S,3311 - FACIAL TISSUE,TISSUE,1.04,1.09,0.0481,68.0,68.33,0.0049,1.07,1.01,-0.0561,18519.0,12849.0,-0.3062,19815.0,12977.0,-0.3451,127.0,203.0,0.5984
128041,NICE FAC TISSUE SOFT PACK 2X200,3311 - FACIAL TISSUE,TISSUE,1.08,1.03,-0.0463,148.5,77.33,-0.4793,1.12,1.08,-0.0357,24459.0,23483.0,-0.0399,27394.0,25362.0,-0.0742,266.0,215.0,-0.1917
13280,NICE FAC TISSUE 2000 PLY/900G,3311 - FACIAL TISSUE,TISSUE,1.19,1.18,-0.0084,80.0,28.0,-0.65,1.31,1.18,-0.0992,54752.0,54285.0,-0.0085,71725.0,64056.0,-0.1069,122.0,71.0,-0.418
156210,NICE FAC TISSUE SOFT PACK 250S,3311 - FACIAL TISSUE,TISSUE,1.18,1.13,-0.0424,71.0,59.0,-0.169,1.08,1.04,-0.037,19130.0,18547.0,-0.0305,20660.0,19289.0,-0.0664,132.0,171.0,0.2955
117858,PASEO TISSUE TRVL PCK150PLY/70S,3311 - FACIAL TISSUE,TISSUE,1.12,1.08,-0.0357,210.5,86.67,-0.5883,1.08,1.07,-0.0093,7476.0,7526.0,0.0067,8074.0,8053.0,-0.0026,390.0,243.0,-0.3769
119487,PASEO FACIAL TS 500+220/540 PLY,3311 - FACIAL TISSUE,TISSUE,1.1,1.04,-0.0545,126.5,52.67,-0.5836,1.22,1.11,-0.0902,21470.0,20524.0,-0.0441,26193.0,22782.0,-0.1302,208.0,142.0,-0.3173
163865,PASEO FAC TISSUE SFT510PLY/250S,3311 - FACIAL TISSUE,TISSUE,1.15,1.16,0.0087,61.5,29.33,-0.5231,1.14,1.09,-0.0439,23433.0,23701.0,0.0114,26714.0,25834.0,-0.0329,108.0,81.0,-0.25
400017,PASEO BABY TISSUE PURE SOFT130S,3311 - FACIAL TISSUE,TISSUE,1.23,1.16,-0.0569,83.5,20.67,-0.7525,1.35,1.22,-0.0963,25840.0,25253.0,-0.0227,34884.0,30809.0,-0.1168,124.0,51.0,-0.5887
408517,PASEO TISSUE TRAVEL U.SOFT 40S,3311 - FACIAL TISSUE,TISSUE,1.1,1.18,0.0727,92.0,57.67,-0.3732,1.03,1.05,0.0194,8251.0,9025.0,0.0938,8499.0,9476.0,0.115,178.0,165.0,-0.073
431726,PASEO EGT FCLSFT MLT 4X510S(OL),3311 - FACIAL TISSUE,TISSUE,1.33,,,1.5,,,1.0,,,94667.0,,,94667.0,,,3.0,,
438814,PASEO FAC TISU AROMA RELIEF150S,3311 - FACIAL TISSUE,TISSUE,1.0,,,2.5,,,1.0,,,12900.0,,,12900.0,,,5.0,,
13383,TESSA FAC TISSUE TP-02 260S,3311 - FACIAL TISSUE,TISSUE,1.19,1.09,-0.084,24.0,18.0,-0.25,1.09,1.02,-0.0642,26940.0,21617.0,-0.1976,29365.0,22049.0,-0.2491,44.0,53.0,0.2045
427401,TESSA FAC TISSUE TP-06 2X200S,3311 - FACIAL TISSUE,TISSUE,1.06,1.09,0.0283,66.5,29.0,-0.5639,1.09,1.07,-0.0183,28768.0,28254.0,-0.0179,31357.0,30232.0,-0.0359,122.0,81.0,-0.3361
433204,TESSA FAC TISSUE NAT TP-07 120S,3311 - FACIAL TISSUE,TISSUE,1.38,1.16,-0.1594,21.0,32.67,0.5557,1.31,1.08,-0.1756,21988.0,18504.0,-0.1585,28804.0,19984.0,-0.3062,32.0,91.0,1.8438
445369,TESSA FAC TISSUE NAT3P 950G(OL),3311 - FACIAL TISSUE,TISSUE,1.0,,,0.5,,,1.0,,,53900.0,,,53900.0,,,1.0,,
445370,TESSA TOILET NAT 4P 4X220S (OL),3311 - FACIAL TISSUE,TISSUE,1.0,,,3.0,,,1.2,,,33250.0,,,39900.0,,,5.0,,
433256,WATERU FACIAL TISSUE 100S (OL),3311 - FACIAL TISSUE,TISSUE,1.0,,,0.5,,,1.0,,,10500.0,,,10500.0,,,1.0,,
433260,WATERU POCKET TISSUE 6 PCS (OL),3311 - FACIAL TISSUE,TISSUE,1.5,,,2.0,,,1.33,,,13350.0,,,17756.0,,,3.0,,
421458,ALFAMART TISSUE ROLL 4S,3312 - HOUSE HOLD TISSUE,TISSUE,1.34,1.07,-0.2015,80.5,23.0,-0.7143,1.3,1.41,0.0846,26637.0,20226.0,-0.2407,34628.0,28519.0,-0.1764,124.0,49.0,-0.6048
437792,ALFAMART TISSUE DAPUR 2 ROLL,3312 - HOUSE HOLD TISSUE,TISSUE,1.02,1.12,0.098,114.0,21.67,-0.8099,1.18,1.18,0.0,19885.0,20995.0,0.0558,23464.0,24774.0,0.0558,194.0,55.0,-0.7165
119443,NICE TOWEL TISSUE GTG 400S,3312 - HOUSE HOLD TISSUE,TISSUE,,1.25,,,1.33,,,1.0,,,29325.0,,,29325.0,,,4.0,
173142,NICE TOILET CORE EMS 10ROL (OL),3312 - HOUSE HOLD TISSUE,TISSUE,1.0,,,3.0,,,1.0,,,36900.0,,,36900.0,,,6.0,,
105722,PASEO EGT TW WHT EMBSS 3ROL(OL),3312 - HOUSE HOLD TISSUE,TISSUE,1.28,,,23.5,,,1.04,,,40372.0,,,41987.0,,,45.0,,
163863,PASEO NAPKIN ELEGANT TWL 1 ROLL,3312 - HOUSE HOLD TISSUE,TISSUE,1.06,1.12,0.0566,63.5,23.0,-0.6378,1.1,1.19,0.0818,16542.0,17648.0,0.0669,18196.0,21001.0,0.1542,115.0,58.0,-0.4957
330002,PASEO EGT CORE NO EMS 8RL (OL),3312 - HOUSE HOLD TISSUE,TISSUE,1.71,,,7.0,,,1.27,,,95229.0,,,120941.0,,,11.0,,
431725,PASEO EGT CORE NO EMB 12RL (OL),3312 - HOUSE HOLD TISSUE,TISSUE,2.0,,,6.0,,,1.71,,,165000.0,,,282150.0,,,7.0,,
449171,PASEO DUOCMFT TOILET FM300P(OL),3312 - HOUSE HOLD TISSUE,TISSUE,1.25,,,2.0,,,1.0,,,13125.0,,,13125.0,,,4.0,,
449172,PASEO DUOCMFT TOILET CP150P(OL),3312 - HOUSE HOLD TISSUE,TISSUE,1.86,,,3.5,,,1.0,,,10214.0,,,10214.0,,,7.0,,
117943,TESSA TOILET TISS 8ROL 300S(OL),3312 - HOUSE HOLD TISSUE,TISSUE,1.5,,,3.0,,,1.2,,,80850.0,,,97020.0,,,5.0,,
330034,TESSA KITCHEN TWL 3ROLL 70S(OL),3312 - HOUSE HOLD TISSUE,TISSUE,1.0,,,3.5,,,1.0,,,33900.0,,,33900.0,,,7.0,,
445371,TESSA KITCN TWL NAT 2X100S (OL),3312 - HOUSE HOLD TISSUE,TISSUE,1.0,,,5.0,,,1.11,,,30900.0,,,34299.0,,,9.0,,
433257,WATERU TISSUE TOILET 6ROLLS(OL),3312 - HOUSE HOLD TISSUE,TISSUE,1.17,,,3.0,,,2.0,,,58217.0,,,116434.0,,,3.0,,
433258,WATERU KITCHEN TOWEL 2ROLLS(OL),3312 - HOUSE HOLD TISSUE,TISSUE,1.0,,,0.5,,,1.0,,,39900.0,,,39900.0,,,1.0,,
128788,DETTOL WIPES A.SEPTIC 10S,3313 - WET TISSUE,TISSUE,1.04,1.12,0.0769,24.0,13.67,-0.4304,1.02,1.0,-0.0196,16738.0,19180.0,0.1459,17073.0,19180.0,0.1234,47.0,41.0,-0.1277
807767,JF ACNE WIPES CLEANSING 10S(OL),3313 - WET TISSUE,TISSUE,1.0,,,2.0,,,1.0,,,9500.0,,,9500.0,,,4.0,,
427677,NUVO WIPES ANTISEPTIC RED 2X50S,3313 - WET TISSUE,TISSUE,1.21,1.2,-0.0083,104.0,43.33,-0.5834,1.18,1.15,-0.0254,25475.0,25281.0,-0.0076,30060.0,29073.0,-0.0328,177.0,113.0,-0.3616
437322,NUVO WIPES ANTISEPTIC BLUE2X50S,3313 - WET TISSUE,TISSUE,1.14,1.12,-0.0175,66.5,38.67,-0.4185,1.15,1.1,-0.0435,24015.0,23547.0,-0.0195,27617.0,25902.0,-0.0621,116.0,105.0,-0.0948
449993,NUVO WIPES ANTISEPTIC 2X25S,3313 - WET TISSUE,TISSUE,1.03,1.01,-0.0194,18.0,51.33,1.8517,1.03,1.02,-0.0097,10331.0,10131.0,-0.0194,10641.0,10334.0,-0.0289,35.0,151.0,3.3143
417753,PASEO WIPES A.BACT BOGOF 25S,3313 - WET TISSUE,TISSUE,1.06,1.07,0.0094,143.0,53.33,-0.6271,1.08,1.03,-0.0463,11626.0,11712.0,0.0074,12556.0,12063.0,-0.0393,265.0,155.0,-0.4151
422791,SANITER WIPES ANTI BACTERIAL50S,3313 - WET TISSUE,TISSUE,1.16,1.15,-0.0086,82.0,27.33,-0.6667,1.09,1.05,-0.0367,11352.0,11771.0,0.0369,12374.0,12360.0,-0.0011,151.0,78.0,-0.4834
412303,UNITEI WIPES A.BACTERIAL BGF40S,3313 - WET TISSUE,TISSUE,1.16,1.13,-0.0259,96.0,31.67,-0.6701,1.14,1.03,-0.0965,27759.0,26871.0,-0.032,31645.0,27677.0,-0.1254,168.0,92.0,-0.4524
124540,ANTIS HS LIQ  J.NIPIS 55ML,3123 - ANTISEPTIC,TOOTH CARE,1.0,1.12,0.12,26.0,10.67,-0.5896,1.02,1.0,-0.0196,15448.0,17319.0,0.1211,15757.0,17319.0,0.0991,51.0,32.0,-0.3725
416360,ANTIS HS LIQ TEA 55ML,3123 - ANTISEPTIC,TOOTH CARE,1.04,1.06,0.0192,45.5,15.67,-0.6556,1.1,1.02,-0.0727,15829.0,16334.0,0.0319,17412.0,16661.0,-0.0431,83.0,46.0,-0.4458
422056,INSTANCE HS SPRAY 100ML,3123 - ANTISEPTIC,TOOTH CARE,1.08,1.05,-0.0278,76.0,24.33,-0.6799,1.12,1.07,-0.0446,15092.0,14863.0,-0.0152,16903.0,15903.0,-0.0592,136.0,68.0,-0.5
228044,NUVO HS GEL FRESH BLOSSOM 85ML,3123 - ANTISEPTIC,TOOTH CARE,1.09,1.16,0.0642,45.0,16.67,-0.6296,1.1,1.14,0.0364,9726.0,10598.0,0.0897,10699.0,12082.0,0.1293,82.0,44.0,-0.4634
415011,CIPTADENT SG CRYSTAL CLN SOFT3S,3271 - TOOTH BRUSH,TOOTH CARE,1.06,1.02,-0.0377,314.5,120.0,-0.6184,1.03,1.03,0.0,9473.0,9120.0,-0.0373,9757.0,9394.0,-0.0372,613.0,351.0,-0.4274
422397,CIPTADENT SG PERFECT CARE 3S,3271 - TOOTH BRUSH,TOOTH CARE,1.03,1.03,0.0,89.5,51.67,-0.4227,1.01,1.03,0.0198,23152.0,23132.0,-0.0009,23384.0,23826.0,0.0189,177.0,151.0,-0.1469
440314,CIPTADENT SG FLEXI CLEAN 3S,3271 - TOOTH BRUSH,TOOTH CARE,1.05,1.02,-0.0286,127.0,84.33,-0.336,1.03,1.0,-0.0291,9354.0,9123.0,-0.0247,9635.0,9123.0,-0.0531,247.0,252.0,0.0202
448529,CLOSE UP SG ULTRASOFT 2S,3271 - TOOTH BRUSH,TOOTH CARE,1.01,1.05,0.0396,42.0,27.33,-0.3493,1.01,1.0,-0.0099,27632.0,28610.0,0.0354,27908.0,28610.0,0.0252,83.0,82.0,-0.012
446764,COLGATE SG EASY COMFORT 1S (OL),3271 - TOOTH BRUSH,TOOTH CARE,1.0,,,0.5,,,1.0,,,51000.0,,,51000.0,,,1.0,,
446823,COLGATE SG GENTLE GUMCARE 2S,3271 - TOOTH BRUSH,TOOTH CARE,1.05,1.08,0.0286,20.5,23.67,0.1546,1.0,1.08,0.08,55061.0,56937.0,0.0341,55061.0,61492.0,0.1168,41.0,66.0,0.6098
434108,DARLIE SG CHARCOAL GOLD 1S (OL),3271 - TOOTH BRUSH,TOOTH CARE,1.0,,,0.5,,,1.0,,,19600.0,,,19600.0,,,1.0,,
437267,DARLIE SG ACTVE GUM CARE 1S(OL),3271 - TOOTH BRUSH,TOOTH CARE,1.0,,,0.5,,,1.0,,,15900.0,,,15900.0,,,1.0,,
102287,FORMULA SG S.PRO D.ACTION SOFT,3271 - TOOTH BRUSH,TOOTH CARE,1.09,1.16,0.0642,74.0,63.0,-0.1486,1.03,1.07,0.0388,6032.0,6644.0,0.1015,6213.0,7109.0,0.1442,143.0,176.0,0.2308
111744,FORMULA SG P.PRO EXTREME CLN 3S,3271 - TOOTH BRUSH,TOOTH CARE,1.01,1.03,0.0198,47.5,39.67,-0.1648,1.03,1.03,0.0,30379.0,31212.0,0.0274,31290.0,32148.0,0.0274,92.0,115.0,0.25
11568,FORMULA SG S.PRO DIAMOND 3S,3271 - TOOTH BRUSH,TOOTH CARE,1.03,1.05,0.0194,130.5,73.0,-0.4406,1.06,1.06,0.0,13485.0,14437.0,0.0706,14294.0,15303.0,0.0706,246.0,206.0,-0.1626
119715,FORMULA SG CURVE ROUNDER 3S,3271 - TOOTH BRUSH,TOOTH CARE,1.0,,,4.0,,,1.0,,,15450.0,,,15450.0,,,8.0,,
124923,FORMULA SG SPARKLING WHITE,3271 - TOOTH BRUSH,TOOTH CARE,1.0,1.03,0.03,25.5,23.33,-0.0851,1.0,1.01,0.01,16910.0,18249.0,0.0792,16910.0,18431.0,0.0899,51.0,69.0,0.3529
230339,FORMULA SG P.PRO EXTREM CLEAN,3271 - TOOTH BRUSH,TOOTH CARE,1.16,1.05,-0.0948,28.0,28.67,0.0239,1.0,1.02,0.02,18445.0,16886.0,-0.0845,18445.0,17224.0,-0.0662,56.0,84.0,0.5
321465,FORMULA SG S.PRO RIPPLE SOFT 3S,3271 - TOOTH BRUSH,TOOTH CARE,1.02,1.04,0.0196,104.5,67.33,-0.3557,1.07,1.08,0.0093,13432.0,13860.0,0.0319,14372.0,14969.0,0.0415,196.0,187.0,-0.0459
401634,FORMULA SG SENSITIVE ACT CARE3S,3271 - TOOTH BRUSH,TOOTH CARE,1.0,,,7.5,,,1.0,,,29453.0,,,29453.0,,,15.0,,
407601,FORMULA SG SPARKLING WHITE 3S,3271 - TOOTH BRUSH,TOOTH CARE,1.02,1.01,-0.0098,53.5,26.67,-0.5015,1.04,1.0,-0.0385,32732.0,33444.0,0.0218,34041.0,33444.0,-0.0175,103.0,80.0,-0.2233
432497,FORMULA SG GENIO SOFT 3S,3271 - TOOTH BRUSH,TOOTH CARE,1.06,1.04,-0.0189,229.5,148.67,-0.3522,1.03,1.03,0.0,8789.0,8606.0,-0.0208,9053.0,8864.0,-0.0209,446.0,432.0,-0.0314
438239,FORMULA SG MAXI CARE 3S,3271 - TOOTH BRUSH,TOOTH CARE,1.02,1.03,0.0098,47.0,46.67,-0.007,1.01,1.01,0.0,18514.0,19025.0,0.0276,18699.0,19215.0,0.0276,93.0,139.0,0.4946
448666,FORMULA SG GLOWOW CRYSTAL 3S,3271 - TOOTH BRUSH,TOOTH CARE,1.0,1.04,0.04,14.0,45.0,2.2143,1.08,1.01,-0.0648,13932.0,14346.0,0.0297,15047.0,14489.0,-0.0371,26.0,134.0,4.1538
450894,FORMULA SG NEO 7 SOFT 3S,3271 - TOOTH BRUSH,TOOTH CARE,,1.13,,,26.0,,,1.0,,,15641.0,,,15641.0,,,78.0,
112274,ORAL-B SG AR 123 CLEAN SOFT,3271 - TOOTH BRUSH,TOOTH CARE,1.07,1.01,-0.0561,57.0,31.0,-0.4561,1.04,1.03,-0.0096,9311.0,9433.0,0.0131,9683.0,9716.0,0.0034,110.0,90.0,-0.1818
144387,ORAL-B SG AR 123 CLEAN MEDIUM3S,3271 - TOOTH BRUSH,TOOTH CARE,1.03,1.01,-0.0194,120.5,46.67,-0.6127,1.07,1.03,-0.0374,19770.0,20793.0,0.0517,21154.0,21417.0,0.0124,226.0,136.0,-0.3982
419295,ORAL-B FRESH CLEAN BLACK 1S,3271 - TOOTH BRUSH,TOOTH CARE,1.08,1.03,-0.0463,71.5,34.33,-0.5199,1.01,1.0,-0.0099,12385.0,12864.0,0.0387,12509.0,12864.0,0.0284,141.0,103.0,-0.2695
428424,ORAL-B SG EASY CLEAN HERBAL 3S,3271 - TOOTH BRUSH,TOOTH CARE,1.0,,,0.5,,,1.0,,,24500.0,,,24500.0,,,1.0,,
440536,ORAL-B SG SOFT+SLIM 1S,3271 - TOOTH BRUSH,TOOTH CARE,1.07,1.0,-0.0654,29.5,22.67,-0.2315,1.04,1.01,-0.0288,20822.0,21912.0,0.0523,21655.0,22131.0,0.022,57.0,67.0,0.1754
441475,ORAL-B SG SOFT&SLIM 3S,3271 - TOOTH BRUSH,TOOTH CARE,1.0,1.0,0.0,36.5,27.33,-0.2512,1.01,1.0,-0.0099,38900.0,40000.0,0.0283,39289.0,40000.0,0.0181,72.0,82.0,0.1389
447112,ORAL B SG CROSS ACTION 3S,3271 - TOOTH BRUSH,TOOTH CARE,1.0,1.0,0.0,21.0,0.33,-0.9843,1.05,1.0,-0.0476,36900.0,31000.0,-0.1599,38745.0,31000.0,-0.1999,40.0,1.0,-0.975
450596,ORAL B CROSS ACTON ULTRATHIN 1S,3271 - TOOTH BRUSH,TOOTH CARE,,1.0,,,3.33,,,1.0,,,32100.0,,,32100.0,,,10.0,
116625,PEPSODENT SG NANOSOFT SENST 2S,3271 - TOOTH BRUSH,TOOTH CARE,1.0,,,24.0,,,1.04,,,24929.0,,,25926.0,,,46.0,,
122731,PEPSODENT SG NANOSOFT SENST 3S,3271 - TOOTH BRUSH,TOOTH CARE,1.0,1.02,0.02,55.0,43.67,-0.206,1.04,1.02,-0.0192,38247.0,39260.0,0.0265,39777.0,40045.0,0.0067,106.0,128.0,0.2075
224965,PEPSODENT SG NANOSOFT SENST 1S,3271 - TOOTH BRUSH,TOOTH CARE,1.02,1.0,-0.0196,41.5,27.67,-0.3333,1.02,1.04,0.0196,19953.0,19757.0,-0.0098,20352.0,20547.0,0.0096,81.0,80.0,-0.0123
416727,PEPSODENT SG GENTLE CARE SOFT,3271 - TOOTH BRUSH,TOOTH CARE,1.09,1.05,-0.0367,129.0,65.67,-0.4909,1.03,1.05,0.0194,12265.0,11868.0,-0.0324,12633.0,12461.0,-0.0136,251.0,188.0,-0.251
431348,PEPSODENT SG BRILIANN 3S,3271 - TOOTH BRUSH,TOOTH CARE,1.05,1.03,-0.019,105.0,49.67,-0.527,1.05,1.03,-0.019,11896.0,11968.0,0.0061,12491.0,12327.0,-0.0131,200.0,145.0,-0.275
446749,PEPSODENT SG 5 STAR 3S,3271 - TOOTH BRUSH,TOOTH CARE,1.02,,,46.0,,,1.0,,,12509.0,,,12509.0,,,92.0,,
321171,SENSODYNE SG SENSITIVE SOFT 2S,3271 - TOOTH BRUSH,TOOTH CARE,1.02,1.04,0.0196,27.5,18.67,-0.3211,1.0,1.06,0.06,28360.0,29486.0,0.0397,28360.0,31255.0,0.1021,55.0,53.0,-0.0364
321173,SENSODYNE SG MULTIACTION SOFT2S,3271 - TOOTH BRUSH,TOOTH CARE,1.04,1.07,0.0288,66.0,33.33,-0.495,1.06,1.02,-0.0377,34211.0,36784.0,0.0752,36264.0,37520.0,0.0346,125.0,98.0,-0.216
426425,SYSTEMA SG ACTIVE CLEAN 2S,3271 - TOOTH BRUSH,TOOTH CARE,1.07,1.01,-0.0561,84.0,50.0,-0.4048,1.02,1.03,0.0098,25179.0,24219.0,-0.0381,25683.0,24946.0,-0.0287,165.0,146.0,-0.1152
437264,SYSTEMA SG 9DEGREE SENSITIVE 3S,3271 - TOOTH BRUSH,TOOTH CARE,1.01,1.0,-0.0099,106.0,41.67,-0.6069,1.03,1.02,-0.0097,31227.0,31574.0,0.0111,32164.0,32205.0,0.0013,206.0,122.0,-0.4078
443597,SYSTEMA SG SMART CLEAN 3S,3271 - TOOTH BRUSH,TOOTH CARE,1.05,1.1,0.0476,252.0,101.67,-0.5965,1.02,1.03,0.0098,12075.0,14169.0,0.1734,12316.0,14594.0,0.185,495.0,295.0,-0.404
320417,CIPTADENT PG HERBAL 190G,3272 - TOOTH PASTE,TOOTH CARE,1.09,1.07,-0.0183,82.5,43.33,-0.4748,1.09,1.1,0.0092,21709.0,21744.0,0.0016,23663.0,23918.0,0.0108,151.0,118.0,-0.2185
40818,CIPTADENT PG MP COOL MINT 190G,3272 - TOOTH PASTE,TOOTH CARE,1.14,1.17,0.0263,318.0,138.67,-0.5639,1.08,1.09,0.0093,15435.0,15787.0,0.0228,16670.0,17208.0,0.0323,589.0,380.0,-0.3548
42042,CIPTADENT PG FRESH MINT 190G,3272 - TOOTH PASTE,TOOTH CARE,1.15,1.19,0.0348,231.0,88.0,-0.619,1.07,1.06,-0.0093,15606.0,15998.0,0.0251,16698.0,16958.0,0.0156,432.0,249.0,-0.4236
427374,CIPTADENT PG FRESH MINT 225 GR,3272 - TOOTH PASTE,TOOTH CARE,1.19,1.27,0.0672,360.0,140.67,-0.6093,1.09,1.05,-0.0367,16904.0,18112.0,0.0715,18425.0,19018.0,0.0322,663.0,402.0,-0.3937
437623,CIPTADENT PG COOL MINT 225 GR,3272 - TOOTH PASTE,TOOTH CARE,1.15,1.25,0.087,421.0,168.67,-0.5994,1.08,1.09,0.0093,16404.0,17802.0,0.0852,17716.0,19404.0,0.0953,782.0,464.0,-0.4066
450864,CIPTADENT PG FRESH MAXI 190GR,3272 - TOOTH PASTE,TOOTH CARE,,1.12,,,150.33,,,1.1,,,15017.0,,,16519.0,,,410.0,
195132,CLOSE UP PG FRESH MAX GREEN 65G,3272 - TOOTH PASTE,TOOTH CARE,1.07,1.09,0.0187,186.5,109.33,-0.4138,1.08,1.08,0.0,9718.0,10312.0,0.0611,10495.0,11137.0,0.0612,346.0,305.0,-0.1185
195133,CLOSE UP PG FRESH MAX 100/110G,3272 - TOOTH PASTE,TOOTH CARE,1.19,1.06,-0.1092,173.0,84.33,-0.5125,1.06,1.11,0.0472,22206.0,20422.0,-0.0803,23538.0,22668.0,-0.037,327.0,228.0,-0.3028
195134,CLOSE UP PG MENTHOL FRESH 160G,3272 - TOOTH PASTE,TOOTH CARE,1.37,1.11,-0.1898,495.5,205.67,-0.5849,1.14,1.14,0.0,31746.0,26069.0,-0.1788,36190.0,29719.0,-0.1788,871.0,542.0,-0.3777
410544,CLOSE UP WHT FRSH LMN&SEASLT95G,3272 - TOOTH PASTE,TOOTH CARE,1.02,1.12,0.098,59.0,20.0,-0.661,1.06,1.09,0.0283,25063.0,27885.0,0.1126,26567.0,30395.0,0.1441,111.0,55.0,-0.5045
434491,CLOSE UP PG COMPLETE FRESH 160G,3272 - TOOTH PASTE,TOOTH CARE,1.04,1.0,-0.0385,52.0,0.33,-0.9937,1.06,1.0,-0.0566,24341.0,27300.0,0.1216,25801.0,27300.0,0.0581,98.0,1.0,-0.9898
438212,CLOSEUP EVERFRESH SPRMN100G(OL),3272 - TOOTH PASTE,TOOTH CARE,1.0,,,0.5,,,1.0,,,29500.0,,,29500.0,,,1.0,,
448859,CLOSE UP PG WHITE NOW PURPLE95G,3272 - TOOTH PASTE,TOOTH CARE,1.0,1.07,0.07,7.0,14.67,1.0957,1.0,1.05,0.05,49343.0,52257.0,0.0591,49343.0,54870.0,0.112,14.0,42.0,2.0
449021,CLOSE UP PG MENTHOL FRESH2X160G,3272 - TOOTH PASTE,TOOTH CARE,1.0,1.01,0.01,48.5,34.33,-0.2922,1.0,1.08,0.08,35345.0,36759.0,0.04,35345.0,39700.0,0.1232,97.0,95.0,-0.0206
452416,CLOSE UP FRESH WICKED 95G,3272 - TOOTH PASTE,TOOTH CARE,,1.0,,,1.67,,,1.0,,,22500.0,,,22500.0,,,5.0,
402021,COLGATE PG TOTAL CHCOAL150G(OL),3272 - TOOTH PASTE,TOOTH CARE,1.5,,,1.0,,,1.0,,,66000.0,,,66000.0,,,2.0,,
415683,COLGATE PG TTL CHARCOAL CLN110G,3272 - TOOTH PASTE,TOOTH CARE,1.05,1.05,0.0,9.5,7.33,-0.2284,1.0,1.05,0.05,46842.0,46523.0,-0.0068,46842.0,48849.0,0.0428,19.0,21.0,0.1053
417122,COLGATE PG TOTAL PROWHITE 110G,3272 - TOOTH PASTE,TOOTH CARE,1.05,1.02,-0.0286,31.5,19.0,-0.3968,1.12,1.08,-0.0357,46619.0,45281.0,-0.0287,52213.0,48903.0,-0.0634,56.0,53.0,-0.0536
442003,COLGATE PG OW MINT PLUS100G(OL),3272 - TOOTH PASTE,TOOTH CARE,1.0,,,1.0,,,1.0,,,45500.0,,,45500.0,,,2.0,,
442004,COLGATE PG OW O2 AROMTIC85G(OL),3272 - TOOTH PASTE,TOOTH CARE,1.0,,,2.5,,,1.25,,,80720.0,,,100900.0,,,4.0,,
443734,COLGATE PG OPTIC PURPLE 100G,3272 - TOOTH PASTE,TOOTH CARE,1.01,1.04,0.0297,58.5,16.67,-0.715,1.02,1.11,0.0882,51855.0,53560.0,0.0329,52892.0,59452.0,0.124,115.0,45.0,-0.6087
103588,DARLIE PG DOUBLE ACT 120G (OL),3272 - TOOTH PASTE,TOOTH CARE,1.11,,,4.5,,,1.12,,,22267.0,,,24939.0,,,8.0,,
144506,DARLIE PG DOUBLE ACTION225G(OL),3272 - TOOTH PASTE,TOOTH CARE,4.33,,,3.0,,,1.2,,,160933.0,,,193120.0,,,5.0,,
406304,DARLIE PG CHARCOAL CLN 140G(OL),3272 - TOOTH PASTE,TOOTH CARE,1.73,,,7.5,,,1.15,,,45933.0,,,52823.0,,,13.0,,
434105,DARLIE PG SHN WHITE BS 140G(OL),3272 - TOOTH PASTE,TOOTH CARE,1.08,,,6.0,,,1.09,,,28875.0,,,31474.0,,,11.0,,
437265,DARLIE PG PRO SENSITIV 140G(OL),3272 - TOOTH PASTE,TOOTH CARE,1.0,,,0.5,,,1.0,,,40200.0,,,40200.0,,,1.0,,
437266,DARLIE PG PRO LSTNG FRS140G(OL),3272 - TOOTH PASTE,TOOTH CARE,1.0,,,1.5,,,1.0,,,41000.0,,,41000.0,,,3.0,,
442044,DARLIE PG DBL ACT MULTI180G(OL),3272 - TOOTH PASTE,TOOTH CARE,1.0,,,0.5,,,1.0,,,35000.0,,,35000.0,,,1.0,,
109140,ENZIM PG MINT 124G,3272 - TOOTH PASTE,TOOTH CARE,1.07,1.09,0.0187,71.0,31.0,-0.5634,1.15,1.18,0.0261,32861.0,33314.0,0.0138,37790.0,39311.0,0.0402,124.0,79.0,-0.3629
126334,ENZIM PG ORTHODONTIC 124G(OL),3272 - TOOTH PASTE,TOOTH CARE,2.0,,,0.5,,,1.0,,,131000.0,,,131000.0,,,1.0,,
114987,FORMULA PG STRONG PROTECT 160G,3272 - TOOTH PASTE,TOOTH CARE,1.1,1.14,0.0364,62.5,54.0,-0.136,1.07,1.11,0.0374,15112.0,15750.0,0.0422,16170.0,17482.0,0.0811,117.0,146.0,0.2479
216750,FORMULA PG FAMILY 160G,3272 - TOOTH PASTE,TOOTH CARE,1.13,1.13,0.0,66.0,60.0,-0.0909,1.06,1.08,0.0189,15495.0,15621.0,0.0081,16425.0,16871.0,0.0272,125.0,167.0,0.336
400624,FORMULA PG NANO CHARCOAL 160G,3272 - TOOTH PASTE,TOOTH CARE,1.09,,,60.5,,,1.1,,,18567.0,,,20424.0,,,110.0,,
109868,ORAL-B PG GUMCARE FRSHMNT 100ML,3272 - TOOTH PASTE,TOOTH CARE,1.12,,,4.0,,,1.0,,,31375.0,,,31375.0,,,8.0,,
112779,PEPSODENT PG ACT123 CENTER 160G,3272 - TOOTH PASTE,TOOTH CARE,1.11,1.22,0.0991,28.5,13.67,-0.5204,1.12,1.11,-0.0089,34419.0,32959.0,-0.0424,38549.0,36584.0,-0.051,51.0,37.0,-0.2745
11349,PEPSODENT PG ECONOMY 72G/75G,3272 - TOOTH PASTE,TOOTH CARE,1.08,1.09,0.0093,301.5,170.0,-0.4362,1.06,1.06,0.0,8271.0,8660.0,0.047,8767.0,9180.0,0.0471,569.0,479.0,-0.1582
11351,PEPSODENT PG ECONOMY JUMBO 190G,3272 - TOOTH PASTE,TOOTH CARE,1.05,1.04,-0.0095,36.5,58.0,0.589,1.0,1.04,0.04,20212.0,20066.0,-0.0072,20212.0,20869.0,0.0325,73.0,167.0,1.2877
117226,PEPSODENT PG ACT123 HERBAL 190G,3272 - TOOTH PASTE,TOOTH CARE,1.27,1.12,-0.1181,94.0,49.0,-0.4787,1.04,1.09,0.0481,32876.0,29232.0,-0.1108,34191.0,31863.0,-0.0681,180.0,135.0,-0.25
122241,PEPSODENT PG ACT123 COMPLET190G,3272 - TOOTH PASTE,TOOTH CARE,1.03,1.07,0.0388,15.5,15.0,-0.0323,1.0,1.07,0.07,30748.0,32140.0,0.0453,30748.0,34390.0,0.1184,31.0,42.0,0.3548
126475,PEPSODENT PG ECONOMY JUMBO 225G,3272 - TOOTH PASTE,TOOTH CARE,1.77,2.13,0.2034,723.0,501.67,-0.3061,1.11,1.15,0.036,32074.0,38485.0,0.1999,35602.0,44258.0,0.2431,1304.0,1307.0,0.0023
224297,PEPSODENT PG ACT123 WHITE 190G,3272 - TOOTH PASTE,TOOTH CARE,1.09,1.1,0.0092,79.0,48.33,-0.3882,1.07,1.12,0.0467,31779.0,31841.0,0.002,34004.0,35662.0,0.0488,147.0,130.0,-0.1156
410631,PEPSODENT PG ECONOMY JMB 2X190G,3272 - TOOTH PASTE,TOOTH CARE,1.06,1.04,-0.0189,262.0,67.33,-0.743,1.07,1.09,0.0187,31149.0,31593.0,0.0143,33329.0,34436.0,0.0332,492.0,185.0,-0.624
413099,PEPSODENT PG ACT123 CHRCOAL160G,3272 - TOOTH PASTE,TOOTH CARE,1.1,1.14,0.0364,49.5,22.0,-0.5556,1.08,1.05,-0.0278,29270.0,31941.0,0.0913,31612.0,33538.0,0.0609,92.0,63.0,-0.3152
418417,PEPSODENT PG ACT SIWAK 150+25G,3272 - TOOTH PASTE,TOOTH CARE,1.13,1.03,-0.0885,27.5,19.33,-0.2971,1.08,1.04,-0.037,24111.0,22231.0,-0.078,26040.0,23120.0,-0.1121,51.0,56.0,0.098
422722,PEPSODENT PG COMPLTE 8 ACT150G,3272 - TOOTH PASTE,TOOTH CARE,1.08,1.03,-0.0463,88.5,36.33,-0.5895,1.04,1.06,0.0192,22333.0,21157.0,-0.0527,23226.0,22426.0,-0.0344,171.0,103.0,-0.3977
428744,PEPSODENT PG ECONOMY 150G,3272 - TOOTH PASTE,TOOTH CARE,1.14,1.12,-0.0175,382.0,135.33,-0.6457,1.07,1.09,0.0187,15002.0,14990.0,-0.0008,16052.0,16339.0,0.0179,713.0,374.0,-0.4755
429581,PEPSODENT PG ACT123 HRBL120+30G,3272 - TOOTH PASTE,TOOTH CARE,1.06,1.06,0.0,53.5,40.33,-0.2462,1.01,1.07,0.0594,20636.0,21036.0,0.0194,20842.0,22509.0,0.08,106.0,113.0,0.066
447091,PEPSODENT PG STRONG 12 190+15G,3272 - TOOTH PASTE,TOOTH CARE,1.11,1.09,-0.018,309.5,101.0,-0.6737,1.05,1.05,0.0,16147.0,16078.0,-0.0043,16954.0,16882.0,-0.0042,590.0,289.0,-0.5102
449050,PEPSODENT PG GUM EXPERT 100G,3272 - TOOTH PASTE,TOOTH CARE,1.0,1.03,0.03,7.5,9.67,0.2893,1.0,1.21,0.21,33620.0,32514.0,-0.0329,33620.0,39342.0,0.1702,15.0,24.0,0.6
451359,PEPSODENT PG ULT WHITE ULTM 90G,3272 - TOOTH PASTE,TOOTH CARE,,1.0,,,2.67,,,1.14,,,49900.0,,,56886.0,,,7.0,
117938,PEPSODENT SNSTV EXP PG ORI 100G,3272 - TOOTH PASTE,TOOTH CARE,1.18,1.0,-0.1525,25.0,7.67,-0.6932,1.0,1.0,0.0,48600.0,39039.0,-0.1967,48600.0,39039.0,-0.1967,50.0,23.0,-0.54
124286,PEPSODENT SNSTV EXP PG WHT 100G,3272 - TOOTH PASTE,TOOTH CARE,1.06,1.08,0.0189,31.0,4.33,-0.8603,1.0,1.08,0.08,43742.0,33338.0,-0.2378,43742.0,36005.0,-0.1769,62.0,12.0,-0.8065
426260,PEPSODENT SNSTV EXP PG ORI 105G,3272 - TOOTH PASTE,TOOTH CARE,1.04,1.2,0.1538,14.0,6.67,-0.5236,1.12,1.11,-0.0089,53711.0,59715.0,0.1118,60156.0,66284.0,0.1019,25.0,18.0,-0.28
444705,PEPSODENT SENS. EXP COMP 100ML,3272 - TOOTH PASTE,TOOTH CARE,1.22,1.09,-0.1066,16.0,7.33,-0.5419,1.0,1.0,0.0,49978.0,42200.0,-0.1556,49978.0,42200.0,-0.1556,32.0,22.0,-0.3125
459336,PEPSODENT PG SNSTV EXP ORI 60G,3272 - TOOTH PASTE,TOOTH CARE,,1.21,,,22.0,,,1.08,,,24242.0,,,26181.0,,,61.0,
436081,POLIDENT FRESH MINT 20G,3272 - TOOTH PASTE,TOOTH CARE,1.0,,,4.0,,,1.33,,,43425.0,,,57755.0,,,6.0,,
412273,SASHA PG ANTIBACTERI SIWAK 150G,3272 - TOOTH PASTE,TOOTH CARE,1.05,1.05,0.0,76.0,49.0,-0.3553,1.13,1.2,0.0619,19332.0,19686.0,0.0183,21845.0,23623.0,0.0814,134.0,122.0,-0.0896
122430,SENSODYNE PG MULTI ACTION 100G,3272 - TOOTH PASTE,TOOTH CARE,1.0,,,0.5,,,1.0,,,40900.0,,,40900.0,,,1.0,,
124317,SENSODYNE PG REPAIR&PROTCT 100G,3272 - TOOTH PASTE,TOOTH CARE,1.06,1.05,-0.0094,35.0,20.67,-0.4094,1.09,1.11,0.0183,54260.0,53871.0,-0.0072,59143.0,59797.0,0.0111,64.0,56.0,-0.125
126898,SENSODYNE PG R&P EXT FRESH 100G,3272 - TOOTH PASTE,TOOTH CARE,1.0,1.02,0.02,20.5,16.67,-0.1868,1.05,1.09,0.0381,51137.0,52088.0,0.0186,53694.0,56776.0,0.0574,39.0,46.0,0.1795
126899,SENSODYNE PG R&P WHITE100G(OL),3272 - TOOTH PASTE,TOOTH CARE,1.0,,,1.5,,,1.0,,,50500.0,,,50500.0,,,3.0,,
220389,SENSODYNE PG COOL GEL 100G,3272 - TOOTH PASTE,TOOTH CARE,1.22,1.25,0.0246,49.0,17.67,-0.6394,1.04,1.13,0.0865,46134.0,46972.0,0.0182,47979.0,53078.0,0.1063,94.0,47.0,-0.5
320571,SENSODYNE PG COOL GEL 160G(OL),3272 - TOOTH PASTE,TOOTH CARE,1.75,,,2.0,,,1.0,,,81375.0,,,81375.0,,,4.0,,
320572,SENSODYNE PG FRESHMINT 160G(OL),3272 - TOOTH PASTE,TOOTH CARE,2.4,,,5.0,,,1.0,,,113480.0,,,113480.0,,,10.0,,
417250,SENSODYNE PG HERBAL 100G,3272 - TOOTH PASTE,TOOTH CARE,1.1,1.07,-0.0273,25.5,15.33,-0.3988,1.04,1.0,-0.0385,43439.0,42217.0,-0.0281,45177.0,42217.0,-0.0655,49.0,46.0,-0.0612
425635,SENSODYNE PG DEEP CLEAN 100G,3272 - TOOTH PASTE,TOOTH CARE,1.05,1.14,0.0857,41.5,16.33,-0.6065,1.06,1.0,-0.0566,41493.0,45069.0,0.0862,43983.0,45069.0,0.0247,78.0,49.0,-0.3718
438925,SENSODYNE PG FRESHMINT 60GR,3272 - TOOTH PASTE,TOOTH CARE,1.12,1.06,-0.0536,80.5,16.67,-0.7929,1.07,1.06,-0.0093,25800.0,24994.0,-0.0312,27606.0,26494.0,-0.0403,150.0,47.0,-0.6867
449051,SENSODYNE PG CAVITY 40G,3272 - TOOTH PASTE,TOOTH CARE,1.08,1.07,-0.0093,18.5,51.0,1.7568,1.03,1.06,0.0291,16757.0,16513.0,-0.0146,17260.0,17504.0,0.0141,36.0,145.0,3.0278
449052,SENSODYNE PG CAVITY 60G,3272 - TOOTH PASTE,TOOTH CARE,1.16,1.15,-0.0086,31.0,76.33,1.4623,1.02,1.21,0.1863,26594.0,26400.0,-0.0073,27126.0,31944.0,0.1776,61.0,189.0,2.0984
50307,SENSODYNE PG FRESH MINT 100G,3272 - TOOTH PASTE,TOOTH CARE,1.26,1.24,-0.0159,104.0,34.0,-0.6731,1.08,1.15,0.0648,47571.0,46738.0,-0.0175,51377.0,53749.0,0.0462,192.0,89.0,-0.5365
126673,SYSTEMA PG SPRING FRESH 190G,3272 - TOOTH PASTE,TOOTH CARE,1.06,1.06,0.0,143.0,64.67,-0.5478,1.06,1.07,0.0094,16687.0,16702.0,0.0009,17688.0,17871.0,0.0103,271.0,181.0,-0.3321
126674,SYSTEMA PG MNTL BREEZE 190G,3272 - TOOTH PASTE,TOOTH CARE,1.11,1.06,-0.045,254.5,84.0,-0.6699,1.09,1.08,-0.0092,17541.0,16816.0,-0.0413,19120.0,18161.0,-0.0502,466.0,234.0,-0.4979
448246,SYSTEMA PG TRIPLE ADVANCE 190G,3272 - TOOTH PASTE,TOOTH CARE,1.06,1.07,0.0094,121.5,77.67,-0.3607,1.06,1.07,0.0094,17874.0,18023.0,0.0083,18946.0,19285.0,0.0179,229.0,217.0,-0.0524
408175,ZACT PG STAIN TUBE 190G (OL),3272 - TOOTH PASTE,TOOTH CARE,1.14,,,14.5,,,1.07,,,23776.0,,,25440.0,,,27.0,,
5141,BETADINE MW AND GARGLE190ML(DB),3273 - MOUTHWASH,TOOTH CARE,1.0,1.11,0.11,12.0,12.67,0.0558,1.04,1.15,0.1058,46800.0,51755.0,0.1059,48672.0,59518.0,0.2228,23.0,33.0,0.4348
442005,COLGATE MW FRESMINT 750ML(OL),3273 - MOUTHWASH,TOOTH CARE,2.0,,,6.5,,,4.33,,,118000.0,,,510940.0,,,3.0,,
447943,COLGATE MW PAPERMINT 750ML(OL),3273 - MOUTHWASH,TOOTH CARE,1.5,,,1.0,,,1.0,,,85500.0,,,85500.0,,,2.0,,
426493,ENKASARI HERBAL 120ML,3273 - MOUTHWASH,TOOTH CARE,1.0,,,7.0,,,1.08,,,23457.0,,,25334.0,,,13.0,,
211199,LISTERINE MW COOL MINT 250ML,3273 - MOUTHWASH,TOOTH CARE,1.08,1.09,0.0093,91.0,63.67,-0.3003,1.09,1.09,0.0,29228.0,29531.0,0.0104,31859.0,32189.0,0.0104,167.0,175.0,0.0479
211200,LISTERINE MW COOL MINT 500ML,3273 - MOUTHWASH,TOOTH CARE,1.05,1.06,0.0095,10.0,11.67,0.167,1.05,1.0,-0.0476,47475.0,47729.0,0.0054,49849.0,47729.0,-0.0425,19.0,35.0,0.8421
216093,LISTERINE MW COOL MINT 100ML,3273 - MOUTHWASH,TOOTH CARE,1.03,1.01,-0.0194,63.0,29.0,-0.5397,1.02,1.05,0.0294,11904.0,11831.0,-0.0061,12142.0,12423.0,0.0231,124.0,83.0,-0.3306
320841,LISTERINE MW GRNTEA 500ML (OL),3273 - MOUTHWASH,TOOTH CARE,1.0,,,1.5,,,1.0,,,43400.0,,,43400.0,,,3.0,,
400773,LISTERINE MW ZERO 250ML,3273 - MOUTHWASH,TOOTH CARE,1.04,1.05,0.0096,35.0,18.33,-0.4763,1.13,1.08,-0.0442,28164.0,28415.0,0.0089,31825.0,30688.0,-0.0357,62.0,51.0,-0.1774
405999,LISTERINE MW MLT PRO ZERO 250ML,3273 - MOUTHWASH,TOOTH CARE,1.03,1.05,0.0194,30.0,21.33,-0.289,1.05,1.1,0.0476,32060.0,33392.0,0.0415,33663.0,36731.0,0.0911,57.0,58.0,0.0175
431080,LISTERINE MW FRESH CITRUS 250ML,3273 - MOUTHWASH,TOOTH CARE,1.06,1.04,-0.0189,25.0,8.67,-0.6532,1.11,1.04,-0.0631,28604.0,26808.0,-0.0628,31750.0,27880.0,-0.1219,45.0,25.0,-0.4444
431169,LISTERINE MW CITRUS 500ML (OL),3273 - MOUTHWASH,TOOTH CARE,1.44,,,4.5,,,1.5,,,57633.0,,,86450.0,,,6.0,,
431170,LISTERINE MW ZERO 500ML (OL),3273 - MOUTHWASH,TOOTH CARE,1.5,,,6.0,,,1.0,,,59850.0,,,59850.0,,,12.0,,
437375,LISTERINE PROT SENTIV 500ML(OL),3273 - MOUTHWASH,TOOTH CARE,1.0,,,2.0,,,1.0,,,43400.0,,,43400.0,,,4.0,,
446398,LISTERINE MW MLT PRO ZERO 100ML,3273 - MOUTHWASH,TOOTH CARE,1.02,1.06,0.0392,43.0,21.33,-0.504,1.0,1.0,0.0,12657.0,13120.0,0.0366,12657.0,13120.0,0.0366,86.0,64.0,-0.2558
448247,LISTERINE MW SAKURA PEACH 250ML,3273 - MOUTHWASH,TOOTH CARE,1.0,1.08,0.08,69.5,29.33,-0.578,1.05,1.06,0.0095,26907.0,29063.0,0.0801,28252.0,30807.0,0.0904,133.0,83.0,-0.3759
437485,SECRET CLEAN MTWASH OR150ML(OL),3273 - MOUTHWASH,TOOTH CARE,1.0,,,1.5,,,1.0,,,32167.0,,,32167.0,,,3.0,,
437486,SECRET CLEAN MTWASH PM150ML(OL),3273 - MOUTHWASH,TOOTH CARE,1.0,,,1.5,,,1.0,,,30167.0,,,30167.0,,,3.0,,
100969,TOTAL CARE MW COOL MINT 250ML,3273 - MOUTHWASH,TOOTH CARE,1.09,1.13,0.0367,100.5,36.33,-0.6385,1.13,1.09,-0.0354,21196.0,22619.0,0.0671,23951.0,24655.0,0.0294,178.0,100.0,-0.4382
105893,TOTAL CARE MW COOLMINT 100ML,3273 - MOUTHWASH,TOOTH CARE,1.02,1.03,0.0098,50.0,38.67,-0.2266,1.03,1.07,0.0388,9569.0,9977.0,0.0426,9856.0,10675.0,0.0831,97.0,108.0,0.1134
420791,TOTAL CARE MW SIWAK 250ML,3273 - MOUTHWASH,TOOTH CARE,1.12,1.04,-0.0714,47.0,37.33,-0.2057,1.16,1.11,-0.0431,21469.0,20271.0,-0.0558,24904.0,22501.0,-0.0965,81.0,101.0,0.2469
434788,TOTAL CARE MW COOLMINT400ML(OL),3273 - MOUTHWASH,TOOTH CARE,1.0,,,3.0,,,1.0,,,27900.0,,,27900.0,,,6.0,,
438807,ALFAMART DENTAL FLOSS 30S,3275 - TOOTH CARE PACK,TOOTH CARE,1.13,1.08,-0.0442,35.5,32.67,-0.0797,1.11,1.07,-0.036,8944.0,8761.0,-0.0205,9928.0,9374.0,-0.0558,64.0,92.0,0.4375
438808,ALFAMART DENTAL PICK 60S,3275 - TOOTH CARE PACK,TOOTH CARE,1.12,1.02,-0.0893,34.0,14.0,-0.5882,1.03,1.0,-0.0291,8865.0,8117.0,-0.0844,9131.0,8117.0,-0.1111,66.0,42.0,-0.3636
144090,CHARMI DENTAL FLOSS 30S(OL),3275 - TOOTH CARE PACK,TOOTH CARE,1.0,,,0.5,,,1.0,,,13900.0,,,13900.0,,,1.0,,
321411,CHARMI DENTAL TOOTHPCK3X60S(OL),3275 - TOOTH CARE PACK,TOOTH CARE,1.0,,,0.5,,,1.0,,,27900.0,,,27900.0,,,1.0,,
444704,CLOSE UP PG TRAVEL KIT,3275 - TOOTH CARE PACK,TOOTH CARE,1.0,1.05,0.05,1.0,22.0,21.0,1.0,1.02,0.02,23200.0,24253.0,0.0454,23200.0,24738.0,0.0663,2.0,65.0,31.5
114875,FORMULA SG P.PRO FLIP MOC,3275 - TOOTH CARE PACK,TOOTH CARE,1.11,1.04,-0.0631,105.0,46.67,-0.5555,1.02,1.0,-0.0196,18845.0,17773.0,-0.0569,19222.0,17773.0,-0.0754,206.0,140.0,-0.3204
403592,FORMULA FLIP GO CHARCOAL/SNSTV,3275 - TOOTH CARE PACK,TOOTH CARE,1.04,1.05,0.0096,27.5,12.67,-0.5393,1.0,1.0,0.0,22847.0,23605.0,0.0332,22847.0,23605.0,0.0332,55.0,38.0,-0.3091
109867,ORAL-B ESSENT FLOSS50M (OL),3275 - TOOTH CARE PACK,TOOTH CARE,1.0,,,0.5,,,1.0,,,45000.0,,,45000.0,,,1.0,,
415835,PEPSODENT TRAVEL KIT SOFT,3275 - TOOTH CARE PACK,TOOTH CARE,1.08,1.04,-0.037,79.0,29.67,-0.6244,1.02,1.01,-0.0098,25257.0,25019.0,-0.0094,25762.0,25269.0,-0.0191,155.0,88.0,-0.4323
439637,POLIDENT CLEANSER 30S( OL),3275 - TOOTH CARE PACK,TOOTH CARE,1.0,,,0.5,,,1.0,,,49000.0,,,49000.0,,,1.0,,
116629,EXSO KARTU REMI,4313 - GAMES & ACCESSORIES,TOY'S,2.0,1.0,-0.5,1.0,0.33,-0.67,1.0,1.0,0.0,26800.0,13400.0,-0.5,26800.0,13400.0,-0.5,2.0,1.0,-0.5
430249,FULLHOUSE KARTU REMI,4313 - GAMES & ACCESSORIES,TOY'S,1.52,1.13,-0.2566,10.5,5.0,-0.5238,1.0,1.0,0.0,19657.0,14580.0,-0.2583,19657.0,14580.0,-0.2583,21.0,15.0,-0.2857
117313,GAR'DA KENCANA DOMINO,4313 - GAMES & ACCESSORIES,TOY'S,1.25,1.0,-0.2,2.0,1.0,-0.5,1.0,1.0,0.0,12575.0,10233.0,-0.1862,12575.0,10233.0,-0.1862,4.0,3.0,-0.25
130065,VICKY KARTU DOMINO ACC,4313 - GAMES & ACCESSORIES,TOY'S,1.0,1.5,0.5,1.5,1.33,-0.1133,1.0,1.0,0.0,5300.0,7875.0,0.4858,5300.0,7875.0,0.4858,3.0,4.0,0.3333
448530,SANRIO SQUISHY JELLY A224,4611 - TOYS,TOY'S,1.0,,,0.5,,,1.0,,,39900.0,,,39900.0,,,1.0,,
448606,ALFA SPIDERMAN YOYO D125,4611 - TOYS,TOY'S,1.17,1.5,0.2821,3.0,0.67,-0.7767,1.0,1.0,0.0,34883.0,44850.0,0.2857,34883.0,44850.0,0.2857,6.0,2.0,-0.6667
448607,ALFA DISNEY BALON TIUP D125,4611 - TOYS,TOY'S,1.0,1.38,0.38,4.5,2.67,-0.4067,1.0,1.0,0.0,24900.0,34238.0,0.375,24900.0,34238.0,0.375,9.0,8.0,-0.1111
448608,ALFA DISNEY DIY PAINTING D125,4611 - TOYS,TOY'S,1.0,1.0,0.0,1.5,1.67,0.1133,1.0,1.0,0.0,34900.0,34900.0,0.0,34900.0,34900.0,0.0,3.0,5.0,0.6667
448609,ALFA DISNEY PUZZLE D125,4611 - TOYS,TOY'S,1.0,1.2,0.2,3.0,1.67,-0.4433,1.0,1.0,0.0,19900.0,23880.0,0.2,19900.0,23880.0,0.2,6.0,5.0,-0.1667
450600,ALFA DSNY NAIL STCKRS D125,4611 - TOYS,TOY'S,,1.0,,,1.67,,,1.25,,,29900.0,,,37375.0,,,4.0,
450601,ALFA SPIDERMAN RBKD125,4611 - TOYS,TOY'S,,1.0,,,0.67,,,1.0,,,37900.0,,,37900.0,,,2.0,
450602,ALFA DISNEY SQUISHY JELLY D125,4611 - TOYS,TOY'S,,1.0,,,3.33,,,1.11,,,34900.0,,,38739.0,,,9.0,
450603,ALFA DSNY CATCH THE JELLY D125,4611 - TOYS,TOY'S,,1.0,,,1.67,,,1.0,,,34900.0,,,34900.0,,,5.0,
450604,ALFA DSNY CRYSTAL KEYCHAIN D125,4611 - TOYS,TOY'S,,1.0,,,1.0,,,1.0,,,34900.0,,,34900.0,,,3.0,
450605,ALFA DSNY SHAKER DIORAMA D125,4611 - TOYS,TOY'S,,1.0,,,1.0,,,1.0,,,19900.0,,,19900.0,,,3.0,
451147,SANRIO DIY PAINTING A125,4611 - TOYS,TOY'S,,1.0,,,0.33,,,1.0,,,34900.0,,,34900.0,,,1.0,
451148,SANRIO SQUISHY JELLY A125,4611 - TOYS,TOY'S,,1.25,,,1.33,,,1.0,,,43625.0,,,43625.0,,,4.0,
451149,SANRIO PUZZLE A125,4611 - TOYS,TOY'S,,1.14,,,2.33,,,1.0,,,22743.0,,,22743.0,,,7.0,
448176,LUCKY PHONE CHARM STRAP,4611 - TOYS,TOY'S,,1.18,,,7.33,,,1.16,,,53064.0,,,61554.0,,,19.0,
403885,APOLO MSZ DC PULLBACK AST,4611 - TOYS,TOY'S,1.0,1.0,0.0,4.5,3.0,-0.3333,1.12,1.0,-0.1071,69900.0,70656.0,0.0108,78288.0,70656.0,-0.0975,8.0,9.0,0.125
434721,APOLO HEAVY MACHINERY,4611 - TOYS,TOY'S,1.14,,,3.5,,,1.0,,,51429.0,,,51429.0,,,7.0,,
438387,APOLO WOBLE WOBLE AST,4611 - TOYS,TOY'S,1.0,1.5,0.5,4.0,0.67,-0.8325,1.0,1.0,0.0,59938.0,89850.0,0.499,59938.0,89850.0,0.499,8.0,2.0,-0.75
440047,APOLO BALON QUU AST,4611 - TOYS,TOY'S,1.0,1.16,0.16,14.0,23.0,0.6429,1.04,1.15,0.1058,24900.0,28942.0,0.1623,25896.0,33283.0,0.2853,27.0,60.0,1.2222
445452,APOLO WIGGLE WIGGLE AST,4611 - TOYS,TOY'S,1.5,,,2.0,,,1.0,,,59850.0,,,59850.0,,,4.0,,
445732,APOLO WHACK A PAL AST,4611 - TOYS,TOY'S,1.0,1.0,0.0,4.0,3.67,-0.0825,1.0,1.0,0.0,29900.0,29900.0,0.0,29900.0,29900.0,0.0,8.0,11.0,0.375
445733,APOLO LITTLE BOTS AST,4611 - TOYS,TOY'S,1.0,,,3.0,,,1.0,,,39900.0,,,39900.0,,,6.0,,
447034,APOLO PET SALON AST,4611 - TOYS,TOY'S,1.33,,,1.5,,,1.0,,,39867.0,,,39867.0,,,3.0,,
447960,APOLO TAMPOLINE AST,4611 - TOYS,TOY'S,1.0,1.0,0.0,6.0,0.67,-0.8883,1.0,1.0,0.0,44217.0,36400.0,-0.1768,44217.0,36400.0,-0.1768,12.0,2.0,-0.8333
447961,APOLO WHERE'S MY FOOD AST,4611 - TOYS,TOY'S,1.0,1.11,0.11,3.5,3.0,-0.1429,1.0,1.12,0.12,39471.0,41444.0,0.05,39471.0,46417.0,0.176,7.0,8.0,0.1429
450311,APOLLO MEOW PLAY AST,4611 - TOYS,TOY'S,1.0,1.0,0.0,1.5,1.33,-0.1133,1.0,1.0,0.0,21900.0,21400.0,-0.0228,21900.0,21400.0,-0.0228,3.0,4.0,0.3333
450312,APOLO THE NOISEMAKER AST,4611 - TOYS,TOY'S,1.0,1.17,0.17,5.5,2.0,-0.6364,1.0,1.0,0.0,24900.0,29050.0,0.1667,24900.0,29050.0,0.1667,11.0,6.0,-0.4545
451973,APOLO SNAP TOYS AST,4611 - TOYS,TOY'S,,1.0,,,4.33,,,1.0,,,29900.0,,,29900.0,,,13.0,
452218,APOLO MAJESTIC SAND AST,4611 - TOYS,TOY'S,,1.0,,,2.0,,,1.0,,,37900.0,,,37900.0,,,6.0,
466371,APOLO GLIMMER GEMS AST,4611 - TOYS,TOY'S,,1.18,,,3.67,,,1.0,,,45791.0,,,45791.0,,,11.0,
447343,BARBIE CHL NAIL STICKER SET AST,4611 - TOYS,TOY'S,1.0,1.0,0.0,1.5,1.0,-0.3333,1.0,1.0,0.0,59900.0,59900.0,0.0,59900.0,59900.0,0.0,3.0,3.0,0.0
450772,BARBIE BRACELET & CHARMS AST,4611 - TOYS,TOY'S,,1.04,,,9.33,,,1.04,,,56889.0,,,59165.0,,,27.0,
451895,BARBIE SNOWFLAKEZ AST,4611 - TOYS,TOY'S,,1.25,,,1.33,,,1.0,,,49925.0,,,49925.0,,,4.0,
452311,BARBIE JET TAG AST,4611 - TOYS,TOY'S,,1.0,,,0.67,,,1.0,,,49900.0,,,49900.0,,,2.0,
422176,DC BATMAN FIGURE 6 AST,4611 - TOYS,TOY'S,1.0,1.0,0.0,2.5,0.33,-0.868,1.25,1.0,-0.2,51900.0,69900.0,0.3468,64875.0,69900.0,0.0775,4.0,1.0,-0.75
445024,BERINGIN ERLY ED MAG ANIMAL(OL),4611 - TOYS,TOY'S,1.0,,,0.5,,,1.0,,,51900.0,,,51900.0,,,1.0,,
445025,BERINGIN WOODEN PUZZLE BOX (OL),4611 - TOYS,TOY'S,1.0,,,0.5,,,1.0,,,46700.0,,,46700.0,,,1.0,,
448174,BLOKEES TRANSFORMERS GVD,4611 - TOYS,TOY'S,1.35,1.31,-0.0296,35.5,30.33,-0.1456,1.37,1.17,-0.146,40435.0,39105.0,-0.0329,55396.0,45753.0,-0.1741,52.0,78.0,0.5
447480,BARFY BUDDIES SQUEEZE AST,4611 - TOYS,TOY'S,1.33,1.0,-0.2481,1.5,0.67,-0.5533,1.0,1.0,0.0,39733.0,24500.0,-0.3834,39733.0,24500.0,-0.3834,3.0,2.0,-0.3333
447481,SQUEEZE ME MINI CHICKEN AST,4611 - TOYS,TOY'S,1.09,1.0,-0.0826,5.5,1.0,-0.8182,1.0,1.0,0.0,32182.0,23433.0,-0.2719,32182.0,23433.0,-0.2719,11.0,3.0,-0.7273
450768,GROSS EYE FLINGER,4611 - TOYS,TOY'S,1.0,1.33,0.33,0.5,1.0,1.0,1.0,1.0,0.0,28500.0,34267.0,0.2024,28500.0,34267.0,0.2024,1.0,3.0,2.0
450769,IRRE SQUISH KOLL KUBE AST,4611 - TOYS,TOY'S,1.0,1.29,0.29,0.5,2.33,3.66,1.0,1.0,0.0,39900.0,48800.0,0.2231,39900.0,48800.0,0.2231,1.0,7.0,6.0
450924,SQUEEZE KITTY AST,4611 - TOYS,TOY'S,,1.0,,,2.0,,,1.0,,,54167.0,,,54167.0,,,6.0,
450966,PUFF UPS PLUSH BALL AST,4611 - TOYS,TOY'S,,1.22,,,3.0,,,1.0,,,79878.0,,,79878.0,,,9.0,
451734,SQUISH ATTACK SMILE FACE AST,4611 - TOYS,TOY'S,,1.0,,,3.67,,,1.1,,,39900.0,,,43890.0,,,10.0,
451735,UGLY CUTE POP EYES AST,4611 - TOYS,TOY'S,,1.0,,,3.33,,,1.25,,,28500.0,,,35625.0,,,8.0,
451823,IRRE SQUSHY TUBE MAN AST,4611 - TOYS,TOY'S,,1.0,,,7.0,,,1.05,,,39900.0,,,41895.0,,,20.0,
422553,CAT LITTLE MACHINES AST,4611 - TOYS,TOY'S,1.0,1.33,0.33,1.5,1.0,-0.3333,1.0,1.0,0.0,32900.0,43867.0,0.3333,32900.0,43867.0,0.3333,3.0,3.0,0.0
451360,SPONGEBOB BUDDIES 3D COL FIGURE,4611 - TOYS,TOY'S,,1.25,,,4.0,,,1.09,,,37375.0,,,40739.0,,,11.0,
443697,COOL THINGS FOODIES SQUISHY XL,4611 - TOYS,TOY'S,1.33,1.0,-0.2481,1.5,0.67,-0.5533,1.0,1.0,0.0,26000.0,20900.0,-0.1962,26000.0,20900.0,-0.1962,3.0,2.0,-0.3333
438109,DINO-X PUZZLE AST,4611 - TOYS,TOY'S,1.0,,,0.5,,,1.0,,,29700.0,,,29700.0,,,1.0,,
438880,D-NO BALON AIR JUMBO 72S,4611 - TOYS,TOY'S,1.0,1.06,0.06,14.5,10.67,-0.2641,1.04,1.0,-0.0385,24900.0,26456.0,0.0625,25896.0,26456.0,0.0216,28.0,32.0,0.1429
446173,LOVELY KITTEN SURPRISE AST,4611 - TOYS,TOY'S,1.0,1.14,0.14,3.0,2.33,-0.2233,1.0,1.0,0.0,34900.0,34171.0,-0.0209,34900.0,34171.0,-0.0209,6.0,7.0,0.1667
435181,DENO SQUEEZE TWO TONE,4611 - TOYS,TOY'S,,1.12,,,2.67,,,1.0,,,29387.0,,,29387.0,,,8.0,
435181,DENO SQUUEZE,4611 - TOYS,TOY'S,1.0,,,2.5,,,1.0,,,26900.0,,,26900.0,,,5.0,,
438488,DENO SLIME PUPOO AST,4611 - TOYS,TOY'S,1.2,1.0,-0.1667,2.5,1.33,-0.468,1.0,1.0,0.0,33720.0,27900.0,-0.1726,33720.0,27900.0,-0.1726,5.0,4.0,-0.2
441888,DINO HEAD SQUEEZE,4611 - TOYS,TOY'S,1.0,,,0.5,,,1.0,,,14900.0,,,14900.0,,,1.0,,
443438,DENO SQUISHY BEARS AST,4611 - TOYS,TOY'S,1.0,,,5.0,,,1.11,,,18500.0,,,20535.0,,,9.0,,
446174,GURITA GEMOY AST,4611 - TOYS,TOY'S,1.0,1.17,0.17,2.5,2.0,-0.2,1.0,1.0,0.0,34900.0,31967.0,-0.084,34900.0,31967.0,-0.084,5.0,6.0,0.2
446175,GARBAGE SLIME AST,4611 - TOYS,TOY'S,1.0,1.0,0.0,6.0,1.67,-0.7217,1.0,1.0,0.0,26900.0,23900.0,-0.1115,26900.0,23900.0,-0.1115,12.0,5.0,-0.5833
436583,DISNEY PUZZLE D100S1,4611 - TOYS,TOY'S,,1.0,,,0.33,,,1.0,,,19900.0,,,19900.0,,,1.0,
436587,DISNEY SLIME D100S1,4611 - TOYS,TOY'S,1.0,,,0.5,,,1.0,,,25900.0,,,25900.0,,,1.0,,
437787,TSUM TSUM POP PACK,4611 - TOYS,TOY'S,1.5,,,1.0,,,1.0,,,19950.0,,,19950.0,,,2.0,,
437964,DISNEY PRINCESS DOLL AST,4611 - TOYS,TOY'S,1.08,,,6.5,,,1.0,,,42538.0,,,42538.0,,,13.0,,
438607,DISNEY PUZZLE TABUNG D100S2,4611 - TOYS,TOY'S,1.0,1.0,0.0,3.0,0.67,-0.7767,1.0,1.0,0.0,14600.0,19050.0,0.3048,14600.0,19050.0,0.3048,6.0,2.0,-0.6667
438610,DISNEY RUBIK D100S2,4611 - TOYS,TOY'S,1.0,1.0,0.0,1.5,0.33,-0.78,1.0,1.0,0.0,22900.0,23100.0,0.0087,22900.0,23100.0,0.0087,3.0,1.0,-0.6667
438612,DISNEY 3D CARS PUZZLE D100S2,4611 - TOYS,TOY'S,1.0,,,0.5,,,1.0,,,15800.0,,,15800.0,,,1.0,,
441923,DISNEY SPIDERMAN RUBIK F24,4611 - TOYS,TOY'S,1.0,1.0,0.0,1.0,0.67,-0.33,1.0,1.0,0.0,22900.0,34900.0,0.524,22900.0,34900.0,0.524,2.0,2.0,0.0
441924,DISNEY PRINCESS SLIME F24,4611 - TOYS,TOY'S,1.25,1.33,0.064,2.0,1.0,-0.5,1.0,1.0,0.0,32625.0,53200.0,0.6307,32625.0,53200.0,0.6307,4.0,3.0,-0.25
441926,DISNEY PRINCESS DIAMOND STC F24,4611 - TOYS,TOY'S,,1.0,,,0.67,,,1.0,,,29900.0,,,29900.0,,,2.0,
441928,DISNEY PRINCESS JELLY F24,4611 - TOYS,TOY'S,1.0,1.0,0.0,0.5,1.0,1.0,1.0,1.0,0.0,26100.0,30767.0,0.1788,26100.0,30767.0,0.1788,1.0,3.0,2.0
445736,ALFA RUBIK DISNEY  D224,4611 - TOYS,TOY'S,,1.0,,,2.67,,,1.14,,,27400.0,,,31236.0,,,7.0,
445739,ALFA SLIME DISNEY D224,4611 - TOYS,TOY'S,1.0,1.0,0.0,1.5,0.67,-0.5533,1.0,1.0,0.0,39900.0,33000.0,-0.1729,39900.0,33000.0,-0.1729,3.0,2.0,-0.3333
445740,ALFA DIY DIAMOND PAINTING D224,4611 - TOYS,TOY'S,1.0,1.0,0.0,1.0,1.33,0.33,1.0,1.0,0.0,39900.0,36450.0,-0.0865,39900.0,36450.0,-0.0865,2.0,4.0,1.0
445741,ALFA SISIR LOTSO D224,4611 - TOYS,TOY'S,1.0,1.0,0.0,0.5,0.33,-0.34,1.0,1.0,0.0,37900.0,37900.0,0.0,37900.0,37900.0,0.0,1.0,1.0,0.0
445742,ALFA SQUISHY JLLY PRINCESS D224,4611 - TOYS,TOY'S,1.0,1.0,0.0,1.0,0.33,-0.67,1.0,1.0,0.0,39900.0,26400.0,-0.3383,39900.0,26400.0,-0.3383,2.0,1.0,-0.5
445743,ALFA NOTEBOOK DISNEY D224,4611 - TOYS,TOY'S,,1.0,,,1.33,,,1.0,,,11850.0,,,11850.0,,,4.0,
445744,ALFA NOTEBOOK A6 SPDRMN/FROZEN,4611 - TOYS,TOY'S,1.25,1.0,-0.2,2.0,1.0,-0.5,1.0,1.0,0.0,34375.0,21700.0,-0.3687,34375.0,21700.0,-0.3687,4.0,3.0,-0.25
445745,ALFA BALON TIUP DISNEY D224,4611 - TOYS,TOY'S,1.0,1.0,0.0,1.0,1.67,0.67,1.0,1.0,0.0,24900.0,18180.0,-0.2699,24900.0,18180.0,-0.2699,2.0,5.0,1.5
445746,ALFA DIY COLR PNTNG DISNEY D224,4611 - TOYS,TOY'S,1.0,1.0,0.0,1.5,1.0,-0.3333,1.0,1.0,0.0,29900.0,26467.0,-0.1148,29900.0,26467.0,-0.1148,3.0,3.0,0.0
445984,DISNEY GANTUNGAN KUNCI AST,4611 - TOYS,TOY'S,1.0,1.0,0.0,3.0,0.67,-0.7767,1.0,1.0,0.0,39900.0,39900.0,0.0,39900.0,39900.0,0.0,6.0,2.0,-0.6667
450310,STITCH MINI FIGURE CAPSULE,4611 - TOYS,TOY'S,1.12,1.0,-0.1071,4.0,1.33,-0.6675,1.0,1.0,0.0,113588.0,64900.0,-0.4286,113588.0,64900.0,-0.4286,8.0,4.0,-0.5
466049,DISNEY PIXAR MINIS AST,4611 - TOYS,TOY'S,1.2,,,2.5,,,1.0,,,47880.0,,,47880.0,,,5.0,,
400322,EMCO BRIX AST,4611 - TOYS,TOY'S,1.0,,,1.0,,,1.0,,,30400.0,,,30400.0,,,2.0,,
402810,EMCO FROOBLES BUBBLE SHOTS,4611 - TOYS,TOY'S,1.0,1.0,0.0,1.5,0.33,-0.78,1.0,1.0,0.0,39900.0,31900.0,-0.2005,39900.0,31900.0,-0.2005,3.0,1.0,-0.6667
403440,EMCO POCKET MORPHERS AST,4611 - TOYS,TOY'S,1.0,,,6.0,,,1.09,,,29500.0,,,32155.0,,,11.0,,
412009,EMCO HOT SHOTS AST,4611 - TOYS,TOY'S,1.0,1.0,0.0,1.0,2.33,1.33,1.0,1.0,0.0,60100.0,59957.0,-0.0024,60100.0,59957.0,-0.0024,2.0,7.0,2.5
415675,EMCO POP A TOY AST,4611 - TOYS,TOY'S,1.11,1.0,-0.0991,4.5,2.33,-0.4822,1.12,1.0,-0.1071,15444.0,13329.0,-0.1369,17297.0,13329.0,-0.2294,8.0,7.0,-0.125
417838,EMCO CRASH'EM AST,4611 - TOYS,TOY'S,1.0,,,1.0,,,1.0,,,29500.0,,,29500.0,,,2.0,,
417839,EMCO NUBIEZ MY LIL' BABY AST,4611 - TOYS,TOY'S,1.0,1.0,0.0,4.5,1.33,-0.7044,1.0,1.0,0.0,49900.0,49900.0,0.0,49900.0,49900.0,0.0,9.0,4.0,-0.5556
419263,EMCO ME & MY CHARMZ,4611 - TOYS,TOY'S,1.0,1.08,0.08,6.0,4.0,-0.3333,1.0,1.0,0.0,39933.0,43392.0,0.0866,39933.0,43392.0,0.0866,12.0,12.0,0.0
419533,EMCO SLIME TIME,4611 - TOYS,TOY'S,1.16,1.0,-0.1379,9.5,3.0,-0.6842,1.06,1.12,0.0566,23179.0,20567.0,-0.1127,24570.0,23035.0,-0.0625,18.0,8.0,-0.5556
426492,EMCO FUNWITH FOOD,4611 - TOYS,TOY'S,1.08,1.0,-0.0741,6.0,3.67,-0.3883,1.09,1.0,-0.0826,54058.0,49900.0,-0.0769,58923.0,49900.0,-0.1531,11.0,11.0,0.0
427301,EMCO SUPERDOUGH AST,4611 - TOYS,TOY'S,1.12,1.0,-0.1071,4.0,2.67,-0.3325,1.0,1.0,0.0,44888.0,38650.0,-0.139,44888.0,38650.0,-0.139,8.0,8.0,0.0
431403,EMCO FUN WITH COLORS,4611 - TOYS,TOY'S,1.0,1.0,0.0,2.0,3.33,0.665,1.0,1.0,0.0,49900.0,49900.0,0.0,49900.0,49900.0,0.0,4.0,10.0,1.5
431861,EMCO POP A TOY MYSTERY BOX,4611 - TOYS,TOY'S,1.08,1.11,0.0278,6.0,3.0,-0.5,1.71,1.0,-0.4152,54058.0,55789.0,0.032,92439.0,55789.0,-0.3965,7.0,9.0,0.2857
432658,EMCO HOUSE PETS CARRIER AST,4611 - TOYS,TOY'S,1.1,,,15.0,,,1.07,,,24750.0,,,26482.0,,,28.0,,
433496,EMCO FLIP'EMS AST,4611 - TOYS,TOY'S,1.0,,,4.0,,,1.0,,,36900.0,,,36900.0,,,8.0,,
435623,EMCO DISNEY TSUMTSUM FIGURE AST,4611 - TOYS,TOY'S,1.33,,,1.5,,,1.0,,,39333.0,,,39333.0,,,3.0,,
439198,EMCO POKEMON BALL AST,4611 - TOYS,TOY'S,1.0,1.33,0.33,1.5,2.0,0.3333,1.0,1.0,0.0,69900.0,93333.0,0.3352,69900.0,93333.0,0.3352,3.0,6.0,1.0
439563,EMCO NOODLZZ AST,4611 - TOYS,TOY'S,1.0,1.0,0.0,2.0,1.67,-0.165,1.0,1.0,0.0,29900.0,24900.0,-0.1672,29900.0,24900.0,-0.1672,4.0,5.0,0.25
442112,EMCO BLING BANDZ,4611 - TOYS,TOY'S,1.0,1.75,0.75,3.5,1.33,-0.62,1.0,1.0,0.0,49957.0,87325.0,0.748,49957.0,87325.0,0.748,7.0,4.0,-0.4286
442299,EMCO SPIN FGHTR DLX SET ASS(OL),4611 - TOYS,TOY'S,1.0,,,0.5,,,1.0,,,275000.0,,,275000.0,,,1.0,,
443676,EMCO LIL CHEFZ FUN FD RICE(OL),4611 - TOYS,TOY'S,1.0,,,0.5,,,1.0,,,139000.0,,,139000.0,,,1.0,,
443820,EMCO MICKEY&FRIENDS SURPRSE AST,4611 - TOYS,TOY'S,1.12,,,8.5,,,1.06,,,28947.0,,,30684.0,,,16.0,,
443821,EMCO PAINT BY NUMBER AST,4611 - TOYS,TOY'S,1.0,,,5.0,,,1.11,,,44500.0,,,49395.0,,,9.0,,
444548,EMCO VORTEX,4611 - TOYS,TOY'S,1.0,,,3.0,,,1.2,,,51900.0,,,62280.0,,,5.0,,
444715,EMCO UNICONES BABIES AST,4611 - TOYS,TOY'S,1.3,,,11.5,,,1.1,,,48130.0,,,52943.0,,,21.0,,
444716,HK SANRIO FACE OFF CHARACTERS,4611 - TOYS,TOY'S,1.06,1.0,-0.0566,9.0,4.67,-0.4811,1.06,1.08,0.0189,63228.0,59943.0,-0.052,67022.0,64738.0,-0.0341,17.0,13.0,-0.2353
446445,EMCO STUMBLE GUYS MINI FIGURES,4611 - TOYS,TOY'S,1.0,1.2,0.2,7.0,1.67,-0.7614,1.17,1.0,-0.1453,49900.0,53880.0,0.0798,58383.0,53880.0,-0.0771,12.0,5.0,-0.5833
446446,EMCO FREAK MARBLES 25 AST,4611 - TOYS,TOY'S,1.12,,,4.0,,,1.33,,,33187.0,,,44139.0,,,6.0,,
448110,EMCO ULTRAMAN STRETCHEMS AST,4611 - TOYS,TOY'S,1.2,,,2.5,,,1.0,,,83880.0,,,83880.0,,,5.0,,
448420,EMCO INFINI TWIST GEAR SPHERE,4611 - TOYS,TOY'S,1.0,1.0,0.0,1.0,0.33,-0.67,1.0,1.0,0.0,39900.0,31900.0,-0.2005,39900.0,31900.0,-0.2005,2.0,1.0,-0.5
448450,EMCO GYROTRON AST,4611 - TOYS,TOY'S,1.0,1.0,0.0,6.5,3.67,-0.4354,1.0,1.0,0.0,44900.0,43991.0,-0.0202,44900.0,43991.0,-0.0202,13.0,11.0,-0.1538
449938,MINECRAFT FIGURAL KEYCHAINS,4611 - TOYS,TOY'S,1.1,1.12,0.0182,10.5,2.67,-0.7457,1.05,1.14,0.0857,54652.0,51138.0,-0.0643,57385.0,58297.0,0.0159,20.0,7.0,-0.65
450698,EMCO KIX BRIX AST,4611 - TOYS,TOY'S,,1.0,,,1.33,,,1.0,,,49900.0,,,49900.0,,,4.0,
450699,EMCO POCKET TITANS AST,4611 - TOYS,TOY'S,,1.0,,,3.0,,,1.0,,,49900.0,,,49900.0,,,9.0,
452042,SUPERDOUGH FLOWER MAKER AST,4611 - TOYS,TOY'S,,1.12,,,2.67,,,1.0,,,56138.0,,,56138.0,,,8.0,
459234,BOBA TEA SQUISHY AST,4611 - TOYS,TOY'S,,1.33,,,3.0,,,1.12,,,67400.0,,,75488.0,,,8.0,
459235,EMCO WASHY KITTIES,4611 - TOYS,TOY'S,,1.1,,,3.33,,,1.0,,,43890.0,,,43890.0,,,10.0,
443213,EMCO METAL-Z PULL BACK,4611 - TOYS,TOY'S,1.0,1.12,0.12,3.5,5.33,0.5229,1.17,1.0,-0.1453,59900.0,67425.0,0.1256,70083.0,67425.0,-0.0379,6.0,16.0,1.6667
440580,FROZEN PUZZLE 3D KEYCHAIN,4611 - TOYS,TOY'S,1.0,,,0.5,,,1.0,,,26100.0,,,26100.0,,,1.0,,
440590,FROZEN RUBIK FULL PRINT,4611 - TOYS,TOY'S,1.0,1.0,0.0,1.5,0.67,-0.5533,1.0,1.0,0.0,24200.0,23500.0,-0.0289,24200.0,23500.0,-0.0289,3.0,2.0,-0.3333
440591,FROZEN SLIME,4611 - TOYS,TOY'S,1.0,1.0,0.0,1.5,0.33,-0.78,1.0,1.0,0.0,25900.0,26100.0,0.0077,25900.0,26100.0,0.0077,3.0,1.0,-0.6667
440594,FROZEN DIY PAINTING,4611 - TOYS,TOY'S,1.0,,,1.0,,,1.0,,,19900.0,,,19900.0,,,2.0,,
451278,FUGGLER COLLECTIONS KEYCHAINS,4611 - TOYS,TOY'S,,1.19,,,22.67,,,1.1,,,62528.0,,,68781.0,,,62.0,
452310,GABBY'S DOLLHOUSE AST,4611 - TOYS,TOY'S,,1.0,,,2.33,,,1.0,,,24900.0,,,24900.0,,,7.0,
441912,GOGO BUS PULL BACK AST,4611 - TOYS,TOY'S,1.0,,,2.5,,,1.0,,,33660.0,,,33660.0,,,5.0,,
441897,SANRIO PLAY SET AST,4611 - TOYS,TOY'S,1.0,1.0,0.0,4.0,2.33,-0.4175,1.0,1.0,0.0,39900.0,39900.0,0.0,39900.0,39900.0,0.0,8.0,7.0,-0.125
413774,HOT WHEELS COLOUR SHIFTERS AST,4611 - TOYS,TOY'S,1.0,1.0,0.0,2.0,2.67,0.335,1.0,1.0,0.0,61150.0,60900.0,-0.0041,61150.0,60900.0,-0.0041,4.0,8.0,1.0
415097,HOT WHEELS MONSTR TRUCK AST,4611 - TOYS,TOY'S,1.0,1.0,0.0,2.5,4.0,0.6,1.0,1.0,0.0,99900.0,116883.0,0.17,99900.0,116883.0,0.17,5.0,12.0,1.4
423632,HOT WHEELS SHORT BLISTERS,4611 - TOYS,TOY'S,1.0,,,2.0,,,1.0,,,25900.0,,,25900.0,,,4.0,,
425433,HOT WHEELS PORSCHE,4611 - TOYS,TOY'S,1.33,,,3.0,,,1.2,,,59333.0,,,71200.0,,,5.0,,
432294,HOT WHEELS ULTRA HOTS AST,4611 - TOYS,TOY'S,1.0,,,1.0,,,1.0,,,44500.0,,,44500.0,,,2.0,,
434758,HOT WHEELS SPIDERMAN THEMES,4611 - TOYS,TOY'S,1.0,,,0.5,,,1.0,,,44500.0,,,44500.0,,,1.0,,
437770,HOT WHEELS FAST&FURIOUS 2023,4611 - TOYS,TOY'S,1.0,1.5,0.5,1.0,0.67,-0.33,1.0,1.0,0.0,55900.0,67350.0,0.2048,55900.0,67350.0,0.2048,2.0,2.0,0.0
438111,HOT WHEELS BAJA SERIES,4611 - TOYS,TOY'S,1.0,,,0.5,,,1.0,,,55900.0,,,55900.0,,,1.0,,
438112,HOT WHEELS NEON SPEEDER,4611 - TOYS,TOY'S,1.13,1.0,-0.115,15.5,1.33,-0.9142,1.07,1.0,-0.0654,67629.0,59900.0,-0.1143,72363.0,59900.0,-0.1722,29.0,4.0,-0.8621
440340,HOT WHEELS + COMPACT CASE,4611 - TOYS,TOY'S,1.06,1.0,-0.0566,8.5,5.33,-0.3729,1.13,1.0,-0.115,74012.0,69900.0,-0.0556,83634.0,69900.0,-0.1642,15.0,16.0,0.0667
440842,HOT WHEELS HOT WAGONS AST,4611 - TOYS,TOY'S,1.0,,,0.5,,,1.0,,,44500.0,,,44500.0,,,1.0,,
441254,HOT WHEELS LOL WATERBALL GAME,4611 - TOYS,TOY'S,1.0,,,0.5,,,1.0,,,40900.0,,,40900.0,,,1.0,,
441890,HOTWHEELS GRAN TURISMO 2024,4611 - TOYS,TOY'S,1.0,,,0.5,,,1.0,,,47500.0,,,47500.0,,,1.0,,
442037,HOT WHEELS NEW J-IMPORT,4611 - TOYS,TOY'S,1.0,,,0.5,,,1.0,,,55900.0,,,55900.0,,,1.0,,
444931,HOT WHEELS PEARL&CHROME 56TH,4611 - TOYS,TOY'S,1.0,,,2.0,,,1.0,,,44500.0,,,44500.0,,,4.0,,
446112,HOT WHEELS SPEED GRAPHICS AST,4611 - TOYS,TOY'S,1.0,,,1.5,,,1.0,,,55900.0,,,55900.0,,,3.0,,
447032,HOT WHEELS NEW PULLBACK RACER,4611 - TOYS,TOY'S,1.0,1.0,0.0,2.0,5.33,1.665,1.0,1.0,0.0,59900.0,59900.0,0.0,59900.0,59900.0,0.0,4.0,16.0,3.0
447033,HOT WHEELS FAST&FURIOUS 2025,4611 - TOYS,TOY'S,1.19,1.0,-0.1597,10.5,4.67,-0.5552,1.05,1.0,-0.0476,71338.0,59900.0,-0.1603,74905.0,59900.0,-0.2003,20.0,14.0,-0.3
448111,HW SILVER NOPPO GULF EDITION,4611 - TOYS,TOY'S,1.33,,,1.5,,,1.0,,,79867.0,,,79867.0,,,3.0,,
448418,HOT WHEELS 57TH ANNIVERSARY,4611 - TOYS,TOY'S,1.0,1.0,0.0,1.5,1.67,0.1133,1.0,1.0,0.0,59900.0,59900.0,0.0,59900.0,59900.0,0.0,3.0,5.0,0.6667
450306,HOT WHEEL EXCLUSIVE BMW AVSRY,4611 - TOYS,TOY'S,1.97,1.47,-0.2538,17.0,5.67,-0.6665,1.06,1.06,0.0,118038.0,88088.0,-0.2537,125120.0,93373.0,-0.2537,32.0,16.0,-0.5
450307,HOT WHEEL EXCLUSIVE HOT ONES,4611 - TOYS,TOY'S,1.29,,,17.0,,,1.1,,,77518.0,,,85270.0,,,31.0,,
450307,HOT WHEELS THE HOT ONES AST,4611 - TOYS,TOY'S,,1.0,,,1.67,,,1.0,,,59900.0,,,59900.0,,,5.0,
450767,HOT WHEELS MATTEL 80' ANIVRSRY,4611 - TOYS,TOY'S,1.0,1.0,0.0,0.5,0.67,0.34,1.0,1.0,0.0,35900.0,35900.0,0.0,35900.0,35900.0,0.0,1.0,2.0,1.0
451281,HW FAST & FURIOUS 25TH ANIV AST,4611 - TOYS,TOY'S,,1.2,,,20.0,,,1.09,,,71880.0,,,78349.0,,,55.0,
451282,HW NEW PEARL AND CHROME AST,4611 - TOYS,TOY'S,,1.0,,,2.33,,,1.0,,,59900.0,,,59900.0,,,7.0,
452304,HOT WHEELS COMPACT KING SERIES,4611 - TOYS,TOY'S,,1.23,,,4.33,,,1.0,,,73723.0,,,73723.0,,,13.0,
452312,HOT WHEELS SILVER PANTONE AST,4611 - TOYS,TOY'S,,1.23,,,20.33,,,1.05,,,73648.0,,,77330.0,,,58.0,
460107,HOT WHEELS BASIC CARS AST,4611 - TOYS,TOY'S,1.05,1.29,0.2286,29.5,28.67,-0.0281,1.02,1.05,0.0294,37725.0,46030.0,0.2201,38480.0,48332.0,0.256,58.0,82.0,0.4138
465782,HOT WHEELS SALT FLAT RACER AST,4611 - TOYS,TOY'S,1.0,,,2.0,,,1.0,,,59900.0,,,59900.0,,,4.0,,
438958,IQANGEL CAR NEW POLICE CAR(OL),4611 - TOYS,TOY'S,1.0,,,0.5,,,1.0,,,31000.0,,,31000.0,,,1.0,,
438965,IQANGEL COW TOYS PINK(OL),4611 - TOYS,TOY'S,1.0,,,0.5,,,1.0,,,31000.0,,,31000.0,,,1.0,,
438970,IQANGEL COW TOYS WHITE(OL),4611 - TOYS,TOY'S,1.0,,,0.5,,,1.0,,,31000.0,,,31000.0,,,1.0,,
416128,JURASSIC WORLD SNAP SQUAD AST,4611 - TOYS,TOY'S,1.38,,,4.0,,,1.0,,,77687.0,,,77687.0,,,8.0,,
439135,JURASSIC WORLD  AST,4611 - TOYS,TOY'S,1.0,,,1.5,,,1.0,,,43500.0,,,43500.0,,,3.0,,
440665,DENO MAGIC SAND AST,4611 - TOYS,TOY'S,1.0,,,0.5,,,1.0,,,29900.0,,,29900.0,,,1.0,,
440363,MAGIC PRINCESS SLIME AST,4611 - TOYS,TOY'S,1.0,1.0,0.0,7.0,2.67,-0.6186,1.08,1.0,-0.0741,34943.0,34900.0,-0.0012,37738.0,34900.0,-0.0752,13.0,8.0,-0.3846
417750,MAJORETTE VINTAGE DELUXE AST,4611 - TOYS,TOY'S,1.0,,,0.5,,,1.0,,,74900.0,,,74900.0,,,1.0,,
419771,MAJORRET VINTAGE AST,4611 - TOYS,TOY'S,,1.0,,,0.33,,,1.0,,,52500.0,,,52500.0,,,1.0,
436584,MARVEL PUZZLE D100S1,4611 - TOYS,TOY'S,,1.0,,,0.33,,,1.0,,,19900.0,,,19900.0,,,1.0,
438608,MARVEL PUZZLE TABUNG D100S2,4611 - TOYS,TOY'S,1.0,1.0,0.0,3.0,0.33,-0.89,1.0,1.0,0.0,14600.0,22900.0,0.5685,14600.0,22900.0,0.5685,6.0,1.0,-0.8333
438609,MARVEL RUBIK D100S2,4611 - TOYS,TOY'S,,1.0,,,0.67,,,1.0,,,23100.0,,,23100.0,,,2.0,
440588,MARVEL PUZZLE 3D KEYCHAIN,4611 - TOYS,TOY'S,,1.0,,,1.0,,,1.0,,,35633.0,,,35633.0,,,3.0,
440589,MARVEL RUBIK FULL PRINT,4611 - TOYS,TOY'S,1.0,,,1.0,,,1.0,,,23200.0,,,23200.0,,,2.0,,
445737,ALFA RUBIK MARVEL D224,4611 - TOYS,TOY'S,1.0,1.0,0.0,1.5,1.0,-0.3333,1.0,1.0,0.0,34900.0,23100.0,-0.3381,34900.0,23100.0,-0.3381,3.0,3.0,0.0
423335,MARVEL SPIDERMAN PUZZLE 2 IN 1,4611 - TOYS,TOY'S,1.0,,,1.0,,,1.0,,,13200.0,,,13200.0,,,2.0,,
425538,MARVEL COIN BANK AST,4611 - TOYS,TOY'S,1.0,,,0.5,,,1.0,,,12300.0,,,12300.0,,,1.0,,
428926,MARVELS PUZZLE 2 IN 1,4611 - TOYS,TOY'S,1.0,,,0.5,,,1.0,,,12900.0,,,12900.0,,,1.0,,
407657,MATCHBOX BASIC AST,4611 - TOYS,TOY'S,1.0,1.0,0.0,3.5,2.33,-0.3343,1.17,1.0,-0.1453,36014.0,36014.0,0.0,42136.0,36014.0,-0.1453,6.0,7.0,0.1667
422928,MATCHBOX PREMIUM AST,4611 - TOYS,TOY'S,1.0,1.0,0.0,2.5,6.0,1.4,1.0,1.0,0.0,59980.0,60089.0,0.0018,59980.0,60089.0,0.0018,5.0,18.0,2.6
433261,MATCHBOX SKYBUSTERS AST,4611 - TOYS,TOY'S,1.0,1.07,0.07,2.0,5.0,1.5,1.0,1.07,0.07,64900.0,69253.0,0.0671,64900.0,74101.0,0.1418,4.0,14.0,2.5
436210,MATCHBOX SPECIAL THEMED AST,4611 - TOYS,TOY'S,1.1,1.22,0.1091,5.0,3.0,-0.4,1.0,1.0,0.0,39490.0,43878.0,0.1111,39490.0,43878.0,0.1111,10.0,9.0,-0.1
437249,MATCHBOX JAPAN SERIES,4611 - TOYS,TOY'S,1.0,,,1.0,,,1.0,,,55900.0,,,55900.0,,,2.0,,
408573,MMS SUPER BLOCK AST,4611 - TOYS,TOY'S,1.0,,,0.5,,,1.0,,,36500.0,,,36500.0,,,1.0,,
422347,MONSTER JAM AST CK,4611 - TOYS,TOY'S,1.0,1.0,0.0,4.0,4.33,0.0825,1.0,1.0,0.0,36900.0,40823.0,0.1063,36900.0,40823.0,0.1063,8.0,13.0,0.625
451105,MY LITTLE PONY FIGURE,4611 - TOYS,TOY'S,,1.0,,,3.33,,,1.0,,,59900.0,,,59900.0,,,10.0,
413005,PLAYDOH MINI 4'S,4611 - TOYS,TOY'S,1.0,1.0,0.0,4.0,0.33,-0.9175,1.0,1.0,0.0,35000.0,35300.0,0.0086,35000.0,35300.0,0.0086,8.0,1.0,-0.875
435409,PLAYDOOH SINGLE TUB AST,4611 - TOYS,TOY'S,1.0,1.0,0.0,1.5,1.67,0.1133,1.0,1.0,0.0,19000.0,19000.0,0.0,19000.0,19000.0,0.0,3.0,5.0,0.6667
444037,MEGA POKEMON BALL AST,4611 - TOYS,TOY'S,1.0,1.0,0.0,0.5,0.67,0.34,1.0,1.0,0.0,64900.0,64900.0,0.0,64900.0,64900.0,0.0,1.0,2.0,1.0
438209,POLLY POCKET SMALL DOLL 3+ AST,4611 - TOYS,TOY'S,1.0,1.2,0.2,1.5,1.67,0.1133,1.0,1.25,0.25,49900.0,59880.0,0.2,49900.0,74850.0,0.5,3.0,4.0,0.3333
443744,QMAN POKEMON,4611 - TOYS,TOY'S,1.0,1.0,0.0,1.5,0.33,-0.78,1.0,1.0,0.0,32900.0,32900.0,0.0,32900.0,32900.0,0.0,3.0,1.0,-0.6667
427680,RHINO UNICORN WATER SLIME,4611 - TOYS,TOY'S,1.0,1.08,0.08,7.5,4.0,-0.4667,1.15,1.0,-0.1304,35727.0,39167.0,0.0963,41086.0,39167.0,-0.0467,13.0,12.0,-0.0769
436600,RHINO LITTLE CHEF AST,4611 - TOYS,TOY'S,1.0,,,6.0,,,1.0,,,32825.0,,,32825.0,,,12.0,,
438386,RHINO WIGGLY JELLY,4611 - TOYS,TOY'S,1.0,1.0,0.0,4.0,2.0,-0.5,1.14,1.0,-0.1228,39000.0,39000.0,0.0,44460.0,39000.0,-0.1228,7.0,6.0,-0.1429
438584,RHINO CATCH THE MONSTER,4611 - TOYS,TOY'S,1.12,1.05,-0.0625,12.5,13.67,0.0936,1.0,1.0,0.0,43960.0,41159.0,-0.0637,43960.0,41159.0,-0.0637,25.0,41.0,0.64
438585,RHINO FLAMINGO SLIME,4611 - TOYS,TOY'S,1.0,,,3.0,,,1.0,,,29300.0,,,29300.0,,,6.0,,
440053,RHINO SHIMMER SHACKER AST,4611 - TOYS,TOY'S,1.0,1.0,0.0,4.0,4.0,0.0,1.0,1.09,0.09,39900.0,39900.0,0.0,39900.0,43491.0,0.09,8.0,11.0,0.375
440054,RHINO DIY STICKER DOODLE AST,4611 - TOYS,TOY'S,1.25,1.3,0.04,6.0,3.33,-0.445,1.09,1.11,0.0183,47375.0,48370.0,0.021,51639.0,53691.0,0.0397,11.0,9.0,-0.1818
441156,RHINO SWEETLICIOUS AST,4611 - TOYS,TOY'S,1.09,1.25,0.1468,5.5,2.67,-0.5145,1.0,1.0,0.0,42545.0,48750.0,0.1458,42545.0,48750.0,0.1458,11.0,8.0,-0.2727
441157,RHINO DELTA X SUPERBOT,4611 - TOYS,TOY'S,1.0,1.03,0.03,10.0,12.33,0.233,1.05,1.03,-0.019,39950.0,41022.0,0.0268,41948.0,42253.0,0.0073,19.0,36.0,0.8947
441255,RHINO CROCO AST,4611 - TOYS,TOY'S,1.0,,,2.0,,,2.0,,,29500.0,,,59000.0,,,2.0,,
443025,SPY X FAM STAMP COLLECTION,4611 - TOYS,TOY'S,1.0,,,2.5,,,1.25,,,13000.0,,,16250.0,,,4.0,,
443209,SPY X FAM STANDING KEYCHAIN,4611 - TOYS,TOY'S,1.25,,,2.0,,,1.0,,,36875.0,,,36875.0,,,4.0,,
443210,SPY X FAM STANDING ACRYLIC,4611 - TOYS,TOY'S,1.0,,,1.0,,,1.0,,,36900.0,,,36900.0,,,2.0,,
443446,RHINO MIE GEMEST AST,4611 - TOYS,TOY'S,1.12,1.15,0.0268,13.0,11.0,-0.1538,1.04,1.03,-0.0096,44600.0,46070.0,0.033,46384.0,47452.0,0.023,25.0,32.0,0.28
444545,RHINO ARGH BLOOB AST,4611 - TOYS,TOY'S,1.0,1.07,0.07,10.5,9.67,-0.079,1.0,1.0,0.0,49900.0,56955.0,0.1414,49900.0,56955.0,0.1414,21.0,29.0,0.381
444943,RHINO UNICORN NAIL PEN,4611 - TOYS,TOY'S,1.0,,,5.5,,,1.0,,,29500.0,,,29500.0,,,11.0,,
447074,RHINO BLOWLING BALLON AST,4611 - TOYS,TOY'S,1.12,1.17,0.0446,8.0,6.0,-0.25,1.0,1.0,0.0,44888.0,46583.0,0.0378,44888.0,46583.0,0.0378,16.0,18.0,0.125
447552,RHINO KANAMA WORLD AST,4611 - TOYS,TOY'S,1.0,,,5.0,,,1.11,,,24900.0,,,27639.0,,,9.0,,
447665,RHINO SHIMMER BANDS AST,4611 - TOYS,TOY'S,1.0,1.0,0.0,1.0,2.33,1.33,1.0,1.0,0.0,39900.0,39900.0,0.0,39900.0,39900.0,0.0,2.0,7.0,2.5
448261,RHINO TARIK-TARIK AST,4611 - TOYS,TOY'S,1.0,1.0,0.0,2.0,1.67,-0.165,1.0,1.0,0.0,39900.0,39900.0,0.0,39900.0,39900.0,0.0,4.0,5.0,0.25
448262,RHINO KRAUK-KRAUK,4611 - TOYS,TOY'S,1.07,1.0,-0.0654,7.5,3.67,-0.5107,1.0,1.0,0.0,42560.0,39900.0,-0.0625,42560.0,39900.0,-0.0625,15.0,11.0,-0.2667
448537,RHINO LIGHTLYTE DIY AST,4611 - TOYS,TOY'S,1.08,1.0,-0.0741,6.0,1.67,-0.7217,1.2,1.0,-0.1667,43225.0,39900.0,-0.0769,51870.0,39900.0,-0.2308,10.0,5.0,-0.5
444863,SANRIO DIY BEADS A124,4611 - TOYS,TOY'S,,1.0,,,1.0,,,1.0,,,29900.0,,,29900.0,,,3.0,
447429,SANRIO DIY BEADS A224,4611 - TOYS,TOY'S,1.33,1.0,-0.2481,1.5,0.67,-0.5533,1.0,1.0,0.0,53200.0,39900.0,-0.25,53200.0,39900.0,-0.25,3.0,2.0,-0.3333
447431,SANRIO SLIME A224,4611 - TOYS,TOY'S,1.5,,,2.0,,,1.0,,,59850.0,,,59850.0,,,4.0,,
447432,SANRIO BUBBLE A224,4611 - TOYS,TOY'S,1.0,1.0,0.0,0.5,0.67,0.34,1.0,1.0,0.0,24900.0,24900.0,0.0,24900.0,24900.0,0.0,1.0,2.0,1.0
465783,SANRIO CHARACTERS CARD AST,4611 - TOYS,TOY'S,1.37,1.25,-0.0876,19.0,1.33,-0.93,1.36,1.33,-0.0221,9442.0,8500.0,-0.0998,12841.0,11305.0,-0.1196,28.0,3.0,-0.8929
429860,TECH DECK AST,4611 - TOYS,TOY'S,1.18,1.06,-0.1017,5.5,6.0,0.0909,1.0,1.0,0.0,70791.0,63250.0,-0.1065,70791.0,63250.0,-0.1065,11.0,18.0,0.6364
443699,THOMAS SMALL PLASTIC ENGINS AST,4611 - TOYS,TOY'S,1.0,1.07,0.07,3.0,5.0,0.6667,1.0,1.07,0.07,39900.0,42580.0,0.0672,39900.0,45561.0,0.1419,6.0,14.0,1.3333
440264,TROLLS MINI FIGURE AST,4611 - TOYS,TOY'S,1.17,,,3.0,,,1.0,,,64750.0,,,64750.0,,,6.0,,
431630,TSUM TSUM SLIME,4611 - TOYS,TOY'S,1.0,,,0.5,,,1.0,,,26400.0,,,26400.0,,,1.0,,
419226,UNICORN MAKE UP TOYS,4611 - TOYS,TOY'S,1.0,1.07,0.07,5.0,4.67,-0.066,1.0,1.08,0.08,35010.0,37779.0,0.0791,35010.0,40801.0,0.1654,10.0,13.0,0.3
422329,UNO EXPRESS,4611 - TOYS,TOY'S,1.0,1.06,0.06,9.0,10.67,0.1856,1.06,1.0,-0.0566,24661.0,26178.0,0.0615,26141.0,26178.0,0.0014,17.0,32.0,0.8824
446285,UNO FLIP EXPRESS,4611 - TOYS,TOY'S,1.09,1.11,0.0183,5.5,11.67,1.1218,1.22,1.0,-0.1803,32618.0,33317.0,0.0214,39794.0,33317.0,-0.1628,9.0,35.0,2.8889
441885,VR KUDA PONI NEON AST,4611 - TOYS,TOY'S,1.0,,,0.5,,,1.0,,,22500.0,,,22500.0,,,1.0,,
441886,VR SPARK KIDS LINE,4611 - TOYS,TOY'S,1.0,,,0.5,,,1.0,,,22500.0,,,22500.0,,,1.0,,
441889,VR HELLO BEAR SLIME AST,4611 - TOYS,TOY'S,1.0,,,2.0,,,1.0,,,22500.0,,,22500.0,,,4.0,,
442002,VR DENO BUTTER SLIME,4611 - TOYS,TOY'S,1.0,,,0.5,,,1.0,,,23900.0,,,23900.0,,,1.0,,
443225,VR TOYS ANIMAL BUBBLE AST,4611 - TOYS,TOY'S,,1.0,,,4.0,,,1.0,,,19900.0,,,19900.0,,,12.0,
443226,VR TOYS PANCING MANIA 2 AST,4611 - TOYS,TOY'S,1.0,,,3.5,,,1.0,,,36900.0,,,36900.0,,,7.0,,
443227,VR TOYS TOILET TROUBLE AST,4611 - TOYS,TOY'S,1.0,1.0,0.0,3.0,0.67,-0.7767,1.0,1.0,0.0,26900.0,23400.0,-0.1301,26900.0,23400.0,-0.1301,6.0,2.0,-0.6667
443469,VR TOYS HUNGRY DINO,4611 - TOYS,TOY'S,1.0,,,1.0,,,1.0,,,22500.0,,,22500.0,,,2.0,,
443470,VR TOYS RUNNING DINOSAURS EGG,4611 - TOYS,TOY'S,1.0,,,3.0,,,1.2,,,21500.0,,,25800.0,,,5.0,,
443474,VR TOYS POP UP DUCK GAME,4611 - TOYS,TOY'S,1.11,,,4.5,,,1.0,,,28778.0,,,28778.0,,,9.0,,
446283,LITTLE  RABBIT HOUSE AST,4611 - TOYS,TOY'S,1.0,1.0,0.0,2.0,1.67,-0.165,1.0,1.0,0.0,39900.0,34900.0,-0.1253,39900.0,34900.0,-0.1253,4.0,5.0,0.25
446334,VR MAGNETIC RACING CAR AST,4611 - TOYS,TOY'S,1.0,1.0,0.0,1.0,2.67,1.67,1.0,1.0,0.0,39900.0,32400.0,-0.188,39900.0,32400.0,-0.188,2.0,8.0,3.0
447551,VR TOYS MINI PANCING MANIA AST,4611 - TOYS,TOY'S,1.1,1.06,-0.0364,5.0,5.67,0.134,1.0,1.0,0.0,32890.0,31659.0,-0.0374,32890.0,31659.0,-0.0374,10.0,17.0,0.7
448022,VR WATER CANNON PISTOL AIR AST,4611 - TOYS,TOY'S,1.17,1.06,-0.094,3.0,6.0,1.0,1.0,1.0,0.0,23217.0,17839.0,-0.2316,23217.0,17839.0,-0.2316,6.0,18.0,2.0
448446,VR BUBBLE BOLO AST,4611 - TOYS,TOY'S,1.0,1.0,0.0,5.0,2.0,-0.6,1.0,1.0,0.0,19900.0,17900.0,-0.1005,19900.0,17900.0,-0.1005,10.0,6.0,-0.4
451019,VR KAWAII PRINCESS NAIL AST,4611 - TOYS,TOY'S,,1.0,,,6.33,,,1.06,,,15426.0,,,16352.0,,,18.0,
451401,VR COLOR WHEEL SLIME PUTTY,4611 - TOYS,TOY'S,,1.12,,,8.67,,,1.0,,,36696.0,,,36696.0,,,26.0,
459074,GORGEOUS GIRLS XOXO AST,4611 - TOYS,TOY'S,,1.0,,,0.67,,,1.0,,,29900.0,,,29900.0,,,2.0,
466372,VR BEAR CUP SLIME AST,4611 - TOYS,TOY'S,,1.0,,,3.33,,,1.0,,,39900.0,,,39900.0,,,10.0,
440936,ZURU POCKET PUPPYCORNS AST,4611 - TOYS,TOY'S,1.0,,,3.0,,,1.0,,,36900.0,,,36900.0,,,6.0,,
448419,RAINBOCORNS EGGZANIA BABY MANIA,4611 - TOYS,TOY'S,1.07,1.07,0.0,7.5,4.67,-0.3773,1.0,1.17,0.17,63893.0,64221.0,0.0051,63893.0,75139.0,0.176,15.0,12.0,-0.2
414348,JOAYO SWD KOREAN ROAST ORI 4.5G,NAN,UNKNOWN,,1.0,,,0.33,,,1.0,,,5900.0,,,5900.0,,,1.0,
452539,CADBURY DAIRY MILK BUBBLY 46G,NAN,UNKNOWN,,1.09,,,19.33,,,1.07,,,19000.0,,,20330.0,,,54.0,
452548,PANTENE MRCL INTENSIVE SHOT 4S,NAN,UNKNOWN,,1.0,,,0.33,,,1.0,,,49900.0,,,49900.0,,,1.0,
452549,PANTENE MRCL RPR MASK 300ML(HB),NAN,UNKNOWN,,1.0,,,1.0,,,1.0,,,125600.0,,,125600.0,,,3.0,
452550,PANTENE MRCL OIL VIT E 90ML(HB),NAN,UNKNOWN,,1.0,,,1.0,,,1.0,,,139900.0,,,139900.0,,,3.0,
452559,GLAD2GLOW FW NCNM SRM 70G,NAN,UNKNOWN,,1.0,,,3.0,,,1.0,,,40922.0,,,40922.0,,,9.0,
452592,ALFAMART COTTON BUD BABY 200S,NAN,UNKNOWN,,1.0,,,7.33,,,1.0,,,12918.0,,,12918.0,,,22.0,
452593,THE ORIGINOTE MCLR TSS 10S (HB),NAN,UNKNOWN,,1.0,,,1.0,,,1.0,,,19900.0,,,19900.0,,,3.0,
452607,MILKU MARIE BISC BTL 200ML,NAN,UNKNOWN,,1.34,,,48.0,,,1.18,,,4959.0,,,5852.0,,,122.0,
452634,HOT WHEELS CNY PORSCHE EDITION,NAN,UNKNOWN,,1.16,,,8.33,,,1.04,,,69484.0,,,72263.0,,,24.0,
452657,GLAD2GLOW FW GLYCOLIC ACID 70G,NAN,UNKNOWN,,1.0,,,2.0,,,1.0,,,40967.0,,,40967.0,,,6.0,
452717,CAMPINA CONCERTO MIDI STR 80ML,NAN,UNKNOWN,,1.08,,,8.0,,,1.04,,,7042.0,,,7324.0,,,23.0,
452718,DJOY BEAM PRO ICEBERG GREEN,NAN,UNKNOWN,,1.0,,,0.67,,,1.0,,,99000.0,,,99000.0,,,2.0,
452720,DJOY BEAM POD GRAVITY TEA 2ML,NAN,UNKNOWN,,1.0,,,0.33,,,1.0,,,66500.0,,,66500.0,,,1.0,
452728,DJOY BEAM GO AIRY ICE TEA 2ML,NAN,UNKNOWN,,1.0,,,0.33,,,1.0,,,69000.0,,,69000.0,,,1.0,
452764,SILVER QUEEN CHUNKY CUPID 3X26G,NAN,UNKNOWN,,1.1,,,6.67,,,1.05,,,35780.0,,,37569.0,,,19.0,
452774,MAKARIZO HE CRMBTH RYL JL 100ML,NAN,UNKNOWN,,1.0,,,3.0,,,1.0,,,23900.0,,,23900.0,,,9.0,
452775,MAKARIZO HE CRMBTH A &MLN 100ML,NAN,UNKNOWN,,1.12,,,2.67,,,1.0,,,26888.0,,,26888.0,,,8.0,
452834,ELLIPS HAIR SRM ULTRA TRMN 48ML,NAN,UNKNOWN,,1.0,,,2.0,,,1.0,,,43900.0,,,43900.0,,,6.0,
452941,MY ROTI SBK 2 FUNWARI CKT 115G,NAN,UNKNOWN,,1.05,,,6.67,,,1.0,,,8925.0,,,8925.0,,,20.0,
459614,INDOMIE NYEMEK JOGJA RENDANG84G,NAN,UNKNOWN,,1.63,,,173.33,,,1.07,,,5376.0,,,5752.0,,,488.0,
459615,BIG NIPIS MADU PET 1L (F),NAN,UNKNOWN,,1.0,,,3.33,,,1.0,,,9420.0,,,9420.0,,,10.0,
459616,TEREA BLACK GREEN,NAN,UNKNOWN,,1.4,,,1.67,,,1.0,,,46200.0,,,46200.0,,,5.0,
459617,TEREA BLACK RUBY,NAN,UNKNOWN,,1.5,,,1.33,,,2.0,,,49500.0,,,99000.0,,,2.0,
459618,WONHAE MINI BITES MATCHA BRY30G,NAN,UNKNOWN,,1.06,,,30.0,,,1.03,,,12546.0,,,12922.0,,,87.0,
459619,WINCHEEZ SPREADABLE 150G,NAN,UNKNOWN,,1.41,,,7.33,,,1.0,,,18255.0,,,18255.0,,,22.0,
459624,PROBITAS BOLPANG VANILA TPL325G,NAN,UNKNOWN,,1.0,,,0.33,,,1.0,,,47000.0,,,47000.0,,,1.0,
459627,CIMORY EATMILK PUD MATCHA 80G,NAN,UNKNOWN,,1.23,,,23.33,,,1.11,,,9214.0,,,10228.0,,,63.0,
459628,WALL'S AVOCADO BROWNIE 350ML,NAN,UNKNOWN,,1.0,,,14.33,,,1.02,,,29981.0,,,30581.0,,,42.0,
459629,WALL'S STRAWBERRY MATCHA 350ML,NAN,UNKNOWN,,1.02,,,16.0,,,1.02,,,30531.0,,,31142.0,,,47.0,
459630,CIMORY UHT NOSGR CHOCO TP 225ML,NAN,UNKNOWN,,1.12,,,11.33,,,1.13,,,8382.0,,,9472.0,,,30.0,
459631,CIMORY UHT NOSGR ALMOND TP225ML,NAN,UNKNOWN,,1.03,,,12.33,,,1.06,,,7703.0,,,8165.0,,,35.0,
459632,CIMORY UHT NOSGR MATCHA TP225ML,NAN,UNKNOWN,,1.05,,,20.0,,,1.11,,,7875.0,,,8741.0,,,54.0,
459633,CIMORY UHT NOSGR MARIE TP225ML,NAN,UNKNOWN,,1.03,,,9.67,,,1.0,,,7759.0,,,7759.0,,,29.0,
459657,IMPERIAL CREME BISCAST PCH21X8G,NAN,UNKNOWN,,1.0,,,1.0,,,1.0,,,22500.0,,,22500.0,,,3.0,
459698,WONHAE TOPOKKI SNK CHSBULDAK80G,NAN,UNKNOWN,,1.07,,,5.0,,,1.0,,,11200.0,,,11200.0,,,15.0,
459702,ICHITAN MILK CANDY CLD PET300ML,NAN,UNKNOWN,,1.0,,,1.33,,,1.0,,,9500.0,,,9500.0,,,4.0,
459703,ICHITAN MILK PINK PET 300ML,NAN,UNKNOWN,,1.0,,,0.67,,,1.0,,,9500.0,,,9500.0,,,2.0,
459704,KANZLER SGL TOM YUM 60G,NAN,UNKNOWN,,1.28,,,14.33,,,1.0,,,11416.0,,,11416.0,,,43.0,
459788,CAMPINA HULA2 DURIAN CUP 90ML,NAN,UNKNOWN,,1.35,,,11.33,,,1.17,,,21671.0,,,25355.0,,,29.0,
459789,CAMPINA HULA2 KTN HTM45ML,NAN,UNKNOWN,,1.48,,,18.67,,,1.1,,,7454.0,,,8199.0,,,51.0,
459793,RTE NASINDO NASI GORENG PCH 85G,NAN,UNKNOWN,,1.12,,,2.67,,,1.0,,,11250.0,,,11250.0,,,8.0,
459794,RTE NASINDO NASI SOTO PCH 85G,NAN,UNKNOWN,,2.0,,,0.33,,,1.0,,,20000.0,,,20000.0,,,1.0,
459800,SILVER QUEEN BUTTERFLIES 3X22G,NAN,UNKNOWN,,1.56,,,5.33,,,1.0,,,49969.0,,,49969.0,,,16.0,
459803,AICE MOOOCHI SESAME 40G,NAN,UNKNOWN,,2.0,,,0.67,,,1.0,,,10000.0,,,10000.0,,,2.0,
459804,AICE MOOOCHI CHOCOLATE 40G,NAN,UNKNOWN,,2.0,,,1.0,,,1.0,,,10000.0,,,10000.0,,,3.0,
459815,FIESTA RTG SOSIS MENTAI LAVA60G,NAN,UNKNOWN,,1.0,,,1.0,,,1.0,,,9500.0,,,9500.0,,,3.0,
459816,FIESTA RTG BAKSO MENTAI LAVA55G,NAN,UNKNOWN,,1.0,,,1.0,,,1.0,,,9633.0,,,9633.0,,,3.0,
459828,YUPI GUMMY JUMBO KOREAN BBQ 70G,NAN,UNKNOWN,,1.0,,,1.0,,,1.0,,,14900.0,,,14900.0,,,3.0,
459836,ALFAMART KCG KORO KUPAS 130G,NAN,UNKNOWN,,1.14,,,2.33,,,1.0,,,14286.0,,,14286.0,,,7.0,
459952,YOUKA ROLL CANDY 32G,NAN,UNKNOWN,,1.14,,,7.0,,,1.05,,,5600.0,,,5880.0,,,20.0,
459960,WALL'S P.POP UPINIPIN FRTY 66ML,NAN,UNKNOWN,,1.38,,,76.0,,,1.06,,,6294.0,,,6672.0,,,215.0,
459970,PAROTI RING CAKE CHEESE 40G,NAN,UNKNOWN,,1.23,,,7.33,,,1.22,,,6750.0,,,8235.0,,,18.0,
460193,CAMPINA HAPPYCOW VNL CUP 85ML,NAN,UNKNOWN,,1.2,,,1.67,,,1.0,,,11040.0,,,11040.0,,,5.0,
894874,PLU K PC SUNSILK X BABYMONSTER,NAN,UNKNOWN,,1.0,,,1.67,,,1.0,,,1.0,,,1.0,,,5.0,
894958,PLU K POCKY PHOTOCARD JKT 48,NAN,UNKNOWN,,1.0,,,2.33,,,1.0,,,1.0,,,1.0,,,7.0,
894960,PLU K CADBURY STICKER AST,NAN,UNKNOWN,,1.0,,,2.0,,,1.0,,,1.0,,,1.0,,,6.0,
428921,FROZEN CERMIN SET,5916 - BEAUTY ACCESSORIES IMPORT,WS CARACTER,1.0,,,1.0,,,1.0,,,16400.0,,,16400.0,,,2.0,,
