BRAND,SUBCATEGORY,CATEGORY,SECTION,AVG_QTY_STRUK_MONTH_BEFORE,AVG_QTY_STRUK_MONTH_AFTER,AVG_QTY_STRUK_MONTH_GROWTH,AVG_STRUK_MONTH_BEFORE,AVG_STRUK_MONTH_AFTER,AVG_STRUK_MONTH_GROWTH,PURCHASE_FREQUENCY_BEFORE,PURCHASE_FREQUENCY_AFTER,PURCHASE_FREQUENCY_GROWTH,SPT_BEFORE,SPT_AFTER,SPT_GROWTH,SPB_BEFORE,SPB_AFTER,SPB_GROWTH,BUYER_COUNT_BEFORE,BUYER_COUNT_AFTER,BUYER_COUNT_GROWTH
HEMAVITON,1111A - ENERGY DRINK LIQUID BOTTLE  100-250ML,1111 - ENERGY DRINK,CHILLER,1.26,1.19,-0.0556,9.5,5.33,-0.4389,1.27,1.14,-0.1024,8163.0,8056.0,-0.0131,10367.0,9184.0,-0.1141,15.0,14.0,-0.0667
KRATING DAENG,1111A - ENERGY DRINK LIQUID BOTTLE  100-250ML,1111 - ENERGY DRINK,CHILLER,1.0,1.26,0.26,7.0,6.33,-0.0957,1.08,1.0,-0.0741,6657.0,8426.0,0.2657,7190.0,8426.0,0.1719,13.0,19.0,0.4615
M-150,1111A - ENERGY DRINK LIQUID BOTTLE  100-250ML,1111 - ENERGY DRINK,CHILLER,1.0,1.33,0.33,0.5,1.0,1.0,1.0,1.0,0.0,6500.0,8733.0,0.3435,6500.0,8733.0,0.3435,1.0,3.0,2.0
NEO HORMOVITON,1111A - ENERGY DRINK LIQUID BOTTLE  100-250ML,1111 - ENERGY DRINK,CHILLER,1.08,1.07,-0.0093,6.0,4.67,-0.2217,1.0,1.0,0.0,7033.0,7136.0,0.0146,7033.0,7136.0,0.0146,12.0,14.0,0.1667
EXTRA JOSS,1111B - ENERGY DRINK LIQUID CAN 200-350ML,1111 - ENERGY DRINK,CHILLER,1.67,1.17,-0.2994,4.5,2.0,-0.5556,1.29,1.0,-0.2248,14167.0,9917.0,-0.3,18275.0,9917.0,-0.4573,7.0,6.0,-0.1429
M-150,1111B - ENERGY DRINK LIQUID CAN 200-350ML,1111 - ENERGY DRINK,CHILLER,1.0,1.0,0.0,0.5,0.33,-0.34,1.0,1.0,0.0,8400.0,8500.0,0.0119,8400.0,8500.0,0.0119,1.0,1.0,0.0
RED BULL,1111B - ENERGY DRINK LIQUID CAN 200-350ML,1111 - ENERGY DRINK,CHILLER,1.0,1.38,0.38,6.0,2.67,-0.555,1.71,1.6,-0.0643,10242.0,14425.0,0.4084,17514.0,23080.0,0.3178,7.0,5.0,-0.2857
A&W,1112A - CARBONATED DRINK CAN 200-250ML,1112 - CARBONATED DRINK,CHILLER,1.17,1.0,-0.1453,3.0,2.0,-0.3333,1.2,1.2,0.0,7917.0,6883.0,-0.1306,9500.0,8260.0,-0.1305,5.0,5.0,0.0
COCA COLA,1112A - CARBONATED DRINK CAN 200-250ML,1112 - CARBONATED DRINK,CHILLER,1.0,1.43,0.43,2.0,2.33,0.165,1.33,1.17,-0.1203,6650.0,9800.0,0.4737,8844.0,11466.0,0.2965,3.0,6.0,1.0
KOPI KENANGAN,1112A - CARBONATED DRINK CAN 200-250ML,1112 - CARBONATED DRINK,CHILLER,1.5,1.5,0.0,3.0,1.33,-0.5567,1.0,1.0,0.0,10950.0,10950.0,0.0,10950.0,10950.0,0.0,6.0,4.0,-0.3333
AMO,1112C - CARBONATED DRINK PET 250-450 ML,1112 - CARBONATED DRINK,CHILLER,,1.08,,,8.67,,,1.04,,,4862.0,,,5056.0,,,25.0,
BIG,1112C - CARBONATED DRINK PET 250-450 ML,1112 - CARBONATED DRINK,CHILLER,,1.13,,,13.0,,,1.05,,,4108.0,,,4313.0,,,37.0,
COCA COLA,1112C - CARBONATED DRINK PET 250-450 ML,1112 - CARBONATED DRINK,CHILLER,1.47,1.2,-0.1837,19.0,13.33,-0.2984,1.03,1.0,-0.0291,7732.0,6038.0,-0.2191,7964.0,6038.0,-0.2418,37.0,40.0,0.0811
FANTA,1112C - CARBONATED DRINK PET 250-450 ML,1112 - CARBONATED DRINK,CHILLER,1.45,1.03,-0.2897,16.5,12.67,-0.2321,1.03,1.23,0.1942,7558.0,6213.0,-0.178,7785.0,7642.0,-0.0184,32.0,31.0,-0.0312
NIPIS MADU,1112C - CARBONATED DRINK PET 250-450 ML,1112 - CARBONATED DRINK,CHILLER,1.27,1.58,0.2441,45.5,43.67,-0.0402,1.18,1.19,0.0085,5090.0,6491.0,0.2752,6006.0,7724.0,0.286,77.0,110.0,0.4286
PROMO MARKETING,1112C - CARBONATED DRINK PET 250-450 ML,1112 - CARBONATED DRINK,CHILLER,1.07,,,230.0,,,2.28,,,6175.0,,,14079.0,,,202.0,,
SPRITE,1112C - CARBONATED DRINK PET 250-450 ML,1112 - CARBONATED DRINK,CHILLER,1.16,1.35,0.1638,29.0,30.67,0.0576,1.09,1.11,0.0183,6017.0,7503.0,0.247,6559.0,8328.0,0.2697,53.0,83.0,0.566
TEBS,1112C - CARBONATED DRINK PET 250-450 ML,1112 - CARBONATED DRINK,CHILLER,1.17,,,6.0,,,1.09,,,4550.0,,,4960.0,,,11.0,,
CHI FOREST,1112D - CARBONATED DRINK PET 425-500ML,1112 - CARBONATED DRINK,CHILLER,1.2,1.11,-0.075,12.5,18.67,0.4936,1.09,1.22,0.1193,11208.0,10298.0,-0.0812,12217.0,12564.0,0.0284,23.0,46.0,1.0
BIG,1112E - CARBONATED DRINK PET 1000-1800ML,1112 - CARBONATED DRINK,CHILLER,,2.15,,,4.33,,,1.18,,,20415.0,,,24090.0,,,11.0,
COCA COLA,1112E - CARBONATED DRINK PET 1000-1800ML,1112 - CARBONATED DRINK,CHILLER,1.02,1.26,0.2353,20.5,14.33,-0.301,1.11,1.05,-0.0541,12615.0,13198.0,0.0462,14003.0,13858.0,-0.0104,37.0,41.0,0.1081
FANTA,1112E - CARBONATED DRINK PET 1000-1800ML,1112 - CARBONATED DRINK,CHILLER,1.09,1.31,0.2018,44.0,19.33,-0.5607,1.28,1.21,-0.0547,12609.0,14959.0,0.1864,16140.0,18100.0,0.1214,69.0,48.0,-0.3043
PROMO MARKETING,1112E - CARBONATED DRINK PET 1000-1800ML,1112 - CARBONATED DRINK,CHILLER,1.05,,,191.0,,,2.32,,,15563.0,,,36106.0,,,165.0,,
SPRITE,1112E - CARBONATED DRINK PET 1000-1800ML,1112 - CARBONATED DRINK,CHILLER,1.35,1.93,0.4296,48.5,29.67,-0.3882,1.11,1.24,0.1171,17302.0,20336.0,0.1754,19205.0,25217.0,0.313,87.0,72.0,-0.1724
ALFAMART,1113B - MINERAL WATER PET 330-400ML,1113 - MINERAL WATER,CHILLER,3.0,1.43,-0.5233,25.0,30.33,0.2132,1.02,1.25,0.2255,7442.0,4529.0,-0.3914,7591.0,5661.0,-0.2542,49.0,73.0,0.4898
AQUA,1113B - MINERAL WATER PET 330-400ML,1113 - MINERAL WATER,CHILLER,5.17,1.6,-0.6905,9.0,6.67,-0.2589,1.5,1.0,-0.3333,12744.0,4950.0,-0.6116,19116.0,4950.0,-0.7411,12.0,20.0,0.6667
CRYSTALIN,1113B - MINERAL WATER PET 330-400ML,1113 - MINERAL WATER,CHILLER,1.67,,,1.5,,,1.0,,,68233.0,,,68233.0,,,3.0,,
LE MINERALE,1113B - MINERAL WATER PET 330-400ML,1113 - MINERAL WATER,CHILLER,9.16,2.43,-0.7347,16.0,14.0,-0.125,1.19,1.08,-0.0924,29447.0,8381.0,-0.7154,35042.0,9051.0,-0.7417,27.0,39.0,0.4444
ALFAMART,1113C - MINERAL WATER PET 500-750ML,1113 - MINERAL WATER,CHILLER,2.8,1.31,-0.5321,90.0,65.0,-0.2778,1.19,2.14,0.7983,6576.0,2957.0,-0.5503,7825.0,6328.0,-0.1913,151.0,91.0,-0.3974
AQUA,1113C - MINERAL WATER PET 500-750ML,1113 - MINERAL WATER,CHILLER,1.82,1.74,-0.044,162.5,134.67,-0.1713,1.13,1.21,0.0708,7260.0,7077.0,-0.0252,8204.0,8563.0,0.0438,288.0,334.0,0.1597
AQUVIVA,1113C - MINERAL WATER PET 500-750ML,1113 - MINERAL WATER,CHILLER,1.14,1.41,0.2368,94.0,65.0,-0.3085,1.12,1.2,0.0714,3984.0,4989.0,0.2523,4462.0,5987.0,0.3418,168.0,163.0,-0.0298
CRYSTALIN,1113C - MINERAL WATER PET 500-750ML,1113 - MINERAL WATER,CHILLER,1.82,1.33,-0.2692,59.0,64.33,0.0903,1.17,1.21,0.0342,6169.0,4396.0,-0.2874,7218.0,5319.0,-0.2631,101.0,160.0,0.5842
LE MINERALE,1113C - MINERAL WATER PET 500-750ML,1113 - MINERAL WATER,CHILLER,1.74,1.94,0.1149,231.0,165.0,-0.2857,1.24,1.2,-0.0323,6487.0,7383.0,0.1381,8044.0,8860.0,0.1014,373.0,411.0,0.1019
NESTLE,1113C - MINERAL WATER PET 500-750ML,1113 - MINERAL WATER,CHILLER,1.46,1.46,0.0,103.0,91.33,-0.1133,1.25,1.22,-0.024,5131.0,5518.0,0.0754,6414.0,6732.0,0.0496,165.0,224.0,0.3576
PRIMA,1113C - MINERAL WATER PET 500-750ML,1113 - MINERAL WATER,CHILLER,2.97,1.75,-0.4108,16.5,22.33,0.3533,1.14,1.16,0.0175,8909.0,5196.0,-0.4168,10156.0,6027.0,-0.4066,29.0,58.0,1.0
VIT,1113C - MINERAL WATER PET 500-750ML,1113 - MINERAL WATER,CHILLER,1.0,1.64,0.64,2.0,3.67,0.835,1.0,1.1,0.1,3500.0,5236.0,0.496,3500.0,5760.0,0.6457,4.0,10.0,1.5
ALFAMART,1113D - MINERAL WATER PET 1-1.5L,1113 - MINERAL WATER,CHILLER,2.3,1.22,-0.4696,54.0,50.0,-0.0741,1.77,1.72,-0.0282,10532.0,5515.0,-0.4764,18642.0,9486.0,-0.4911,61.0,87.0,0.4262
AQUA,1113D - MINERAL WATER PET 1-1.5L,1113 - MINERAL WATER,CHILLER,1.93,1.6,-0.171,53.5,40.67,-0.2398,1.29,1.18,-0.0853,12936.0,10719.0,-0.1714,16687.0,12648.0,-0.242,83.0,103.0,0.241
AQUVIVA,1113D - MINERAL WATER PET 1-1.5L,1113 - MINERAL WATER,CHILLER,1.11,1.14,0.027,17.5,26.67,0.524,1.06,1.23,0.1604,7020.0,7281.0,0.0372,7441.0,8956.0,0.2036,33.0,65.0,0.9697
CRYSTALIN,1113D - MINERAL WATER PET 1-1.5L,1113 - MINERAL WATER,CHILLER,1.19,1.39,0.1681,10.5,10.33,-0.0162,1.0,1.07,0.07,9448.0,8461.0,-0.1045,9448.0,9053.0,-0.0418,21.0,29.0,0.381
LE MINERALE,1113D - MINERAL WATER PET 1-1.5L,1113 - MINERAL WATER,CHILLER,1.38,1.56,0.1304,84.5,66.67,-0.211,1.44,1.27,-0.1181,9269.0,10556.0,0.1388,13347.0,13406.0,0.0044,117.0,157.0,0.3419
NESTLE,1113D - MINERAL WATER PET 1-1.5L,1113 - MINERAL WATER,CHILLER,2.36,1.31,-0.4449,28.0,21.33,-0.2382,1.4,1.52,0.0857,15793.0,8869.0,-0.4384,22110.0,13481.0,-0.3903,40.0,42.0,0.05
VIT,1113D - MINERAL WATER PET 1-1.5L,1113 - MINERAL WATER,CHILLER,1.25,1.0,-0.2,2.0,0.67,-0.665,1.0,1.0,0.0,7750.0,6200.0,-0.2,7750.0,6200.0,-0.2,4.0,2.0,-0.5
ALFA,1113I - FUNCTIONAL DRINK,1113 - MINERAL WATER,CHILLER,1.39,1.21,-0.1295,14.0,11.0,-0.2143,1.17,1.03,-0.1197,6439.0,5164.0,-0.198,7534.0,5319.0,-0.294,24.0,32.0,0.3333
ETERNAL,1113I - FUNCTIONAL DRINK,1113 - MINERAL WATER,CHILLER,1.08,1.58,0.463,12.0,4.0,-0.6667,3.43,1.33,-0.6122,10000.0,14750.0,0.475,34300.0,19618.0,-0.428,7.0,9.0,0.2857
PRISTINE,1113I - FUNCTIONAL DRINK,1113 - MINERAL WATER,CHILLER,2.73,1.84,-0.326,82.0,87.0,0.061,1.3,1.3,0.0,12862.0,8870.0,-0.3104,16721.0,11531.0,-0.3104,126.0,201.0,0.5952
SUPER O2,1113I - FUNCTIONAL DRINK,1113 - MINERAL WATER,CHILLER,1.14,1.64,0.4386,3.5,3.67,0.0486,1.0,1.1,0.1,13686.0,19582.0,0.4308,13686.0,21540.0,0.5739,7.0,10.0,0.4286
FIBE MINI,1114A - ISOTONIC DRINK PET 100-250ML,1114 - ISOTONIC DRINK,CHILLER,1.29,1.07,-0.1705,7.0,4.67,-0.3329,1.08,1.0,-0.0741,9650.0,8121.0,-0.1584,10422.0,8121.0,-0.2208,13.0,14.0,0.0769
HYDRO COCO,1114A - ISOTONIC DRINK PET 100-250ML,1114 - ISOTONIC DRINK,CHILLER,1.18,1.26,0.0678,37.0,22.67,-0.3873,1.16,1.06,-0.0862,10166.0,11322.0,0.1137,11793.0,12001.0,0.0176,64.0,64.0,0.0
HYDRO COCO,1114B - ISOTONIC DRINK PET 300-380ML,1114 - ISOTONIC DRINK,CHILLER,1.12,1.11,-0.0089,4.0,6.33,0.5825,1.0,1.0,0.0,14075.0,14389.0,0.0223,14075.0,14389.0,0.0223,8.0,19.0,1.375
ICHITAN,1114B - ISOTONIC DRINK PET 300-380ML,1114 - ISOTONIC DRINK,CHILLER,1.0,1.22,0.22,7.5,3.0,-0.6,1.36,1.12,-0.1765,7200.0,8933.0,0.2407,9792.0,10005.0,0.0218,11.0,8.0,-0.2727
IF,1114B - ISOTONIC DRINK PET 300-380ML,1114 - ISOTONIC DRINK,CHILLER,,1.25,,,1.33,,,1.0,,,18750.0,,,18750.0,,,4.0,
ISOPLUS,1114B - ISOTONIC DRINK PET 300-380ML,1114 - ISOTONIC DRINK,CHILLER,1.21,1.09,-0.0992,21.5,21.67,0.0079,1.05,1.3,0.2381,4333.0,4400.0,0.0155,4550.0,5720.0,0.2571,41.0,50.0,0.2195
POCARI SWEAT,1114B - ISOTONIC DRINK PET 300-380ML,1114 - ISOTONIC DRINK,CHILLER,1.64,1.15,-0.2988,30.5,26.33,-0.1367,1.05,1.08,0.0286,11610.0,8195.0,-0.2941,12190.0,8851.0,-0.2739,58.0,73.0,0.2586
HYDRO COCO,1114C - ISOTONIC DRINK PET 450-500ML,1114 - ISOTONIC DRINK,CHILLER,1.11,1.1,-0.009,38.0,24.33,-0.3597,1.33,1.12,-0.1579,17829.0,17608.0,-0.0124,23713.0,19721.0,-0.1683,57.0,65.0,0.1404
MIZONE,1114C - ISOTONIC DRINK PET 450-500ML,1114 - ISOTONIC DRINK,CHILLER,1.4,1.49,0.0643,45.5,21.67,-0.5237,1.18,1.05,-0.1102,9023.0,9765.0,0.0822,10647.0,10253.0,-0.037,77.0,62.0,-0.1948
POCARI SWEAT,1114C - ISOTONIC DRINK PET 450-500ML,1114 - ISOTONIC DRINK,CHILLER,1.14,1.14,0.0,78.0,56.67,-0.2735,1.13,1.12,-0.0088,9484.0,9220.0,-0.0278,10717.0,10326.0,-0.0365,138.0,152.0,0.1014
REGEN,1114C - ISOTONIC DRINK PET 450-500ML,1114 - ISOTONIC DRINK,CHILLER,1.53,,,8.5,,,1.06,,,22176.0,,,23507.0,,,16.0,,
YOU C1000 WATER,1114C - ISOTONIC DRINK PET 450-500ML,1114 - ISOTONIC DRINK,CHILLER,1.2,1.13,-0.0583,49.0,25.67,-0.4761,1.29,1.18,-0.0853,10562.0,9918.0,-0.061,13625.0,11703.0,-0.1411,76.0,65.0,-0.1447
POCARI SWEAT,1114D - ISOTONIC DRINK CAN 330ML,1114 - ISOTONIC DRINK,CHILLER,2.0,1.0,-0.5,2.0,1.33,-0.335,1.0,1.0,0.0,13700.0,6900.0,-0.4964,13700.0,6900.0,-0.4964,4.0,4.0,0.0
HYDRO COCO,1114E - ISOTONIC DRINK PET 900ML-1.5L,1114 - ISOTONIC DRINK,CHILLER,1.09,1.0,-0.0826,5.5,0.33,-0.94,1.0,1.0,0.0,28364.0,25500.0,-0.101,28364.0,25500.0,-0.101,11.0,1.0,-0.9091
POCARI SWEAT,1114E - ISOTONIC DRINK PET 900ML-1.5L,1114 - ISOTONIC DRINK,CHILLER,1.0,1.0,0.0,12.5,15.67,0.2536,1.09,1.09,0.0,13748.0,13926.0,0.0129,14985.0,15179.0,0.0129,23.0,43.0,0.8696
POCARI SWEAT,1114F - ISOTONIC DRINK PET 2L,1114 - ISOTONIC DRINK,CHILLER,1.29,1.12,-0.1318,10.5,8.33,-0.2067,1.4,1.04,-0.2571,30329.0,27020.0,-0.1091,42461.0,28101.0,-0.3382,15.0,24.0,0.6
ADEM SARI,1115A - REMEDIES DRINK CAN,1115 - REMEDIES DRINK,CHILLER,1.19,1.34,0.1261,26.5,31.67,0.1951,1.1,1.19,0.0818,11079.0,12612.0,0.1384,12187.0,15008.0,0.2315,48.0,80.0,0.6667
BADAK,1115A - REMEDIES DRINK CAN,1115 - REMEDIES DRINK,CHILLER,1.28,1.3,0.0156,47.0,49.67,0.0568,1.15,1.22,0.0609,9833.0,10736.0,0.0918,11308.0,13098.0,0.1583,82.0,122.0,0.4878
CAP PANDA,1115A - REMEDIES DRINK CAN,1115 - REMEDIES DRINK,CHILLER,1.0,,,1.0,,,2.0,,,7500.0,,,15000.0,,,1.0,,
COOLTOPIA,1115A - REMEDIES DRINK CAN,1115 - REMEDIES DRINK,CHILLER,1.25,1.31,0.048,6.0,12.0,1.0,1.0,1.09,0.09,9508.0,10925.0,0.149,9508.0,11908.0,0.2524,12.0,33.0,1.75
KAKI TIGA,1115A - REMEDIES DRINK CAN,1115 - REMEDIES DRINK,CHILLER,1.24,1.25,0.0081,63.0,38.33,-0.3916,1.11,1.13,0.018,9084.0,9163.0,0.0087,10083.0,10354.0,0.0269,114.0,102.0,-0.1053
LASEGAR,1115A - REMEDIES DRINK CAN,1115 - REMEDIES DRINK,CHILLER,1.48,2.58,0.7432,11.5,4.0,-0.6522,1.1,1.09,-0.0091,11204.0,20883.0,0.8639,12324.0,22762.0,0.847,21.0,11.0,-0.4762
ADEM SARI,1115C - REMEDIES DRINK PET 150-350ML,1115 - REMEDIES DRINK,CHILLER,1.13,1.13,0.0,11.5,17.67,0.5365,1.1,1.13,0.0273,10570.0,10702.0,0.0125,11627.0,12093.0,0.0401,21.0,47.0,1.2381
ALANG SARI,1115C - REMEDIES DRINK PET 150-350ML,1115 - REMEDIES DRINK,CHILLER,1.35,,,8.5,,,1.06,,,11906.0,,,12620.0,,,16.0,,
BADAK,1115C - REMEDIES DRINK PET 150-350ML,1115 - REMEDIES DRINK,CHILLER,1.21,1.71,0.4132,7.0,11.67,0.6671,1.0,1.03,0.03,9600.0,13814.0,0.439,9600.0,14228.0,0.4821,14.0,34.0,1.4286
KAKI TIGA,1115C - REMEDIES DRINK PET 150-350ML,1115 - REMEDIES DRINK,CHILLER,1.46,1.47,0.0068,6.5,5.67,-0.1277,1.0,1.0,0.0,10931.0,11359.0,0.0392,10931.0,11359.0,0.0392,13.0,17.0,0.3077
KIRANTI,1115C - REMEDIES DRINK PET 150-350ML,1115 - REMEDIES DRINK,CHILLER,1.48,1.32,-0.1081,31.5,11.33,-0.6403,1.37,1.13,-0.1752,11810.0,10571.0,-0.1049,16180.0,11945.0,-0.2617,46.0,30.0,-0.3478
SIDOMUNCUL,1115C - REMEDIES DRINK PET 150-350ML,1115 - REMEDIES DRINK,CHILLER,,1.2,,,1.67,,,1.0,,,8640.0,,,8640.0,,,5.0,
BADAK,1115D - REMEDIES DRINK PET 500-600ML,1115 - REMEDIES DRINK,CHILLER,1.15,1.17,0.0174,16.5,13.67,-0.1715,1.06,1.08,0.0189,10224.0,11020.0,0.0779,10837.0,11902.0,0.0983,31.0,38.0,0.2258
KAKI TIGA,1115D - REMEDIES DRINK PET 500-600ML,1115 - REMEDIES DRINK,CHILLER,1.33,1.22,-0.0827,21.5,9.0,-0.5814,1.1,1.04,-0.0545,11505.0,11119.0,-0.0336,12656.0,11564.0,-0.0863,39.0,26.0,-0.3333
AMUNIZER,1116A - VITAMIN DRINK 100-150ML,1116 - VITAMIN DRINK,CHILLER,1.36,1.25,-0.0809,5.5,1.33,-0.7582,1.57,1.0,-0.3631,12164.0,10900.0,-0.1039,19097.0,10900.0,-0.4292,7.0,4.0,-0.4286
FITMEUP,1116A - VITAMIN DRINK 100-150ML,1116 - VITAMIN DRINK,CHILLER,,1.33,,,2.0,,,1.0,,,12000.0,,,12000.0,,,6.0,
ORONAMIN,1116A - VITAMIN DRINK 100-150ML,1116 - VITAMIN DRINK,CHILLER,1.3,1.38,0.0615,5.0,2.67,-0.466,2.5,1.0,-0.6,8970.0,9488.0,0.0577,22425.0,9488.0,-0.5769,4.0,8.0,1.0
YOU C1000,1116A - VITAMIN DRINK 100-150ML,1116 - VITAMIN DRINK,CHILLER,1.42,1.66,0.169,194.5,116.67,-0.4002,1.16,1.17,0.0086,11001.0,13113.0,0.192,12761.0,15342.0,0.2023,336.0,298.0,-0.1131
HEMAVITON,1116B - VITAMIN DRINK 300-500ML,1116 - VITAMIN DRINK,CHILLER,1.63,1.31,-0.1963,15.0,16.0,0.0667,1.2,1.23,0.025,12397.0,10010.0,-0.1925,14876.0,12312.0,-0.1724,25.0,39.0,0.56
HEAVENLY BLUSH,1117A - YOGHURT BEVERAGE,1117 - YOGHURT BEVERAGE,CHILLER,1.0,,,1.0,,,1.0,,,12700.0,,,12700.0,,,2.0,,
INDOMILK,1117A - YOGHURT BEVERAGE,1117 - YOGHURT BEVERAGE,CHILLER,,1.32,,,22.67,,,1.1,,,8603.0,,,9463.0,,,62.0,
KIN,1117A - YOGHURT BEVERAGE,1117 - YOGHURT BEVERAGE,CHILLER,1.48,1.17,-0.2095,12.5,6.0,-0.52,1.19,1.12,-0.0588,14652.0,11550.0,-0.2117,17436.0,12936.0,-0.2581,21.0,16.0,-0.2381
BINTANG,1118A - CARBONATED MALT,1118 - CARBONATED MALT,CHILLER,1.59,3.32,1.0881,8.5,8.33,-0.02,1.42,1.19,-0.162,14676.0,30868.0,1.1033,20840.0,36733.0,0.7626,12.0,21.0,0.75
GREEN SANDS,1118A - CARBONATED MALT,1118 - CARBONATED MALT,CHILLER,1.39,1.41,0.0144,11.5,9.0,-0.2174,1.28,1.04,-0.1875,10213.0,10152.0,-0.006,13073.0,10558.0,-0.1924,18.0,26.0,0.4444
GROOVY,1118B - CARBONATED MALT PACK,1118 - CARBONATED MALT,CHILLER,1.0,1.0,0.0,0.5,1.33,1.66,1.0,1.0,0.0,7900.0,8200.0,0.038,7900.0,8200.0,0.038,1.0,4.0,3.0
CAP PANDA,1121C - GRASS JELLY,1121 - DESSERT,CHILLER,1.22,1.22,0.0,34.5,20.0,-0.4203,1.23,1.33,0.0813,9329.0,9378.0,0.0053,11475.0,12473.0,0.087,56.0,45.0,-0.1964
DELMONTE,1121C - GRASS JELLY,1121 - DESSERT,CHILLER,1.3,1.24,-0.0462,25.0,11.33,-0.5468,1.43,1.21,-0.1538,14082.0,13141.0,-0.0668,20137.0,15901.0,-0.2104,35.0,28.0,-0.2
YEO'S,1121C - GRASS JELLY,1121 - DESSERT,CHILLER,1.67,,,3.0,,,1.2,,,12167.0,,,14600.0,,,5.0,,
ULTRA,1151B - JUICE TETRAPACK 125-150ML,1151 - RTD JUICE,CHILLER,1.2,1.53,0.275,10.0,6.33,-0.367,1.43,1.27,-0.1119,4930.0,6189.0,0.2554,7050.0,7860.0,0.1149,14.0,15.0,0.0714
NUTRI SARI,1151C - JUICE TETRAPACK 200ML,1151 - RTD JUICE,CHILLER,1.4,1.17,-0.1643,7.5,2.0,-0.7333,1.15,1.0,-0.1304,11900.0,9917.0,-0.1666,13685.0,9917.0,-0.2753,13.0,6.0,-0.5385
ABC,1151D - JUICE TETRAPACK 240-250ML,1151 - RTD JUICE,CHILLER,1.38,1.93,0.3986,24.0,9.0,-0.625,1.09,1.42,0.3028,7677.0,10659.0,0.3884,8368.0,15136.0,0.8088,44.0,19.0,-0.5682
BUAVITA,1151D - JUICE TETRAPACK 240-250ML,1151 - RTD JUICE,CHILLER,1.35,2.39,0.7704,26.0,22.33,-0.1412,1.16,1.08,-0.069,12637.0,22203.0,0.757,14659.0,23979.0,0.6358,45.0,62.0,0.3778
ULTRA,1151D - JUICE TETRAPACK 240-250ML,1151 - RTD JUICE,CHILLER,1.38,1.47,0.0652,18.5,11.33,-0.3876,1.37,1.17,-0.146,8089.0,8594.0,0.0624,11082.0,10055.0,-0.0927,27.0,29.0,0.0741
BUAVITA,1151E - JUICE TETRAPACK 750-1200ML,1151 - RTD JUICE,CHILLER,1.2,1.0,-0.1667,2.5,1.0,-0.6,1.0,1.0,0.0,39480.0,32567.0,-0.1751,39480.0,32567.0,-0.1751,5.0,3.0,-0.4
MINUTE MAID,1151E - JUICE TETRAPACK 750-1200ML,1151 - RTD JUICE,CHILLER,1.5,1.33,-0.1133,5.0,2.0,-0.6,1.43,1.0,-0.3007,23610.0,21200.0,-0.1021,33762.0,21200.0,-0.3721,7.0,6.0,-0.1429
PROMO MARKETING,1151E - JUICE TETRAPACK 750-1200ML,1151 - RTD JUICE,CHILLER,1.0,,,90.0,,,1.7,,,14500.0,,,24650.0,,,106.0,,
COCA COLA,1151F - JUICE PET 200-450ML,1151 - RTD JUICE,CHILLER,1.14,,,238.0,,,2.12,,,8358.0,,,17719.0,,,225.0,,
FLORIDINA,1151F - JUICE PET 200-450ML,1151 - RTD JUICE,CHILLER,1.1,1.13,0.0273,91.5,23.67,-0.7413,1.51,1.09,-0.2781,3681.0,4297.0,0.1673,5558.0,4684.0,-0.1573,121.0,65.0,-0.4628
FRUITAMIN,1151F - JUICE PET 200-450ML,1151 - RTD JUICE,CHILLER,1.0,1.0,0.0,6.0,0.33,-0.945,1.09,1.0,-0.0826,7200.0,7200.0,0.0,7848.0,7200.0,-0.0826,11.0,1.0,-0.9091
ICHITAN,1151F - JUICE PET 200-450ML,1151 - RTD JUICE,CHILLER,1.22,1.06,-0.1311,4.5,6.0,0.3333,1.29,1.06,-0.1783,11244.0,9728.0,-0.1348,14505.0,10312.0,-0.2891,7.0,17.0,1.4286
MINUTE MAID,1151F - JUICE PET 200-450ML,1151 - RTD JUICE,CHILLER,2.29,1.06,-0.5371,10.5,6.0,-0.4286,1.11,1.0,-0.0991,13867.0,7072.0,-0.49,15392.0,7072.0,-0.5405,19.0,18.0,-0.0526
MOGU-MOGU,1151F - JUICE PET 200-450ML,1151 - RTD JUICE,CHILLER,1.1,1.31,0.1909,29.0,22.33,-0.23,1.18,1.31,0.1102,13131.0,15740.0,0.1987,15495.0,20619.0,0.3307,49.0,51.0,0.0408
NUTRIBOOST,1151F - JUICE PET 200-450ML,1151 - RTD JUICE,CHILLER,1.57,1.08,-0.3121,30.5,17.0,-0.4426,1.13,1.09,-0.0354,11795.0,8088.0,-0.3143,13328.0,8816.0,-0.3385,54.0,47.0,-0.1296
PALDO,1151F - JUICE PET 200-450ML,1151 - RTD JUICE,CHILLER,1.11,1.19,0.0721,93.0,72.67,-0.2186,1.18,1.18,0.0,16104.0,17637.0,0.0952,19003.0,20812.0,0.0952,158.0,184.0,0.1646
PROMO MARKETING,1151F - JUICE PET 200-450ML,1151 - RTD JUICE,CHILLER,1.16,,,220.5,,,2.12,,,6514.0,,,13810.0,,,208.0,,
OLATTE,1151H - JUICE CAN 230-350ML,1151 - RTD JUICE,CHILLER,1.52,1.25,-0.1776,12.5,8.0,-0.36,1.0,1.14,0.14,17620.0,14417.0,-0.1818,17620.0,16435.0,-0.0673,25.0,21.0,-0.16
SUNPRIDE,1151H - JUICE CAN 230-350ML,1151 - RTD JUICE,CHILLER,1.14,1.23,0.0789,7.0,4.33,-0.3814,1.0,1.0,0.0,13600.0,14646.0,0.0769,13600.0,14646.0,0.0769,14.0,13.0,-0.0714
S-TEE,1154A - RTD TEA TETRAPACK 200-240ML,1154 - RTD TEA,CHILLER,2.82,4.33,0.5355,5.5,4.0,-0.2727,1.22,1.0,-0.1803,7745.0,11700.0,0.5107,9449.0,11700.0,0.2382,9.0,12.0,0.3333
ULTRA,1154A - RTD TEA TETRAPACK 200-240ML,1154 - RTD TEA,CHILLER,1.65,1.51,-0.0848,25.5,17.67,-0.3071,1.27,1.1,-0.1339,6765.0,6415.0,-0.0517,8592.0,7057.0,-0.1787,40.0,48.0,0.2
FRUIT TEA,1154B - RTD TEA TETRAPACK 250-500ML,1154 - RTD TEA,CHILLER,1.67,3.19,0.9102,3.0,12.0,3.0,1.0,1.16,0.16,6200.0,11181.0,0.8034,6200.0,12970.0,1.0919,6.0,31.0,4.1667
SOSRO,1154B - RTD TEA TETRAPACK 250-500ML,1154 - RTD TEA,CHILLER,3.02,4.3,0.4238,80.0,22.0,-0.725,1.11,1.03,-0.0721,10909.0,15264.0,0.3992,12109.0,15722.0,0.2984,144.0,64.0,-0.5556
ULTRA,1154B - RTD TEA TETRAPACK 250-500ML,1154 - RTD TEA,CHILLER,1.0,1.12,0.12,5.5,5.33,-0.0309,1.1,1.07,-0.0273,4091.0,4781.0,0.1687,4500.0,5116.0,0.1369,10.0,15.0,0.5
BONTEH,1154D - RTD TEA PET 250-420ML,1154 - RTD TEA,CHILLER,3.0,,,1.0,,,1.0,,,9600.0,,,9600.0,,,2.0,,
FRESTEA,1154D - RTD TEA PET 250-420ML,1154 - RTD TEA,CHILLER,1.42,8.0,4.6338,6.0,0.33,-0.945,1.0,1.0,0.0,6658.0,38400.0,4.7675,6658.0,38400.0,4.7675,12.0,1.0,-0.9167
FRUIT TEA,1154D - RTD TEA PET 250-420ML,1154 - RTD TEA,CHILLER,1.06,1.21,0.1415,148.5,20.67,-0.8608,1.23,1.27,0.0325,4375.0,5098.0,0.1653,5381.0,6474.0,0.2031,242.0,49.0,-0.7975
ICHI,1154D - RTD TEA PET 250-420ML,1154 - RTD TEA,CHILLER,2.15,3.11,0.4465,6.5,3.0,-0.5385,1.3,1.0,-0.2308,6892.0,10000.0,0.451,8960.0,10000.0,0.1161,10.0,9.0,-0.1
ICHITAN,1154D - RTD TEA PET 250-420ML,1154 - RTD TEA,CHILLER,1.1,1.09,-0.0091,5.0,7.33,0.466,1.0,1.05,0.05,5430.0,9073.0,0.6709,5430.0,9527.0,0.7545,10.0,21.0,1.1
NU,1154D - RTD TEA PET 250-420ML,1154 - RTD TEA,CHILLER,1.0,3.0,2.0,1.0,0.67,-0.33,1.0,1.0,0.0,4500.0,13550.0,2.0111,4500.0,13550.0,2.0111,2.0,2.0,0.0
PROMO MARKETING,1154D - RTD TEA PET 250-420ML,1154 - RTD TEA,CHILLER,1.0,,,13.0,,,1.13,,,4500.0,,,5085.0,,,23.0,,
PUCUK HARUM,1154D - RTD TEA PET 250-420ML,1154 - RTD TEA,CHILLER,1.79,1.75,-0.0223,66.5,51.33,-0.2281,1.11,1.24,0.1171,6679.0,6647.0,-0.0048,7414.0,8242.0,0.1117,120.0,124.0,0.0333
S-TEE,1154D - RTD TEA PET 250-420ML,1154 - RTD TEA,CHILLER,1.26,1.92,0.5238,17.0,4.33,-0.7453,1.1,1.44,0.3091,4079.0,6577.0,0.6124,4487.0,9471.0,1.1108,31.0,9.0,-0.7097
SOSRO,1154D - RTD TEA PET 250-420ML,1154 - RTD TEA,CHILLER,1.09,1.44,0.3211,112.5,6.0,-0.9467,1.64,1.2,-0.2683,4247.0,5839.0,0.3749,6965.0,7007.0,0.006,137.0,15.0,-0.8905
TEH GELAS,1154D - RTD TEA PET 250-420ML,1154 - RTD TEA,CHILLER,3.3,2.2,-0.3333,5.0,5.0,0.0,1.0,1.0,0.0,10890.0,7267.0,-0.3327,10890.0,7267.0,-0.3327,10.0,15.0,0.5
CHI FOREST,1154E - RTD TEA PET 450-500ML,1154 - RTD TEA,CHILLER,,1.29,,,5.67,,,1.21,,,10988.0,,,13295.0,,,14.0,
FRESTEA,1154E - RTD TEA PET 450-500ML,1154 - RTD TEA,CHILLER,1.83,1.1,-0.3989,9.0,6.67,-0.2589,1.0,1.11,0.11,11761.0,7655.0,-0.3491,11761.0,8497.0,-0.2775,18.0,18.0,0.0
FRUIT TEA,1154E - RTD TEA PET 450-500ML,1154 - RTD TEA,CHILLER,1.08,1.23,0.1389,18.5,21.67,0.1714,1.0,1.07,0.07,8092.0,9132.0,0.1285,8092.0,9771.0,0.2075,37.0,61.0,0.6486
NU,1154E - RTD TEA PET 450-500ML,1154 - RTD TEA,CHILLER,1.39,1.5,0.0791,22.0,10.0,-0.5455,1.05,1.36,0.2952,9652.0,10377.0,0.0751,10135.0,14113.0,0.3925,42.0,22.0,-0.4762
PROMO MARKETING,1154E - RTD TEA PET 450-500ML,1154 - RTD TEA,CHILLER,1.0,,,7.0,,,1.17,,,6400.0,,,7488.0,,,12.0,,
PUCUK HARUM,1154E - RTD TEA PET 450-500ML,1154 - RTD TEA,CHILLER,1.06,1.33,0.2547,8.5,10.0,0.1765,1.13,1.03,-0.0885,7312.0,9263.0,0.2668,8263.0,9541.0,0.1547,15.0,29.0,0.9333
SOSRO,1154E - RTD TEA PET 450-500ML,1154 - RTD TEA,CHILLER,1.43,1.18,-0.1748,7.0,7.33,0.0471,1.0,1.05,0.05,10036.0,8350.0,-0.168,10036.0,8768.0,-0.1263,14.0,21.0,0.5
TEBS,1154E - RTD TEA PET 450-500ML,1154 - RTD TEA,CHILLER,1.0,1.0,0.0,5.5,4.67,-0.1509,1.1,1.4,0.2727,8318.0,8307.0,-0.0013,9150.0,11630.0,0.271,10.0,10.0,0.0
TEBS,1154G - RTD TEA CAN,1154 - RTD TEA,CHILLER,2.0,,,4.0,,,1.14,,,11550.0,,,13167.0,,,7.0,,
FRESTEA,1154J - RTD TEA PET >=1000ML,1154 - RTD TEA,CHILLER,1.08,1.0,-0.0741,6.5,1.0,-0.8462,1.3,1.0,-0.2308,18308.0,17000.0,-0.0714,23800.0,17000.0,-0.2857,10.0,3.0,-0.7
PROMO MARKETING,1154J - RTD TEA PET >=1000ML,1154 - RTD TEA,CHILLER,1.0,,,18.0,,,1.09,,,17000.0,,,18530.0,,,33.0,,
PUCUK HARUM,1154J - RTD TEA PET >=1000ML,1154 - RTD TEA,CHILLER,1.25,1.0,-0.2,2.0,1.67,-0.165,1.0,1.0,0.0,16650.0,13320.0,-0.2,16650.0,13320.0,-0.2,4.0,5.0,0.25
ICHITAN,1154K - RTD MILK TEA PET,1154 - RTD TEA,CHILLER,1.25,1.4,0.12,32.0,25.67,-0.1978,1.16,1.17,0.0086,11000.0,12984.0,0.1804,12760.0,15191.0,0.1905,55.0,66.0,0.2
NU,1154K - RTD MILK TEA PET,1154 - RTD TEA,CHILLER,1.78,1.22,-0.3146,30.0,18.0,-0.4,1.3,1.06,-0.1846,14653.0,10126.0,-0.3089,19049.0,10734.0,-0.4365,46.0,51.0,0.1087
PUCUK HARUM,1154L - RTD TEA LESS SUGAR,1154 - RTD TEA,CHILLER,1.28,1.18,-0.0781,12.5,11.33,-0.0936,1.14,1.06,-0.0702,6376.0,5485.0,-0.1397,7269.0,5814.0,-0.2002,22.0,32.0,0.4545
SOSRO,1154L - RTD TEA LESS SUGAR,1154 - RTD TEA,CHILLER,1.29,1.18,-0.0853,15.5,9.33,-0.3981,1.15,1.0,-0.1304,4662.0,4629.0,-0.0071,5361.0,4629.0,-0.1365,27.0,28.0,0.037
ULTRA,1154L - RTD TEA LESS SUGAR,1154 - RTD TEA,CHILLER,1.25,1.22,-0.024,4.0,3.0,-0.25,1.0,1.0,0.0,5150.0,5178.0,0.0054,5150.0,5178.0,0.0054,8.0,9.0,0.125
NESCAFE,1156A - RTD COFFEE TETRAPACK,1156 - RTD COFFEE,CHILLER,1.0,1.0,0.0,3.5,2.33,-0.3343,1.0,1.17,0.17,5757.0,5771.0,0.0024,5757.0,6752.0,0.1728,7.0,6.0,-0.1429
OATSIDE,1156A - RTD COFFEE TETRAPACK,1156 - RTD COFFEE,CHILLER,1.17,1.38,0.1795,9.0,5.33,-0.4078,1.0,1.14,0.14,9217.0,10900.0,0.1826,9217.0,12426.0,0.3482,18.0,14.0,-0.2222
ABC,"1156B - RTD COFFEE CAN, BOTTLE, PET",1156 - RTD COFFEE,CHILLER,1.18,1.21,0.0254,45.5,40.33,-0.1136,1.18,1.16,-0.0169,5299.0,5532.0,0.044,6253.0,6417.0,0.0262,77.0,104.0,0.3506
CAFFINO,"1156B - RTD COFFEE CAN, BOTTLE, PET",1156 - RTD COFFEE,CHILLER,1.29,1.29,0.0,3.5,4.67,0.3343,1.0,1.08,0.08,10129.0,10157.0,0.0028,10129.0,10970.0,0.083,7.0,13.0,0.8571
F&N,"1156B - RTD COFFEE CAN, BOTTLE, PET",1156 - RTD COFFEE,CHILLER,,1.0,,,1.33,,,1.0,,,7950.0,,,7950.0,,,4.0,
FOXBUD,"1156B - RTD COFFEE CAN, BOTTLE, PET",1156 - RTD COFFEE,CHILLER,,1.45,,,3.67,,,1.22,,,23127.0,,,28215.0,,,9.0,
GOLDA,"1156B - RTD COFFEE CAN, BOTTLE, PET",1156 - RTD COFFEE,CHILLER,1.32,1.24,-0.0606,72.5,62.0,-0.1448,1.24,1.25,0.0081,5674.0,5186.0,-0.086,7036.0,6482.0,-0.0787,117.0,149.0,0.2735
GOOD DAY,"1156B - RTD COFFEE CAN, BOTTLE, PET",1156 - RTD COFFEE,CHILLER,1.11,1.21,0.0901,51.5,37.0,-0.2816,1.17,1.09,-0.0684,8417.0,9216.0,0.0949,9848.0,10045.0,0.02,88.0,102.0,0.1591
HY,"1156B - RTD COFFEE CAN, BOTTLE, PET",1156 - RTD COFFEE,CHILLER,1.06,1.21,0.1415,8.0,4.67,-0.4162,1.0,1.08,0.08,10094.0,11536.0,0.1429,10094.0,12459.0,0.2343,16.0,13.0,-0.1875
HYDRO COCO,"1156B - RTD COFFEE CAN, BOTTLE, PET",1156 - RTD COFFEE,CHILLER,,1.0,,,1.0,,,1.0,,,16500.0,,,16500.0,,,3.0,
ICHITAN,"1156B - RTD COFFEE CAN, BOTTLE, PET",1156 - RTD COFFEE,CHILLER,1.11,1.07,-0.036,9.5,4.67,-0.5084,1.06,1.0,-0.0566,10168.0,9886.0,-0.0277,10778.0,9886.0,-0.0828,18.0,14.0,-0.2222
KAPAL API,"1156B - RTD COFFEE CAN, BOTTLE, PET",1156 - RTD COFFEE,CHILLER,1.25,1.14,-0.088,20.0,14.33,-0.2835,1.05,1.1,0.0476,7530.0,6953.0,-0.0766,7906.0,7648.0,-0.0326,38.0,39.0,0.0263
KOPI KENANGAN,"1156B - RTD COFFEE CAN, BOTTLE, PET",1156 - RTD COFFEE,CHILLER,1.11,1.19,0.0721,35.5,46.67,0.3146,1.09,1.07,-0.0183,8928.0,9719.0,0.0886,9732.0,10399.0,0.0685,65.0,131.0,1.0154
KOPIKO,"1156B - RTD COFFEE CAN, BOTTLE, PET",1156 - RTD COFFEE,CHILLER,1.2,1.33,0.1083,7.5,5.0,-0.3333,1.0,1.07,0.07,9860.0,11647.0,0.1812,9860.0,12462.0,0.2639,15.0,14.0,-0.0667
LUWAK,"1156B - RTD COFFEE CAN, BOTTLE, PET",1156 - RTD COFFEE,CHILLER,1.1,1.07,-0.0273,10.5,4.67,-0.5552,1.05,1.08,0.0286,7838.0,7714.0,-0.0158,8230.0,8331.0,0.0123,20.0,13.0,-0.35
NESCAFE,"1156B - RTD COFFEE CAN, BOTTLE, PET",1156 - RTD COFFEE,CHILLER,1.87,1.52,-0.1872,117.5,88.0,-0.2511,1.34,1.17,-0.1269,14477.0,12240.0,-0.1545,19399.0,14321.0,-0.2618,175.0,225.0,0.2857
POLARIS,"1156B - RTD COFFEE CAN, BOTTLE, PET",1156 - RTD COFFEE,CHILLER,1.22,1.52,0.2459,4.5,7.0,0.5556,2.25,1.17,-0.48,8433.0,11429.0,0.3553,18974.0,13372.0,-0.2952,4.0,18.0,3.5
STARBUCKS,"1156B - RTD COFFEE CAN, BOTTLE, PET",1156 - RTD COFFEE,CHILLER,1.2,2.08,0.7333,5.0,8.67,0.734,1.11,1.04,-0.0631,21320.0,31423.0,0.4739,23665.0,32680.0,0.3809,9.0,25.0,1.7778
TORA CAFE,"1156B - RTD COFFEE CAN, BOTTLE, PET",1156 - RTD COFFEE,CHILLER,1.12,1.0,-0.1071,8.0,3.33,-0.5838,1.07,1.11,0.0374,6462.0,5860.0,-0.0932,6914.0,6505.0,-0.0592,15.0,9.0,-0.4
L-MEN,2022A - SPECIALTY LIQUID MILK,2022 - SPECIALTY LIQUID MILK,CHILLER,1.33,1.0,-0.2481,1.5,5.33,2.5533,1.5,1.6,0.0667,20667.0,15650.0,-0.2428,31000.0,25040.0,-0.1923,2.0,10.0,4.0
MILO,2022A - SPECIALTY LIQUID MILK,2022 - SPECIALTY LIQUID MILK,CHILLER,,1.0,,,2.67,,,1.14,,,14488.0,,,16516.0,,,7.0,
NUTRIVE,2022A - SPECIALTY LIQUID MILK,2022 - SPECIALTY LIQUID MILK,CHILLER,2.32,2.12,-0.0862,22.0,14.0,-0.3636,1.19,1.31,0.1008,21355.0,19495.0,-0.0871,25412.0,25538.0,0.005,37.0,32.0,-0.1351
PRENAGEN,2022A - SPECIALTY LIQUID MILK,2022 - SPECIALTY LIQUID MILK,CHILLER,,1.42,,,6.33,,,1.27,,,14068.0,,,17866.0,,,15.0,
BEBELAC,2023A - TETRAPAK LIQUID MILK 100-130ML,2023 - TETRAPACK LIQUID MILK,CHILLER,1.19,1.79,0.5042,13.5,20.33,0.5059,1.12,1.42,0.2679,7348.0,10620.0,0.4453,8230.0,15080.0,0.8323,24.0,43.0,0.7917
CIMORY,2023A - TETRAPAK LIQUID MILK 100-130ML,2023 - TETRAPACK LIQUID MILK,CHILLER,1.32,1.46,0.1061,20.5,16.67,-0.1868,1.21,1.19,-0.0165,4741.0,5076.0,0.0707,5737.0,6040.0,0.0528,34.0,42.0,0.2353
DANCOW,2023A - TETRAPAK LIQUID MILK 100-130ML,2023 - TETRAPACK LIQUID MILK,CHILLER,2.07,1.8,-0.1304,22.5,6.67,-0.7036,1.22,1.0,-0.1803,7233.0,6300.0,-0.129,8824.0,6300.0,-0.286,37.0,20.0,-0.4595
DIAMOND,2023A - TETRAPAK LIQUID MILK 100-130ML,2023 - TETRAPACK LIQUID MILK,CHILLER,1.2,,,20.0,,,1.25,,,4678.0,,,5848.0,,,32.0,,
FRISIAN FLAG,2023A - TETRAPAK LIQUID MILK 100-130ML,2023 - TETRAPACK LIQUID MILK,CHILLER,1.25,2.06,0.648,12.0,22.67,0.8892,1.14,1.17,0.0263,4683.0,7375.0,0.5748,5339.0,8629.0,0.6162,21.0,58.0,1.7619
GREENFIELDS,2023A - TETRAPAK LIQUID MILK 100-130ML,2023 - TETRAPACK LIQUID MILK,CHILLER,2.67,2.52,-0.0562,104.0,89.0,-0.1442,1.44,1.48,0.0278,9583.0,9412.0,-0.0178,13800.0,13930.0,0.0094,144.0,180.0,0.25
INDOMILK,2023A - TETRAPAK LIQUID MILK 100-130ML,2023 - TETRAPACK LIQUID MILK,CHILLER,1.84,2.13,0.1576,98.0,95.33,-0.0272,1.26,1.24,-0.0159,9143.0,7056.0,-0.2283,11520.0,8749.0,-0.2405,156.0,231.0,0.4808
LACTOGROW,2023A - TETRAPAK LIQUID MILK 100-130ML,2023 - TETRAPACK LIQUID MILK,CHILLER,1.58,1.5,-0.0506,6.0,2.0,-0.6667,1.2,1.2,0.0,10133.0,9400.0,-0.0723,12160.0,11280.0,-0.0724,10.0,5.0,-0.5
PEDIASURE,2023A - TETRAPAK LIQUID MILK 100-130ML,2023 - TETRAPACK LIQUID MILK,CHILLER,1.61,1.2,-0.2547,15.5,1.67,-0.8923,1.82,1.0,-0.4505,21258.0,16680.0,-0.2154,38690.0,16680.0,-0.5689,17.0,5.0,-0.7059
REAL GOOD,2023A - TETRAPAK LIQUID MILK 100-130ML,2023 - TETRAPACK LIQUID MILK,CHILLER,4.01,10.31,1.5711,54.5,45.67,-0.162,1.22,1.1,-0.0984,13230.0,34012.0,1.5708,16141.0,37413.0,1.3179,89.0,124.0,0.3933
SARI CHOCO,2023A - TETRAPAK LIQUID MILK 100-130ML,2023 - TETRAPACK LIQUID MILK,CHILLER,1.0,,,2.0,,,1.0,,,4300.0,,,4300.0,,,4.0,,
ULTRA,2023A - TETRAPAK LIQUID MILK 100-130ML,2023 - TETRAPACK LIQUID MILK,CHILLER,1.94,2.27,0.1701,190.0,132.33,-0.3035,1.45,1.38,-0.0483,8265.0,9709.0,0.1747,11984.0,13398.0,0.118,262.0,287.0,0.0954
VIDORAN,2023A - TETRAPAK LIQUID MILK 100-130ML,2023 - TETRAPACK LIQUID MILK,CHILLER,2.76,2.95,0.0688,36.0,22.0,-0.3889,1.44,1.16,-0.1944,9575.0,10350.0,0.0809,13788.0,12006.0,-0.1292,50.0,57.0,0.14
BEBELAC,2023B - TETRAPAK LIQUID MILK 160-200ML,2023 - TETRAPACK LIQUID MILK,CHILLER,1.5,1.08,-0.28,1.0,4.0,3.0,1.0,1.0,0.0,14550.0,10325.0,-0.2904,14550.0,10325.0,-0.2904,2.0,12.0,5.0
BINGGRAE,2023B - TETRAPAK LIQUID MILK 160-200ML,2023 - TETRAPACK LIQUID MILK,CHILLER,1.0,,,0.5,,,1.0,,,19900.0,,,19900.0,,,1.0,,
DANCOW,2023B - TETRAPAK LIQUID MILK 160-200ML,2023 - TETRAPACK LIQUID MILK,CHILLER,2.38,1.5,-0.3697,6.5,0.67,-0.8969,1.0,1.0,0.0,16215.0,10200.0,-0.371,16215.0,10200.0,-0.371,13.0,2.0,-0.8462
DIAMOND,2023B - TETRAPAK LIQUID MILK 160-200ML,2023 - TETRAPACK LIQUID MILK,CHILLER,1.08,1.76,0.6296,6.0,12.67,1.1117,1.09,1.03,-0.055,6392.0,10403.0,0.6275,6967.0,10715.0,0.538,11.0,37.0,2.3636
FRISIAN FLAG,2023B - TETRAPAK LIQUID MILK 160-200ML,2023 - TETRAPACK LIQUID MILK,CHILLER,,1.21,,,17.33,,,1.04,,,6542.0,,,6804.0,,,50.0,
GREENFIELDS,2023B - TETRAPAK LIQUID MILK 160-200ML,2023 - TETRAPACK LIQUID MILK,CHILLER,1.86,,,7.0,,,1.08,,,12529.0,,,13531.0,,,13.0,,
HILO,2023B - TETRAPAK LIQUID MILK 160-200ML,2023 - TETRAPACK LIQUID MILK,CHILLER,2.07,1.4,-0.3237,13.5,3.33,-0.7533,1.35,1.11,-0.1778,21600.0,16330.0,-0.244,29160.0,18126.0,-0.3784,20.0,9.0,-0.55
INDOMILK,2023B - TETRAPAK LIQUID MILK 160-200ML,2023 - TETRAPACK LIQUID MILK,CHILLER,1.62,1.08,-0.3333,17.0,4.0,-0.7647,1.13,1.0,-0.115,8588.0,5758.0,-0.3295,9704.0,5758.0,-0.4066,30.0,12.0,-0.6
MILO,2023B - TETRAPAK LIQUID MILK 160-200ML,2023 - TETRAPACK LIQUID MILK,CHILLER,1.22,1.3,0.0656,32.0,27.33,-0.1459,1.12,1.21,0.0804,8041.0,8518.0,0.0593,9006.0,10307.0,0.1445,57.0,68.0,0.193
ULTRA,2023B - TETRAPAK LIQUID MILK 160-200ML,2023 - TETRAPACK LIQUID MILK,CHILLER,1.52,1.46,-0.0395,182.0,155.33,-0.1465,1.26,1.23,-0.0238,9383.0,9180.0,-0.0216,11823.0,11291.0,-0.045,290.0,378.0,0.3034
VIDORAN,2023B - TETRAPAK LIQUID MILK 160-200ML,2023 - TETRAPACK LIQUID MILK,CHILLER,2.3,3.31,0.4391,15.0,19.33,0.2887,1.03,1.07,0.0388,11537.0,16569.0,0.4362,11883.0,17729.0,0.492,29.0,54.0,0.8621
CIMORY,2023C - TETRAPAK LIQUID MILK 220-250ML,2023 - TETRAPACK LIQUID MILK,CHILLER,1.57,1.23,-0.2166,159.0,121.33,-0.2369,1.28,1.23,-0.0391,11836.0,9309.0,-0.2135,15150.0,11450.0,-0.2442,248.0,297.0,0.1976
FRISIAN FLAG,2023C - TETRAPAK LIQUID MILK 220-250ML,2023 - TETRAPACK LIQUID MILK,CHILLER,1.55,1.51,-0.0258,221.5,137.0,-0.3815,1.14,1.18,0.0351,10971.0,10429.0,-0.0494,12507.0,12306.0,-0.0161,388.0,349.0,-0.1005
GREENFIELDS,2023C - TETRAPAK LIQUID MILK 220-250ML,2023 - TETRAPACK LIQUID MILK,CHILLER,1.0,1.0,0.0,5.0,2.0,-0.6,1.25,1.0,-0.2,7960.0,8350.0,0.049,9950.0,8350.0,-0.1608,8.0,6.0,-0.25
ULTRA,2023C - TETRAPAK LIQUID MILK 220-250ML,2023 - TETRAPACK LIQUID MILK,CHILLER,1.29,1.26,-0.0233,122.5,114.0,-0.0694,1.17,1.18,0.0085,10234.0,10090.0,-0.0141,11974.0,11906.0,-0.0057,209.0,290.0,0.3876
CHIL-GO,2023F - TETRAPAK LIQUID MILK CARTON,2023 - TETRAPACK LIQUID MILK,CHILLER,1.0,,,3.0,,,6.0,,,177667.0,,,1066002.0,,,1.0,,
FRISIAN FLAG,2023F - TETRAPAK LIQUID MILK CARTON,2023 - TETRAPACK LIQUID MILK,CHILLER,1.0,,,1.0,,,1.0,,,105500.0,,,105500.0,,,2.0,,
GREENFIELDS,2023F - TETRAPAK LIQUID MILK CARTON,2023 - TETRAPACK LIQUID MILK,CHILLER,1.43,,,7.0,,,1.27,,,174429.0,,,221525.0,,,11.0,,
MILK LIFE,2023F - TETRAPAK LIQUID MILK CARTON,2023 - TETRAPACK LIQUID MILK,CHILLER,1.0,,,1.0,,,1.0,,,106000.0,,,106000.0,,,2.0,,
ULTRA,2023F - TETRAPAK LIQUID MILK CARTON,2023 - TETRAPACK LIQUID MILK,CHILLER,1.2,,,5.0,,,1.11,,,159890.0,,,177478.0,,,9.0,,
BEAR BRAND,2024A - CAN LIQUID MILK,2024 - BOTTLE - CAN LIQUID MILK,CHILLER,4.11,2.3,-0.4404,189.0,131.0,-0.3069,1.26,1.3,0.0317,48563.0,24490.0,-0.4957,61189.0,31837.0,-0.4797,300.0,302.0,0.0067
COLLAGENA,2024A - CAN LIQUID MILK,2024 - BOTTLE - CAN LIQUID MILK,CHILLER,1.65,1.99,0.2061,24.0,46.0,0.9167,1.2,1.35,0.125,20573.0,24538.0,0.1927,24688.0,33126.0,0.3418,40.0,102.0,1.55
ENTRASOL,2024A - CAN LIQUID MILK,2024 - BOTTLE - CAN LIQUID MILK,CHILLER,2.0,2.0,0.0,6.0,1.33,-0.7783,1.09,1.0,-0.0826,20000.0,20100.0,0.005,21800.0,20100.0,-0.078,11.0,4.0,-0.6364
GOODNES,2024A - CAN LIQUID MILK,2024 - BOTTLE - CAN LIQUID MILK,CHILLER,1.5,1.1,-0.2667,9.0,7.0,-0.2222,1.06,1.05,-0.0094,14872.0,10871.0,-0.269,15764.0,11415.0,-0.2759,17.0,20.0,0.1765
INDOMILK,2024A - CAN LIQUID MILK,2024 - BOTTLE - CAN LIQUID MILK,CHILLER,1.54,1.0,-0.3506,12.0,0.67,-0.9442,1.26,1.0,-0.2063,14375.0,9150.0,-0.3635,18112.0,9150.0,-0.4948,19.0,2.0,-0.8947
KIT KAT,2024A - CAN LIQUID MILK,2024 - BOTTLE - CAN LIQUID MILK,CHILLER,,1.17,,,12.0,,,1.06,,,14350.0,,,15211.0,,,34.0,
MILO,2024A - CAN LIQUID MILK,2024 - BOTTLE - CAN LIQUID MILK,CHILLER,1.16,1.16,0.0,19.0,28.33,0.4911,1.09,1.13,0.0367,12905.0,13234.0,0.0255,14066.0,14954.0,0.0631,35.0,75.0,1.1429
SO GOOD,2024A - CAN LIQUID MILK,2024 - BOTTLE - CAN LIQUID MILK,CHILLER,2.08,3.33,0.601,6.0,9.0,0.5,1.09,1.04,-0.0459,18542.0,29615.0,0.5972,20211.0,30800.0,0.5239,11.0,26.0,1.3636
TUJUH KURMA,2024A - CAN LIQUID MILK,2024 - BOTTLE - CAN LIQUID MILK,CHILLER,1.48,1.16,-0.2162,21.0,14.67,-0.3014,1.24,1.13,-0.0887,16090.0,12802.0,-0.2044,19952.0,14466.0,-0.275,34.0,39.0,0.1471
ALFAMART,2024C - BOTTLE LIQUID MILK 160-310ML,2024 - BOTTLE - CAN LIQUID MILK,CHILLER,1.17,1.19,0.0171,27.0,44.0,0.6296,1.15,1.15,0.0,11213.0,10355.0,-0.0765,12895.0,11908.0,-0.0765,47.0,115.0,1.4468
ICHITAN,2024C - BOTTLE LIQUID MILK 160-310ML,2024 - BOTTLE - CAN LIQUID MILK,CHILLER,1.47,1.08,-0.2653,22.5,17.33,-0.2298,1.1,1.04,-0.0545,13913.0,10306.0,-0.2593,15304.0,10718.0,-0.2997,41.0,50.0,0.2195
INDOMILK,2024C - BOTTLE LIQUID MILK 160-310ML,2024 - BOTTLE - CAN LIQUID MILK,CHILLER,1.27,1.22,-0.0394,18.5,12.0,-0.3514,1.16,1.12,-0.0345,5870.0,5592.0,-0.0474,6809.0,6263.0,-0.0802,32.0,32.0,0.0
MILKU,2024C - BOTTLE LIQUID MILK 160-310ML,2024 - BOTTLE - CAN LIQUID MILK,CHILLER,1.39,4.15,1.9856,23.0,45.67,0.9857,1.07,1.1,0.028,5352.0,15384.0,1.8744,5727.0,16922.0,1.9548,43.0,125.0,1.907
MUJIGAE,2024C - BOTTLE LIQUID MILK 160-310ML,2024 - BOTTLE - CAN LIQUID MILK,CHILLER,1.25,1.25,0.0,61.0,95.33,0.5628,1.09,1.19,0.0917,13543.0,13726.0,0.0135,14762.0,16334.0,0.1065,112.0,241.0,1.1518
BROOKFARM,2025A - PLANT BASED MILK 190-350ML,2025 - PLANT BASED LIQUID MILK,CHILLER,,1.52,,,10.33,,,1.07,,,13506.0,,,14451.0,,,29.0,
NARAYA,2025A - PLANT BASED MILK 190-350ML,2025 - PLANT BASED LIQUID MILK,CHILLER,1.45,1.06,-0.269,10.0,6.0,-0.4,1.18,1.0,-0.1525,10670.0,8078.0,-0.2429,12591.0,8078.0,-0.3584,17.0,18.0,0.0588
OATSIDE,2025A - PLANT BASED MILK 190-350ML,2025 - PLANT BASED LIQUID MILK,CHILLER,1.32,1.47,0.1136,48.5,30.67,-0.3676,1.37,1.19,-0.1314,8955.0,10758.0,0.2013,12268.0,12802.0,0.0435,71.0,77.0,0.0845
TROPICANA,2025A - PLANT BASED MILK 190-350ML,2025 - PLANT BASED LIQUID MILK,CHILLER,1.56,1.23,-0.2115,8.0,10.0,0.25,1.14,1.11,-0.0263,17969.0,14153.0,-0.2124,20485.0,15710.0,-0.2331,14.0,27.0,0.9286
V-SOY,2025A - PLANT BASED MILK 190-350ML,2025 - PLANT BASED LIQUID MILK,CHILLER,1.38,1.63,0.1812,16.0,14.33,-0.1044,1.1,1.16,0.0545,15972.0,21858.0,0.3685,17569.0,25355.0,0.4432,29.0,37.0,0.2759
OATSIDE,2025B - PLANT BASED MILK 1L,2025 - PLANT BASED LIQUID MILK,CHILLER,,1.14,,,4.67,,,1.27,,,37314.0,,,47389.0,,,11.0,
CIMORY,6212A - YOGHURT PACK,6212 - YOGHURT,CHILLER,1.2,1.14,-0.05,24.5,7.0,-0.7143,1.14,1.11,-0.0263,9633.0,9143.0,-0.0509,10982.0,10149.0,-0.0759,43.0,19.0,-0.5581
YAKULT,6212A - YOGHURT PACK,6212 - YOGHURT,CHILLER,1.18,1.27,0.0763,139.5,82.0,-0.4122,1.24,1.35,0.0887,13044.0,14691.0,0.1263,16175.0,19833.0,0.2262,225.0,182.0,-0.1911
CIMORY,6212B - YOGHURT LIQUID 70-80G,6212 - YOGHURT,CHILLER,2.82,2.31,-0.1809,140.5,111.0,-0.21,1.19,1.26,0.0588,8466.0,7047.0,-0.1676,10075.0,8879.0,-0.1187,236.0,264.0,0.1186
KIN,6212B - YOGHURT LIQUID 70-80G,6212 - YOGHURT,CHILLER,1.82,,,17.0,,,1.1,,,6479.0,,,7127.0,,,31.0,,
CIMORY,6212C - YOGHURT LIQUID 100-330ML,6212 - YOGHURT,CHILLER,1.35,1.32,-0.0222,246.0,181.67,-0.2615,1.28,1.33,0.0391,12417.0,12165.0,-0.0203,15894.0,16179.0,0.0179,384.0,410.0,0.0677
GREENFIELDS,6212C - YOGHURT LIQUID 100-330ML,6212 - YOGHURT,CHILLER,1.11,,,9.0,,,1.2,,,10733.0,,,12880.0,,,15.0,,
HEAVENLY BLUSH,6212C - YOGHURT LIQUID 100-330ML,6212 - YOGHURT,CHILLER,1.75,,,2.0,,,1.0,,,32950.0,,,32950.0,,,4.0,,
WONG COCO,6218A - PUDDING CUP 85-150ML,6218 - PUDDING,CHILLER,2.4,,,12.5,,,1.47,,,12352.0,,,18157.0,,,17.0,,
YEKO,6218A - PUDDING CUP 85-150ML,6218 - PUDDING,CHILLER,1.12,,,4.0,,,1.33,,,9125.0,,,12136.0,,,6.0,,
CIMORY,6218C - SOFT PUDDING,6218 - PUDDING,CHILLER,1.21,1.28,0.0579,19.5,48.67,1.4959,1.11,1.19,0.0721,9038.0,9775.0,0.0815,10032.0,11632.0,0.1595,35.0,123.0,2.5143
FIESTA,6226A - CHILLED MEAT BALLS,6226 - CHILLED MEAT BALLS,CHILLER,,1.2,,,11.67,,,1.03,,,10331.0,,,10641.0,,,34.0,
KANZLER,6226A - CHILLED MEAT BALLS,6226 - CHILLED MEAT BALLS,CHILLER,1.32,1.21,-0.0833,130.0,72.0,-0.4462,1.3,1.18,-0.0923,11775.0,10794.0,-0.0833,15308.0,12737.0,-0.168,200.0,183.0,-0.085
BELFOODS,6227A - CHILLED SAUSAGES,6227 - CHILLED SAUSAGES,CHILLER,,1.4,,,77.0,,,1.13,,,11660.0,,,13176.0,,,204.0,
FIESTA,6227A - CHILLED SAUSAGES,6227 - CHILLED SAUSAGES,CHILLER,1.83,1.56,-0.1475,152.5,107.67,-0.294,1.32,1.28,-0.0303,16467.0,14254.0,-0.1344,21736.0,18245.0,-0.1606,231.0,253.0,0.0952
KANZLER,6227A - CHILLED SAUSAGES,6227 - CHILLED SAUSAGES,CHILLER,1.49,1.45,-0.0268,523.0,324.33,-0.3799,1.37,1.36,-0.0073,13299.0,12944.0,-0.0267,18220.0,17604.0,-0.0338,765.0,714.0,-0.0667
KIMBO,6227A - CHILLED SAUSAGES,6227 - CHILLED SAUSAGES,CHILLER,1.27,1.51,0.189,15.0,21.0,0.4,1.0,1.21,0.21,11300.0,13556.0,0.1996,11300.0,16403.0,0.4516,30.0,52.0,0.7333
SO GOOD,6227A - CHILLED SAUSAGES,6227 - CHILLED SAUSAGES,CHILLER,1.23,2.32,0.8862,13.0,22.0,0.6923,1.13,1.1,-0.0265,11338.0,21202.0,0.87,12812.0,23322.0,0.8203,23.0,60.0,1.6087
SO NICE,6227A - CHILLED SAUSAGES,6227 - CHILLED SAUSAGES,CHILLER,1.3,1.69,0.3,52.0,52.67,0.0129,1.11,1.08,-0.027,11139.0,14378.0,0.2908,12364.0,15528.0,0.2559,94.0,146.0,0.5532
FIRST DATES,6524A - SEASONAL FRUIT,6524 - SEASONAL FRUIT,CHILLER,,1.2,,,1.67,,,1.0,,,34680.0,,,34680.0,,,5.0,
PRIME DATES,6524A - SEASONAL FRUIT,6524 - SEASONAL FRUIT,CHILLER,,1.0,,,1.0,,,1.0,,,37233.0,,,37233.0,,,3.0,
DANCOW,2011A - FAMILY MILK 200-400G,2011 - FAMILY MILK,MILK & DIAPERS,1.06,1.01,-0.0472,78.0,34.67,-0.5555,1.24,1.33,0.0726,43916.0,47964.0,0.0922,54456.0,63792.0,0.1714,126.0,78.0,-0.381
DANCOW,2011B - FAMILY MILK  600-800G,2011 - FAMILY MILK,MILK & DIAPERS,1.26,1.19,-0.0556,52.5,38.33,-0.2699,1.31,1.49,0.1374,125282.0,119645.0,-0.045,164119.0,178271.0,0.0862,80.0,77.0,-0.0375
FRISIAN FLAG,2011B - FAMILY MILK  600-800G,2011 - FAMILY MILK,MILK & DIAPERS,1.18,1.15,-0.0254,17.0,11.33,-0.3335,1.42,1.36,-0.0423,98000.0,95550.0,-0.025,139160.0,129948.0,-0.0662,24.0,25.0,0.0417
DANCOW,2011C - FAMILY MILK  PACK,2011 - FAMILY MILK,MILK & DIAPERS,1.0,,,11.0,,,3.14,,,108768.0,,,341532.0,,,7.0,,
BONEETO,2012A - TEENS MILK  200-400G,2012 - TEENS MILK,MILK & DIAPERS,1.04,1.11,0.0673,13.0,9.0,-0.3077,1.08,1.12,0.037,47969.0,51344.0,0.0704,51807.0,57505.0,0.11,24.0,24.0,0.0
HILO,2012A - TEENS MILK  200-400G,2012 - TEENS MILK,MILK & DIAPERS,1.07,1.06,-0.0093,33.5,27.0,-0.194,1.34,1.31,-0.0224,51119.0,50094.0,-0.0201,68499.0,65623.0,-0.042,50.0,62.0,0.24
ZEE,2012A - TEENS MILK  200-400G,2012 - TEENS MILK,MILK & DIAPERS,1.11,1.09,-0.018,66.0,28.67,-0.5656,1.36,1.43,0.0515,55524.0,54872.0,-0.0117,75513.0,78467.0,0.0391,97.0,60.0,-0.3814
BONEETO,2012B - TEENS MILK  500-800G,2012 - TEENS MILK,MILK & DIAPERS,1.04,1.1,0.0577,12.5,9.67,-0.2264,1.56,1.26,-0.1923,85800.0,91097.0,0.0617,133848.0,114782.0,-0.1424,16.0,23.0,0.4375
MILO,2012B - TEENS MILK  500-800G,2012 - TEENS MILK,MILK & DIAPERS,1.03,1.12,0.0874,14.5,5.67,-0.609,1.32,1.21,-0.0833,89793.0,97000.0,0.0803,118527.0,117370.0,-0.0098,22.0,14.0,-0.3636
ZEE,2012B - TEENS MILK  500-800G,2012 - TEENS MILK,MILK & DIAPERS,1.18,1.06,-0.1017,38.5,27.0,-0.2987,1.54,1.56,0.013,93245.0,83773.0,-0.1016,143597.0,130686.0,-0.0899,50.0,52.0,0.04
HILO,2012C - TEENS MILK  850-1000G,2012 - TEENS MILK,MILK & DIAPERS,1.0,,,1.0,,,1.0,,,151900.0,,,151900.0,,,2.0,,
MILO,2012C - TEENS MILK  850-1000G,2012 - TEENS MILK,MILK & DIAPERS,1.53,,,63.5,,,31.75,,,149724.0,,,4753737.0,,,4.0,,
MILO,2012D - TEENS MILK PACK,2012 - TEENS MILK,MILK & DIAPERS,1.22,1.07,-0.123,13.5,4.67,-0.6541,1.42,1.27,-0.1056,88367.0,77464.0,-0.1234,125481.0,98379.0,-0.216,19.0,11.0,-0.4211
ZEE,2012D - TEENS MILK PACK,2012 - TEENS MILK,MILK & DIAPERS,1.09,,,5.5,,,1.22,,,52255.0,,,63751.0,,,9.0,,
ANLENE,2013A - HI-CAL MILK  150-350G,2013 - HI-CALCIUM MILK,MILK & DIAPERS,1.14,1.17,0.0263,51.5,36.33,-0.2946,1.18,1.17,-0.0085,52939.0,56811.0,0.0731,62468.0,66469.0,0.064,87.0,93.0,0.069
ENTRASOL,2013A - HI-CAL MILK  150-350G,2013 - HI-CALCIUM MILK,MILK & DIAPERS,1.18,1.09,-0.0763,19.0,7.33,-0.6142,1.41,1.05,-0.2553,48495.0,44732.0,-0.0776,68378.0,46969.0,-0.3131,27.0,21.0,-0.2222
ETAWALIN,2013A - HI-CAL MILK  150-350G,2013 - HI-CALCIUM MILK,MILK & DIAPERS,,1.0,,,3.67,,,1.22,,,96818.0,,,118118.0,,,9.0,
ANLENE,2013B - HI-CAL MILK  400-650G,2013 - HI-CALCIUM MILK,MILK & DIAPERS,1.14,1.17,0.0263,35.0,21.67,-0.3809,1.15,1.3,0.1304,120234.0,121655.0,0.0118,138269.0,158152.0,0.1438,61.0,50.0,-0.1803
ENSURE,2013B - HI-CAL MILK  400-650G,2013 - HI-CALCIUM MILK,MILK & DIAPERS,1.17,1.0,-0.1453,6.0,2.0,-0.6667,1.2,1.2,0.0,182233.0,156200.0,-0.1429,218680.0,187440.0,-0.1429,10.0,5.0,-0.5
ENTRASOL,2013B - HI-CAL MILK  400-650G,2013 - HI-CALCIUM MILK,MILK & DIAPERS,1.09,1.06,-0.0275,17.5,5.67,-0.676,1.3,1.42,0.0923,126249.0,123065.0,-0.0252,164124.0,174752.0,0.0648,27.0,12.0,-0.5556
HILO,2013B - HI-CAL MILK  400-650G,2013 - HI-CALCIUM MILK,MILK & DIAPERS,1.0,,,0.5,,,1.0,,,87500.0,,,87500.0,,,1.0,,
ANLENE,2013C - HI-CAL MILK 700-1000G,2013 - HI-CALCIUM MILK,MILK & DIAPERS,1.09,1.12,0.0275,11.0,14.33,0.3027,1.05,1.26,0.2,163045.0,166884.0,0.0235,171197.0,210274.0,0.2283,21.0,34.0,0.619
ENSURE,2013C - HI-CAL MILK 700-1000G,2013 - HI-CALCIUM MILK,MILK & DIAPERS,1.31,1.17,-0.1069,6.5,2.0,-0.6923,1.18,1.0,-0.1525,412569.0,368000.0,-0.108,486831.0,368000.0,-0.2441,11.0,6.0,-0.4545
ENTRASOL,2013C - HI-CAL MILK 700-1000G,2013 - HI-CALCIUM MILK,MILK & DIAPERS,,1.5,,,1.33,,,1.0,,,373500.0,,,373500.0,,,4.0,
MILO,2014A - TONIC MILK,2014 - TONIC MILK,MILK & DIAPERS,1.1,1.3,0.1818,20.0,3.33,-0.8335,2.5,1.0,-0.6,93390.0,110370.0,0.1818,233475.0,110370.0,-0.5273,16.0,10.0,-0.375
MILO,2014B - TONIC MILK PACK,2014 - TONIC MILK,MILK & DIAPERS,1.0,,,0.5,,,1.0,,,44000.0,,,44000.0,,,1.0,,
L-MEN,2015A - DIETATIC MILK,2015 - DIETATIC MILK,MILK & DIAPERS,1.5,1.0,-0.3333,1.0,1.67,0.67,1.0,1.25,0.25,125250.0,90800.0,-0.275,125250.0,113500.0,-0.0938,2.0,4.0,1.0
DIABETASOL,2016A - DIABETIC MILK,2016 - DIABETIC MILK,MILK & DIAPERS,1.15,1.05,-0.087,20.0,13.33,-0.3335,1.54,1.67,0.0844,96715.0,125718.0,0.2999,148941.0,209949.0,0.4096,26.0,24.0,-0.0769
DANCOW,2111A - INFANT MILK MAINSTREAM BOX 150-200G,2111 - INFANT MILK MAINSTREAM,MILK & DIAPERS,2.17,1.25,-0.424,14.5,5.33,-0.6324,2.64,2.0,-0.2424,27155.0,15625.0,-0.4246,71689.0,31250.0,-0.5641,11.0,8.0,-0.2727
SGM,2111A - INFANT MILK MAINSTREAM BOX 150-200G,2111 - INFANT MILK MAINSTREAM,MILK & DIAPERS,1.53,1.23,-0.1961,25.5,23.33,-0.0851,1.34,2.0,0.4925,24290.0,19497.0,-0.1973,32549.0,38994.0,0.198,38.0,35.0,-0.0789
FRISIAN BABY,2111B - INFANT MILK MAINSTREAM BOX 400-600G,2111 - INFANT MILK MAINSTREAM,MILK & DIAPERS,1.5,1.08,-0.28,1.0,4.0,3.0,2.0,3.0,0.5,68850.0,49725.0,-0.2778,137700.0,149175.0,0.0833,1.0,4.0,3.0
SGM,2111B - INFANT MILK MAINSTREAM BOX 400-600G,2111 - INFANT MILK MAINSTREAM,MILK & DIAPERS,1.04,1.04,0.0,25.0,18.0,-0.28,1.67,1.69,0.012,54036.0,51363.0,-0.0495,90240.0,86803.0,-0.0381,30.0,32.0,0.0667
VIDORAN,2111B - INFANT MILK MAINSTREAM BOX 400-600G,2111 - INFANT MILK MAINSTREAM,MILK & DIAPERS,1.0,1.0,0.0,2.0,1.33,-0.335,1.0,1.33,0.33,52500.0,51100.0,-0.0267,52500.0,67963.0,0.2945,4.0,3.0,-0.25
SGM,2111C - INFANT MILK MAINSTREAM BOX 750-1000G,2111 - INFANT MILK MAINSTREAM,MILK & DIAPERS,1.25,1.0,-0.2,25.5,14.0,-0.451,1.82,1.68,-0.0769,118359.0,93007.0,-0.2142,215413.0,156252.0,-0.2746,28.0,25.0,-0.1071
SGM,2111D - INFANT SPECIALITY MILK MAINSTREAM,2111 - INFANT MILK MAINSTREAM,MILK & DIAPERS,1.0,1.4,0.4,1.0,1.67,0.67,1.0,1.0,0.0,31450.0,43780.0,0.3921,31450.0,43780.0,0.3921,2.0,5.0,1.5
BEBELOVE,2112A - INFANT MILK PREMIUM BOX 150-200G,2112 - INFANT MILK PREMIUM,MILK & DIAPERS,1.27,1.04,-0.1811,29.5,8.33,-0.7176,1.59,1.32,-0.1698,47390.0,36320.0,-0.2336,75350.0,47942.0,-0.3637,37.0,19.0,-0.4865
LACTOGEN,2112A - INFANT MILK PREMIUM BOX 150-200G,2112 - INFANT MILK PREMIUM,MILK & DIAPERS,1.0,1.0,0.0,5.0,1.67,-0.666,2.5,1.0,-0.6,33700.0,33700.0,0.0,84250.0,33700.0,-0.6,4.0,5.0,0.25
BEBELOVE,2112B - INFANT MILK PREMIUM BOX 350-750G,2112 - INFANT MILK PREMIUM,MILK & DIAPERS,1.09,1.12,0.0275,27.0,8.67,-0.6789,1.8,1.3,-0.2778,113069.0,105058.0,-0.0709,203524.0,136575.0,-0.3289,30.0,20.0,-0.3333
BMT,2112B - INFANT MILK PREMIUM BOX 350-750G,2112 - INFANT MILK PREMIUM,MILK & DIAPERS,1.21,1.11,-0.0826,12.0,6.0,-0.5,1.5,2.25,0.5,124433.0,110483.0,-0.1121,186650.0,248587.0,0.3318,16.0,8.0,-0.5
LACTOGEN,2112B - INFANT MILK PREMIUM BOX 350-750G,2112 - INFANT MILK PREMIUM,MILK & DIAPERS,1.24,1.24,0.0,12.5,8.33,-0.3336,1.67,1.67,0.0,95584.0,130828.0,0.3687,159625.0,218483.0,0.3687,15.0,15.0,0.0
BEBELOVE,2112C - INFANT MILK PREMIUM CAN,2112 - INFANT MILK PREMIUM,MILK & DIAPERS,1.2,1.07,-0.1083,22.5,9.33,-0.5853,1.8,1.47,-0.1833,177960.0,158954.0,-0.1068,320328.0,233662.0,-0.2706,25.0,19.0,-0.24
NUTRIBABY,2113A - INFANT MILK SUPER PREMUM BOX 400G,2113 - INFANT MILK SUPER PREMIUM,MILK & DIAPERS,1.0,1.29,0.29,7.5,5.67,-0.244,2.14,2.12,-0.0093,228133.0,183100.0,-0.1974,488205.0,388172.0,-0.2049,7.0,8.0,0.1429
S-26,2113A - INFANT MILK SUPER PREMUM BOX 400G,2113 - INFANT MILK SUPER PREMIUM,MILK & DIAPERS,2.0,,,0.5,,,1.0,,,231800.0,,,231800.0,,,1.0,,
BMT,2113B - INFANT MILK SUPER PREMIUM CAN 400G,2113 - INFANT MILK SUPER PREMIUM,MILK & DIAPERS,1.0,1.17,0.17,4.5,2.0,-0.5556,3.0,1.2,-0.6,172500.0,201250.0,0.1667,517500.0,241500.0,-0.5333,3.0,5.0,0.6667
S-26,2113B - INFANT MILK SUPER PREMIUM CAN 400G,2113 - INFANT MILK SUPER PREMIUM,MILK & DIAPERS,1.11,1.0,-0.0991,9.0,2.0,-0.7778,2.0,1.5,-0.25,196489.0,177633.0,-0.096,392978.0,266450.0,-0.322,9.0,4.0,-0.5556
S-26,2113C - INFANT MILK SUPER PREMIUM CAN 800-1000G,2113 - INFANT MILK SUPER PREMIUM,MILK & DIAPERS,2.0,,,1.0,,,1.0,,,775000.0,,,775000.0,,,2.0,,
CHIL-GO,2114A - FOLLOW ON MILK MAINSTREAM BOX 150-200G,2114 - FOLLOW ON MILK MAINSTREAM,MILK & DIAPERS,2.0,1.17,-0.415,1.5,2.0,0.3333,1.5,1.5,0.0,73800.0,43050.0,-0.4167,110700.0,64575.0,-0.4167,2.0,4.0,1.0
DANCOW,2114A - FOLLOW ON MILK MAINSTREAM BOX 150-200G,2114 - FOLLOW ON MILK MAINSTREAM,MILK & DIAPERS,1.61,1.45,-0.0994,18.0,3.67,-0.7961,2.12,1.1,-0.4811,20139.0,18182.0,-0.0972,42695.0,20000.0,-0.5316,17.0,10.0,-0.4118
SGM,2114A - FOLLOW ON MILK MAINSTREAM BOX 150-200G,2114 - FOLLOW ON MILK MAINSTREAM,MILK & DIAPERS,1.52,1.46,-0.0395,29.0,16.67,-0.4252,2.23,2.17,-0.0269,24071.0,23138.0,-0.0388,53678.0,50209.0,-0.0646,26.0,23.0,-0.1154
FRISIAN BABY,2114B - FOLLOW ON MILK MAINSTREAM BOX 350-600G,2114 - FOLLOW ON MILK MAINSTREAM,MILK & DIAPERS,1.07,1.11,0.0374,7.0,6.0,-0.1429,2.8,1.8,-0.3571,49179.0,48611.0,-0.0115,137701.0,87500.0,-0.3646,5.0,10.0,1.0
SGM,2114B - FOLLOW ON MILK MAINSTREAM BOX 350-600G,2114 - FOLLOW ON MILK MAINSTREAM,MILK & DIAPERS,1.0,1.02,0.02,30.0,19.0,-0.3667,2.0,1.97,-0.015,51403.0,51142.0,-0.0051,102806.0,100750.0,-0.02,30.0,29.0,-0.0333
VIDORAN,2114B - FOLLOW ON MILK MAINSTREAM BOX 350-600G,2114 - FOLLOW ON MILK MAINSTREAM,MILK & DIAPERS,,1.0,,,2.0,,,1.2,,,50550.0,,,60660.0,,,5.0,
FRISIAN BABY,2114C - FOLLOW ON MILK MAINSTREAM BOX 700-1000G,2114 - FOLLOW ON MILK MAINSTREAM,MILK & DIAPERS,1.04,1.47,0.4135,11.5,5.0,-0.5652,2.56,1.88,-0.2656,96939.0,120747.0,0.2456,248164.0,227004.0,-0.0853,9.0,8.0,-0.1111
SGM,2114C - FOLLOW ON MILK MAINSTREAM BOX 700-1000G,2114 - FOLLOW ON MILK MAINSTREAM,MILK & DIAPERS,1.29,1.16,-0.1008,17.5,17.0,-0.0286,1.52,1.82,0.1974,121191.0,107865.0,-0.11,184210.0,196314.0,0.0657,23.0,28.0,0.2174
SGM,2114D - FOLLOW ON SPECIALITY MILK MAINSTREAM,2114 - FOLLOW ON MILK MAINSTREAM,MILK & DIAPERS,1.08,1.53,0.4167,6.5,5.67,-0.1277,1.86,2.83,0.5215,67738.0,94929.0,0.4014,125993.0,268649.0,1.1323,7.0,6.0,-0.1429
BEBELOVE,2115A - FOLLOW ON MILK PREMIUM BOX 150-200G,2115 - FOLLOW ON MILK PREMIUM,MILK & DIAPERS,1.29,1.11,-0.1395,32.5,12.33,-0.6206,1.76,1.85,0.0511,48126.0,39627.0,-0.1766,84702.0,73310.0,-0.1345,37.0,20.0,-0.4595
CHIL-MIL,2115A - FOLLOW ON MILK PREMIUM BOX 150-200G,2115 - FOLLOW ON MILK PREMIUM,MILK & DIAPERS,1.13,1.46,0.292,7.5,4.33,-0.4227,1.25,1.62,0.296,56033.0,72054.0,0.2859,70041.0,116727.0,0.6666,12.0,8.0,-0.3333
BEBELOVE,2115B - FOLLOW ON MILK PREMIUM BOX 300-1000G,2115 - FOLLOW ON MILK PREMIUM,MILK & DIAPERS,1.11,1.03,-0.0721,22.5,11.67,-0.4813,2.14,2.19,0.0234,97338.0,98094.0,0.0078,208303.0,214826.0,0.0313,21.0,16.0,-0.2381
CHIL-MIL,2115B - FOLLOW ON MILK PREMIUM BOX 300-1000G,2115 - FOLLOW ON MILK PREMIUM,MILK & DIAPERS,1.0,,,1.0,,,2.0,,,192000.0,,,384000.0,,,1.0,,
LACTOGEN,2115B - FOLLOW ON MILK PREMIUM BOX 300-1000G,2115 - FOLLOW ON MILK PREMIUM,MILK & DIAPERS,1.16,1.0,-0.1379,28.0,12.33,-0.5596,2.55,3.08,0.2078,104643.0,87057.0,-0.1681,266840.0,268136.0,0.0049,22.0,12.0,-0.4545
BEBELOVE,2115C - FOLLOW ON MILK PREMIUM CAN 800-900G,2115 - FOLLOW ON MILK PREMIUM,MILK & DIAPERS,1.23,1.2,-0.0244,24.0,8.33,-0.6529,1.55,1.56,0.0065,182340.0,178588.0,-0.0206,282627.0,278597.0,-0.0143,31.0,16.0,-0.4839
CHIL-MIL,2115C - FOLLOW ON MILK PREMIUM CAN 800-900G,2115 - FOLLOW ON MILK PREMIUM,MILK & DIAPERS,1.33,,,3.0,,,3.0,,,410667.0,,,1232001.0,,,2.0,,
ENFAMIL,2116A - FOLLOW ON MILK SUPER PREMIUM BOX 350-600G,2116 - FOLLOW ON MILK SUPER PREMIUM,MILK & DIAPERS,1.0,,,0.5,,,1.0,,,240100.0,,,240100.0,,,1.0,,
NUTRIBABY,2116A - FOLLOW ON MILK SUPER PREMIUM BOX 350-600G,2116 - FOLLOW ON MILK SUPER PREMIUM,MILK & DIAPERS,1.19,1.12,-0.0588,18.0,10.67,-0.4072,2.4,2.91,0.2125,222372.0,207334.0,-0.0676,533693.0,603342.0,0.1305,15.0,11.0,-0.2667
S-26,2116A - FOLLOW ON MILK SUPER PREMIUM BOX 350-600G,2116 - FOLLOW ON MILK SUPER PREMIUM,MILK & DIAPERS,1.05,1.33,0.2667,10.5,1.0,-0.9048,3.0,1.0,-0.6667,121000.0,154233.0,0.2747,363000.0,154233.0,-0.5751,7.0,3.0,-0.5714
CHIL-MIL,2116B - FOLLOW ON MILK SUPER PREMIUM CAN 400G,2116 - FOLLOW ON MILK SUPER PREMIUM,MILK & DIAPERS,1.38,1.0,-0.2754,4.0,3.67,-0.0825,1.6,1.83,0.1438,229488.0,166900.0,-0.2727,367181.0,305427.0,-0.1682,5.0,6.0,0.2
S-26,2116B - FOLLOW ON MILK SUPER PREMIUM CAN 400G,2116 - FOLLOW ON MILK SUPER PREMIUM,MILK & DIAPERS,1.08,1.08,0.0,12.0,8.33,-0.3058,1.71,2.5,0.462,217558.0,190728.0,-0.1233,372024.0,476820.0,0.2817,14.0,10.0,-0.2857
DANCOW,2117A - GROWING UP MILK MAINSTREAM BOX 120-200G,2117 - GROWING UP MILK MAINSTREAM,MILK & DIAPERS,1.36,1.39,0.0221,44.0,37.0,-0.1591,1.6,1.61,0.0063,18977.0,19303.0,0.0172,30363.0,31078.0,0.0235,55.0,69.0,0.2545
SGM,2117A - GROWING UP MILK MAINSTREAM BOX 120-200G,2117 - GROWING UP MILK MAINSTREAM,MILK & DIAPERS,1.17,1.47,0.2564,90.5,62.67,-0.3075,1.6,2.47,0.5438,18474.0,23246.0,0.2583,29558.0,57418.0,0.9426,113.0,76.0,-0.3274
CHIL-GO,2117B - GROWING UP MILK MAINSTREAM BOX 350-600G,2117 - GROWING UP MILK MAINSTREAM,MILK & DIAPERS,1.0,,,2.5,,,1.0,,,35700.0,,,35700.0,,,5.0,,
DANCOW,2117B - GROWING UP MILK MAINSTREAM BOX 350-600G,2117 - GROWING UP MILK MAINSTREAM,MILK & DIAPERS,1.15,1.1,-0.0435,109.0,64.0,-0.4128,1.76,1.49,-0.1534,49214.0,51654.0,0.0496,86617.0,76964.0,-0.1114,124.0,129.0,0.0403
FRISIAN FLAG,2117B - GROWING UP MILK MAINSTREAM BOX 350-600G,2117 - GROWING UP MILK MAINSTREAM,MILK & DIAPERS,1.09,1.08,-0.0092,38.5,8.0,-0.7922,2.57,1.2,-0.5331,54436.0,54142.0,-0.0054,139901.0,64970.0,-0.5356,30.0,20.0,-0.3333
SGM,2117B - GROWING UP MILK MAINSTREAM BOX 350-600G,2117 - GROWING UP MILK MAINSTREAM,MILK & DIAPERS,1.05,1.07,0.019,224.0,118.67,-0.4702,1.87,2.09,0.1176,52987.0,56181.0,0.0603,99086.0,117418.0,0.185,240.0,170.0,-0.2917
VIDORAN,2117B - GROWING UP MILK MAINSTREAM BOX 350-600G,2117 - GROWING UP MILK MAINSTREAM,MILK & DIAPERS,1.03,1.03,0.0,90.5,50.0,-0.4475,2.03,1.6,-0.2118,30964.0,30762.0,-0.0065,62857.0,49219.0,-0.217,89.0,94.0,0.0562
BATITA,2117C - GROWING UP MILK MAINSTREAM BOX 700-1000G,2117 - GROWING UP MILK MAINSTREAM,MILK & DIAPERS,1.22,1.12,-0.082,20.5,5.67,-0.7234,1.64,1.31,-0.2012,86680.0,79188.0,-0.0864,142155.0,103736.0,-0.2703,25.0,13.0,-0.48
CHIL-GO,2117C - GROWING UP MILK MAINSTREAM BOX 700-1000G,2117 - GROWING UP MILK MAINSTREAM,MILK & DIAPERS,1.3,1.31,0.0077,70.5,29.33,-0.584,1.91,1.66,-0.1309,102493.0,101833.0,-0.0064,195762.0,169043.0,-0.1365,74.0,53.0,-0.2838
DANCOW,2117C - GROWING UP MILK MAINSTREAM BOX 700-1000G,2117 - GROWING UP MILK MAINSTREAM,MILK & DIAPERS,1.21,1.16,-0.0413,150.5,79.0,-0.4751,1.78,1.81,0.0169,100285.0,102289.0,0.02,178507.0,185143.0,0.0372,169.0,131.0,-0.2249
FRISIAN FLAG,2117C - GROWING UP MILK MAINSTREAM BOX 700-1000G,2117 - GROWING UP MILK MAINSTREAM,MILK & DIAPERS,1.14,1.17,0.0263,73.5,34.67,-0.5283,2.33,2.12,-0.0901,108188.0,111325.0,0.029,252078.0,236009.0,-0.0637,63.0,49.0,-0.2222
SGM,2117C - GROWING UP MILK MAINSTREAM BOX 700-1000G,2117 - GROWING UP MILK MAINSTREAM,MILK & DIAPERS,1.36,1.43,0.0515,396.5,209.67,-0.4712,2.32,2.15,-0.0733,111848.0,117901.0,0.0541,259487.0,253487.0,-0.0231,342.0,292.0,-0.1462
VIDORAN,2117C - GROWING UP MILK MAINSTREAM BOX 700-1000G,2117 - GROWING UP MILK MAINSTREAM,MILK & DIAPERS,1.24,1.14,-0.0806,276.5,109.33,-0.6046,2.14,1.8,-0.1589,78864.0,70573.0,-0.1051,168769.0,127031.0,-0.2473,259.0,182.0,-0.2973
SGM,2117D - GROWING UP SPECIALITY MILK MAINSTREAM,2117 - GROWING UP MILK MAINSTREAM,MILK & DIAPERS,1.4,1.34,-0.0429,60.5,22.67,-0.6253,2.37,2.43,0.0253,118550.0,116891.0,-0.014,280964.0,284045.0,0.011,51.0,28.0,-0.451
FRISIAN FLAG,2117E - GROWING UP MILK MAINSTREAM >1000G,2117 - GROWING UP MILK MAINSTREAM,MILK & DIAPERS,1.0,,,1.0,,,2.0,,,240000.0,,,480000.0,,,1.0,,
BEBELAC,2118A - GROWING UP MILK PREMIUM BOX 150-200G,2118 - GROWING UP MILK PREMIUM,MILK & DIAPERS,1.05,1.14,0.0857,28.0,48.0,0.7143,1.81,3.79,1.0939,38245.0,38726.0,0.0126,69223.0,146772.0,1.1203,31.0,38.0,0.2258
CHIL-KID,2118A - GROWING UP MILK PREMIUM BOX 150-200G,2118 - GROWING UP MILK PREMIUM,MILK & DIAPERS,1.05,1.03,-0.019,49.5,21.0,-0.5758,1.9,2.17,0.1421,47180.0,46330.0,-0.018,89642.0,100536.0,0.1215,52.0,29.0,-0.4423
LACTOGROW,2118A - GROWING UP MILK PREMIUM BOX 150-200G,2118 - GROWING UP MILK PREMIUM,MILK & DIAPERS,1.5,,,6.0,,,1.33,,,35850.0,,,47680.0,,,9.0,,
BEBELAC,2118B - GROWING UP MILK PREMIUM BOX 300-600G,2118 - GROWING UP MILK PREMIUM,MILK & DIAPERS,1.05,1.09,0.0381,167.0,80.67,-0.5169,2.2,2.2,0.0,81646.0,90181.0,0.1045,179621.0,198398.0,0.1045,152.0,110.0,-0.2763
CHIL-SCHOOL,2118B - GROWING UP MILK PREMIUM BOX 300-600G,2118 - GROWING UP MILK PREMIUM,MILK & DIAPERS,1.0,1.0,0.0,6.0,4.0,-0.3333,2.0,1.33,-0.335,80408.0,80133.0,-0.0034,160816.0,106577.0,-0.3373,6.0,9.0,0.5
HEALTHYWAY KIDS,2118B - GROWING UP MILK PREMIUM BOX 300-600G,2118 - GROWING UP MILK PREMIUM,MILK & DIAPERS,1.0,,,1.0,,,1.0,,,48900.0,,,48900.0,,,2.0,,
LACTOGROW,2118B - GROWING UP MILK PREMIUM BOX 300-600G,2118 - GROWING UP MILK PREMIUM,MILK & DIAPERS,1.04,1.06,0.0192,28.5,16.33,-0.427,1.68,2.13,0.2679,62142.0,63769.0,0.0262,104399.0,135828.0,0.301,34.0,23.0,-0.3235
BEBELAC,2118C - GROWING UP MILK PREMIUM BOX 700-1000G,2118 - GROWING UP MILK PREMIUM,MILK & DIAPERS,1.25,1.14,-0.088,142.0,46.0,-0.6761,2.24,1.82,-0.1875,211801.0,193917.0,-0.0844,474434.0,352929.0,-0.2561,127.0,76.0,-0.4016
CHIL-KID,2118C - GROWING UP MILK PREMIUM BOX 700-1000G,2118 - GROWING UP MILK PREMIUM,MILK & DIAPERS,1.17,1.08,-0.0769,41.0,16.0,-0.6098,2.0,2.29,0.145,205932.0,190183.0,-0.0765,411864.0,435519.0,0.0574,41.0,21.0,-0.4878
CHIL-SCHOOL,2118C - GROWING UP MILK PREMIUM BOX 700-1000G,2118 - GROWING UP MILK PREMIUM,MILK & DIAPERS,1.02,1.11,0.0882,29.0,6.0,-0.7931,2.07,1.38,-0.3333,163767.0,172461.0,0.0531,338998.0,237996.0,-0.2979,28.0,13.0,-0.5357
HEALTHYWAY KIDS,2118C - GROWING UP MILK PREMIUM BOX 700-1000G,2118 - GROWING UP MILK PREMIUM,MILK & DIAPERS,1.38,,,4.0,,,2.0,,,125812.0,,,251624.0,,,4.0,,
LACTOGROW,2118C - GROWING UP MILK PREMIUM BOX 700-1000G,2118 - GROWING UP MILK PREMIUM,MILK & DIAPERS,1.19,1.15,-0.0336,54.0,33.67,-0.3765,1.8,2.02,0.1222,146253.0,143252.0,-0.0205,263255.0,289369.0,0.0992,60.0,50.0,-0.1667
BEBELAC,2118D - GROWING UP MILK PREMIUM CAN 700-900G,2118 - GROWING UP MILK PREMIUM,MILK & DIAPERS,1.44,1.19,-0.1736,106.5,52.0,-0.5117,1.87,1.9,0.016,206594.0,168972.0,-0.1821,386331.0,321047.0,-0.169,114.0,82.0,-0.2807
BEBELAC,2118F - GROWING UP SPECIALITY MILK PREMIUM,2118 - GROWING UP MILK PREMIUM,MILK & DIAPERS,1.27,1.2,-0.0551,5.5,1.67,-0.6964,1.83,1.0,-0.4536,192055.0,181040.0,-0.0574,351461.0,181040.0,-0.4849,6.0,5.0,-0.1667
CHIL-KID,2118F - GROWING UP SPECIALITY MILK PREMIUM,2118 - GROWING UP MILK PREMIUM,MILK & DIAPERS,1.05,1.0,-0.0476,32.0,9.33,-0.7084,2.78,1.75,-0.3705,140272.0,143939.0,0.0261,389956.0,251893.0,-0.354,23.0,16.0,-0.3043
BEBELAC,2118G - GROWING UP MILK PREMIUM >1000G,2118 - GROWING UP MILK PREMIUM,MILK & DIAPERS,1.12,,,8.5,,,1.21,,,462029.0,,,559055.0,,,14.0,,
CHIL-KID,2118G - GROWING UP MILK PREMIUM >1000G,2118 - GROWING UP MILK PREMIUM,MILK & DIAPERS,1.0,,,0.5,,,1.0,,,332000.0,,,332000.0,,,1.0,,
ENFAGROW,2119A - GROWING UP MILK SUPER PREMIUM BOX 200-700G,2119 - GROWING UP MILK SUPER PREMIUM,MILK & DIAPERS,1.14,1.0,-0.1228,10.5,1.0,-0.9048,2.1,1.0,-0.5238,240676.0,216633.0,-0.0999,505420.0,216633.0,-0.5714,10.0,3.0,-0.7
MORIGRO,2119A - GROWING UP MILK SUPER PREMIUM BOX 200-700G,2119 - GROWING UP MILK SUPER PREMIUM,MILK & DIAPERS,1.0,,,0.5,,,1.0,,,83000.0,,,83000.0,,,1.0,,
NUTRILON,2119A - GROWING UP MILK SUPER PREMIUM BOX 200-700G,2119 - GROWING UP MILK SUPER PREMIUM,MILK & DIAPERS,1.09,1.04,-0.0459,29.0,16.33,-0.4369,2.42,1.75,-0.2769,116053.0,112931.0,-0.0269,280848.0,197629.0,-0.2963,24.0,28.0,0.1667
PEDIASURE,2119A - GROWING UP MILK SUPER PREMIUM BOX 200-700G,2119 - GROWING UP MILK SUPER PREMIUM,MILK & DIAPERS,1.33,1.0,-0.2481,3.0,4.33,0.4433,1.0,1.0,0.0,136800.0,121192.0,-0.1141,136800.0,121192.0,-0.1141,6.0,13.0,1.1667
S-26,2119A - GROWING UP MILK SUPER PREMIUM BOX 200-700G,2119 - GROWING UP MILK SUPER PREMIUM,MILK & DIAPERS,1.16,1.13,-0.0259,43.0,20.33,-0.5272,1.91,2.1,0.0995,148360.0,137838.0,-0.0709,283368.0,289460.0,0.0215,45.0,29.0,-0.3556
CHIL-KID,2119B - GROWING UP MILK SUPER PREMIUM CAN 400G,2119 - GROWING UP MILK SUPER PREMIUM,MILK & DIAPERS,1.0,1.0,0.0,7.0,3.67,-0.4757,1.4,2.2,0.5714,158714.0,158591.0,-0.0008,222200.0,348900.0,0.5702,10.0,5.0,-0.5
PEDIASURE,2119B - GROWING UP MILK SUPER PREMIUM CAN 400G,2119 - GROWING UP MILK SUPER PREMIUM,MILK & DIAPERS,1.0,1.0,0.0,16.0,11.0,-0.3125,1.45,1.65,0.1379,192297.0,195406.0,0.0162,278831.0,322420.0,0.1563,22.0,20.0,-0.0909
S-26,2119B - GROWING UP MILK SUPER PREMIUM CAN 400G,2119 - GROWING UP MILK SUPER PREMIUM,MILK & DIAPERS,1.15,1.0,-0.1304,6.5,2.33,-0.6415,1.44,1.4,-0.0278,184423.0,159871.0,-0.1331,265569.0,223819.0,-0.1572,9.0,5.0,-0.4444
CHIL-KID,2119C - GROWING UP MILK SUPER PREMIUM CAN 700-1000G,2119 - GROWING UP MILK SUPER PREMIUM,MILK & DIAPERS,1.0,1.08,0.08,8.5,4.33,-0.4906,2.12,2.17,0.0236,302124.0,325300.0,0.0767,640503.0,705901.0,0.1021,8.0,6.0,-0.25
ENFAGROW,2119C - GROWING UP MILK SUPER PREMIUM CAN 700-1000G,2119 - GROWING UP MILK SUPER PREMIUM,MILK & DIAPERS,1.18,1.25,0.0593,5.5,2.67,-0.5145,1.83,2.0,0.0929,544582.0,537825.0,-0.0124,996585.0,1075650.0,0.0793,6.0,4.0,-0.3333
MORIGRO,2119C - GROWING UP MILK SUPER PREMIUM CAN 700-1000G,2119 - GROWING UP MILK SUPER PREMIUM,MILK & DIAPERS,1.0,1.0,0.0,4.0,3.33,-0.1675,1.33,2.5,0.8797,303900.0,303930.0,0.0001,404187.0,759825.0,0.8799,6.0,4.0,-0.3333
NUTRILON,2119C - GROWING UP MILK SUPER PREMIUM CAN 700-1000G,2119 - GROWING UP MILK SUPER PREMIUM,MILK & DIAPERS,1.36,1.24,-0.0882,38.0,16.33,-0.5703,2.81,2.58,-0.0819,290824.0,268310.0,-0.0774,817215.0,692240.0,-0.1529,27.0,19.0,-0.2963
PEDIASURE,2119C - GROWING UP MILK SUPER PREMIUM CAN 700-1000G,2119 - GROWING UP MILK SUPER PREMIUM,MILK & DIAPERS,1.06,1.09,0.0283,16.5,7.67,-0.5352,1.65,1.64,-0.0061,396067.0,406235.0,0.0257,653511.0,666225.0,0.0195,20.0,14.0,-0.3
S-26,2119C - GROWING UP MILK SUPER PREMIUM CAN 700-1000G,2119 - GROWING UP MILK SUPER PREMIUM,MILK & DIAPERS,1.0,1.12,0.12,6.5,5.33,-0.18,1.08,2.0,0.8519,349208.0,391325.0,0.1206,377145.0,782650.0,1.0752,12.0,8.0,-0.3333
NUTRILON,2119D - GROWING UP MILK SUPER PREMIUM >1000G,2119 - GROWING UP MILK SUPER PREMIUM,MILK & DIAPERS,1.4,,,2.5,,,1.67,,,612080.0,,,1022174.0,,,3.0,,
S-26,2119D - GROWING UP MILK SUPER PREMIUM >1000G,2119 - GROWING UP MILK SUPER PREMIUM,MILK & DIAPERS,1.14,,,3.5,,,1.4,,,422571.0,,,591599.0,,,5.0,,
CERELAC,2121A - BABY CEREAL BOX 100G,2121 - BABY CEREAL,MILK & DIAPERS,1.0,,,0.5,,,1.0,,,23900.0,,,23900.0,,,1.0,,
PROMINA,2121A - BABY CEREAL BOX 100G,2121 - BABY CEREAL,MILK & DIAPERS,1.34,1.4,0.0448,66.0,35.67,-0.4595,1.53,1.73,0.1307,27045.0,28083.0,0.0384,41379.0,48584.0,0.1741,86.0,62.0,-0.2791
CERELAC,2121B - BABY CEREAL BOX 120G,2121 - BABY CEREAL,MILK & DIAPERS,1.44,1.2,-0.1667,66.0,23.67,-0.6414,1.45,1.48,0.0207,20727.0,17063.0,-0.1768,30054.0,25253.0,-0.1597,91.0,48.0,-0.4725
MILNA,2121B - BABY CEREAL BOX 120G,2121 - BABY CEREAL,MILK & DIAPERS,1.19,1.08,-0.0924,24.0,21.0,-0.125,1.23,1.4,0.1382,25456.0,25389.0,-0.0026,31311.0,35545.0,0.1352,39.0,45.0,0.1538
PROMINA,2121B - BABY CEREAL BOX 120G,2121 - BABY CEREAL,MILK & DIAPERS,1.13,1.09,-0.0354,31.0,11.0,-0.6452,1.44,1.03,-0.2847,19845.0,19994.0,0.0075,28577.0,20594.0,-0.2794,43.0,32.0,-0.2558
SUN,2121B - BABY CEREAL BOX 120G,2121 - BABY CEREAL,MILK & DIAPERS,1.88,1.16,-0.383,24.0,14.33,-0.4029,1.33,1.39,0.0451,20023.0,13135.0,-0.344,26631.0,18258.0,-0.3144,36.0,31.0,-0.1389
GROUU,2121C - BABY CEREAL BAG,2121 - BABY CEREAL,MILK & DIAPERS,2.0,,,0.5,,,1.0,,,62600.0,,,62600.0,,,1.0,,
SUN,2121C - BABY CEREAL BAG,2121 - BABY CEREAL,MILK & DIAPERS,1.55,1.54,-0.0065,50.5,34.67,-0.3135,1.31,1.41,0.0763,13347.0,13680.0,0.0249,17485.0,19289.0,0.1032,77.0,74.0,-0.039
ALAMII,2122A - BABY BISCUIT,2122 - BABY BISCUIT & SNACK,MILK & DIAPERS,3.5,,,1.0,,,1.0,,,57750.0,,,57750.0,,,2.0,,
MILNA,2122A - BABY BISCUIT,2122 - BABY BISCUIT & SNACK,MILK & DIAPERS,1.17,1.09,-0.0684,31.5,15.0,-0.5238,1.15,1.07,-0.0696,21656.0,20793.0,-0.0399,24904.0,22249.0,-0.1066,55.0,42.0,-0.2364
MONDE,2122A - BABY BISCUIT,2122 - BABY BISCUIT & SNACK,MILK & DIAPERS,1.0,,,0.5,,,1.0,,,8900.0,,,8900.0,,,1.0,,
PROMINA,2122A - BABY BISCUIT,2122 - BABY BISCUIT & SNACK,MILK & DIAPERS,1.04,1.11,0.0673,24.5,12.67,-0.4829,1.29,1.12,-0.1318,19473.0,20613.0,0.0585,25120.0,23087.0,-0.0809,38.0,34.0,-0.1053
SUN,2122A - BABY BISCUIT,2122 - BABY BISCUIT & SNACK,MILK & DIAPERS,1.18,1.07,-0.0932,60.0,23.67,-0.6055,1.29,1.2,-0.0698,12996.0,12230.0,-0.0589,16765.0,14676.0,-0.1246,93.0,59.0,-0.3656
ALAMII,2122B - BABY SNACK,2122 - BABY BISCUIT & SNACK,MILK & DIAPERS,1.37,1.27,-0.073,103.0,34.67,-0.6634,1.35,1.22,-0.0963,13790.0,12737.0,-0.0764,18616.0,15539.0,-0.1653,153.0,85.0,-0.4444
BUMBU BUNDA,2122B - BABY SNACK,2122 - BABY BISCUIT & SNACK,MILK & DIAPERS,2.0,,,0.5,,,1.0,,,67100.0,,,67100.0,,,1.0,,
GRANDVILLE,2122B - BABY SNACK,2122 - BABY BISCUIT & SNACK,MILK & DIAPERS,1.5,,,1.0,,,1.0,,,50000.0,,,50000.0,,,2.0,,
GROUU,2122B - BABY SNACK,2122 - BABY BISCUIT & SNACK,MILK & DIAPERS,1.12,,,4.0,,,1.14,,,33488.0,,,38176.0,,,7.0,,
LITTLE JOY,2122B - BABY SNACK,2122 - BABY BISCUIT & SNACK,MILK & DIAPERS,2.5,,,1.0,,,1.0,,,110150.0,,,110150.0,,,2.0,,
MILNA,2122B - BABY SNACK,2122 - BABY BISCUIT & SNACK,MILK & DIAPERS,1.4,1.48,0.0571,133.5,74.67,-0.4407,1.33,1.38,0.0376,12673.0,13618.0,0.0746,16855.0,18793.0,0.115,201.0,162.0,-0.194
OMO,2122B - BABY SNACK,2122 - BABY BISCUIT & SNACK,MILK & DIAPERS,2.5,,,1.0,,,1.0,,,15500.0,,,15500.0,,,2.0,,
POIPOI,2122B - BABY SNACK,2122 - BABY BISCUIT & SNACK,MILK & DIAPERS,2.0,,,0.5,,,1.0,,,40800.0,,,40800.0,,,1.0,,
PROMINA,2122B - BABY SNACK,2122 - BABY BISCUIT & SNACK,MILK & DIAPERS,2.0,1.69,-0.155,580.0,272.33,-0.5305,1.6,1.49,-0.0688,19367.0,16152.0,-0.166,30987.0,24066.0,-0.2234,723.0,547.0,-0.2434
PUREATS,2122B - BABY SNACK,2122 - BABY BISCUIT & SNACK,MILK & DIAPERS,1.0,,,0.5,,,1.0,,,34700.0,,,34700.0,,,1.0,,
YUMMY BITES,2122B - BABY SNACK,2122 - BABY BISCUIT & SNACK,MILK & DIAPERS,1.13,1.04,-0.0796,43.0,30.67,-0.2867,1.18,1.15,-0.0254,21423.0,19533.0,-0.0882,25279.0,22463.0,-0.1114,73.0,80.0,0.0959
PRENAGEN,2131A - PREGNANT MILK 150-250G,2131 - PREGNANT MILK,MILK & DIAPERS,1.03,1.04,0.0097,30.0,17.0,-0.4333,1.25,1.21,-0.032,47667.0,48912.0,0.0261,59584.0,59184.0,-0.0067,48.0,42.0,-0.125
ANMUM,2131B - PREGNANT MILK 300-400G,2131 - PREGNANT MILK,MILK & DIAPERS,1.05,1.44,0.3714,10.0,5.33,-0.467,1.43,1.14,-0.2028,97175.0,132894.0,0.3676,138960.0,151499.0,0.0902,14.0,14.0,0.0
PRENAGEN,2131B - PREGNANT MILK 300-400G,2131 - PREGNANT MILK,MILK & DIAPERS,1.18,1.03,-0.1271,14.0,9.67,-0.3093,1.33,1.16,-0.1278,101121.0,88886.0,-0.121,134491.0,103108.0,-0.2333,21.0,25.0,0.1905
MAKUKU,3431A - REGULAR DIAPERS SIZE-S,3431 - REGULAR DIAPERS,MILK & DIAPERS,1.29,1.09,-0.155,10.5,3.67,-0.6505,1.5,1.1,-0.2667,73157.0,62073.0,-0.1515,109736.0,68280.0,-0.3778,14.0,10.0,-0.2857
MAMY POKO,3431A - REGULAR DIAPERS SIZE-S,3431 - REGULAR DIAPERS,MILK & DIAPERS,1.01,1.04,0.0297,41.5,23.33,-0.4378,1.41,1.46,0.0355,65722.0,65400.0,-0.0049,92668.0,95484.0,0.0304,59.0,48.0,-0.1864
SWEETY,3431A - REGULAR DIAPERS SIZE-S,3431 - REGULAR DIAPERS,MILK & DIAPERS,1.21,1.1,-0.0909,45.5,21.0,-0.5385,1.44,1.17,-0.1875,64121.0,62192.0,-0.0301,92334.0,72765.0,-0.2119,63.0,54.0,-0.1429
MAMY POKO,3431B - REGULAR DIAPERS SIZE-M,3431 - REGULAR DIAPERS,MILK & DIAPERS,1.27,,,7.5,,,1.36,,,58013.0,,,78898.0,,,11.0,,
SWEETY,3431B - REGULAR DIAPERS SIZE-M,3431 - REGULAR DIAPERS,MILK & DIAPERS,,1.0,,,0.33,,,1.0,,,73700.0,,,73700.0,,,1.0,
MAMY POKO,3432A - PANTS DIAPERS SIZE-S 18-22S,3432 - PANTS DIAPERS,MILK & DIAPERS,1.0,,,0.5,,,1.0,,,43500.0,,,43500.0,,,1.0,,
MERRIES,3432A - PANTS DIAPERS SIZE-S 18-22S,3432 - PANTS DIAPERS,MILK & DIAPERS,1.11,1.09,-0.018,9.0,3.67,-0.5922,1.38,1.38,0.0,81044.0,77273.0,-0.0465,111841.0,106637.0,-0.0465,13.0,8.0,-0.3846
BABY HAPPY,3432B - PANTS DIAPERS SIZE-S 24-38S,3432 - PANTS DIAPERS,MILK & DIAPERS,1.0,1.05,0.05,25.5,12.33,-0.5165,1.59,1.85,0.1635,56837.0,59738.0,0.051,90371.0,110515.0,0.2229,32.0,20.0,-0.375
FITTI,3432B - PANTS DIAPERS SIZE-S 24-38S,3432 - PANTS DIAPERS,MILK & DIAPERS,1.07,1.0,-0.0654,7.5,4.33,-0.4227,1.36,1.86,0.3676,59627.0,55900.0,-0.0625,81093.0,103974.0,0.2822,11.0,7.0,-0.3636
SWEETY,3432B - PANTS DIAPERS SIZE-S 24-38S,3432 - PANTS DIAPERS,MILK & DIAPERS,1.13,1.04,-0.0796,63.5,23.67,-0.6272,1.53,1.42,-0.0719,71683.0,62137.0,-0.1332,109675.0,88235.0,-0.1955,83.0,50.0,-0.3976
MAMY POKO,3432C - PANTS DIAPERS SIZE-M 18-22S,3432 - PANTS DIAPERS,MILK & DIAPERS,1.0,1.0,0.0,11.5,4.0,-0.6522,2.09,1.09,-0.4785,44000.0,44000.0,0.0,91960.0,47960.0,-0.4785,11.0,11.0,0.0
MERRIES,3432C - PANTS DIAPERS SIZE-M 18-22S,3432 - PANTS DIAPERS,MILK & DIAPERS,1.0,,,0.5,,,1.0,,,48900.0,,,48900.0,,,1.0,,
BABY HAPPY,3432D - PANTS DIAPERS SIZE-M 24-38S,3432 - PANTS DIAPERS,MILK & DIAPERS,1.14,1.03,-0.0965,102.0,37.67,-0.6307,1.94,1.79,-0.0773,67118.0,60513.0,-0.0984,130209.0,108318.0,-0.1681,105.0,63.0,-0.4
FITTI,3432D - PANTS DIAPERS SIZE-M 24-38S,3432 - PANTS DIAPERS,MILK & DIAPERS,1.08,1.0,-0.0741,6.0,1.33,-0.7783,1.2,1.33,0.1083,60558.0,55900.0,-0.0769,72670.0,74347.0,0.0231,10.0,3.0,-0.7
HAPPY NAPPY,3432D - PANTS DIAPERS SIZE-M 24-38S,3432 - PANTS DIAPERS,MILK & DIAPERS,1.08,1.05,-0.0278,37.5,27.67,-0.2621,2.03,1.77,-0.1281,49035.0,47131.0,-0.0388,99541.0,83422.0,-0.1619,37.0,47.0,0.2703
MAKUKU,3432D - PANTS DIAPERS SIZE-M 24-38S,3432 - PANTS DIAPERS,MILK & DIAPERS,1.09,1.08,-0.0092,22.5,4.0,-0.8222,1.61,1.2,-0.2547,63591.0,63267.0,-0.0051,102382.0,75920.0,-0.2585,28.0,10.0,-0.6429
MAMY POKO,3432D - PANTS DIAPERS SIZE-M 24-38S,3432 - PANTS DIAPERS,MILK & DIAPERS,1.22,1.09,-0.1066,67.0,21.33,-0.6816,1.61,1.31,-0.1863,86041.0,75959.0,-0.1172,138526.0,99506.0,-0.2817,83.0,49.0,-0.4096
MERRIES,3432D - PANTS DIAPERS SIZE-M 24-38S,3432 - PANTS DIAPERS,MILK & DIAPERS,1.13,1.04,-0.0796,38.0,9.33,-0.7545,1.69,1.22,-0.2781,87828.0,78311.0,-0.1084,148429.0,95539.0,-0.3563,45.0,23.0,-0.4889
MIU,3432D - PANTS DIAPERS SIZE-M 24-38S,3432 - PANTS DIAPERS,MILK & DIAPERS,1.0,1.5,0.5,3.5,0.67,-0.8086,1.0,1.0,0.0,59500.0,89250.0,0.5,59500.0,89250.0,0.5,7.0,2.0,-0.7143
POKANA,3432D - PANTS DIAPERS SIZE-M 24-38S,3432 - PANTS DIAPERS,MILK & DIAPERS,1.0,1.33,0.33,3.5,1.0,-0.7143,1.75,1.0,-0.4286,57900.0,77200.0,0.3333,101325.0,77200.0,-0.2381,4.0,3.0,-0.25
SWEETY,3432D - PANTS DIAPERS SIZE-M 24-38S,3432 - PANTS DIAPERS,MILK & DIAPERS,1.2,1.06,-0.1167,86.5,37.0,-0.5723,1.45,1.63,0.1241,70173.0,60605.0,-0.1363,101751.0,98786.0,-0.0291,119.0,68.0,-0.4286
BABY HAPPY,3432E - PANTS DIAPERS SIZE-L 18-22S,3432 - PANTS DIAPERS,MILK & DIAPERS,1.0,1.0,0.0,21.0,6.0,-0.7143,1.35,1.5,0.1111,39912.0,39900.0,-0.0003,53881.0,59850.0,0.1108,31.0,12.0,-0.6129
MAMY POKO,3432E - PANTS DIAPERS SIZE-L 18-22S,3432 - PANTS DIAPERS,MILK & DIAPERS,1.0,1.0,0.0,5.0,3.33,-0.334,1.11,1.11,0.0,48900.0,48900.0,0.0,54279.0,54279.0,0.0,9.0,9.0,0.0
MERRIES,3432E - PANTS DIAPERS SIZE-L 18-22S,3432 - PANTS DIAPERS,MILK & DIAPERS,1.24,1.0,-0.1935,8.5,2.33,-0.7259,1.13,1.17,0.0354,66624.0,54771.0,-0.1779,75285.0,64082.0,-0.1488,15.0,6.0,-0.6
POKANA,3432E - PANTS DIAPERS SIZE-L 18-22S,3432 - PANTS DIAPERS,MILK & DIAPERS,1.0,1.0,0.0,1.5,1.33,-0.1133,1.0,1.0,0.0,57900.0,57900.0,0.0,57900.0,57900.0,0.0,3.0,4.0,0.3333
BABY HAPPY,3432F - PANTS DIAPERS SIZE-L 24-32S,3432 - PANTS DIAPERS,MILK & DIAPERS,1.04,1.12,0.0769,108.5,40.0,-0.6313,1.62,1.6,-0.0123,61037.0,65989.0,0.0811,98880.0,105582.0,0.0678,134.0,75.0,-0.4403
FITTI,3432F - PANTS DIAPERS SIZE-L 24-32S,3432 - PANTS DIAPERS,MILK & DIAPERS,1.0,1.0,0.0,5.5,1.33,-0.7582,1.83,1.0,-0.4536,55900.0,55900.0,0.0,102297.0,55900.0,-0.4536,6.0,4.0,-0.3333
HAPPY NAPPY,3432F - PANTS DIAPERS SIZE-L 24-32S,3432 - PANTS DIAPERS,MILK & DIAPERS,1.05,1.02,-0.0286,29.5,20.0,-0.322,1.51,1.62,0.0728,47708.0,45698.0,-0.0421,72039.0,74031.0,0.0277,39.0,37.0,-0.0513
MAKUKU,3432F - PANTS DIAPERS SIZE-L 24-32S,3432 - PANTS DIAPERS,MILK & DIAPERS,1.11,1.03,-0.0721,108.0,37.0,-0.6574,1.95,1.85,-0.0513,61969.0,58038.0,-0.0634,120840.0,107370.0,-0.1115,111.0,60.0,-0.4595
MAMY POKO,3432F - PANTS DIAPERS SIZE-L 24-32S,3432 - PANTS DIAPERS,MILK & DIAPERS,1.3,1.1,-0.1538,112.5,62.33,-0.446,1.86,1.5,-0.1935,91985.0,73964.0,-0.1959,171092.0,110946.0,-0.3515,121.0,125.0,0.0331
MERRIES,3432F - PANTS DIAPERS SIZE-L 24-32S,3432 - PANTS DIAPERS,MILK & DIAPERS,1.22,1.04,-0.1475,52.5,8.0,-0.8476,1.81,1.26,-0.3039,94626.0,77979.0,-0.1759,171273.0,98254.0,-0.4263,58.0,19.0,-0.6724
MIU,3432F - PANTS DIAPERS SIZE-L 24-32S,3432 - PANTS DIAPERS,MILK & DIAPERS,1.0,2.0,1.0,6.5,0.33,-0.9492,1.44,1.0,-0.3056,59500.0,119000.0,1.0,85680.0,119000.0,0.3889,9.0,1.0,-0.8889
SWEETY,3432F - PANTS DIAPERS SIZE-L 24-32S,3432 - PANTS DIAPERS,MILK & DIAPERS,1.14,1.07,-0.0614,100.5,40.67,-0.5953,1.78,1.63,-0.0843,65653.0,60922.0,-0.0721,116862.0,99303.0,-0.1503,113.0,75.0,-0.3363
MAMY POKO,3432G - PANTS DIAPERS SIZE-XL 16-22S,3432 - PANTS DIAPERS,MILK & DIAPERS,1.36,1.06,-0.2206,64.0,17.33,-0.7292,2.37,1.49,-0.3713,88113.0,64904.0,-0.2634,208828.0,96707.0,-0.5369,54.0,35.0,-0.3519
MERRIES,3432G - PANTS DIAPERS SIZE-XL 16-22S,3432 - PANTS DIAPERS,MILK & DIAPERS,1.0,1.0,0.0,5.0,1.0,-0.8,1.0,1.5,0.5,54030.0,55500.0,0.0272,54030.0,83250.0,0.5408,10.0,2.0,-0.8
POKANA,3432G - PANTS DIAPERS SIZE-XL 16-22S,3432 - PANTS DIAPERS,MILK & DIAPERS,1.0,1.0,0.0,4.0,3.67,-0.0825,2.0,5.5,1.75,62900.0,62991.0,0.0014,125800.0,346450.0,1.754,4.0,2.0,-0.5
BABY HAPPY,3432H - PANTS DIAPERS SIZE-XL 24-32S,3432 - PANTS DIAPERS,MILK & DIAPERS,1.16,1.02,-0.1207,116.0,29.67,-0.7442,1.78,1.41,-0.2079,71993.0,65860.0,-0.0852,128148.0,92863.0,-0.2753,130.0,63.0,-0.5154
FITTI,3432H - PANTS DIAPERS SIZE-XL 24-32S,3432 - PANTS DIAPERS,MILK & DIAPERS,1.16,1.0,-0.1379,28.0,5.0,-0.8214,2.43,1.25,-0.4856,72545.0,62500.0,-0.1385,176284.0,78125.0,-0.5568,23.0,12.0,-0.4783
HAPPY NAPPY,3432H - PANTS DIAPERS SIZE-XL 24-32S,3432 - PANTS DIAPERS,MILK & DIAPERS,1.07,1.04,-0.028,36.5,22.67,-0.3789,2.35,1.66,-0.2936,48510.0,46859.0,-0.034,113998.0,77786.0,-0.3177,31.0,41.0,0.3226
MAKUKU,3432H - PANTS DIAPERS SIZE-XL 24-32S,3432 - PANTS DIAPERS,MILK & DIAPERS,1.14,1.13,-0.0088,73.0,21.0,-0.7123,1.72,1.66,-0.0349,72575.0,73538.0,0.0133,124829.0,122073.0,-0.0221,85.0,38.0,-0.5529
MAMY POKO,3432H - PANTS DIAPERS SIZE-XL 24-32S,3432 - PANTS DIAPERS,MILK & DIAPERS,1.4,1.1,-0.2143,87.5,45.67,-0.4781,2.03,2.08,0.0246,109626.0,85586.0,-0.2193,222541.0,178019.0,-0.2001,86.0,66.0,-0.2326
MERRIES,3432H - PANTS DIAPERS SIZE-XL 24-32S,3432 - PANTS DIAPERS,MILK & DIAPERS,1.22,1.07,-0.123,47.0,9.0,-0.8085,1.62,1.69,0.0432,94967.0,81063.0,-0.1464,153847.0,136996.0,-0.1095,58.0,16.0,-0.7241
MIU,3432H - PANTS DIAPERS SIZE-XL 24-32S,3432 - PANTS DIAPERS,MILK & DIAPERS,1.6,1.0,-0.375,2.5,0.33,-0.868,1.0,1.0,0.0,104800.0,65500.0,-0.375,104800.0,65500.0,-0.375,5.0,1.0,-0.8
SWEETY,3432H - PANTS DIAPERS SIZE-XL 24-32S,3432 - PANTS DIAPERS,MILK & DIAPERS,1.21,1.07,-0.1157,111.0,48.0,-0.5676,1.6,1.95,0.2187,71416.0,62486.0,-0.125,114266.0,121848.0,0.0664,139.0,74.0,-0.4676
MAKUKU,3432I - PANTS DIAPERS SIZE-XXL 18-22S,3432 - PANTS DIAPERS,MILK & DIAPERS,,1.0,,,0.33,,,1.0,,,56900.0,,,56900.0,,,1.0,
MAMY POKO,3432I - PANTS DIAPERS SIZE-XXL 18-22S,3432 - PANTS DIAPERS,MILK & DIAPERS,1.08,1.0,-0.0741,12.5,3.0,-0.76,1.39,1.0,-0.2806,67260.0,61500.0,-0.0856,93491.0,61500.0,-0.3422,18.0,9.0,-0.5
MERRIES,3432I - PANTS DIAPERS SIZE-XXL 18-22S,3432 - PANTS DIAPERS,MILK & DIAPERS,1.1,1.0,-0.0909,24.5,6.33,-0.7416,2.04,1.73,-0.152,74855.0,68074.0,-0.0906,152704.0,117768.0,-0.2288,24.0,11.0,-0.5417
SWEETY,3432I - PANTS DIAPERS SIZE-XXL 18-22S,3432 - PANTS DIAPERS,MILK & DIAPERS,1.08,1.2,0.1111,46.0,23.67,-0.4854,1.8,1.34,-0.2556,60972.0,68563.0,0.1245,109750.0,91874.0,-0.1629,51.0,53.0,0.0392
BABY HAPPY,3432J - PANTS DIAPERS SIZE-XXL 24-30S,3432 - PANTS DIAPERS,MILK & DIAPERS,1.11,1.06,-0.045,64.0,23.67,-0.6302,1.97,1.27,-0.3553,68602.0,66923.0,-0.0245,135146.0,84992.0,-0.3711,65.0,56.0,-0.1385
FITTI,3432J - PANTS DIAPERS SIZE-XXL 24-30S,3432 - PANTS DIAPERS,MILK & DIAPERS,1.05,1.0,-0.0476,20.0,1.0,-0.95,2.0,1.0,-0.5,68145.0,64900.0,-0.0476,136290.0,64900.0,-0.5238,20.0,3.0,-0.85
MAMY POKO,3432J - PANTS DIAPERS SIZE-XXL 24-30S,3432 - PANTS DIAPERS,MILK & DIAPERS,1.24,1.17,-0.0565,58.5,15.67,-0.7321,1.98,1.68,-0.1515,98760.0,91047.0,-0.0781,195545.0,152959.0,-0.2178,59.0,28.0,-0.5254
MAMY POKO,3432K - PANTS DIAPERS 5-10S,3432 - PANTS DIAPERS,MILK & DIAPERS,1.04,1.03,-0.0096,74.5,41.0,-0.4497,1.37,1.52,0.1095,18804.0,18920.0,0.0062,25761.0,28758.0,0.1163,109.0,81.0,-0.2569
MAKUKU,3432L - PANTS DIAPERS 36-70S,3432 - PANTS DIAPERS,MILK & DIAPERS,1.64,,,5.5,,,1.57,,,146618.0,,,230190.0,,,7.0,,
MAMY POKO,3432L - PANTS DIAPERS 36-70S,3432 - PANTS DIAPERS,MILK & DIAPERS,1.19,1.06,-0.1092,36.0,21.67,-0.3981,1.57,1.51,-0.0382,111842.0,95312.0,-0.1478,175592.0,143921.0,-0.1804,46.0,43.0,-0.0652
MERRIES,3432L - PANTS DIAPERS 36-70S,3432 - PANTS DIAPERS,MILK & DIAPERS,1.0,1.06,0.06,0.5,5.67,10.34,1.0,1.7,0.7,133900.0,98306.0,-0.2658,133900.0,167120.0,0.2481,1.0,10.0,9.0
SWEETY,3432L - PANTS DIAPERS 36-70S,3432 - PANTS DIAPERS,MILK & DIAPERS,1.11,1.1,-0.009,22.5,7.0,-0.6889,1.18,1.4,0.1864,92778.0,91310.0,-0.0158,109478.0,127834.0,0.1677,38.0,15.0,-0.6053
SWEETY,3432M - PANTS DIAPERS CARTON,3432 - PANTS DIAPERS,MILK & DIAPERS,1.25,,,2.0,,,2.0,,,230000.0,,,460000.0,,,2.0,,
CLEAR,3211B - SHAMPOO 70-100ML,3211 - SHAMPOO,PERSONAL CARE,1.0,1.0,0.0,16.5,3.33,-0.7982,1.03,1.11,0.0777,16321.0,16010.0,-0.0191,16811.0,17771.0,0.0571,32.0,9.0,-0.7188
ELLIPS,3211B - SHAMPOO 70-100ML,3211 - SHAMPOO,PERSONAL CARE,1.0,,,2.0,,,1.0,,,36150.0,,,36150.0,,,4.0,,
ERHA,3211B - SHAMPOO 70-100ML,3211 - SHAMPOO,PERSONAL CARE,1.33,,,1.5,,,1.0,,,93200.0,,,93200.0,,,3.0,,
HEAD & SHOULDER,3211B - SHAMPOO 70-100ML,3211 - SHAMPOO,PERSONAL CARE,1.04,1.0,-0.0385,25.5,24.33,-0.0459,1.04,1.07,0.0288,25608.0,24648.0,-0.0375,26632.0,26373.0,-0.0097,49.0,68.0,0.3878
LIFEBUOY,3211B - SHAMPOO 70-100ML,3211 - SHAMPOO,PERSONAL CARE,1.03,1.0,-0.0291,17.5,1.0,-0.9429,1.03,1.0,-0.0291,15437.0,14500.0,-0.0607,15900.0,14500.0,-0.0881,34.0,3.0,-0.9118
PANTENE,3211B - SHAMPOO 70-100ML,3211 - SHAMPOO,PERSONAL CARE,1.02,1.03,0.0098,30.0,23.33,-0.2223,1.09,1.09,0.0,23988.0,24583.0,0.0248,26147.0,26795.0,0.0248,55.0,64.0,0.1636
SUNSILK,3211B - SHAMPOO 70-100ML,3211 - SHAMPOO,PERSONAL CARE,1.0,1.0,0.0,13.5,6.0,-0.5556,1.08,1.0,-0.0741,12600.0,17989.0,0.4277,13608.0,17989.0,0.3219,25.0,18.0,-0.28
CBD,3211C - SHAMPOO 130-250ML,3211 - SHAMPOO,PERSONAL CARE,1.0,,,3.0,,,1.2,,,39600.0,,,47520.0,,,5.0,,
CLEAR,3211C - SHAMPOO 130-250ML,3211 - SHAMPOO,PERSONAL CARE,1.18,1.14,-0.0339,112.5,35.67,-0.6829,1.11,1.08,-0.027,42464.0,42250.0,-0.005,47135.0,45630.0,-0.0319,202.0,99.0,-0.5099
DOVE,3211C - SHAMPOO 130-250ML,3211 - SHAMPOO,PERSONAL CARE,1.02,1.0,-0.0196,61.5,0.67,-0.9891,1.1,1.0,-0.0909,28478.0,21800.0,-0.2345,31326.0,21800.0,-0.3041,112.0,2.0,-0.9821
EMERON,3211C - SHAMPOO 130-250ML,3211 - SHAMPOO,PERSONAL CARE,1.16,1.09,-0.0603,221.5,55.67,-0.7487,1.14,1.14,0.0,25362.0,24169.0,-0.047,28913.0,27553.0,-0.047,387.0,146.0,-0.6227
HEAD & SHOULDER,3211C - SHAMPOO 130-250ML,3211 - SHAMPOO,PERSONAL CARE,1.13,1.37,0.2124,277.5,78.33,-0.7177,1.14,1.12,-0.0175,42262.0,51520.0,0.2191,48179.0,57702.0,0.1977,487.0,210.0,-0.5688
LIFEBUOY,3211C - SHAMPOO 130-250ML,3211 - SHAMPOO,PERSONAL CARE,1.16,1.08,-0.069,119.0,26.67,-0.7759,1.15,1.1,-0.0435,30914.0,29611.0,-0.0421,35551.0,32572.0,-0.0838,207.0,73.0,-0.6473
LOREAL,3211C - SHAMPOO 130-250ML,3211 - SHAMPOO,PERSONAL CARE,,1.04,,,17.67,,,1.08,,,36447.0,,,39363.0,,,49.0,
MAKARIZO,3211C - SHAMPOO 130-250ML,3211 - SHAMPOO,PERSONAL CARE,1.05,1.04,-0.0095,127.0,37.0,-0.7087,1.11,1.16,0.045,29199.0,31349.0,0.0736,32411.0,36365.0,0.122,229.0,96.0,-0.5808
MIRANDA,3211C - SHAMPOO 130-250ML,3211 - SHAMPOO,PERSONAL CARE,1.0,,,0.5,,,1.0,,,31900.0,,,31900.0,,,1.0,,
MUSTIKA RATU,3211C - SHAMPOO 130-250ML,3211 - SHAMPOO,PERSONAL CARE,1.0,,,1.5,,,1.0,,,26900.0,,,26900.0,,,3.0,,
NATUR,3211C - SHAMPOO 130-250ML,3211 - SHAMPOO,PERSONAL CARE,1.18,1.0,-0.1525,19.0,6.67,-0.6489,1.12,1.05,-0.0625,41505.0,35710.0,-0.1396,46486.0,37496.0,-0.1934,34.0,19.0,-0.4412
PALMOLIVE,3211C - SHAMPOO 130-250ML,3211 - SHAMPOO,PERSONAL CARE,1.15,,,62.0,,,1.31,,,29991.0,,,39288.0,,,95.0,,
PANTENE,3211C - SHAMPOO 130-250ML,3211 - SHAMPOO,PERSONAL CARE,1.19,1.19,0.0,255.5,70.0,-0.726,1.16,1.2,0.0345,37666.0,37683.0,0.0005,43693.0,45220.0,0.0349,442.0,175.0,-0.6041
REJOICE,3211C - SHAMPOO 130-250ML,3211 - SHAMPOO,PERSONAL CARE,1.22,1.06,-0.1311,124.5,33.0,-0.7349,1.34,1.22,-0.0896,35902.0,31288.0,-0.1285,48109.0,38171.0,-0.2066,186.0,81.0,-0.5645
RUDY HADISUWARNO,3211C - SHAMPOO 130-250ML,3211 - SHAMPOO,PERSONAL CARE,1.0,,,0.5,,,1.0,,,39900.0,,,39900.0,,,1.0,,
SARIAYU,3211C - SHAMPOO 130-250ML,3211 - SHAMPOO,PERSONAL CARE,1.0,,,0.5,,,1.0,,,24900.0,,,24900.0,,,1.0,,
SELSUN,3211C - SHAMPOO 130-250ML,3211 - SHAMPOO,PERSONAL CARE,1.2,,,12.5,,,1.04,,,55032.0,,,57233.0,,,24.0,,
SERASOFT,3211C - SHAMPOO 130-250ML,3211 - SHAMPOO,PERSONAL CARE,1.08,1.08,0.0,224.0,67.67,-0.6979,1.15,1.17,0.0174,25666.0,25793.0,0.0049,29516.0,30178.0,0.0224,388.0,174.0,-0.5515
SUNSILK,3211C - SHAMPOO 130-250ML,3211 - SHAMPOO,PERSONAL CARE,1.11,1.23,0.1081,179.5,50.0,-0.7214,1.12,1.13,0.0089,29270.0,36836.0,0.2585,32782.0,41625.0,0.2698,320.0,133.0,-0.5844
TRESEMME,3211C - SHAMPOO 130-250ML,3211 - SHAMPOO,PERSONAL CARE,1.06,1.04,-0.0189,39.0,16.33,-0.5813,1.08,1.14,0.0556,44597.0,47759.0,0.0709,48165.0,54445.0,0.1304,72.0,43.0,-0.4028
WONDERLUX,3211C - SHAMPOO 130-250ML,3211 - SHAMPOO,PERSONAL CARE,1.0,,,1.0,,,1.0,,,90000.0,,,90000.0,,,2.0,,
ZINC,3211C - SHAMPOO 130-250ML,3211 - SHAMPOO,PERSONAL CARE,1.12,1.14,0.0179,224.0,95.67,-0.5729,1.1,1.11,0.0091,28553.0,29362.0,0.0283,31408.0,32592.0,0.0377,407.0,258.0,-0.3661
CLEAR,3211D - SHAMPOO 270-450ML,3211 - SHAMPOO,PERSONAL CARE,1.08,1.15,0.0648,43.0,15.67,-0.6356,1.08,1.12,0.037,66581.0,71985.0,0.0812,71907.0,80623.0,0.1212,80.0,42.0,-0.475
DOVE,3211D - SHAMPOO 270-450ML,3211 - SHAMPOO,PERSONAL CARE,3.67,,,6.0,,,1.09,,,272925.0,,,297488.0,,,11.0,,
EMERON,3211D - SHAMPOO 270-450ML,3211 - SHAMPOO,PERSONAL CARE,1.29,,,3.5,,,1.0,,,49014.0,,,49014.0,,,7.0,,
HEAD & SHOULDER,3211D - SHAMPOO 270-450ML,3211 - SHAMPOO,PERSONAL CARE,1.11,1.02,-0.0811,41.0,30.67,-0.252,1.01,1.16,0.1485,73070.0,65977.0,-0.0971,73801.0,76533.0,0.037,81.0,79.0,-0.0247
HERBAL ESSENCES,3211D - SHAMPOO 270-450ML,3211 - SHAMPOO,PERSONAL CARE,1.0,,,0.5,,,1.0,,,90900.0,,,90900.0,,,1.0,,
LAVOJOY,3211D - SHAMPOO 270-450ML,3211 - SHAMPOO,PERSONAL CARE,1.0,,,2.5,,,1.0,,,96480.0,,,96480.0,,,5.0,,
LIFEBUOY,3211D - SHAMPOO 270-450ML,3211 - SHAMPOO,PERSONAL CARE,1.11,1.1,-0.009,23.5,3.33,-0.8583,1.09,1.0,-0.0826,49598.0,51610.0,0.0406,54062.0,51610.0,-0.0454,43.0,10.0,-0.7674
LOREAL,3211D - SHAMPOO 270-450ML,3211 - SHAMPOO,PERSONAL CARE,1.45,,,5.5,,,1.1,,,112182.0,,,123400.0,,,10.0,,
MAKARIZO,3211D - SHAMPOO 270-450ML,3211 - SHAMPOO,PERSONAL CARE,1.14,1.05,-0.0789,11.0,6.33,-0.4245,1.0,1.0,0.0,53559.0,52179.0,-0.0258,53559.0,52179.0,-0.0258,22.0,19.0,-0.1364
NATUR,3211D - SHAMPOO 270-450ML,3211 - SHAMPOO,PERSONAL CARE,1.0,,,1.0,,,1.0,,,52450.0,,,52450.0,,,2.0,,
PANTENE,3211D - SHAMPOO 270-450ML,3211 - SHAMPOO,PERSONAL CARE,1.12,1.08,-0.0357,43.0,26.0,-0.3953,1.15,1.2,0.0435,73407.0,74163.0,0.0103,84418.0,88996.0,0.0542,75.0,65.0,-0.1333
REJOICE,3211D - SHAMPOO 270-450ML,3211 - SHAMPOO,PERSONAL CARE,1.03,1.12,0.0874,31.5,16.0,-0.4921,1.12,1.17,0.0446,57778.0,63000.0,0.0904,64711.0,73710.0,0.1391,56.0,41.0,-0.2679
SERASOFT,3211D - SHAMPOO 270-450ML,3211 - SHAMPOO,PERSONAL CARE,1.04,1.07,0.0288,37.0,23.67,-0.3603,1.12,1.15,0.0268,48801.0,50215.0,0.029,54657.0,57747.0,0.0565,66.0,62.0,-0.0606
SUNSILK,3211D - SHAMPOO 270-450ML,3211 - SHAMPOO,PERSONAL CARE,1.07,1.2,0.1215,93.5,36.33,-0.6114,1.13,1.14,0.0088,50583.0,65063.0,0.2863,57159.0,74172.0,0.2976,165.0,96.0,-0.4182
ZINC,3211D - SHAMPOO 270-450ML,3211 - SHAMPOO,PERSONAL CARE,1.02,1.07,0.049,66.5,37.0,-0.4436,1.11,1.14,0.027,44178.0,46465.0,0.0518,49038.0,52970.0,0.0802,120.0,97.0,-0.1917
CLEAR,3211E - SHAMPOO 450-700ML,3211 - SHAMPOO,PERSONAL CARE,1.05,,,10.5,,,1.31,,,152857.0,,,200243.0,,,16.0,,
DOVE,3211E - SHAMPOO 450-700ML,3211 - SHAMPOO,PERSONAL CARE,1.14,,,11.0,,,1.0,,,121009.0,,,121009.0,,,22.0,,
HEAD & SHOULDER,3211E - SHAMPOO 450-700ML,3211 - SHAMPOO,PERSONAL CARE,1.0,,,0.5,,,1.0,,,113300.0,,,113300.0,,,1.0,,
LIFEBUOY,3211E - SHAMPOO 450-700ML,3211 - SHAMPOO,PERSONAL CARE,1.3,,,16.5,,,1.0,,,95176.0,,,95176.0,,,33.0,,
MUSTIKA RATU,3211E - SHAMPOO 450-700ML,3211 - SHAMPOO,PERSONAL CARE,1.0,,,1.0,,,1.0,,,105900.0,,,105900.0,,,2.0,,
PANTENE,3211E - SHAMPOO 450-700ML,3211 - SHAMPOO,PERSONAL CARE,1.0,,,3.5,,,1.17,,,156000.0,,,182520.0,,,6.0,,
REJOICE,3211E - SHAMPOO 450-700ML,3211 - SHAMPOO,PERSONAL CARE,1.0,,,2.0,,,1.0,,,73650.0,,,73650.0,,,4.0,,
SUNSILK,3211E - SHAMPOO 450-700ML,3211 - SHAMPOO,PERSONAL CARE,1.19,,,10.5,,,1.11,,,99938.0,,,110931.0,,,19.0,,
TRESEMME,3211E - SHAMPOO 450-700ML,3211 - SHAMPOO,PERSONAL CARE,1.38,,,10.5,,,1.11,,,162143.0,,,179979.0,,,19.0,,
ZINC,3211E - SHAMPOO 450-700ML,3211 - SHAMPOO,PERSONAL CARE,1.17,,,6.0,,,1.0,,,72192.0,,,72192.0,,,12.0,,
PANTENE,3213A - CONDITIONER LEAVE ON 30-70ML,3213 - CONDITIONER,PERSONAL CARE,1.41,1.25,-0.1135,52.5,4.0,-0.9238,1.44,1.09,-0.2431,25794.0,22875.0,-0.1132,37143.0,24934.0,-0.3287,73.0,11.0,-0.8493
PANTENE,3213B - CONDITIONER 70-100ML,3213 - CONDITIONER,PERSONAL CARE,1.09,1.04,-0.0459,137.0,23.67,-0.8272,1.19,1.13,-0.0504,21716.0,22835.0,0.0515,25842.0,25804.0,-0.0015,231.0,63.0,-0.7273
CBD,3213C - CONDITIONER 135-250ML,3213 - CONDITIONER,PERSONAL CARE,1.12,,,4.0,,,1.0,,,43738.0,,,43738.0,,,8.0,,
DOVE,3213C - CONDITIONER 135-250ML,3213 - CONDITIONER,PERSONAL CARE,1.0,,,7.5,,,1.07,,,30067.0,,,32172.0,,,14.0,,
LOREAL,3213C - CONDITIONER 135-250ML,3213 - CONDITIONER,PERSONAL CARE,,1.06,,,5.67,,,1.21,,,37188.0,,,44997.0,,,14.0,
MIRANDA,3213C - CONDITIONER 135-250ML,3213 - CONDITIONER,PERSONAL CARE,1.0,,,0.5,,,1.0,,,31900.0,,,31900.0,,,1.0,,
NATUR,3213C - CONDITIONER 135-250ML,3213 - CONDITIONER,PERSONAL CARE,1.0,,,1.5,,,1.0,,,31500.0,,,31500.0,,,3.0,,
PANTENE,3213C - CONDITIONER 135-250ML,3213 - CONDITIONER,PERSONAL CARE,1.1,1.06,-0.0364,93.5,35.67,-0.6185,1.09,1.2,0.1009,36002.0,38157.0,0.0599,39242.0,45788.0,0.1668,171.0,89.0,-0.4795
REJOICE,3213C - CONDITIONER 135-250ML,3213 - CONDITIONER,PERSONAL CARE,1.16,1.11,-0.0431,82.5,25.33,-0.693,1.16,1.13,-0.0259,34339.0,32605.0,-0.0505,39833.0,36844.0,-0.075,142.0,67.0,-0.5282
SUNSILK,3213C - CONDITIONER 135-250ML,3213 - CONDITIONER,PERSONAL CARE,1.08,1.12,0.037,38.0,5.67,-0.8508,1.06,1.0,-0.0566,34734.0,40006.0,0.1518,36818.0,40006.0,0.0866,72.0,17.0,-0.7639
TRESEMME,3213C - CONDITIONER 135-250ML,3213 - CONDITIONER,PERSONAL CARE,1.08,1.07,-0.0093,12.0,4.67,-0.6108,1.04,1.08,0.0385,48967.0,51679.0,0.0554,50926.0,55813.0,0.096,23.0,13.0,-0.4348
DOVE,3213D - CONDITIONER 260-500ML,3213 - CONDITIONER,PERSONAL CARE,1.0,,,1.5,,,1.0,,,71033.0,,,71033.0,,,3.0,,
LOREAL,3213D - CONDITIONER 260-500ML,3213 - CONDITIONER,PERSONAL CARE,1.5,,,2.0,,,1.0,,,121100.0,,,121100.0,,,4.0,,
PANTENE,3213D - CONDITIONER 260-500ML,3213 - CONDITIONER,PERSONAL CARE,1.29,,,3.5,,,1.17,,,78857.0,,,92263.0,,,6.0,,
CBD,3214A - HAIR TONIC,3214 - HAIR TONIC,PERSONAL CARE,1.0,,,0.5,,,1.0,,,51000.0,,,51000.0,,,1.0,,
MAKARIZO,3214A - HAIR TONIC,3214 - HAIR TONIC,PERSONAL CARE,1.0,1.0,0.0,11.0,5.67,-0.4845,1.0,1.06,0.06,37059.0,34929.0,-0.0575,37059.0,37025.0,-0.0009,22.0,16.0,-0.2727
MUSTIKA RATU,3214A - HAIR TONIC,3214 - HAIR TONIC,PERSONAL CARE,1.13,1.0,-0.115,11.5,3.33,-0.7104,1.05,1.0,-0.0476,47200.0,43910.0,-0.0697,49560.0,43910.0,-0.114,22.0,10.0,-0.5455
NATUR,3214A - HAIR TONIC,3214 - HAIR TONIC,PERSONAL CARE,1.0,,,1.5,,,1.0,,,35000.0,,,35000.0,,,3.0,,
RUDY HADISUWARNO,3214A - HAIR TONIC,3214 - HAIR TONIC,PERSONAL CARE,1.0,,,0.5,,,1.0,,,79000.0,,,79000.0,,,1.0,,
BELLAGIO,3215A - HAIR STYLING CREAM,3215 - HAIR STYLING,PERSONAL CARE,1.0,1.05,0.05,13.5,12.33,-0.0867,1.08,1.06,-0.0185,32426.0,35408.0,0.092,35020.0,37532.0,0.0717,25.0,35.0,0.4
GATSBY,3215A - HAIR STYLING CREAM,3215 - HAIR STYLING,PERSONAL CARE,1.01,1.02,0.0099,56.5,41.67,-0.2625,1.1,1.16,0.0545,32100.0,32133.0,0.001,35310.0,37274.0,0.0556,103.0,108.0,0.0485
KAHF,3215A - HAIR STYLING CREAM,3215 - HAIR STYLING,PERSONAL CARE,1.0,1.0,0.0,8.5,5.67,-0.3329,1.06,1.06,0.0,44500.0,45212.0,0.016,47170.0,47925.0,0.016,16.0,16.0,0.0
MORRIS,3215A - HAIR STYLING CREAM,3215 - HAIR STYLING,PERSONAL CARE,1.0,1.0,0.0,7.0,6.67,-0.0471,1.0,1.0,0.0,37114.0,38195.0,0.0291,37114.0,38195.0,0.0291,14.0,20.0,0.4286
SHANTOS,3215A - HAIR STYLING CREAM,3215 - HAIR STYLING,PERSONAL CARE,1.0,1.0,0.0,3.5,1.67,-0.5229,1.17,1.25,0.0684,35557.0,35880.0,0.0091,41602.0,44850.0,0.0781,6.0,4.0,-0.3333
GATSBY,3215B - HAIR STYLING WAX,3215 - HAIR STYLING,PERSONAL CARE,1.0,1.04,0.04,11.0,9.0,-0.1818,1.05,1.08,0.0286,33932.0,36978.0,0.0898,35629.0,39936.0,0.1209,21.0,25.0,0.1905
TRESEMME,3215B - HAIR STYLING WAX,3215 - HAIR STYLING,PERSONAL CARE,1.0,,,1.0,,,1.0,,,150000.0,,,150000.0,,,2.0,,
GATSBY,3215C - HAIR STYLING GEL,3215 - HAIR STYLING,PERSONAL CARE,1.0,1.04,0.04,32.5,24.67,-0.2409,1.05,1.19,0.1333,15765.0,17664.0,0.1205,16553.0,21020.0,0.2699,62.0,62.0,0.0
GATSBY,3215D - HAIR STYLING SPRAY,3215 - HAIR STYLING,PERSONAL CARE,1.0,1.0,0.0,4.0,2.67,-0.3325,1.14,1.0,-0.1228,36638.0,36500.0,-0.0038,41767.0,36500.0,-0.1261,7.0,8.0,0.1429
TANCHO,3216A - HAIR COLOUR POWDER,3216 - HAIR COLOUR,PERSONAL CARE,1.06,1.0,-0.0566,8.5,5.33,-0.3729,1.0,1.0,0.0,25018.0,23900.0,-0.0447,25018.0,23900.0,-0.0447,17.0,16.0,-0.0588
CULTUSIA,3216B - HAIR COLOUR PASTA,3216 - HAIR COLOUR,PERSONAL CARE,1.53,1.45,-0.0523,9.5,6.67,-0.2979,1.19,1.25,0.0504,19279.0,18270.0,-0.0523,22942.0,22838.0,-0.0045,16.0,16.0,0.0
EXCELLO,3216B - HAIR COLOUR PASTA,3216 - HAIR COLOUR,PERSONAL CARE,1.26,1.26,0.0,11.5,9.0,-0.2174,1.15,1.08,-0.0609,14565.0,13993.0,-0.0393,16750.0,15112.0,-0.0978,20.0,25.0,0.25
GARNIER,3216B - HAIR COLOUR PASTA,3216 - HAIR COLOUR,PERSONAL CARE,1.87,1.61,-0.139,193.5,70.0,-0.6382,1.11,1.14,0.027,41757.0,36733.0,-0.1203,46350.0,41876.0,-0.0965,349.0,185.0,-0.4699
MAKARIZO,3216B - HAIR COLOUR PASTA,3216 - HAIR COLOUR,PERSONAL CARE,2.18,1.53,-0.2982,25.0,10.0,-0.6,1.0,1.03,0.03,25312.0,18313.0,-0.2765,25312.0,18862.0,-0.2548,50.0,29.0,-0.42
MIRANDA,3216B - HAIR COLOUR PASTA,3216 - HAIR COLOUR,PERSONAL CARE,1.44,1.2,-0.1667,29.5,21.67,-0.2654,1.02,1.05,0.0294,25512.0,22005.0,-0.1375,26022.0,23105.0,-0.1121,58.0,62.0,0.069
NYU,3216B - HAIR COLOUR PASTA,3216 - HAIR COLOUR,PERSONAL CARE,1.15,1.06,-0.0783,20.5,11.33,-0.4473,1.0,1.06,0.06,25015.0,24647.0,-0.0147,25015.0,26126.0,0.0444,41.0,32.0,-0.2195
SASHA,3216B - HAIR COLOUR PASTA,3216 - HAIR COLOUR,PERSONAL CARE,1.2,2.0,0.6667,2.5,0.67,-0.732,1.0,1.0,0.0,18880.0,28400.0,0.5042,18880.0,28400.0,0.5042,5.0,2.0,-0.6
FELICE,3216C - HAIR COLOUR SHAMPOO,3216 - HAIR COLOUR,PERSONAL CARE,1.17,1.0,-0.1453,3.0,0.67,-0.7767,1.0,2.0,1.0,11667.0,10500.0,-0.1,11667.0,21000.0,0.7999,6.0,1.0,-0.8333
GARNIER,3216C - HAIR COLOUR SHAMPOO,3216 - HAIR COLOUR,PERSONAL CARE,1.16,1.13,-0.0259,24.5,13.0,-0.4694,1.07,1.22,0.1402,24429.0,23867.0,-0.023,26139.0,29118.0,0.114,46.0,32.0,-0.3043
NONI MAGIC,3216C - HAIR COLOUR SHAMPOO,3216 - HAIR COLOUR,PERSONAL CARE,1.27,1.14,-0.1024,7.5,4.67,-0.3773,1.15,1.27,0.1043,32860.0,30000.0,-0.087,37789.0,38100.0,0.0082,13.0,11.0,-0.1538
NYU,3216C - HAIR COLOUR SHAMPOO,3216 - HAIR COLOUR,PERSONAL CARE,1.25,1.23,-0.016,80.0,35.67,-0.5541,1.13,1.2,0.0619,16125.0,16785.0,0.0409,18221.0,20142.0,0.1054,142.0,89.0,-0.3732
CBD,3217A - HAIR MASK,3217 - HAIR MASK,PERSONAL CARE,1.3,1.31,0.0077,50.5,20.67,-0.5907,1.16,1.24,0.069,16388.0,13695.0,-0.1643,19010.0,16982.0,-0.1067,87.0,50.0,-0.4253
ELLIPS,3217A - HAIR MASK,3217 - HAIR MASK,PERSONAL CARE,1.19,,,13.5,,,1.08,,,11463.0,,,12380.0,,,25.0,,
MAKARIZO,3217A - HAIR MASK,3217 - HAIR MASK,PERSONAL CARE,1.37,1.36,-0.0073,146.0,38.33,-0.7375,1.19,1.19,0.0,15356.0,14642.0,-0.0465,18274.0,17424.0,-0.0465,245.0,97.0,-0.6041
SUNSILK,3217A - HAIR MASK,3217 - HAIR MASK,PERSONAL CARE,1.27,1.39,0.0945,15.0,12.0,-0.2,1.11,1.09,-0.018,11273.0,12361.0,0.0965,12513.0,13473.0,0.0767,27.0,33.0,0.2222
TRESEMME,3217A - HAIR MASK,3217 - HAIR MASK,PERSONAL CARE,1.0,1.44,0.44,1.0,16.67,15.67,1.0,1.16,0.16,92750.0,14256.0,-0.8463,92750.0,16537.0,-0.8217,2.0,43.0,20.5
ELLIPS,3218A - HAIR VITAMIN BLISTER,3218 - HAIR VITAMIN,PERSONAL CARE,1.16,1.22,0.0517,70.0,37.0,-0.4714,1.16,1.18,0.0172,20118.0,20976.0,0.0426,23337.0,24752.0,0.0606,121.0,94.0,-0.2231
EMERON,3218A - HAIR VITAMIN BLISTER,3218 - HAIR VITAMIN,PERSONAL CARE,1.14,1.28,0.1228,91.0,22.33,-0.7546,1.21,1.16,-0.0413,12181.0,13991.0,0.1486,14739.0,16230.0,0.1012,150.0,58.0,-0.6133
MAKARIZO,3218A - HAIR VITAMIN BLISTER,3218 - HAIR VITAMIN,PERSONAL CARE,1.12,1.16,0.0357,70.5,16.33,-0.7684,1.21,1.07,-0.1157,15757.0,17108.0,0.0857,19066.0,18306.0,-0.0399,117.0,46.0,-0.6068
CBD,3218B - HAIR VITAMIN BOTTLE,3218 - HAIR VITAMIN,PERSONAL CARE,1.0,,,1.0,,,1.0,,,54950.0,,,54950.0,,,2.0,,
ELLIPS,3218B - HAIR VITAMIN BOTTLE,3218 - HAIR VITAMIN,PERSONAL CARE,1.06,1.06,0.0,16.0,11.0,-0.3125,1.0,1.0,0.0,32741.0,34288.0,0.0472,32741.0,34288.0,0.0472,32.0,33.0,0.0312
HAIR ENERGY,3218B - HAIR VITAMIN BOTTLE,3218 - HAIR VITAMIN,PERSONAL CARE,1.0,,,0.5,,,1.0,,,43000.0,,,43000.0,,,1.0,,
LOREAL,3218B - HAIR VITAMIN BOTTLE,3218 - HAIR VITAMIN,PERSONAL CARE,1.12,1.0,-0.1071,4.0,0.33,-0.9175,1.0,1.0,0.0,78100.0,59500.0,-0.2382,78100.0,59500.0,-0.2382,8.0,1.0,-0.875
MAKARIZO,3218B - HAIR VITAMIN BOTTLE,3218 - HAIR VITAMIN,PERSONAL CARE,1.02,1.03,0.0098,29.5,29.0,-0.0169,1.05,1.04,-0.0095,32381.0,32876.0,0.0153,34000.0,34191.0,0.0056,56.0,84.0,0.5
ONYX,3218B - HAIR VITAMIN BOTTLE,3218 - HAIR VITAMIN,PERSONAL CARE,1.0,1.18,0.18,16.0,3.67,-0.7706,1.0,1.1,0.1,39188.0,52891.0,0.3497,39188.0,58180.0,0.4846,32.0,10.0,-0.6875
PINKBERRY,3218B - HAIR VITAMIN BOTTLE,3218 - HAIR VITAMIN,PERSONAL CARE,1.06,1.04,-0.0189,8.0,7.67,-0.0413,1.07,1.1,0.028,28519.0,28470.0,-0.0017,30515.0,31317.0,0.0263,15.0,21.0,0.4
SUNSILK,3218B - HAIR VITAMIN BOTTLE,3218 - HAIR VITAMIN,PERSONAL CARE,1.02,1.12,0.098,26.5,5.67,-0.786,1.04,1.0,-0.0385,36883.0,44765.0,0.2137,38358.0,44765.0,0.167,51.0,17.0,-0.6667
TRESEMME,3218B - HAIR VITAMIN BOTTLE,3218 - HAIR VITAMIN,PERSONAL CARE,1.0,,,1.0,,,1.0,,,160000.0,,,160000.0,,,2.0,,
WONDERLUX,3218B - HAIR VITAMIN BOTTLE,3218 - HAIR VITAMIN,PERSONAL CARE,1.0,,,0.5,,,1.0,,,169200.0,,,169200.0,,,1.0,,
BEE BRAND,3221A - BEAUTY BAR SOAP,3221 - BAR SOAP,PERSONAL CARE,2.25,,,2.0,,,1.0,,,22125.0,,,22125.0,,,4.0,,
HARMONY,3221A - BEAUTY BAR SOAP,3221 - BAR SOAP,PERSONAL CARE,1.93,1.92,-0.0052,224.0,96.33,-0.57,1.2,1.25,0.0417,6506.0,7117.0,0.0939,7807.0,8896.0,0.1395,372.0,231.0,-0.379
SHINZU'I,3221A - BEAUTY BAR SOAP,3221 - BAR SOAP,PERSONAL CARE,1.24,1.18,-0.0484,99.0,55.67,-0.4377,1.13,1.25,0.1062,8009.0,7655.0,-0.0442,9050.0,9569.0,0.0573,175.0,134.0,-0.2343
ASEPSO,3221B - HEALTHY BAR SOAP,3221 - BAR SOAP,PERSONAL CARE,1.08,1.3,0.2037,36.0,12.33,-0.6575,1.06,1.09,0.0283,13544.0,16138.0,0.1915,14357.0,17590.0,0.2252,68.0,34.0,-0.5
DETTOL,3221B - HEALTHY BAR SOAP,3221 - BAR SOAP,PERSONAL CARE,1.38,1.4,0.0145,36.0,33.67,-0.0647,1.09,1.16,0.0642,14364.0,14115.0,-0.0173,15657.0,16373.0,0.0457,66.0,87.0,0.3182
JF SULFUR,3221B - HEALTHY BAR SOAP,3221 - BAR SOAP,PERSONAL CARE,1.35,1.19,-0.1185,21.5,17.33,-0.194,1.19,1.37,0.1513,25570.0,22656.0,-0.114,30428.0,31039.0,0.0201,36.0,38.0,0.0556
LIFEBUOY,3221B - HEALTHY BAR SOAP,3221 - BAR SOAP,PERSONAL CARE,1.44,1.08,-0.25,49.5,13.0,-0.7374,1.03,1.03,0.0,11513.0,8521.0,-0.2599,11858.0,8777.0,-0.2598,96.0,38.0,-0.6042
OILUM,3221B - HEALTHY BAR SOAP,3221 - BAR SOAP,PERSONAL CARE,1.0,,,1.5,,,1.0,,,26500.0,,,26500.0,,,3.0,,
GIV,3221D - BEAUTY BAR SOAP BANDED,3221 - BAR SOAP,PERSONAL CARE,1.13,1.21,0.0708,164.0,47.0,-0.7134,1.13,1.12,-0.0088,15207.0,15584.0,0.0248,17184.0,17454.0,0.0157,289.0,126.0,-0.564
LUX,3221D - BEAUTY BAR SOAP BANDED,3221 - BAR SOAP,PERSONAL CARE,1.02,1.05,0.0294,26.0,13.67,-0.4742,1.04,1.05,0.0096,17608.0,19107.0,0.0851,18312.0,20062.0,0.0956,50.0,39.0,-0.22
SHINZU'I,3221D - BEAUTY BAR SOAP BANDED,3221 - BAR SOAP,PERSONAL CARE,1.02,1.07,0.049,66.0,35.33,-0.4647,1.14,1.18,0.0351,20283.0,20641.0,0.0177,23123.0,24356.0,0.0533,116.0,90.0,-0.2241
ASEPSO,3221E - HEALTHY BAR SOAP BANDED,3221 - BAR SOAP,PERSONAL CARE,1.0,,,3.5,,,1.0,,,29200.0,,,29200.0,,,7.0,,
DETTOL,3221E - HEALTHY BAR SOAP BANDED,3221 - BAR SOAP,PERSONAL CARE,1.06,1.04,-0.0189,36.0,16.33,-0.5464,1.18,1.07,-0.0932,28111.0,27804.0,-0.0109,33171.0,29750.0,-0.1031,61.0,46.0,-0.2459
LIFEBUOY,3221E - HEALTHY BAR SOAP BANDED,3221 - BAR SOAP,PERSONAL CARE,1.11,1.11,0.0,110.5,54.67,-0.5052,1.12,1.17,0.0446,23402.0,24133.0,0.0312,26210.0,28236.0,0.0773,197.0,140.0,-0.2893
NUVO,3221E - HEALTHY BAR SOAP BANDED,3221 - BAR SOAP,PERSONAL CARE,1.11,1.08,-0.027,104.5,71.33,-0.3174,1.11,1.17,0.0541,22281.0,20526.0,-0.0788,24732.0,24015.0,-0.029,188.0,183.0,-0.0266
ZEN,3221E - HEALTHY BAR SOAP BANDED,3221 - BAR SOAP,PERSONAL CARE,1.13,1.16,0.0265,127.0,46.67,-0.6325,1.17,1.15,-0.0171,17578.0,17941.0,0.0207,20566.0,20632.0,0.0032,218.0,122.0,-0.4404
BIORE,3222B - BEAUTY LIQUID SOAP BTL 100-250ML,3222 - BEAUTY LIQUID SOAP,PERSONAL CARE,1.01,1.0,-0.0099,44.0,18.67,-0.5757,1.01,1.04,0.0297,14315.0,14639.0,0.0226,14458.0,15225.0,0.0531,87.0,54.0,-0.3793
EARTH LOVE LIFE,3222B - BEAUTY LIQUID SOAP BTL 100-250ML,3222 - BEAUTY LIQUID SOAP,PERSONAL CARE,1.0,,,0.5,,,1.0,,,65000.0,,,65000.0,,,1.0,,
LERVIA,3222B - BEAUTY LIQUID SOAP BTL 100-250ML,3222 - BEAUTY LIQUID SOAP,PERSONAL CARE,1.07,1.0,-0.0654,52.0,11.67,-0.7756,1.08,1.03,-0.0463,25607.0,23969.0,-0.064,27656.0,24688.0,-0.1073,96.0,34.0,-0.6458
LUX,3222B - BEAUTY LIQUID SOAP BTL 100-250ML,3222 - BEAUTY LIQUID SOAP,PERSONAL CARE,1.0,,,16.0,,,1.03,,,18266.0,,,18814.0,,,31.0,,
AVEENO,3222D - BEAUTY LIQUID SOAP 300-600ML,3222 - BEAUTY LIQUID SOAP,PERSONAL CARE,1.0,,,0.5,,,1.0,,,159900.0,,,159900.0,,,1.0,,
BIORE,3222D - BEAUTY LIQUID SOAP 300-600ML,3222 - BEAUTY LIQUID SOAP,PERSONAL CARE,1.27,1.65,0.2992,137.5,47.0,-0.6582,1.09,1.14,0.0459,33160.0,42655.0,0.2863,36144.0,48627.0,0.3454,252.0,124.0,-0.5079
DOVE,3222D - BEAUTY LIQUID SOAP 300-600ML,3222 - BEAUTY LIQUID SOAP,PERSONAL CARE,1.22,1.0,-0.1803,43.0,18.0,-0.5814,1.12,1.2,0.0714,47298.0,34935.0,-0.2614,52974.0,41922.0,-0.2086,77.0,45.0,-0.4156
FRES & NATURAL,3222D - BEAUTY LIQUID SOAP 300-600ML,3222 - BEAUTY LIQUID SOAP,PERSONAL CARE,1.45,1.29,-0.1103,302.0,87.33,-0.7108,1.18,1.15,-0.0254,31644.0,25902.0,-0.1815,37340.0,29787.0,-0.2023,510.0,227.0,-0.5549
GIV,3222D - BEAUTY LIQUID SOAP 300-600ML,3222 - BEAUTY LIQUID SOAP,PERSONAL CARE,1.28,1.32,0.0313,507.0,176.0,-0.6529,1.15,1.25,0.087,27909.0,26378.0,-0.0549,32095.0,32972.0,0.0273,878.0,424.0,-0.5171
GLOW&LOVELY,3222D - BEAUTY LIQUID SOAP 300-600ML,3222 - BEAUTY LIQUID SOAP,PERSONAL CARE,1.1,,,26.0,,,1.08,,,23337.0,,,25204.0,,,48.0,,
GRACE AND GLOW,3222D - BEAUTY LIQUID SOAP 300-600ML,3222 - BEAUTY LIQUID SOAP,PERSONAL CARE,1.0,,,0.5,,,1.0,,,55000.0,,,55000.0,,,1.0,,
K NATURAL,3222D - BEAUTY LIQUID SOAP 300-600ML,3222 - BEAUTY LIQUID SOAP,PERSONAL CARE,1.22,1.23,0.0082,255.5,40.67,-0.8408,1.11,1.09,-0.018,28588.0,28672.0,0.0029,31733.0,31252.0,-0.0152,459.0,112.0,-0.756
LERVIA,3222D - BEAUTY LIQUID SOAP 300-600ML,3222 - BEAUTY LIQUID SOAP,PERSONAL CARE,1.22,1.23,0.0082,110.5,63.67,-0.4238,1.15,1.2,0.0435,30798.0,30889.0,0.003,35418.0,37067.0,0.0466,193.0,159.0,-0.1762
LUX,3222D - BEAUTY LIQUID SOAP 300-600ML,3222 - BEAUTY LIQUID SOAP,PERSONAL CARE,1.12,1.13,0.0089,116.0,28.0,-0.7586,1.19,1.17,-0.0168,32064.0,29523.0,-0.0792,38156.0,34542.0,-0.0947,195.0,72.0,-0.6308
NAEEM,3222D - BEAUTY LIQUID SOAP 300-600ML,3222 - BEAUTY LIQUID SOAP,PERSONAL CARE,1.13,1.18,0.0442,115.0,30.0,-0.7391,1.1,1.12,0.0182,27521.0,21480.0,-0.2195,30273.0,24058.0,-0.2053,209.0,80.0,-0.6172
PALMOLIVE,3222D - BEAUTY LIQUID SOAP 300-600ML,3222 - BEAUTY LIQUID SOAP,PERSONAL CARE,1.83,,,3.0,,,1.0,,,63333.0,,,63333.0,,,6.0,,
SHINZU'I,3222D - BEAUTY LIQUID SOAP 300-600ML,3222 - BEAUTY LIQUID SOAP,PERSONAL CARE,1.93,2.0,0.0363,152.0,73.67,-0.5153,1.41,1.31,-0.0709,53054.0,54943.0,0.0356,74806.0,71975.0,-0.0378,216.0,169.0,-0.2176
WHITE GARDEN,3222D - BEAUTY LIQUID SOAP 300-600ML,3222 - BEAUTY LIQUID SOAP,PERSONAL CARE,1.5,,,1.0,,,1.0,,,97500.0,,,97500.0,,,2.0,,
BIORE,3222E - BEAUTY LIQUID SOAP 700 - 1000ML,3222 - BEAUTY LIQUID SOAP,PERSONAL CARE,1.05,1.21,0.1524,20.5,30.67,0.4961,1.05,1.11,0.0571,45993.0,52835.0,0.1488,48293.0,58647.0,0.2144,39.0,83.0,1.1282
GIV,3222E - BEAUTY LIQUID SOAP 700 - 1000ML,3222 - BEAUTY LIQUID SOAP,PERSONAL CARE,1.2,1.07,-0.1083,51.0,40.33,-0.2092,1.09,1.16,0.0642,49001.0,44981.0,-0.082,53411.0,52178.0,-0.0231,94.0,104.0,0.1064
GLOW&LOVELY,3222E - BEAUTY LIQUID SOAP 700 - 1000ML,3222 - BEAUTY LIQUID SOAP,PERSONAL CARE,1.4,,,5.0,,,1.43,,,56630.0,,,80981.0,,,7.0,,
LUX,3222E - BEAUTY LIQUID SOAP 700 - 1000ML,3222 - BEAUTY LIQUID SOAP,PERSONAL CARE,1.2,1.22,0.0167,24.5,18.33,-0.2518,1.09,1.12,0.0275,58502.0,59673.0,0.02,63767.0,66834.0,0.0481,45.0,49.0,0.0889
MUTOUCH,3222E - BEAUTY LIQUID SOAP 700 - 1000ML,3222 - BEAUTY LIQUID SOAP,PERSONAL CARE,1.0,,,0.5,,,1.0,,,56000.0,,,56000.0,,,1.0,,
SHINZU'I,3222E - BEAUTY LIQUID SOAP 700 - 1000ML,3222 - BEAUTY LIQUID SOAP,PERSONAL CARE,1.24,1.09,-0.121,33.5,24.67,-0.2636,1.06,1.12,0.0566,55942.0,52611.0,-0.0595,59299.0,58924.0,-0.0063,63.0,66.0,0.0476
BIORE,3222F - BEAUTY LIQUID SOAP PUMP,3222 - BEAUTY LIQUID SOAP,PERSONAL CARE,1.0,,,0.5,,,1.0,,,76900.0,,,76900.0,,,1.0,,
DOVE,3222F - BEAUTY LIQUID SOAP PUMP,3222 - BEAUTY LIQUID SOAP,PERSONAL CARE,2.57,,,7.0,,,1.08,,,264550.0,,,285714.0,,,13.0,,
GLOW&LOVELY,3222F - BEAUTY LIQUID SOAP PUMP,3222 - BEAUTY LIQUID SOAP,PERSONAL CARE,1.0,,,3.5,,,1.0,,,43071.0,,,43071.0,,,7.0,,
PALMOLIVE,3222F - BEAUTY LIQUID SOAP PUMP,3222 - BEAUTY LIQUID SOAP,PERSONAL CARE,1.0,,,2.5,,,1.0,,,97840.0,,,97840.0,,,5.0,,
SHINZU'I,3222F - BEAUTY LIQUID SOAP PUMP,3222 - BEAUTY LIQUID SOAP,PERSONAL CARE,1.0,1.33,0.33,6.0,5.0,-0.1667,1.0,1.0,0.0,55825.0,74493.0,0.3344,55825.0,74493.0,0.3344,12.0,15.0,0.25
BIORE,3223B - HEALTHY LIQUID SOAP BTL 100-250ML,3223 - HEALTHY LIQUID SOAP,PERSONAL CARE,1.08,1.02,-0.0556,20.0,16.33,-0.1835,1.0,1.02,0.02,15575.0,14708.0,-0.0557,15575.0,15002.0,-0.0368,40.0,48.0,0.2
LIFEBUOY,3223B - HEALTHY LIQUID SOAP BTL 100-250ML,3223 - HEALTHY LIQUID SOAP,PERSONAL CARE,1.07,1.03,-0.0374,29.0,10.67,-0.6321,1.02,1.03,0.0098,19171.0,19931.0,0.0396,19554.0,20529.0,0.0499,57.0,31.0,-0.4561
ALFAMART,3223D - HEALTHY LIQUID SOAP 300-600ML,3223 - HEALTHY LIQUID SOAP,PERSONAL CARE,1.25,1.19,-0.048,159.0,58.33,-0.6331,1.15,1.12,-0.0261,16119.0,15169.0,-0.0589,18537.0,16989.0,-0.0835,276.0,156.0,-0.4348
BIORE,3223D - HEALTHY LIQUID SOAP 300-600ML,3223 - HEALTHY LIQUID SOAP,PERSONAL CARE,1.22,1.15,-0.0574,80.5,18.33,-0.7723,1.15,1.12,-0.0261,32177.0,30713.0,-0.0455,37004.0,34399.0,-0.0704,140.0,49.0,-0.65
DETTOL,3223D - HEALTHY LIQUID SOAP 300-600ML,3223 - HEALTHY LIQUID SOAP,PERSONAL CARE,1.18,1.15,-0.0254,93.5,15.33,-0.836,1.16,1.15,-0.0086,39622.0,40983.0,0.0343,45962.0,47130.0,0.0254,161.0,40.0,-0.7516
LIFEBUOY,3223D - HEALTHY LIQUID SOAP 300-600ML,3223 - HEALTHY LIQUID SOAP,PERSONAL CARE,1.28,1.82,0.4219,341.5,122.33,-0.6418,1.15,1.28,0.113,36589.0,47495.0,0.2981,42077.0,60794.0,0.4448,595.0,286.0,-0.5193
NUVO,3223D - HEALTHY LIQUID SOAP 300-600ML,3223 - HEALTHY LIQUID SOAP,PERSONAL CARE,1.4,1.52,0.0857,679.5,236.33,-0.6522,1.21,1.28,0.0579,30499.0,30548.0,0.0016,36904.0,39101.0,0.0595,1121.0,554.0,-0.5058
PROGUARD,3223D - HEALTHY LIQUID SOAP 300-600ML,3223 - HEALTHY LIQUID SOAP,PERSONAL CARE,1.5,,,50.5,,,1.05,,,36690.0,,,38524.0,,,96.0,,
ZEN,3223D - HEALTHY LIQUID SOAP 300-600ML,3223 - HEALTHY LIQUID SOAP,PERSONAL CARE,1.24,1.17,-0.0565,112.5,32.67,-0.7096,1.17,1.14,-0.0256,32056.0,28163.0,-0.1214,37506.0,32106.0,-0.144,193.0,86.0,-0.5544
BETADINE,3223E - ANTISEPTIC LIQUID,3223 - HEALTHY LIQUID SOAP,PERSONAL CARE,1.5,,,1.0,,,1.0,,,64350.0,,,64350.0,,,2.0,,
DETTOL,3223E - ANTISEPTIC LIQUID,3223 - HEALTHY LIQUID SOAP,PERSONAL CARE,1.01,1.06,0.0495,36.0,11.33,-0.6853,1.06,1.1,0.0377,41446.0,48141.0,0.1615,43933.0,52955.0,0.2054,68.0,31.0,-0.5441
DETTOL,3223F - HEALTHY LIQUID SOAP PUMP,3223 - HEALTHY LIQUID SOAP,PERSONAL CARE,1.0,,,2.5,,,1.0,,,71800.0,,,71800.0,,,5.0,,
LIFEBUOY,3223F - HEALTHY LIQUID SOAP PUMP,3223 - HEALTHY LIQUID SOAP,PERSONAL CARE,1.0,1.0,0.0,6.5,3.0,-0.5385,1.0,1.0,0.0,59077.0,53622.0,-0.0923,59077.0,53622.0,-0.0923,13.0,9.0,-0.3077
BIORE,3223G - HEALTHY LIQUID SOAP 700 - 1000ML,3223 - HEALTHY LIQUID SOAP,PERSONAL CARE,1.19,1.08,-0.0924,33.5,21.33,-0.3633,1.06,1.16,0.0943,52060.0,47262.0,-0.0922,55184.0,54824.0,-0.0065,63.0,55.0,-0.127
LIFEBUOY,3223G - HEALTHY LIQUID SOAP 700 - 1000ML,3223 - HEALTHY LIQUID SOAP,PERSONAL CARE,1.33,1.26,-0.0526,107.5,45.67,-0.5752,1.09,1.14,0.0459,64891.0,61834.0,-0.0471,70731.0,70491.0,-0.0034,197.0,120.0,-0.3909
NUVO,3223G - HEALTHY LIQUID SOAP 700 - 1000ML,3223 - HEALTHY LIQUID SOAP,PERSONAL CARE,1.23,1.19,-0.0325,220.5,94.0,-0.5737,1.21,1.19,-0.0165,50435.0,49050.0,-0.0275,61026.0,58370.0,-0.0435,363.0,237.0,-0.3471
ZEN,3223G - HEALTHY LIQUID SOAP 700 - 1000ML,3223 - HEALTHY LIQUID SOAP,PERSONAL CARE,1.31,1.04,-0.2061,8.0,9.0,0.125,1.14,1.04,-0.0877,51312.0,48637.0,-0.0521,58496.0,50582.0,-0.1353,14.0,26.0,0.8571
BETADINE,3224A - FEMININ HYGIENE SOAP,3224 - FEMININ HYGIENE,PERSONAL CARE,1.0,,,2.0,,,1.0,,,46200.0,,,46200.0,,,4.0,,
LACTACYD,3224A - FEMININ HYGIENE SOAP,3224 - FEMININ HYGIENE,PERSONAL CARE,1.03,1.0,-0.0291,18.0,5.0,-0.7222,1.12,1.07,-0.0446,38025.0,37060.0,-0.0254,42588.0,39654.0,-0.0689,32.0,14.0,-0.5625
PURBASARI,3224A - FEMININ HYGIENE SOAP,3224 - FEMININ HYGIENE,PERSONAL CARE,1.06,1.1,0.0377,34.5,17.33,-0.4977,1.17,1.11,-0.0513,10314.0,13410.0,0.3002,12067.0,14885.0,0.2335,59.0,47.0,-0.2034
RESIK-V,3224A - FEMININ HYGIENE SOAP,3224 - FEMININ HYGIENE,PERSONAL CARE,1.03,1.0,-0.0291,52.0,15.67,-0.6987,1.08,1.12,0.037,20161.0,19100.0,-0.0526,21774.0,21392.0,-0.0175,96.0,42.0,-0.5625
SECRET CLEAN,3224A - FEMININ HYGIENE SOAP,3224 - FEMININ HYGIENE,PERSONAL CARE,1.04,1.0,-0.0385,13.0,1.0,-0.9231,1.04,1.0,-0.0385,22912.0,24800.0,0.0824,23828.0,24800.0,0.0408,25.0,3.0,-0.88
SUMBER AYU,3224A - FEMININ HYGIENE SOAP,3224 - FEMININ HYGIENE,PERSONAL CARE,1.0,1.0,0.0,31.0,18.33,-0.4087,1.03,1.06,0.0291,27302.0,23345.0,-0.1449,28121.0,24746.0,-0.12,60.0,52.0,-0.1333
ALFAMART,3225A - HAND SOAP BOTTLE,3225 - HAND SOAP,PERSONAL CARE,1.06,1.0,-0.0566,17.5,6.0,-0.6571,1.03,1.0,-0.0291,17906.0,16817.0,-0.0608,18443.0,16817.0,-0.0882,34.0,18.0,-0.4706
BIORE,3225A - HAND SOAP BOTTLE,3225 - HAND SOAP,PERSONAL CARE,1.0,,,0.5,,,1.0,,,26000.0,,,26000.0,,,1.0,,
LIFEBUOY,3225A - HAND SOAP BOTTLE,3225 - HAND SOAP,PERSONAL CARE,1.0,1.0,0.0,5.5,2.33,-0.5764,1.0,1.0,0.0,23773.0,23843.0,0.0029,23773.0,23843.0,0.0029,11.0,7.0,-0.3636
SOUJI,3225A - HAND SOAP BOTTLE,3225 - HAND SOAP,PERSONAL CARE,1.09,1.0,-0.0826,11.0,4.0,-0.6364,1.0,1.0,0.0,23482.0,21733.0,-0.0745,23482.0,21733.0,-0.0745,22.0,12.0,-0.4545
YURI,3225A - HAND SOAP BOTTLE,3225 - HAND SOAP,PERSONAL CARE,5.75,,,2.0,,,1.0,,,177100.0,,,177100.0,,,4.0,,
ALFAMART,3225B - HAND SOAP REFFIL,3225 - HAND SOAP,PERSONAL CARE,1.58,1.33,-0.1582,246.0,68.33,-0.7222,1.26,1.21,-0.0397,13525.0,11405.0,-0.1567,17042.0,13800.0,-0.1902,392.0,169.0,-0.5689
BAGUS,3225B - HAND SOAP REFFIL,3225 - HAND SOAP,PERSONAL CARE,1.2,,,20.0,,,1.18,,,18065.0,,,21317.0,,,34.0,,
BIODEF,3225B - HAND SOAP REFFIL,3225 - HAND SOAP,PERSONAL CARE,2.0,,,0.5,,,1.0,,,30000.0,,,30000.0,,,1.0,,
PROKLEEN,3225B - HAND SOAP REFFIL,3225 - HAND SOAP,PERSONAL CARE,1.33,,,7.5,,,1.07,,,25627.0,,,27421.0,,,14.0,,
SOUJI,3225B - HAND SOAP REFFIL,3225 - HAND SOAP,PERSONAL CARE,1.3,1.35,0.0385,84.0,24.67,-0.7063,1.18,1.12,-0.0508,15120.0,16041.0,0.0609,17842.0,17966.0,0.0069,142.0,66.0,-0.5352
SPUME,3225B - HAND SOAP REFFIL,3225 - HAND SOAP,PERSONAL CARE,1.11,,,4.5,,,1.29,,,64444.0,,,83133.0,,,7.0,,
YURI,3225B - HAND SOAP REFFIL,3225 - HAND SOAP,PERSONAL CARE,1.53,1.62,0.0588,16.0,8.67,-0.4581,1.14,1.62,0.4211,48084.0,37312.0,-0.224,54816.0,60445.0,0.1027,28.0,16.0,-0.4286
KAHF,3226A - MEN SOAP BOTTLE,3226 - MEN SOAP,PERSONAL CARE,1.0,,,1.5,,,1.0,,,26967.0,,,26967.0,,,3.0,,
CASABLANCA,3231A - WOMEN DEO ROLL ON,3231 - WOMEN DEO,PERSONAL CARE,1.13,1.09,-0.0354,63.5,56.67,-0.1076,1.11,1.26,0.1351,17828.0,17126.0,-0.0394,19789.0,21579.0,0.0905,114.0,135.0,0.1842
DOVE,3231A - WOMEN DEO ROLL ON,3231 - WOMEN DEO,PERSONAL CARE,1.01,1.0,-0.0099,42.0,13.33,-0.6826,1.0,1.08,0.08,28327.0,27900.0,-0.0151,28327.0,30132.0,0.0637,84.0,37.0,-0.5595
EVANGELINE,3231A - WOMEN DEO ROLL ON,3231 - WOMEN DEO,PERSONAL CARE,1.05,,,10.0,,,1.05,,,16345.0,,,17162.0,,,19.0,,
NIVEA,3231A - WOMEN DEO ROLL ON,3231 - WOMEN DEO,PERSONAL CARE,1.07,1.01,-0.0561,148.0,48.0,-0.6757,1.08,1.11,0.0278,30001.0,28476.0,-0.0508,32401.0,31608.0,-0.0245,275.0,130.0,-0.5273
POSH,3231A - WOMEN DEO ROLL ON,3231 - WOMEN DEO,PERSONAL CARE,1.37,1.17,-0.146,235.5,97.0,-0.5881,1.11,1.18,0.0631,23369.0,19989.0,-0.1446,25940.0,23587.0,-0.0907,425.0,246.0,-0.4212
REXONA,3231A - WOMEN DEO ROLL ON,3231 - WOMEN DEO,PERSONAL CARE,1.14,1.12,-0.0175,294.5,96.0,-0.674,1.11,1.12,0.009,23145.0,23819.0,0.0291,25691.0,26677.0,0.0384,533.0,257.0,-0.5178
LADY SPEED,3231B - WOMEN DEO STICK,3231 - WOMEN DEO,PERSONAL CARE,1.4,,,2.5,,,1.25,,,56840.0,,,71050.0,,,4.0,,
PIXY,3231B - WOMEN DEO STICK,3231 - WOMEN DEO,PERSONAL CARE,1.25,,,10.0,,,1.0,,,16320.0,,,16320.0,,,20.0,,
REXONA,3231B - WOMEN DEO STICK,3231 - WOMEN DEO,PERSONAL CARE,,1.0,,,2.67,,,1.0,,,29500.0,,,29500.0,,,8.0,
DEOREX,3231C - WOMEN DEO AEROSOL,3231 - WOMEN DEO,PERSONAL CARE,1.0,,,2.5,,,1.0,,,63900.0,,,63900.0,,,5.0,,
BELLAGIO,3232A - WOMEN PARFUME & EDT,3232 - WOMEN PARFUME & EDT,PERSONAL CARE,,1.0,,,3.67,,,1.22,,,36536.0,,,44574.0,,,9.0,
BIZARRE,3232A - WOMEN PARFUME & EDT,3232 - WOMEN PARFUME & EDT,PERSONAL CARE,1.0,1.0,0.0,3.5,1.67,-0.5229,1.0,1.0,0.0,39900.0,40020.0,0.003,39900.0,40020.0,0.003,7.0,5.0,-0.2857
BONAVIE,3232A - WOMEN PARFUME & EDT,3232 - WOMEN PARFUME & EDT,PERSONAL CARE,2.0,,,0.5,,,1.0,,,116800.0,,,116800.0,,,1.0,,
CASABLANCA,3232A - WOMEN PARFUME & EDT,3232 - WOMEN PARFUME & EDT,PERSONAL CARE,1.03,1.02,-0.0097,14.5,13.67,-0.0572,1.0,1.02,0.02,29793.0,28580.0,-0.0407,29793.0,29152.0,-0.0215,29.0,40.0,0.3793
ESKULIN,3232A - WOMEN PARFUME & EDT,3232 - WOMEN PARFUME & EDT,PERSONAL CARE,,1.07,,,14.67,,,1.02,,,33573.0,,,34244.0,,,43.0,
EVANGELINE,3232A - WOMEN PARFUME & EDT,3232 - WOMEN PARFUME & EDT,PERSONAL CARE,1.03,1.05,0.0194,64.0,37.0,-0.4219,1.08,1.18,0.0926,42858.0,43747.0,0.0207,46287.0,51621.0,0.1152,119.0,94.0,-0.2101
EVERSENSE,3232A - WOMEN PARFUME & EDT,3232 - WOMEN PARFUME & EDT,PERSONAL CARE,1.0,1.0,0.0,12.5,11.67,-0.0664,1.09,1.13,0.0367,47564.0,48883.0,0.0277,51845.0,55238.0,0.0654,23.0,31.0,0.3478
FRES & NATURAL,3232A - WOMEN PARFUME & EDT,3232 - WOMEN PARFUME & EDT,PERSONAL CARE,1.05,1.0,-0.0476,10.5,5.33,-0.4924,1.05,1.0,-0.0476,32114.0,30500.0,-0.0503,33720.0,30500.0,-0.0955,20.0,16.0,-0.2
IMPLORA,3232A - WOMEN PARFUME & EDT,3232 - WOMEN PARFUME & EDT,PERSONAL CARE,1.0,,,2.5,,,1.0,,,29780.0,,,29780.0,,,5.0,,
LILITH&EVE,3232A - WOMEN PARFUME & EDT,3232 - WOMEN PARFUME & EDT,PERSONAL CARE,1.0,,,0.5,,,1.0,,,76800.0,,,76800.0,,,1.0,,
MARINA,3232A - WOMEN PARFUME & EDT,3232 - WOMEN PARFUME & EDT,PERSONAL CARE,1.0,1.0,0.0,27.5,7.67,-0.7211,1.06,1.05,-0.0094,29625.0,27848.0,-0.06,31402.0,29240.0,-0.0688,52.0,22.0,-0.5769
MORRIS,3232A - WOMEN PARFUME & EDT,3232 - WOMEN PARFUME & EDT,PERSONAL CARE,1.03,1.04,0.0097,19.5,8.33,-0.5728,1.0,1.04,0.04,44182.0,44904.0,0.0163,44182.0,46700.0,0.057,39.0,24.0,-0.3846
NCO,3232A - WOMEN PARFUME & EDT,3232 - WOMEN PARFUME & EDT,PERSONAL CARE,,1.0,,,12.0,,,1.09,,,39500.0,,,43055.0,,,33.0,
PINKBERRY,3232A - WOMEN PARFUME & EDT,3232 - WOMEN PARFUME & EDT,PERSONAL CARE,1.03,1.08,0.0485,14.5,12.33,-0.1497,1.0,1.12,0.12,45669.0,42000.0,-0.0803,45669.0,47040.0,0.03,29.0,33.0,0.1379
PUCELLE,3232A - WOMEN PARFUME & EDT,3232 - WOMEN PARFUME & EDT,PERSONAL CARE,1.0,1.05,0.05,39.0,14.0,-0.641,1.07,1.05,-0.0187,35873.0,40986.0,0.1425,38384.0,43035.0,0.1212,73.0,40.0,-0.4521
REGAZZA,3232A - WOMEN PARFUME & EDT,3232 - WOMEN PARFUME & EDT,PERSONAL CARE,1.02,1.03,0.0098,27.5,20.67,-0.2484,1.02,1.07,0.049,34755.0,33006.0,-0.0503,35450.0,35316.0,-0.0038,54.0,58.0,0.0741
SCARLETT,3232A - WOMEN PARFUME & EDT,3232 - WOMEN PARFUME & EDT,PERSONAL CARE,1.07,1.05,-0.0187,62.5,30.33,-0.5147,1.14,1.15,0.0088,64453.0,63305.0,-0.0178,73476.0,72801.0,-0.0092,110.0,79.0,-0.2818
VITALIS,3232A - WOMEN PARFUME & EDT,3232 - WOMEN PARFUME & EDT,PERSONAL CARE,1.0,1.03,0.03,17.0,20.67,0.2159,1.03,1.05,0.0194,45303.0,36953.0,-0.1843,46662.0,38801.0,-0.1685,33.0,59.0,0.7879
VIVELLE,3232A - WOMEN PARFUME & EDT,3232 - WOMEN PARFUME & EDT,PERSONAL CARE,1.0,,,1.5,,,1.0,,,30500.0,,,30500.0,,,3.0,,
MARINA,3233A - WOMEN BODY SPRAY,3233 - WOMEN BODY SPRAY,PERSONAL CARE,1.06,1.0,-0.0566,17.5,6.0,-0.6571,1.06,1.12,0.0566,25289.0,23906.0,-0.0547,26806.0,26775.0,-0.0012,33.0,16.0,-0.5152
POSH,3233A - WOMEN BODY SPRAY,3233 - WOMEN BODY SPRAY,PERSONAL CARE,1.02,1.03,0.0098,51.5,20.67,-0.5986,1.1,1.05,-0.0455,24795.0,25089.0,0.0119,27275.0,26343.0,-0.0342,94.0,59.0,-0.3723
CASABLANCA,3234A - WOMEN COLOGNE 50-100ML,3234 - WOMEN COLOGNE,PERSONAL CARE,1.0,1.0,0.0,5.5,15.0,1.7273,1.0,1.05,0.05,18118.0,17900.0,-0.012,18118.0,18795.0,0.0374,11.0,43.0,2.9091
FRES & NATURAL,3234A - WOMEN COLOGNE 50-100ML,3234 - WOMEN COLOGNE,PERSONAL CARE,1.13,1.12,-0.0088,126.0,102.0,-0.1905,1.12,1.24,0.1071,16254.0,16219.0,-0.0022,18204.0,20112.0,0.1048,226.0,247.0,0.0929
ZWITSAL,3234A - WOMEN COLOGNE 50-100ML,3234 - WOMEN COLOGNE,PERSONAL CARE,1.0,1.0,0.0,6.5,7.67,0.18,1.0,1.15,0.15,38246.0,39022.0,0.0203,38246.0,44875.0,0.1733,13.0,20.0,0.5385
VITALIS,3234B - WOMEN COLOGNE 120-200ML,3234 - WOMEN COLOGNE,PERSONAL CARE,1.03,1.04,0.0097,19.5,9.33,-0.5215,1.03,1.12,0.0874,28644.0,30139.0,0.0522,29503.0,33756.0,0.1442,38.0,25.0,-0.3421
CASABLANCA,3235A - MEN DEO ROLL ON,3235 - MEN DEO ROLL ON,PERSONAL CARE,1.16,1.08,-0.069,54.0,46.33,-0.142,1.09,1.16,0.0642,18570.0,17094.0,-0.0795,20241.0,19829.0,-0.0204,99.0,120.0,0.2121
KAHF,3235A - MEN DEO ROLL ON,3235 - MEN DEO ROLL ON,PERSONAL CARE,1.05,1.01,-0.0381,65.5,32.0,-0.5115,1.07,1.13,0.0561,27497.0,27075.0,-0.0153,29422.0,30595.0,0.0399,122.0,85.0,-0.3033
NIVEA,3235A - MEN DEO ROLL ON,3235 - MEN DEO ROLL ON,PERSONAL CARE,1.11,1.04,-0.0631,100.5,36.67,-0.6351,1.05,1.12,0.0667,28033.0,26655.0,-0.0492,29435.0,29854.0,0.0142,191.0,98.0,-0.4869
POSH,3235A - MEN DEO ROLL ON,3235 - MEN DEO ROLL ON,PERSONAL CARE,1.35,1.16,-0.1407,130.0,60.33,-0.5359,1.1,1.1,0.0,22955.0,19726.0,-0.1407,25251.0,21699.0,-0.1407,237.0,164.0,-0.308
REXONA,3235A - MEN DEO ROLL ON,3235 - MEN DEO ROLL ON,PERSONAL CARE,1.14,1.08,-0.0526,159.0,61.67,-0.6121,1.07,1.14,0.0654,25170.0,25413.0,0.0097,26932.0,28971.0,0.0757,297.0,162.0,-0.4545
AXE,3237A - MEN BODY SPRAY,3237 - MEN BODY SPRAY,PERSONAL CARE,1.08,1.06,-0.0185,12.0,6.0,-0.5,1.04,1.06,0.0192,44188.0,44039.0,-0.0034,45956.0,46681.0,0.0158,23.0,17.0,-0.2609
POSH,3237A - MEN BODY SPRAY,3237 - MEN BODY SPRAY,PERSONAL CARE,1.12,1.09,-0.0268,45.0,32.33,-0.2816,1.12,1.1,-0.0179,27236.0,26588.0,-0.0238,30504.0,29247.0,-0.0412,80.0,88.0,0.1
AXE,3238A - MEN COLOGNE 50-100ML,3238 - MEN COLOGNE,PERSONAL CARE,1.07,2.5,1.3364,7.5,0.67,-0.9107,1.15,1.0,-0.1304,14967.0,32500.0,1.1714,17212.0,32500.0,0.8882,13.0,2.0,-0.8462
CASABLANCA,3238A - MEN COLOGNE 50-100ML,3238 - MEN COLOGNE,PERSONAL CARE,1.0,1.05,0.05,14.0,12.33,-0.1193,1.08,1.12,0.037,18836.0,18868.0,0.0017,20343.0,21132.0,0.0388,26.0,33.0,0.2692
BELLAGIO,3239A - MEN PARFUME & EDT,3239 - MEN PARFUME & EDT,PERSONAL CARE,1.1,1.06,-0.0364,30.0,16.67,-0.4443,1.25,1.06,-0.152,43023.0,39952.0,-0.0714,53779.0,42349.0,-0.2125,48.0,47.0,-0.0208
BRAVEN,3239A - MEN PARFUME & EDT,3239 - MEN PARFUME & EDT,PERSONAL CARE,1.0,1.02,0.02,12.5,18.0,0.44,1.0,1.17,0.17,45500.0,53169.0,0.1685,45500.0,62208.0,0.3672,25.0,46.0,0.84
CASABLANCA,3239A - MEN PARFUME & EDT,3239 - MEN PARFUME & EDT,PERSONAL CARE,1.0,1.08,0.08,9.5,12.0,0.2632,1.0,1.03,0.03,28574.0,30225.0,0.0578,28574.0,31132.0,0.0895,19.0,35.0,0.8421
GATSBY,3239A - MEN PARFUME & EDT,3239 - MEN PARFUME & EDT,PERSONAL CARE,1.0,1.05,0.05,19.0,12.67,-0.3332,1.06,1.09,0.0283,35745.0,38397.0,0.0742,37890.0,41853.0,0.1046,36.0,35.0,-0.0278
HOSE,3239A - MEN PARFUME & EDT,3239 - MEN PARFUME & EDT,PERSONAL CARE,1.0,1.06,0.06,8.0,5.33,-0.3338,1.0,1.0,0.0,43088.0,46519.0,0.0796,43088.0,46519.0,0.0796,16.0,16.0,0.0
KAHF,3239A - MEN PARFUME & EDT,3239 - MEN PARFUME & EDT,PERSONAL CARE,1.0,,,2.0,,,1.0,,,75050.0,,,75050.0,,,4.0,,
MORRIS,3239A - MEN PARFUME & EDT,3239 - MEN PARFUME & EDT,PERSONAL CARE,1.0,1.02,0.02,12.5,13.33,0.0664,1.09,1.03,-0.055,47324.0,48092.0,0.0162,51583.0,49535.0,-0.0397,23.0,39.0,0.6957
NAPOLEON,3239A - MEN PARFUME & EDT,3239 - MEN PARFUME & EDT,PERSONAL CARE,1.0,1.06,0.06,9.5,6.0,-0.3684,1.0,1.06,0.06,45353.0,53294.0,0.1751,45353.0,56492.0,0.2456,19.0,17.0,-0.1053
POSH,3239A - MEN PARFUME & EDT,3239 - MEN PARFUME & EDT,PERSONAL CARE,1.0,1.05,0.05,12.0,6.67,-0.4442,1.04,1.11,0.0673,30000.0,31560.0,0.052,31200.0,35032.0,0.1228,23.0,18.0,-0.2174
ROMANO,3239A - MEN PARFUME & EDT,3239 - MEN PARFUME & EDT,PERSONAL CARE,1.04,1.04,0.0,25.0,15.67,-0.3732,1.09,1.09,0.0,19922.0,27487.0,0.3797,21715.0,29961.0,0.3797,46.0,43.0,-0.0652
VITALIS,3239A - MEN PARFUME & EDT,3239 - MEN PARFUME & EDT,PERSONAL CARE,1.0,1.0,0.0,3.5,5.0,0.4286,1.0,1.07,0.07,41586.0,41480.0,-0.0025,41586.0,44384.0,0.0673,7.0,14.0,1.0
XCHANGE,3239A - MEN PARFUME & EDT,3239 - MEN PARFUME & EDT,PERSONAL CARE,,1.0,,,3.33,,,1.0,,,49750.0,,,49750.0,,,10.0,
AMATERASUN,3240A - FACE SUNSCREEN,3240 - SUNSCREEN,PERSONAL CARE,1.0,1.0,0.0,7.5,5.33,-0.2893,1.07,1.0,-0.0654,39000.0,39000.0,0.0,41730.0,39000.0,-0.0654,14.0,16.0,0.1429
AZARINE,3240A - FACE SUNSCREEN,3240 - SUNSCREEN,PERSONAL CARE,1.03,1.0,-0.0291,39.5,14.67,-0.6286,1.0,1.07,0.07,41966.0,39207.0,-0.0657,41966.0,41951.0,-0.0004,79.0,41.0,-0.481
AZZURA,3240A - FACE SUNSCREEN,3240 - SUNSCREEN,PERSONAL CARE,,1.0,,,2.0,,,1.0,,,39500.0,,,39500.0,,,6.0,
BIORE,3240A - FACE SUNSCREEN,3240 - SUNSCREEN,PERSONAL CARE,1.06,1.11,0.0472,16.5,9.33,-0.4345,1.06,1.04,-0.0189,41976.0,44193.0,0.0528,44495.0,45961.0,0.0329,31.0,27.0,-0.129
CLEAN FACE,3240A - FACE SUNSCREEN,3240 - SUNSCREEN,PERSONAL CARE,1.0,,,4.0,,,1.0,,,34750.0,,,34750.0,,,8.0,,
DERMIES,3240A - FACE SUNSCREEN,3240 - SUNSCREEN,PERSONAL CARE,1.0,,,9.5,,,1.0,,,35000.0,,,35000.0,,,19.0,,
EMINA,3240A - FACE SUNSCREEN,3240 - SUNSCREEN,PERSONAL CARE,1.04,1.0,-0.0385,12.0,4.33,-0.6392,1.0,1.0,0.0,35296.0,38462.0,0.0897,35296.0,38462.0,0.0897,24.0,13.0,-0.4583
FYNE,3240A - FACE SUNSCREEN,3240 - SUNSCREEN,PERSONAL CARE,,1.0,,,1.0,,,1.0,,,40900.0,,,40900.0,,,3.0,
GARNIER,3240A - FACE SUNSCREEN,3240 - SUNSCREEN,PERSONAL CARE,1.0,1.0,0.0,5.5,0.33,-0.94,1.0,1.0,0.0,42000.0,42000.0,0.0,42000.0,42000.0,0.0,11.0,1.0,-0.9091
GLOW&LOVELY,3240A - FACE SUNSCREEN,3240 - SUNSCREEN,PERSONAL CARE,1.05,1.0,-0.0476,9.5,2.33,-0.7547,1.0,1.0,0.0,42158.0,40057.0,-0.0498,42158.0,40057.0,-0.0498,19.0,7.0,-0.6316
HANASUI,3240A - FACE SUNSCREEN,3240 - SUNSCREEN,PERSONAL CARE,1.01,1.05,0.0396,39.0,28.0,-0.2821,1.05,1.11,0.0571,34296.0,38529.0,0.1234,36011.0,42767.0,0.1876,74.0,76.0,0.027
HOSE,3240A - FACE SUNSCREEN,3240 - SUNSCREEN,PERSONAL CARE,1.0,1.0,0.0,1.5,1.0,-0.3333,1.0,1.0,0.0,45900.0,36300.0,-0.2092,45900.0,36300.0,-0.2092,3.0,3.0,0.0
IMPLORA,3240A - FACE SUNSCREEN,3240 - SUNSCREEN,PERSONAL CARE,1.0,1.0,0.0,4.0,4.33,0.0825,1.0,1.08,0.08,44100.0,44508.0,0.0093,44100.0,48069.0,0.09,8.0,12.0,0.5
KAHF,3240A - FACE SUNSCREEN,3240 - SUNSCREEN,PERSONAL CARE,1.0,1.0,0.0,4.5,4.33,-0.0378,1.0,1.0,0.0,47033.0,48000.0,0.0206,47033.0,48000.0,0.0206,9.0,13.0,0.4444
NPURE,3240A - FACE SUNSCREEN,3240 - SUNSCREEN,PERSONAL CARE,1.0,,,0.5,,,1.0,,,93300.0,,,93300.0,,,1.0,,
PIGEON,3240A - FACE SUNSCREEN,3240 - SUNSCREEN,PERSONAL CARE,1.0,1.0,0.0,6.0,2.67,-0.555,1.0,1.0,0.0,42900.0,43500.0,0.014,42900.0,43500.0,0.014,12.0,8.0,-0.3333
PINKBERRY,3240A - FACE SUNSCREEN,3240 - SUNSCREEN,PERSONAL CARE,,1.0,,,0.33,,,1.0,,,49900.0,,,49900.0,,,1.0,
POND'S,3240A - FACE SUNSCREEN,3240 - SUNSCREEN,PERSONAL CARE,1.32,1.0,-0.2424,20.5,3.33,-0.8376,1.14,1.0,-0.1228,55361.0,38900.0,-0.2973,63112.0,38900.0,-0.3836,36.0,10.0,-0.7222
SARIAYU,3240A - FACE SUNSCREEN,3240 - SUNSCREEN,PERSONAL CARE,1.0,,,0.5,,,1.0,,,34700.0,,,34700.0,,,1.0,,
SCARLETT,3240A - FACE SUNSCREEN,3240 - SUNSCREEN,PERSONAL CARE,1.08,1.0,-0.0741,12.0,7.33,-0.3892,1.04,1.0,-0.0385,43275.0,39900.0,-0.078,45006.0,39900.0,-0.1135,23.0,22.0,-0.0435
SHINZU'I,3240A - FACE SUNSCREEN,3240 - SUNSCREEN,PERSONAL CARE,1.0,1.17,0.17,5.5,2.0,-0.6364,1.0,1.2,0.2,39000.0,45500.0,0.1667,39000.0,54600.0,0.4,11.0,5.0,-0.5455
SKINTIFIC,3240A - FACE SUNSCREEN,3240 - SUNSCREEN,PERSONAL CARE,1.25,,,2.0,,,1.0,,,125675.0,,,125675.0,,,4.0,,
THE ORIGINOTE,3240A - FACE SUNSCREEN,3240 - SUNSCREEN,PERSONAL CARE,1.14,1.0,-0.1228,3.5,1.33,-0.62,1.0,1.0,0.0,54157.0,48400.0,-0.1063,54157.0,48400.0,-0.1063,7.0,4.0,-0.4286
WARDAH,3240A - FACE SUNSCREEN,3240 - SUNSCREEN,PERSONAL CARE,1.02,1.02,0.0,57.5,16.33,-0.716,1.03,1.07,0.0388,41024.0,42908.0,0.0459,42255.0,45912.0,0.0865,112.0,46.0,-0.5893
ACNES,3241A - FACIAL WASH SOAP WOMEN 20-60G,3241 - FACIAL WASH SOAP,PERSONAL CARE,1.02,1.09,0.0686,60.5,29.0,-0.5207,1.06,1.16,0.0943,20734.0,22693.0,0.0945,21978.0,26324.0,0.1977,114.0,75.0,-0.3421
CETAPHIL,3241A - FACIAL WASH SOAP WOMEN 20-60G,3241 - FACIAL WASH SOAP,PERSONAL CARE,1.0,1.0,0.0,4.5,0.67,-0.8511,1.0,1.0,0.0,55944.0,56500.0,0.0099,55944.0,56500.0,0.0099,9.0,2.0,-0.7778
COSRX,3241A - FACIAL WASH SOAP WOMEN 20-60G,3241 - FACIAL WASH SOAP,PERSONAL CARE,1.0,,,0.5,,,1.0,,,59000.0,,,59000.0,,,1.0,,
DERMIES,3241A - FACIAL WASH SOAP WOMEN 20-60G,3241 - FACIAL WASH SOAP,PERSONAL CARE,1.05,,,22.0,,,1.13,,,36591.0,,,41348.0,,,39.0,,
EMINA,3241A - FACIAL WASH SOAP WOMEN 20-60G,3241 - FACIAL WASH SOAP,PERSONAL CARE,1.0,1.0,0.0,37.5,5.33,-0.8579,1.03,1.0,-0.0291,22565.0,23525.0,0.0425,23242.0,23525.0,0.0122,73.0,16.0,-0.7808
GARNIER,3241A - FACIAL WASH SOAP WOMEN 20-60G,3241 - FACIAL WASH SOAP,PERSONAL CARE,1.0,1.0,0.0,10.5,4.33,-0.5876,1.05,1.08,0.0286,26543.0,26677.0,0.005,27870.0,28811.0,0.0338,20.0,12.0,-0.4
GLOW&LOVELY,3241A - FACIAL WASH SOAP WOMEN 20-60G,3241 - FACIAL WASH SOAP,PERSONAL CARE,1.0,1.0,0.0,10.0,9.0,-0.1,1.0,1.08,0.08,20470.0,21781.0,0.064,20470.0,23523.0,0.1491,20.0,25.0,0.25
HADA LABO,3241A - FACIAL WASH SOAP WOMEN 20-60G,3241 - FACIAL WASH SOAP,PERSONAL CARE,,1.0,,,21.0,,,1.11,,,28895.0,,,32073.0,,,57.0,
LOREAL,3241A - FACIAL WASH SOAP WOMEN 20-60G,3241 - FACIAL WASH SOAP,PERSONAL CARE,1.0,,,0.5,,,1.0,,,33600.0,,,33600.0,,,1.0,,
POND'S,3241A - FACIAL WASH SOAP WOMEN 20-60G,3241 - FACIAL WASH SOAP,PERSONAL CARE,1.0,1.0,0.0,13.0,4.0,-0.6923,1.04,1.0,-0.0385,26812.0,27467.0,0.0244,27884.0,27467.0,-0.015,25.0,12.0,-0.52
SAFI,3241A - FACIAL WASH SOAP WOMEN 20-60G,3241 - FACIAL WASH SOAP,PERSONAL CARE,1.0,,,1.5,,,1.0,,,15900.0,,,15900.0,,,3.0,,
SENKA,3241A - FACIAL WASH SOAP WOMEN 20-60G,3241 - FACIAL WASH SOAP,PERSONAL CARE,1.05,,,10.0,,,1.11,,,40425.0,,,44872.0,,,18.0,,
SOMETHINC,3241A - FACIAL WASH SOAP WOMEN 20-60G,3241 - FACIAL WASH SOAP,PERSONAL CARE,1.0,,,14.0,,,1.04,,,43000.0,,,44720.0,,,27.0,,
ACNES,3241B - FACIAL WASH SOAP WOMEN 70-125G,3241 - FACIAL WASH SOAP,PERSONAL CARE,1.0,,,3.5,,,1.17,,,30286.0,,,35435.0,,,6.0,,
BDL,3241B - FACIAL WASH SOAP WOMEN 70-125G,3241 - FACIAL WASH SOAP,PERSONAL CARE,1.0,1.03,0.03,12.5,11.0,-0.12,1.0,1.06,0.06,26500.0,27700.0,0.0453,26500.0,29362.0,0.108,25.0,31.0,0.24
CLEAN&CLEAR,3241B - FACIAL WASH SOAP WOMEN 70-125G,3241 - FACIAL WASH SOAP,PERSONAL CARE,1.11,1.04,-0.0631,66.5,18.67,-0.7192,1.09,1.04,-0.0459,32659.0,32341.0,-0.0097,35598.0,33635.0,-0.0551,122.0,54.0,-0.5574
EMINA,3241B - FACIAL WASH SOAP WOMEN 70-125G,3241 - FACIAL WASH SOAP,PERSONAL CARE,,1.0,,,3.67,,,1.0,,,35500.0,,,35500.0,,,11.0,
GARNIER,3241B - FACIAL WASH SOAP WOMEN 70-125G,3241 - FACIAL WASH SOAP,PERSONAL CARE,1.17,1.46,0.2479,87.5,65.0,-0.2571,1.05,1.43,0.3619,48782.0,60816.0,0.2467,51221.0,86967.0,0.6979,166.0,136.0,-0.1807
GINZA,3241B - FACIAL WASH SOAP WOMEN 70-125G,3241 - FACIAL WASH SOAP,PERSONAL CARE,1.03,1.0,-0.0291,14.5,1.33,-0.9083,1.0,1.0,0.0,40862.0,39500.0,-0.0333,40862.0,39500.0,-0.0333,29.0,4.0,-0.8621
GLAD2GLOW,3241B - FACIAL WASH SOAP WOMEN 70-125G,3241 - FACIAL WASH SOAP,PERSONAL CARE,1.01,1.01,0.0,40.0,34.0,-0.15,1.1,1.19,0.0818,42969.0,42143.0,-0.0192,47266.0,50150.0,0.061,73.0,86.0,0.1781
GLOW&LOVELY,3241B - FACIAL WASH SOAP WOMEN 70-125G,3241 - FACIAL WASH SOAP,PERSONAL CARE,1.68,2.42,0.4405,66.5,46.33,-0.3033,1.12,1.24,0.1071,57742.0,83444.0,0.4451,64671.0,103471.0,0.6,119.0,112.0,-0.0588
HIMALAYA,3241B - FACIAL WASH SOAP WOMEN 70-125G,3241 - FACIAL WASH SOAP,PERSONAL CARE,1.03,1.05,0.0194,19.0,6.67,-0.6489,1.03,1.11,0.0777,39866.0,37800.0,-0.0518,41062.0,41958.0,0.0218,37.0,18.0,-0.5135
JF SULFUR,3241B - FACIAL WASH SOAP WOMEN 70-125G,3241 - FACIAL WASH SOAP,PERSONAL CARE,1.04,,,12.0,,,1.09,,,26662.0,,,29062.0,,,22.0,,
LOREAL,3241B - FACIAL WASH SOAP WOMEN 70-125G,3241 - FACIAL WASH SOAP,PERSONAL CARE,1.0,,,1.0,,,1.0,,,62000.0,,,62000.0,,,2.0,,
NIVEA,3241B - FACIAL WASH SOAP WOMEN 70-125G,3241 - FACIAL WASH SOAP,PERSONAL CARE,1.03,1.0,-0.0291,14.5,0.33,-0.9772,1.12,1.0,-0.1071,39152.0,37700.0,-0.0371,43850.0,37700.0,-0.1403,26.0,1.0,-0.9615
PIGEON,3241B - FACIAL WASH SOAP WOMEN 70-125G,3241 - FACIAL WASH SOAP,PERSONAL CARE,1.0,1.05,0.05,27.5,12.67,-0.5393,1.0,1.03,0.03,26438.0,27313.0,0.0331,26438.0,28132.0,0.0641,55.0,37.0,-0.3273
PINKBERRY,3241B - FACIAL WASH SOAP WOMEN 70-125G,3241 - FACIAL WASH SOAP,PERSONAL CARE,1.0,1.0,0.0,1.5,3.67,1.4467,1.0,1.0,0.0,29900.0,29900.0,0.0,29900.0,29900.0,0.0,3.0,11.0,2.6667
POISE,3241B - FACIAL WASH SOAP WOMEN 70-125G,3241 - FACIAL WASH SOAP,PERSONAL CARE,1.08,1.07,-0.0093,104.5,45.33,-0.5662,1.05,1.15,0.0952,30094.0,31353.0,0.0418,31599.0,36056.0,0.141,199.0,118.0,-0.407
POND'S,3241B - FACIAL WASH SOAP WOMEN 70-125G,3241 - FACIAL WASH SOAP,PERSONAL CARE,1.45,2.74,0.8897,136.0,77.67,-0.4289,1.24,1.61,0.2984,60628.0,114741.0,0.8925,75179.0,184733.0,1.4572,219.0,145.0,-0.3379
SAFI,3241B - FACIAL WASH SOAP WOMEN 70-125G,3241 - FACIAL WASH SOAP,PERSONAL CARE,1.0,,,0.5,,,1.0,,,33400.0,,,33400.0,,,1.0,,
SARIAYU,3241B - FACIAL WASH SOAP WOMEN 70-125G,3241 - FACIAL WASH SOAP,PERSONAL CARE,1.04,1.0,-0.0385,13.5,0.67,-0.9504,1.12,1.0,-0.1071,29674.0,31500.0,0.0615,33235.0,31500.0,-0.0522,24.0,2.0,-0.9167
SCARLETT,3241B - FACIAL WASH SOAP WOMEN 70-125G,3241 - FACIAL WASH SOAP,PERSONAL CARE,1.07,1.0,-0.0654,7.5,4.67,-0.3773,1.07,1.0,-0.0654,53227.0,40986.0,-0.23,56953.0,40986.0,-0.2804,14.0,14.0,0.0
SCORA,3241B - FACIAL WASH SOAP WOMEN 70-125G,3241 - FACIAL WASH SOAP,PERSONAL CARE,1.0,1.0,0.0,21.0,14.33,-0.3176,1.11,1.13,0.018,38943.0,38874.0,-0.0018,43227.0,43928.0,0.0162,38.0,38.0,0.0
SENKA,3241B - FACIAL WASH SOAP WOMEN 70-125G,3241 - FACIAL WASH SOAP,PERSONAL CARE,1.0,,,1.0,,,1.0,,,66100.0,,,66100.0,,,2.0,,
SHINZU'I,3241B - FACIAL WASH SOAP WOMEN 70-125G,3241 - FACIAL WASH SOAP,PERSONAL CARE,1.04,1.04,0.0,49.0,17.33,-0.6463,1.03,1.13,0.0971,32139.0,32098.0,-0.0013,33103.0,36271.0,0.0957,95.0,46.0,-0.5158
WARDAH,3241B - FACIAL WASH SOAP WOMEN 70-125G,3241 - FACIAL WASH SOAP,PERSONAL CARE,1.05,1.04,-0.0095,81.0,31.0,-0.6173,1.03,1.12,0.0874,40701.0,41511.0,0.0199,41922.0,46492.0,0.109,158.0,83.0,-0.4747
YOU,3241B - FACIAL WASH SOAP WOMEN 70-125G,3241 - FACIAL WASH SOAP,PERSONAL CARE,1.0,1.0,0.0,13.0,4.33,-0.6669,1.04,1.0,-0.0385,31838.0,30900.0,-0.0295,33112.0,30900.0,-0.0668,25.0,13.0,-0.48
CETAPHIL,3241C - FACIAL WASH SOAP WOMEN 150-250G,3241 - FACIAL WASH SOAP,PERSONAL CARE,1.0,,,0.5,,,1.0,,,215000.0,,,215000.0,,,1.0,,
HIMALAYA,3241C - FACIAL WASH SOAP WOMEN 150-250G,3241 - FACIAL WASH SOAP,PERSONAL CARE,1.0,,,0.5,,,1.0,,,50600.0,,,50600.0,,,1.0,,
BIORE,3241D - FACIAL CLEANSER PAPER,3241 - FACIAL WASH SOAP,PERSONAL CARE,1.11,1.0,-0.0991,13.5,2.0,-0.8519,1.0,1.0,0.0,16852.0,15333.0,-0.0901,16852.0,15333.0,-0.0901,27.0,6.0,-0.7778
CLEAN&CLEAR,3241D - FACIAL CLEANSER PAPER,3241 - FACIAL WASH SOAP,PERSONAL CARE,1.0,1.2,0.2,3.5,1.67,-0.5229,1.0,1.0,0.0,36757.0,49100.0,0.3358,36757.0,49100.0,0.3358,7.0,5.0,-0.2857
DREAM,3241E - FACIAL BAR SOAP,3241 - FACIAL WASH SOAP,PERSONAL CARE,1.0,1.0,0.0,11.5,0.67,-0.9417,1.0,1.0,0.0,18139.0,19200.0,0.0585,18139.0,19200.0,0.0585,23.0,2.0,-0.913
KOJIC,3241E - FACIAL BAR SOAP,3241 - FACIAL WASH SOAP,PERSONAL CARE,1.0,1.09,0.09,11.5,7.33,-0.3626,1.1,1.0,-0.0909,29130.0,32150.0,0.1037,32043.0,32150.0,0.0033,21.0,22.0,0.0476
KOJIE SAN,3241E - FACIAL BAR SOAP,3241 - FACIAL WASH SOAP,PERSONAL CARE,1.13,1.15,0.0177,125.0,49.67,-0.6026,1.18,1.23,0.0424,22107.0,24645.0,0.1148,26086.0,30313.0,0.162,212.0,121.0,-0.4292
RDL,3241E - FACIAL BAR SOAP,3241 - FACIAL WASH SOAP,PERSONAL CARE,1.0,1.0,0.0,7.5,7.33,-0.0227,1.0,1.0,0.0,37673.0,37659.0,-0.0004,37673.0,37659.0,-0.0004,15.0,22.0,0.4667
VIVA,3242A - FACIAL CLEANSER MILK,3242 - FACIAL CLEANSER MILK,PERSONAL CARE,1.04,1.03,-0.0096,56.5,22.67,-0.5988,1.06,1.06,0.0,17195.0,17085.0,-0.0064,18227.0,18110.0,-0.0064,107.0,64.0,-0.4019
HANASUI,3243A - FACIAL CLEANSER TONIC,3243 - FACIAL CLEANSER TONIC,PERSONAL CARE,1.5,,,1.0,,,1.0,,,41250.0,,,41250.0,,,2.0,,
NPURE,3243A - FACIAL CLEANSER TONIC,3243 - FACIAL CLEANSER TONIC,PERSONAL CARE,1.0,,,0.5,,,1.0,,,23900.0,,,23900.0,,,1.0,,
OVALE,3243A - FACIAL CLEANSER TONIC,3243 - FACIAL CLEANSER TONIC,PERSONAL CARE,1.0,1.0,0.0,22.5,8.0,-0.6444,1.07,1.04,-0.028,35722.0,35463.0,-0.0073,38223.0,36882.0,-0.0351,42.0,23.0,-0.4524
SAFI,3243A - FACIAL CLEANSER TONIC,3243 - FACIAL CLEANSER TONIC,PERSONAL CARE,1.0,,,1.0,,,2.0,,,47700.0,,,95400.0,,,1.0,,
VIVA,3243A - FACIAL CLEANSER TONIC,3243 - FACIAL CLEANSER TONIC,PERSONAL CARE,1.06,1.02,-0.0377,85.5,44.33,-0.4815,1.1,1.09,-0.0091,15468.0,14489.0,-0.0633,17015.0,15793.0,-0.0718,156.0,122.0,-0.2179
WARDAH,3243A - FACIAL CLEANSER TONIC,3243 - FACIAL CLEANSER TONIC,PERSONAL CARE,1.0,,,1.0,,,1.0,,,32450.0,,,32450.0,,,2.0,,
WHITELAB,3243A - FACIAL CLEANSER TONIC,3243 - FACIAL CLEANSER TONIC,PERSONAL CARE,1.0,,,0.5,,,1.0,,,44900.0,,,44900.0,,,1.0,,
EMINA,3244B - MICELLAR WATER,3244 - CLEANSER,PERSONAL CARE,1.0,1.0,0.0,1.0,2.0,1.0,1.0,1.0,0.0,49900.0,50167.0,0.0054,49900.0,50167.0,0.0054,2.0,6.0,2.0
FACETOLOGY,3244B - MICELLAR WATER,3244 - CLEANSER,PERSONAL CARE,1.0,1.0,0.0,10.0,4.67,-0.533,1.0,1.08,0.08,33040.0,32971.0,-0.0021,33040.0,35609.0,0.0778,20.0,13.0,-0.35
GARNIER,3244B - MICELLAR WATER,3244 - CLEANSER,PERSONAL CARE,1.11,1.03,-0.0721,139.5,52.67,-0.6224,1.38,1.19,-0.1377,45845.0,43109.0,-0.0597,63266.0,51300.0,-0.1891,202.0,133.0,-0.3416
GLAD2GLOW,3244B - MICELLAR WATER,3244 - CLEANSER,PERSONAL CARE,1.01,1.0,-0.0099,62.0,14.67,-0.7634,1.07,1.02,-0.0467,35420.0,40243.0,0.1362,37899.0,41048.0,0.0831,116.0,43.0,-0.6293
HANASUI,3244B - MICELLAR WATER,3244 - CLEANSER,PERSONAL CARE,1.0,1.0,0.0,2.0,3.0,0.5,4.0,1.0,-0.75,25275.0,53500.0,1.1167,101100.0,53500.0,-0.4708,1.0,9.0,8.0
KYE,3244B - MICELLAR WATER,3244 - CLEANSER,PERSONAL CARE,1.0,,,1.0,,,1.0,,,17450.0,,,17450.0,,,2.0,,
NIVEA,3244B - MICELLAR WATER,3244 - CLEANSER,PERSONAL CARE,1.0,1.0,0.0,11.5,0.67,-0.9417,1.1,1.0,-0.0909,41391.0,39500.0,-0.0457,45530.0,39500.0,-0.1324,21.0,2.0,-0.9048
NPURE,3244B - MICELLAR WATER,3244 - CLEANSER,PERSONAL CARE,,1.0,,,1.0,,,1.0,,,50800.0,,,50800.0,,,3.0,
PIGEON,3244B - MICELLAR WATER,3244 - CLEANSER,PERSONAL CARE,1.0,,,0.5,,,1.0,,,28000.0,,,28000.0,,,1.0,,
POISE,3244B - MICELLAR WATER,3244 - CLEANSER,PERSONAL CARE,1.04,1.02,-0.0192,27.5,13.67,-0.5029,1.08,1.05,-0.0278,26736.0,27146.0,0.0153,28875.0,28503.0,-0.0129,51.0,39.0,-0.2353
POND'S,3244B - MICELLAR WATER,3244 - CLEANSER,PERSONAL CARE,1.11,1.0,-0.0991,35.5,5.0,-0.8592,1.09,1.0,-0.0826,31320.0,34980.0,0.1169,34139.0,34980.0,0.0246,65.0,15.0,-0.7692
SAFI,3244B - MICELLAR WATER,3244 - CLEANSER,PERSONAL CARE,1.0,,,1.0,,,1.0,,,45200.0,,,45200.0,,,2.0,,
THE ORIGINOTE,3244B - MICELLAR WATER,3244 - CLEANSER,PERSONAL CARE,1.0,1.0,0.0,8.5,5.67,-0.3329,1.0,1.13,0.13,54265.0,55524.0,0.0232,54265.0,62742.0,0.1562,17.0,15.0,-0.1176
WARDAH,3244B - MICELLAR WATER,3244 - CLEANSER,PERSONAL CARE,1.0,1.0,0.0,21.5,2.0,-0.907,1.13,1.0,-0.115,34035.0,34000.0,-0.001,38460.0,34000.0,-0.116,38.0,6.0,-0.8421
DERMIES,3245A - MOISTURIZER 10-25G,3245 - MOISTURIZER,PERSONAL CARE,1.0,,,4.5,,,1.0,,,28000.0,,,28000.0,,,9.0,,
EMINA,3245A - MOISTURIZER 10-25G,3245 - MOISTURIZER,PERSONAL CARE,1.0,1.0,0.0,4.0,0.33,-0.9175,1.0,1.0,0.0,27812.0,29500.0,0.0607,27812.0,29500.0,0.0607,8.0,1.0,-0.875
GARNIER,3245A - MOISTURIZER 10-25G,3245 - MOISTURIZER,PERSONAL CARE,1.12,1.0,-0.1071,12.0,1.33,-0.8892,1.14,1.0,-0.1228,48288.0,43125.0,-0.1069,55048.0,43125.0,-0.2166,21.0,4.0,-0.8095
GLOW&LOVELY,3245A - MOISTURIZER 10-25G,3245 - MOISTURIZER,PERSONAL CARE,1.05,1.04,-0.0095,21.0,8.33,-0.6033,1.02,1.04,0.0196,26907.0,28492.0,0.0589,27445.0,29632.0,0.0797,41.0,24.0,-0.4146
OMG,3245A - MOISTURIZER 10-25G,3245 - MOISTURIZER,PERSONAL CARE,1.0,,,3.5,,,1.0,,,19014.0,,,19014.0,,,7.0,,
POND'S,3245A - MOISTURIZER 10-25G,3245 - MOISTURIZER,PERSONAL CARE,1.2,1.23,0.025,17.5,8.67,-0.5046,1.21,1.0,-0.1736,49017.0,51688.0,0.0545,59311.0,51688.0,-0.1285,29.0,26.0,-0.1034
WARDAH,3245A - MOISTURIZER 10-25G,3245 - MOISTURIZER,PERSONAL CARE,1.0,,,4.0,,,1.14,,,39050.0,,,44517.0,,,7.0,,
AZARINE,3245B - MOISTURIZER 30-60G,3245 - MOISTURIZER,PERSONAL CARE,1.0,,,1.5,,,1.0,,,47967.0,,,47967.0,,,3.0,,
CITRA,3245B - MOISTURIZER 30-60G,3245 - MOISTURIZER,PERSONAL CARE,1.0,1.0,0.0,5.0,2.0,-0.6,1.0,1.0,0.0,56100.0,56333.0,0.0042,56100.0,56333.0,0.0042,10.0,6.0,-0.4
EMINA,3245B - MOISTURIZER 30-60G,3245 - MOISTURIZER,PERSONAL CARE,,1.0,,,3.0,,,1.0,,,44000.0,,,44000.0,,,9.0,
GARNIER,3245B - MOISTURIZER 30-60G,3245 - MOISTURIZER,PERSONAL CARE,,1.0,,,2.33,,,1.17,,,49900.0,,,58383.0,,,6.0,
GINZA,3245B - MOISTURIZER 30-60G,3245 - MOISTURIZER,PERSONAL CARE,1.0,,,1.5,,,1.0,,,37000.0,,,37000.0,,,3.0,,
GLAD2GLOW,3245B - MOISTURIZER 30-60G,3245 - MOISTURIZER,PERSONAL CARE,1.1,1.03,-0.0636,44.5,29.67,-0.3333,1.06,1.14,0.0755,51099.0,49040.0,-0.0403,54165.0,55906.0,0.0321,84.0,78.0,-0.0714
GLOW&LOVELY,3245B - MOISTURIZER 30-60G,3245 - MOISTURIZER,PERSONAL CARE,1.0,1.0,0.0,10.5,4.33,-0.5876,1.11,1.0,-0.0991,45776.0,42423.0,-0.0732,50811.0,42423.0,-0.1651,19.0,13.0,-0.3158
HANASUI,3245B - MOISTURIZER 30-60G,3245 - MOISTURIZER,PERSONAL CARE,1.0,1.0,0.0,15.0,9.0,-0.4,1.03,1.08,0.0485,44527.0,46544.0,0.0453,45863.0,50268.0,0.096,29.0,25.0,-0.1379
IMPLORA,3245B - MOISTURIZER 30-60G,3245 - MOISTURIZER,PERSONAL CARE,1.0,,,1.0,,,1.0,,,46850.0,,,46850.0,,,2.0,,
KOJIE SAN,3245B - MOISTURIZER 30-60G,3245 - MOISTURIZER,PERSONAL CARE,1.0,,,3.5,,,1.17,,,51000.0,,,59670.0,,,6.0,,
MS GLOW MEN,3245B - MOISTURIZER 30-60G,3245 - MOISTURIZER,PERSONAL CARE,,1.0,,,4.0,,,1.33,,,60000.0,,,79800.0,,,9.0,
OLAY,3245B - MOISTURIZER 30-60G,3245 - MOISTURIZER,PERSONAL CARE,1.0,,,1.0,,,1.0,,,215000.0,,,215000.0,,,2.0,,
PIGEON,3245B - MOISTURIZER 30-60G,3245 - MOISTURIZER,PERSONAL CARE,1.0,,,1.0,,,1.0,,,39500.0,,,39500.0,,,2.0,,
PINKBERRY,3245B - MOISTURIZER 30-60G,3245 - MOISTURIZER,PERSONAL CARE,1.0,,,0.5,,,1.0,,,29900.0,,,29900.0,,,1.0,,
POND'S,3245B - MOISTURIZER 30-60G,3245 - MOISTURIZER,PERSONAL CARE,1.0,,,3.5,,,1.0,,,127486.0,,,127486.0,,,7.0,,
SAFI,3245B - MOISTURIZER 30-60G,3245 - MOISTURIZER,PERSONAL CARE,1.0,,,0.5,,,1.0,,,73000.0,,,73000.0,,,1.0,,
SCARLETT,3245B - MOISTURIZER 30-60G,3245 - MOISTURIZER,PERSONAL CARE,1.0,,,3.5,,,1.17,,,42829.0,,,50110.0,,,6.0,,
SCORA,3245B - MOISTURIZER 30-60G,3245 - MOISTURIZER,PERSONAL CARE,1.0,1.0,0.0,6.5,5.0,-0.2308,1.0,1.0,0.0,39992.0,39920.0,-0.0018,39992.0,39920.0,-0.0018,13.0,15.0,0.1538
SHINZU'I,3245B - MOISTURIZER 30-60G,3245 - MOISTURIZER,PERSONAL CARE,1.0,1.0,0.0,3.0,0.67,-0.7767,1.0,1.0,0.0,51900.0,41500.0,-0.2004,51900.0,41500.0,-0.2004,6.0,2.0,-0.6667
THE ORIGINOTE,3245B - MOISTURIZER 30-60G,3245 - MOISTURIZER,PERSONAL CARE,1.11,1.05,-0.0541,13.5,7.33,-0.457,1.08,1.0,-0.0741,54970.0,55786.0,0.0148,59368.0,55786.0,-0.0603,25.0,22.0,-0.12
WARDAH,3245B - MOISTURIZER 30-60G,3245 - MOISTURIZER,PERSONAL CARE,1.02,1.0,-0.0196,20.0,4.0,-0.8,1.0,1.0,0.0,49985.0,49233.0,-0.015,49985.0,49233.0,-0.015,40.0,12.0,-0.7
HADA LABO,3245C - MOISTURIZER 75-100G,3245 - MOISTURIZER,PERSONAL CARE,1.0,,,0.5,,,1.0,,,41800.0,,,41800.0,,,1.0,,
DERMA ANGEL,3246A - PEEL MASK,3246 - FACE MASK,PERSONAL CARE,,1.0,,,0.33,,,1.0,,,47500.0,,,47500.0,,,1.0,
FREEMAN,3246A - PEEL MASK,3246 - FACE MASK,PERSONAL CARE,1.0,,,11.5,,,1.15,,,91717.0,,,105475.0,,,20.0,,
GLAD2GLOW,3246A - PEEL MASK,3246 - FACE MASK,PERSONAL CARE,1.0,1.0,0.0,2.5,2.33,-0.068,1.0,1.0,0.0,41900.0,47000.0,0.1217,41900.0,47000.0,0.1217,5.0,7.0,0.4
HIMALAYA,3246A - PEEL MASK,3246 - FACE MASK,PERSONAL CARE,1.0,1.0,0.0,2.5,2.33,-0.068,1.0,1.0,0.0,44160.0,45900.0,0.0394,44160.0,45900.0,0.0394,5.0,7.0,0.4
OVALE,3246A - PEEL MASK,3246 - FACE MASK,PERSONAL CARE,1.0,,,4.5,,,1.0,,,29500.0,,,29500.0,,,9.0,,
PIGEON,3246A - PEEL MASK,3246 - FACE MASK,PERSONAL CARE,1.0,,,1.0,,,1.0,,,36000.0,,,36000.0,,,2.0,,
SKINTIFIC,3246A - PEEL MASK,3246 - FACE MASK,PERSONAL CARE,1.0,,,0.5,,,1.0,,,135200.0,,,135200.0,,,1.0,,
BIOAQUA,3246B - SHEET MASK,3246 - FACE MASK,PERSONAL CARE,4.0,,,0.5,,,1.0,,,16000.0,,,16000.0,,,1.0,,
MEDIHEAL,3246B - SHEET MASK,3246 - FACE MASK,PERSONAL CARE,7.5,,,1.0,,,1.0,,,190750.0,,,190750.0,,,2.0,,
YOU,3246B - SHEET MASK,3246 - FACE MASK,PERSONAL CARE,1.0,,,0.5,,,1.0,,,35900.0,,,35900.0,,,1.0,,
ACNES,3247A - ANTI ACNE,3247 - ANTI ACNE,PERSONAL CARE,1.0,,,2.0,,,1.0,,,19250.0,,,19250.0,,,4.0,,
ACNOL,3247A - ANTI ACNE,3247 - ANTI ACNE,PERSONAL CARE,1.0,,,0.5,,,1.0,,,21500.0,,,21500.0,,,1.0,,
GLAD2GLOW,3247A - ANTI ACNE,3247 - ANTI ACNE,PERSONAL CARE,1.0,,,0.5,,,1.0,,,35900.0,,,35900.0,,,1.0,,
JF SULFUR,3247A - ANTI ACNE,3247 - ANTI ACNE,PERSONAL CARE,1.0,,,1.0,,,1.0,,,25400.0,,,25400.0,,,2.0,,
SARIAYU,3247A - ANTI ACNE,3247 - ANTI ACNE,PERSONAL CARE,1.0,,,0.5,,,1.0,,,25500.0,,,25500.0,,,1.0,,
YOU,3247A - ANTI ACNE,3247 - ANTI ACNE,PERSONAL CARE,1.0,1.0,0.0,1.5,2.33,0.5533,1.0,1.17,0.17,41500.0,38500.0,-0.0723,41500.0,45045.0,0.0854,3.0,6.0,1.0
DERMA ANGEL,3247B - ANTI ACNE PLESTER,3247 - ANTI ACNE,PERSONAL CARE,1.27,1.23,-0.0315,109.5,27.33,-0.7504,1.26,1.21,-0.0397,23717.0,22833.0,-0.0373,29883.0,27628.0,-0.0755,174.0,68.0,-0.6092
NOURISH,3247B - ANTI ACNE PLESTER,3247 - ANTI ACNE,PERSONAL CARE,1.0,1.0,0.0,20.0,2.33,-0.8835,1.29,1.17,-0.093,19160.0,19671.0,0.0267,24716.0,23015.0,-0.0688,31.0,6.0,-0.8065
VIO,3247B - ANTI ACNE PLESTER,3247 - ANTI ACNE,PERSONAL CARE,1.0,,,6.0,,,1.0,,,36642.0,,,36642.0,,,12.0,,
GARNIER,3248A - MEN FACIAL WASH SOAP 40-90G,3248 - MEN FACIAL FOAM SOAP,PERSONAL CARE,1.04,1.0,-0.0385,14.0,4.33,-0.6907,1.0,1.08,0.08,29814.0,31523.0,0.0573,29814.0,34045.0,0.1419,28.0,12.0,-0.5714
NIVEA,3248A - MEN FACIAL WASH SOAP 40-90G,3248 - MEN FACIAL FOAM SOAP,PERSONAL CARE,1.0,1.0,0.0,1.5,1.67,0.1133,1.0,1.0,0.0,30000.0,30500.0,0.0167,30000.0,30500.0,0.0167,3.0,5.0,0.6667
BARBER DAILY,3248B - MEN FACIAL WASH SOAP 100-150G,3248 - MEN FACIAL FOAM SOAP,PERSONAL CARE,1.0,1.05,0.05,39.5,35.67,-0.097,1.14,1.27,0.114,36777.0,39072.0,0.0624,41926.0,49621.0,0.1835,69.0,84.0,0.2174
BIORE,3248B - MEN FACIAL WASH SOAP 100-150G,3248 - MEN FACIAL FOAM SOAP,PERSONAL CARE,1.08,1.07,-0.0093,60.0,35.0,-0.4167,1.06,1.11,0.0472,39304.0,39309.0,0.0001,41662.0,43633.0,0.0473,113.0,95.0,-0.1593
FYNE,3248B - MEN FACIAL WASH SOAP 100-150G,3248 - MEN FACIAL FOAM SOAP,PERSONAL CARE,,1.0,,,4.33,,,1.0,,,39900.0,,,39900.0,,,13.0,
GARNIER,3248B - MEN FACIAL WASH SOAP 100-150G,3248 - MEN FACIAL FOAM SOAP,PERSONAL CARE,1.19,1.2,0.0084,85.5,44.0,-0.4854,1.16,1.36,0.1724,52183.0,52676.0,0.0094,60532.0,71639.0,0.1835,148.0,97.0,-0.3446
HIMALAYA,3248B - MEN FACIAL WASH SOAP 100-150G,3248 - MEN FACIAL FOAM SOAP,PERSONAL CARE,1.2,,,2.5,,,1.0,,,35640.0,,,35640.0,,,5.0,,
HOSE,3248B - MEN FACIAL WASH SOAP 100-150G,3248 - MEN FACIAL FOAM SOAP,PERSONAL CARE,1.0,1.0,0.0,3.5,7.67,1.1914,1.0,1.0,0.0,29614.0,26930.0,-0.0906,29614.0,26930.0,-0.0906,7.0,23.0,2.2857
KAHF,3248B - MEN FACIAL WASH SOAP 100-150G,3248 - MEN FACIAL FOAM SOAP,PERSONAL CARE,1.02,1.01,-0.0098,95.5,55.33,-0.4206,1.04,1.19,0.1442,47058.0,46955.0,-0.0022,48940.0,55876.0,0.1417,183.0,140.0,-0.235
MORRIS,3248B - MEN FACIAL WASH SOAP 100-150G,3248 - MEN FACIAL FOAM SOAP,PERSONAL CARE,1.0,1.0,0.0,14.0,4.67,-0.6664,1.0,1.0,0.0,35275.0,33900.0,-0.039,35275.0,33900.0,-0.039,28.0,14.0,-0.5
MS GLOW,3248B - MEN FACIAL WASH SOAP 100-150G,3248 - MEN FACIAL FOAM SOAP,PERSONAL CARE,1.0,1.05,0.05,6.0,12.67,1.1117,1.0,1.12,0.12,44900.0,49626.0,0.1053,44900.0,55581.0,0.2379,12.0,34.0,1.8333
NIVEA,3248B - MEN FACIAL WASH SOAP 100-150G,3248 - MEN FACIAL FOAM SOAP,PERSONAL CARE,1.0,1.04,0.04,15.5,9.33,-0.3981,1.07,1.08,0.0093,44458.0,46354.0,0.0426,47570.0,50062.0,0.0524,29.0,26.0,-0.1034
POND'S,3248B - MEN FACIAL WASH SOAP 100-150G,3248 - MEN FACIAL FOAM SOAP,PERSONAL CARE,1.02,1.07,0.049,32.5,13.67,-0.5794,1.03,1.0,-0.0291,41671.0,46795.0,0.123,42921.0,46795.0,0.0903,63.0,41.0,-0.3492
TOTAL CARE,3248B - MEN FACIAL WASH SOAP 100-150G,3248 - MEN FACIAL FOAM SOAP,PERSONAL CARE,,1.03,,,11.67,,,1.09,,,32914.0,,,35876.0,,,32.0,
EMINA,3249A - SERUM ESSENCE,3249 - SERUM ESSENCE,PERSONAL CARE,1.0,,,0.5,,,1.0,,,82000.0,,,82000.0,,,1.0,,
ERHA,3249A - SERUM ESSENCE,3249 - SERUM ESSENCE,PERSONAL CARE,1.0,,,0.5,,,1.0,,,182900.0,,,182900.0,,,1.0,,
GARNIER,3249A - SERUM ESSENCE,3249 - SERUM ESSENCE,PERSONAL CARE,1.0,1.0,0.0,0.5,0.67,0.34,1.0,1.0,0.0,31500.0,31500.0,0.0,31500.0,31500.0,0.0,1.0,2.0,1.0
HANASUI,3249A - SERUM ESSENCE,3249 - SERUM ESSENCE,PERSONAL CARE,1.08,1.05,-0.0278,38.5,14.0,-0.6364,1.15,1.17,0.0174,31579.0,32643.0,0.0337,36316.0,38192.0,0.0517,67.0,36.0,-0.4627
HIMALAYA,3249A - SERUM ESSENCE,3249 - SERUM ESSENCE,PERSONAL CARE,1.0,,,2.0,,,1.0,,,42750.0,,,42750.0,,,4.0,,
IMPLORA,3249A - SERUM ESSENCE,3249 - SERUM ESSENCE,PERSONAL CARE,1.0,,,1.0,,,1.0,,,38900.0,,,38900.0,,,2.0,,
PIGEON,3249A - SERUM ESSENCE,3249 - SERUM ESSENCE,PERSONAL CARE,1.6,,,2.5,,,1.0,,,60940.0,,,60940.0,,,5.0,,
PINKBERRY,3249A - SERUM ESSENCE,3249 - SERUM ESSENCE,PERSONAL CARE,1.0,1.0,0.0,0.5,0.33,-0.34,1.0,1.0,0.0,27500.0,28000.0,0.0182,27500.0,28000.0,0.0182,1.0,1.0,0.0
POND'S,3249A - SERUM ESSENCE,3249 - SERUM ESSENCE,PERSONAL CARE,1.0,1.25,0.25,6.0,1.33,-0.7783,1.2,1.0,-0.1667,70400.0,45475.0,-0.354,84480.0,45475.0,-0.4617,10.0,4.0,-0.6
SKINTIFIC,3249A - SERUM ESSENCE,3249 - SERUM ESSENCE,PERSONAL CARE,1.0,,,1.5,,,1.5,,,226133.0,,,339200.0,,,2.0,,
VIVA,3249A - SERUM ESSENCE,3249 - SERUM ESSENCE,PERSONAL CARE,1.0,1.05,0.05,0.5,6.33,11.66,1.0,1.19,0.19,25900.0,27263.0,0.0526,25900.0,32443.0,0.2526,1.0,16.0,15.0
YOU,3249A - SERUM ESSENCE,3249 - SERUM ESSENCE,PERSONAL CARE,1.0,,,0.5,,,1.0,,,78800.0,,,78800.0,,,1.0,,
PIGEON,3251A - BODY LOTION 100-150ML,3251 - BODY LOTION,PERSONAL CARE,1.0,,,1.0,,,1.0,,,37700.0,,,37700.0,,,2.0,,
VASELINE,3251A - BODY LOTION 100-150ML,3251 - BODY LOTION,PERSONAL CARE,1.03,1.04,0.0097,14.5,9.0,-0.3793,1.04,1.04,0.0,28028.0,21600.0,-0.2293,29149.0,22464.0,-0.2293,28.0,26.0,-0.0714
CITRA,3251B - BODY LOTION 180-250ML,3251 - BODY LOTION,PERSONAL CARE,1.05,1.0,-0.0476,57.0,18.0,-0.6842,1.04,1.0,-0.0385,27534.0,25128.0,-0.0874,28635.0,25128.0,-0.1225,110.0,54.0,-0.5091
EARTH LOVE LIFE,3251B - BODY LOTION 180-250ML,3251 - BODY LOTION,PERSONAL CARE,1.0,,,1.0,,,1.0,,,72500.0,,,72500.0,,,2.0,,
GLAD2GLOW,3251B - BODY LOTION 180-250ML,3251 - BODY LOTION,PERSONAL CARE,,1.67,,,1.0,,,1.0,,,68167.0,,,68167.0,,,3.0,
HANASUI,3251B - BODY LOTION 180-250ML,3251 - BODY LOTION,PERSONAL CARE,1.0,1.0,0.0,3.0,0.33,-0.89,1.0,1.0,0.0,29500.0,35500.0,0.2034,29500.0,35500.0,0.2034,6.0,1.0,-0.8333
MARINA,3251B - BODY LOTION 180-250ML,3251 - BODY LOTION,PERSONAL CARE,1.11,1.04,-0.0631,237.0,88.33,-0.6273,1.09,1.14,0.0459,12744.0,11747.0,-0.0782,13891.0,13392.0,-0.0359,434.0,233.0,-0.4631
NATUR-E,3251B - BODY LOTION 180-250ML,3251 - BODY LOTION,PERSONAL CARE,1.06,1.0,-0.0566,17.5,13.67,-0.2189,1.06,1.02,-0.0377,34146.0,32212.0,-0.0566,36195.0,32856.0,-0.0923,33.0,40.0,0.2121
NATURALLY SPEAKING,3251B - BODY LOTION 180-250ML,3251 - BODY LOTION,PERSONAL CARE,1.07,,,30.5,,,1.15,,,47844.0,,,55021.0,,,53.0,,
NIVEA,3251B - BODY LOTION 180-250ML,3251 - BODY LOTION,PERSONAL CARE,1.07,1.0,-0.0654,13.5,3.0,-0.7778,1.0,1.29,0.29,44681.0,39444.0,-0.1172,44681.0,50883.0,0.1388,27.0,7.0,-0.7407
PURBASARI,3251B - BODY LOTION 180-250ML,3251 - BODY LOTION,PERSONAL CARE,1.36,1.0,-0.2647,12.5,11.67,-0.0664,1.14,1.09,-0.0439,32464.0,19140.0,-0.4104,37009.0,20863.0,-0.4363,22.0,32.0,0.4545
SCARLETT,3251B - BODY LOTION 180-250ML,3251 - BODY LOTION,PERSONAL CARE,1.0,1.07,0.07,22.0,9.67,-0.5605,1.05,1.16,0.1048,46650.0,41755.0,-0.1049,48982.0,48436.0,-0.0111,42.0,25.0,-0.4048
SHINZU'I,3251B - BODY LOTION 180-250ML,3251 - BODY LOTION,PERSONAL CARE,1.03,1.0,-0.0291,18.5,5.33,-0.7119,1.06,1.0,-0.0566,29859.0,29031.0,-0.0277,31651.0,29031.0,-0.0828,35.0,16.0,-0.5429
SLAVINA,3251B - BODY LOTION 180-250ML,3251 - BODY LOTION,PERSONAL CARE,1.0,1.0,0.0,3.0,2.67,-0.11,1.0,1.14,0.14,49500.0,49500.0,0.0,49500.0,56430.0,0.14,6.0,7.0,0.1667
VASELINE,3251B - BODY LOTION 180-250ML,3251 - BODY LOTION,PERSONAL CARE,1.08,1.2,0.1111,57.5,31.67,-0.4492,1.06,1.13,0.066,36616.0,41333.0,0.1288,38813.0,46706.0,0.2034,109.0,84.0,-0.2294
WHITE INC,3251B - BODY LOTION 180-250ML,3251 - BODY LOTION,PERSONAL CARE,,1.0,,,8.0,,,1.09,,,29900.0,,,32591.0,,,22.0,
CITRA,3251C - BODY LOTION 300-600ML,3251 - BODY LOTION,PERSONAL CARE,11.0,,,2.5,,,1.0,,,493860.0,,,493860.0,,,5.0,,
EMERON,3251C - BODY LOTION 300-600ML,3251 - BODY LOTION,PERSONAL CARE,1.23,1.03,-0.1626,98.0,35.33,-0.6395,1.05,1.14,0.0857,20704.0,18660.0,-0.0987,21739.0,21272.0,-0.0215,186.0,93.0,-0.5
MARINA,3251C - BODY LOTION 300-600ML,3251 - BODY LOTION,PERSONAL CARE,1.23,1.03,-0.1626,61.0,25.0,-0.5902,1.03,1.19,0.1553,24089.0,20037.0,-0.1682,24812.0,23844.0,-0.039,118.0,63.0,-0.4661
SCARLETT,3251C - BODY LOTION 300-600ML,3251 - BODY LOTION,PERSONAL CARE,2.0,,,0.5,,,1.0,,,138000.0,,,138000.0,,,1.0,,
VASELINE,3251C - BODY LOTION 300-600ML,3251 - BODY LOTION,PERSONAL CARE,1.0,,,0.5,,,1.0,,,68100.0,,,68100.0,,,1.0,,
FRESH LIVING,3251E - BODY MASSAGE,3251 - BODY LOTION,PERSONAL CARE,1.02,1.05,0.0294,26.5,20.33,-0.2328,1.51,1.69,0.1192,14181.0,14584.0,0.0284,21413.0,24647.0,0.151,35.0,36.0,0.0286
HERBORIST,3251E - BODY MASSAGE,3251 - BODY LOTION,PERSONAL CARE,1.0,1.0,0.0,3.0,2.0,-0.3333,1.0,1.0,0.0,41417.0,41650.0,0.0056,41417.0,41650.0,0.0056,6.0,6.0,0.0
MUSTIKA RATU,3251E - BODY MASSAGE,3251 - BODY LOTION,PERSONAL CARE,1.0,1.1,0.1,14.0,10.0,-0.2857,1.0,1.11,0.11,29686.0,40470.0,0.3633,29686.0,44922.0,0.5132,28.0,27.0,-0.0357
PURBASARI,3251E - BODY MASSAGE,3251 - BODY LOTION,PERSONAL CARE,1.01,1.0,-0.0099,40.5,17.0,-0.5802,1.03,1.09,0.0583,28296.0,28222.0,-0.0026,29145.0,30762.0,0.0555,79.0,47.0,-0.4051
FELINZ,3251F - BODY TREATMENT,3251 - BODY LOTION,PERSONAL CARE,1.0,,,0.5,,,1.0,,,37900.0,,,37900.0,,,1.0,,
VASELINE,3251F - BODY TREATMENT,3251 - BODY LOTION,PERSONAL CARE,1.06,1.0,-0.0566,16.5,5.67,-0.6564,1.03,1.06,0.0291,44824.0,36959.0,-0.1755,46169.0,39177.0,-0.1514,32.0,16.0,-0.5
VEET,3251F - BODY TREATMENT,3251 - BODY LOTION,PERSONAL CARE,1.0,1.0,0.0,9.5,2.33,-0.7547,1.0,1.0,0.0,60521.0,63586.0,0.0506,60521.0,63586.0,0.0506,19.0,7.0,-0.6316
SCARLETT,3252A - BODY SERUM 100-150ML,3252 - BODY SERUM,PERSONAL CARE,1.0,1.0,0.0,3.5,3.33,-0.0486,1.0,1.0,0.0,39900.0,39900.0,0.0,39900.0,39900.0,0.0,7.0,10.0,0.4286
VASELINE,3252A - BODY SERUM 100-150ML,3252 - BODY SERUM,PERSONAL CARE,1.0,1.0,0.0,18.0,1.0,-0.9444,1.12,1.0,-0.1071,33211.0,32900.0,-0.0094,37196.0,32900.0,-0.1155,32.0,3.0,-0.9062
CITRA,3252B - BODY SERUM 180-250ML,3252 - BODY SERUM,PERSONAL CARE,1.0,1.0,0.0,7.0,6.67,-0.0471,1.0,1.11,0.11,29200.0,29400.0,0.0068,29200.0,32634.0,0.1176,14.0,18.0,0.2857
GLAD2GLOW,3252B - BODY SERUM 180-250ML,3252 - BODY SERUM,PERSONAL CARE,1.4,1.0,-0.2857,2.5,3.33,0.332,1.0,1.25,0.25,73440.0,40830.0,-0.444,73440.0,51038.0,-0.305,5.0,8.0,0.6
HANASUI,3252B - BODY SERUM 180-250ML,3252 - BODY SERUM,PERSONAL CARE,1.0,1.0,0.0,6.0,0.33,-0.945,1.0,1.0,0.0,34633.0,29900.0,-0.1367,34633.0,29900.0,-0.1367,12.0,1.0,-0.9167
HERBORIST,3252B - BODY SERUM 180-250ML,3252 - BODY SERUM,PERSONAL CARE,1.0,1.0,0.0,3.0,0.33,-0.89,1.0,1.0,0.0,29383.0,30200.0,0.0278,29383.0,30200.0,0.0278,6.0,1.0,-0.8333
LAVOJOY,3252B - BODY SERUM 180-250ML,3252 - BODY SERUM,PERSONAL CARE,1.0,1.17,0.17,5.0,8.0,0.6,1.0,1.09,0.09,42500.0,47796.0,0.1246,42500.0,52098.0,0.2258,10.0,22.0,1.2
NIVEA,3252B - BODY SERUM 180-250ML,3252 - BODY SERUM,PERSONAL CARE,1.08,1.27,0.1759,38.0,16.0,-0.5789,1.03,1.12,0.0874,49530.0,60121.0,0.2138,51016.0,67336.0,0.3199,74.0,43.0,-0.4189
PINKBERRY,3252B - BODY SERUM 180-250ML,3252 - BODY SERUM,PERSONAL CARE,1.0,1.0,0.0,1.0,1.0,0.0,1.0,1.0,0.0,39400.0,40067.0,0.0169,39400.0,40067.0,0.0169,2.0,3.0,0.5
PURBASARI,3252B - BODY SERUM 180-250ML,3252 - BODY SERUM,PERSONAL CARE,1.03,1.03,0.0,17.0,23.33,0.3724,1.0,1.04,0.04,29774.0,29839.0,0.0022,29774.0,31033.0,0.0423,34.0,67.0,0.9706
SCARLETT,3252B - BODY SERUM 180-250ML,3252 - BODY SERUM,PERSONAL CARE,,1.0,,,8.33,,,1.04,,,44884.0,,,46679.0,,,24.0,
VASELINE,3252B - BODY SERUM 180-250ML,3252 - BODY SERUM,PERSONAL CARE,1.14,1.1,-0.0351,42.0,36.67,-0.1269,1.02,1.1,0.0784,47592.0,48135.0,0.0114,48544.0,52949.0,0.0907,82.0,100.0,0.2195
HANASUI,3253A - BODY SCRUB,3253 - BODY SCRUB,PERSONAL CARE,1.1,1.0,-0.0909,15.0,1.0,-0.9333,1.11,1.0,-0.0991,17050.0,13500.0,-0.2082,18926.0,13500.0,-0.2867,27.0,3.0,-0.8889
HERBORIST,3253A - BODY SCRUB,3253 - BODY SCRUB,PERSONAL CARE,1.07,1.02,-0.0467,21.5,14.33,-0.3335,1.0,1.02,0.02,22907.0,22853.0,-0.0024,22907.0,23310.0,0.0176,43.0,42.0,-0.0233
PURBASARI,3253A - BODY SCRUB,3253 - BODY SCRUB,PERSONAL CARE,1.06,1.05,-0.0094,81.0,35.33,-0.5638,1.05,1.12,0.0667,21157.0,23443.0,0.108,22215.0,26256.0,0.1819,155.0,95.0,-0.3871
SHINZU'I,3253A - BODY SCRUB,3253 - BODY SCRUB,PERSONAL CARE,1.08,1.09,0.0093,103.5,26.0,-0.7488,1.07,1.05,-0.0187,20787.0,20874.0,0.0042,22242.0,21918.0,-0.0146,193.0,74.0,-0.6166
VIENNA,3253A - BODY SCRUB,3253 - BODY SCRUB,PERSONAL CARE,1.0,,,7.0,,,1.56,,,28071.0,,,43791.0,,,9.0,,
AZARINE,3257A - SUNBLOCK,3257 - SUNBLOCK,PERSONAL CARE,1.0,,,0.5,,,1.0,,,53900.0,,,53900.0,,,1.0,,
AZZURA,3261A - FOUNDATION,3261 - FOUNDATION,PERSONAL CARE,1.0,,,0.5,,,1.0,,,123000.0,,,123000.0,,,1.0,,
MAYBELLINE,3261A - FOUNDATION,3261 - FOUNDATION,PERSONAL CARE,1.0,1.0,0.0,4.0,0.67,-0.8325,1.0,1.0,0.0,38512.0,38550.0,0.001,38512.0,38550.0,0.001,8.0,2.0,-0.75
SKINTIFIC,3261A - FOUNDATION,3261 - FOUNDATION,PERSONAL CARE,1.0,,,1.5,,,1.0,,,181600.0,,,181600.0,,,3.0,,
SOMETHINC,3261A - FOUNDATION,3261 - FOUNDATION,PERSONAL CARE,1.0,,,1.0,,,1.0,,,173550.0,,,173550.0,,,2.0,,
WARDAH,3261A - FOUNDATION,3261 - FOUNDATION,PERSONAL CARE,1.0,1.0,0.0,5.0,1.33,-0.734,1.0,1.0,0.0,39300.0,40250.0,0.0242,39300.0,40250.0,0.0242,10.0,4.0,-0.6
AZARINE,3262A - COMPACT POWDER,3262 - COMPACT POWDER,PERSONAL CARE,1.0,,,0.5,,,1.0,,,80000.0,,,80000.0,,,1.0,,
AZZURA,3262A - COMPACT POWDER,3262 - COMPACT POWDER,PERSONAL CARE,1.36,1.0,-0.2647,7.0,0.33,-0.9529,1.0,1.0,0.0,48893.0,45500.0,-0.0694,48893.0,45500.0,-0.0694,14.0,1.0,-0.9286
IMPLORA,3262A - COMPACT POWDER,3262 - COMPACT POWDER,PERSONAL CARE,1.0,,,1.5,,,1.0,,,44867.0,,,44867.0,,,3.0,,
MARCKS,3262A - COMPACT POWDER,3262 - COMPACT POWDER,PERSONAL CARE,1.0,,,1.5,,,1.0,,,31233.0,,,31233.0,,,3.0,,
MARINA,3262A - COMPACT POWDER,3262 - COMPACT POWDER,PERSONAL CARE,1.11,1.43,0.2883,9.5,2.33,-0.7547,1.06,1.0,-0.0566,13500.0,17343.0,0.2847,14310.0,17343.0,0.2119,18.0,7.0,-0.6111
PIGEON,3262A - COMPACT POWDER,3262 - COMPACT POWDER,PERSONAL CARE,1.0,,,0.5,,,1.0,,,42600.0,,,42600.0,,,1.0,,
PIXY,3262A - COMPACT POWDER,3262 - COMPACT POWDER,PERSONAL CARE,1.0,1.0,0.0,1.0,0.67,-0.33,1.0,1.0,0.0,54200.0,54200.0,0.0,54200.0,54200.0,0.0,2.0,2.0,0.0
WARDAH,3262A - COMPACT POWDER,3262 - COMPACT POWDER,PERSONAL CARE,1.0,1.0,0.0,1.5,0.67,-0.5533,1.0,1.0,0.0,56267.0,64900.0,0.1534,56267.0,64900.0,0.1534,3.0,2.0,-0.3333
PIXY,3262B - REFFIL COMPACT POWDER,3262 - COMPACT POWDER,PERSONAL CARE,1.0,1.14,0.14,4.5,2.33,-0.4822,1.0,1.0,0.0,32533.0,36871.0,0.1333,32533.0,36871.0,0.1333,9.0,7.0,-0.2222
WARDAH,3262B - REFFIL COMPACT POWDER,3262 - COMPACT POWDER,PERSONAL CARE,1.0,1.0,0.0,9.5,5.0,-0.4737,1.0,1.0,0.0,42574.0,44260.0,0.0396,42574.0,44260.0,0.0396,19.0,15.0,-0.2105
AZZURA,3262C - LOOSE POWDER,3262 - COMPACT POWDER,PERSONAL CARE,1.71,,,3.5,,,1.0,,,59557.0,,,59557.0,,,7.0,,
EMINA,3262C - LOOSE POWDER,3262 - COMPACT POWDER,PERSONAL CARE,1.0,1.0,0.0,1.5,1.33,-0.1133,1.0,1.0,0.0,31233.0,31900.0,0.0214,31233.0,31900.0,0.0214,3.0,4.0,0.3333
HANASUI,3262C - LOOSE POWDER,3262 - COMPACT POWDER,PERSONAL CARE,1.0,,,0.5,,,1.0,,,35500.0,,,35500.0,,,1.0,,
MARCKS,3262C - LOOSE POWDER,3262 - COMPACT POWDER,PERSONAL CARE,1.11,1.0,-0.0991,4.5,0.33,-0.9267,1.0,1.0,0.0,23611.0,37900.0,0.6052,23611.0,37900.0,0.6052,9.0,1.0,-0.8889
POND'S,3262C - LOOSE POWDER,3262 - COMPACT POWDER,PERSONAL CARE,1.0,,,2.5,,,1.0,,,28760.0,,,28760.0,,,5.0,,
WARDAH,3262C - LOOSE POWDER,3262 - COMPACT POWDER,PERSONAL CARE,1.0,1.0,0.0,3.5,0.33,-0.9057,1.0,1.0,0.0,37129.0,44500.0,0.1985,37129.0,44500.0,0.1985,7.0,1.0,-0.8571
HANASUI,3264A - EYE,3264 - EYE,PERSONAL CARE,1.2,,,2.5,,,1.0,,,24160.0,,,24160.0,,,5.0,,
IMPLORA,3264A - EYE,3264 - EYE,PERSONAL CARE,1.29,,,3.5,,,1.17,,,23500.0,,,27495.0,,,6.0,,
MAYBELLINE,3264A - EYE,3264 - EYE,PERSONAL CARE,1.11,1.25,0.1261,4.5,1.33,-0.7044,1.0,1.0,0.0,126267.0,116250.0,-0.0793,126267.0,116250.0,-0.0793,9.0,4.0,-0.5556
MOKO MOKO,3264A - EYE,3264 - EYE,PERSONAL CARE,1.0,1.0,0.0,5.0,0.33,-0.934,1.11,1.0,-0.0991,28550.0,28600.0,0.0018,31691.0,28600.0,-0.0975,9.0,1.0,-0.8889
PINKBERRY,3264A - EYE,3264 - EYE,PERSONAL CARE,1.1,1.0,-0.0909,5.0,0.33,-0.934,1.0,1.0,0.0,30390.0,20000.0,-0.3419,30390.0,20000.0,-0.3419,10.0,1.0,-0.9
SOMETHINC,3264A - EYE,3264 - EYE,PERSONAL CARE,1.0,,,0.5,,,1.0,,,68900.0,,,68900.0,,,1.0,,
VIENNA,3264A - EYE,3264 - EYE,PERSONAL CARE,1.0,,,0.5,,,1.0,,,20900.0,,,20900.0,,,1.0,,
VIVA,3264A - EYE,3264 - EYE,PERSONAL CARE,1.0,1.07,0.07,3.5,4.67,0.3343,1.0,1.0,0.0,44671.0,48450.0,0.0846,44671.0,48450.0,0.0846,7.0,14.0,1.0
WARDAH,3264A - EYE,3264 - EYE,PERSONAL CARE,1.0,1.0,0.0,1.5,1.0,-0.3333,1.0,1.0,0.0,48667.0,48600.0,-0.0014,48667.0,48600.0,-0.0014,3.0,3.0,0.0
AZZURA,3265A - LIPS,3265 - LIPS,PERSONAL CARE,1.6,,,2.5,,,1.0,,,71100.0,,,71100.0,,,5.0,,
EMINA,3265A - LIPS,3265 - LIPS,PERSONAL CARE,1.0,,,0.5,,,1.0,,,65000.0,,,65000.0,,,1.0,,
HANASUI,3265A - LIPS,3265 - LIPS,PERSONAL CARE,1.0,,,4.0,,,1.0,,,24638.0,,,24638.0,,,8.0,,
IMPLORA,3265A - LIPS,3265 - LIPS,PERSONAL CARE,1.09,,,5.5,,,1.0,,,25418.0,,,25418.0,,,11.0,,
LOREAL,3265A - LIPS,3265 - LIPS,PERSONAL CARE,1.0,,,1.0,,,1.0,,,124600.0,,,124600.0,,,2.0,,
MAYBELLINE,3265A - LIPS,3265 - LIPS,PERSONAL CARE,1.0,,,0.5,,,1.0,,,109900.0,,,109900.0,,,1.0,,
MOKO MOKO,3265A - LIPS,3265 - LIPS,PERSONAL CARE,1.0,1.0,0.0,4.0,0.33,-0.9175,1.14,1.0,-0.1228,29100.0,28500.0,-0.0206,33174.0,28500.0,-0.1409,7.0,1.0,-0.8571
OMG,3265A - LIPS,3265 - LIPS,PERSONAL CARE,1.0,,,1.5,,,1.0,,,25933.0,,,25933.0,,,3.0,,
PINKBERRY,3265A - LIPS,3265 - LIPS,PERSONAL CARE,1.0,,,0.5,,,1.0,,,47700.0,,,47700.0,,,1.0,,
PURE PAW PAW,3265A - LIPS,3265 - LIPS,PERSONAL CARE,1.0,,,0.5,,,1.0,,,65000.0,,,65000.0,,,1.0,,
WARDAH,3265A - LIPS,3265 - LIPS,PERSONAL CARE,1.0,1.17,0.17,4.5,2.0,-0.5556,1.0,1.0,0.0,71322.0,81217.0,0.1387,71322.0,81217.0,0.1387,9.0,6.0,-0.3333
HIMALAYA,3265B - LIP BALM,3265 - LIPS,PERSONAL CARE,1.0,,,1.5,,,1.0,,,18633.0,,,18633.0,,,3.0,,
LIP ICE,3265B - LIP BALM,3265 - LIPS,PERSONAL CARE,1.0,1.0,0.0,8.0,1.67,-0.7912,1.23,1.0,-0.187,30825.0,30900.0,0.0024,37915.0,30900.0,-0.185,13.0,5.0,-0.6154
NIVEA,3265B - LIP BALM,3265 - LIPS,PERSONAL CARE,,1.0,,,0.33,,,1.0,,,38500.0,,,38500.0,,,1.0,
VASELINE,3265B - LIP BALM,3265 - LIPS,PERSONAL CARE,1.04,1.14,0.0962,13.0,2.33,-0.8208,1.04,1.0,-0.0385,34715.0,39971.0,0.1514,36104.0,39971.0,0.1071,25.0,7.0,-0.72
WARDAH,3265B - LIP BALM,3265 - LIPS,PERSONAL CARE,1.06,1.0,-0.0566,8.5,2.33,-0.7259,1.0,1.17,0.17,37582.0,34000.0,-0.0953,37582.0,39780.0,0.0585,17.0,6.0,-0.6471
IMPLORA,3266A - NAIL,3266 - NAIL,PERSONAL CARE,1.0,,,1.5,,,1.0,,,30500.0,,,30500.0,,,3.0,,
GILLETTE,3281A - RAZOR,3281 - RAZOR,PERSONAL CARE,1.05,1.0,-0.0476,10.0,5.67,-0.433,1.0,1.06,0.06,38420.0,29318.0,-0.2369,38420.0,31077.0,-0.1911,20.0,16.0,-0.2
VENUS,3281A - RAZOR,3281 - RAZOR,PERSONAL CARE,1.0,,,0.5,,,1.0,,,95000.0,,,95000.0,,,1.0,,
ALFAMART,3282A - DISPOSABLE RAZOR,3282 - DISPOSABLE RAZOR,PERSONAL CARE,1.01,1.0,-0.0099,44.5,34.67,-0.2209,1.01,1.02,0.0099,9509.0,12357.0,0.2995,9604.0,12604.0,0.3124,88.0,102.0,0.1591
GILLETTE,3282A - DISPOSABLE RAZOR,3282 - DISPOSABLE RAZOR,PERSONAL CARE,1.03,1.01,-0.0194,282.5,117.0,-0.5858,1.05,1.09,0.0381,21705.0,21907.0,0.0093,22790.0,23879.0,0.0478,537.0,322.0,-0.4004
SCHICK,3282A - DISPOSABLE RAZOR,3282 - DISPOSABLE RAZOR,PERSONAL CARE,1.0,,,5.5,,,1.1,,,19382.0,,,21320.0,,,10.0,,
GILLETTE,3283A - REFILL RAZOR,3283 - REFILL RAZOR,PERSONAL CARE,1.0,1.05,0.05,19.0,12.67,-0.3332,1.03,1.03,0.0,26624.0,27892.0,0.0476,27423.0,28729.0,0.0476,37.0,37.0,0.0
SCHICK,3283A - REFILL RAZOR,3283 - REFILL RAZOR,PERSONAL CARE,1.0,,,0.5,,,1.0,,,19000.0,,,19000.0,,,1.0,,
GILLETTE,3284A - SHAVING CARE,3284 - SHAVING CARE,PERSONAL CARE,1.0,1.0,0.0,3.0,3.0,0.0,1.0,1.0,0.0,46900.0,53933.0,0.15,46900.0,53933.0,0.15,6.0,9.0,0.5
ALFAMART,3331A - BEAUTY COTTON,3331 - BEAUTY COTTON,PERSONAL CARE,1.09,1.06,-0.0275,181.0,76.67,-0.5764,1.12,1.12,0.0,11649.0,10685.0,-0.0828,13047.0,11967.0,-0.0828,322.0,206.0,-0.3602
SELECTION,3331A - BEAUTY COTTON,3331 - BEAUTY COTTON,PERSONAL CARE,1.07,1.04,-0.028,672.5,188.33,-0.72,1.12,1.1,-0.0179,12395.0,13222.0,0.0667,13882.0,14544.0,0.0477,1198.0,512.0,-0.5726
ALFA,4271A - BATHROOM ACCESSORIES,4271 - BATHROOM ACCESSORIES,PERSONAL CARE,,1.0,,,1.67,,,1.0,,,22900.0,,,22900.0,,,5.0,
ALFAMART,4271A - BATHROOM ACCESSORIES,4271 - BATHROOM ACCESSORIES,PERSONAL CARE,1.0,1.0,0.0,35.0,14.33,-0.5906,1.06,1.08,0.0189,16306.0,16372.0,0.004,17284.0,17682.0,0.023,66.0,40.0,-0.3939
ALFAMART,1511A - RICE BAG 1-3KG,1511 - RICE,STAPLE NEED,1.08,1.06,-0.0185,645.5,35.0,-0.9458,1.42,1.3,-0.0845,41133.0,47100.0,0.1451,58409.0,61230.0,0.0483,907.0,81.0,-0.9107
ANAK RAJA,1511A - RICE BAG 1-3KG,1511 - RICE,STAPLE NEED,2.18,,,5.5,,,1.0,,,34909.0,,,34909.0,,,11.0,,
DAILY MEAL,1511A - RICE BAG 1-3KG,1511 - RICE,STAPLE NEED,2.0,,,0.5,,,1.0,,,75800.0,,,75800.0,,,1.0,,
FS,1511A - RICE BAG 1-3KG,1511 - RICE,STAPLE NEED,1.0,,,2.0,,,1.0,,,32675.0,,,32675.0,,,4.0,,
KONGBAP,1511A - RICE BAG 1-3KG,1511 - RICE,STAPLE NEED,3.5,,,1.0,,,1.0,,,255150.0,,,255150.0,,,2.0,,
SUMO,1511A - RICE BAG 1-3KG,1511 - RICE,STAPLE NEED,2.83,,,58.5,,,1.46,,,133778.0,,,195316.0,,,80.0,,
TOPI KOKI,1511A - RICE BAG 1-3KG,1511 - RICE,STAPLE NEED,,1.18,,,13.33,,,1.25,,,69208.0,,,86510.0,,,32.0,
TROPICANA,1511A - RICE BAG 1-3KG,1511 - RICE,STAPLE NEED,1.0,,,2.0,,,1.0,,,44900.0,,,44900.0,,,4.0,,
ALFAMART,1511B - RICE BAG 5KG,1511 - RICE,STAPLE NEED,1.15,1.08,-0.0609,1185.5,123.67,-0.8957,1.48,1.21,-0.1824,86613.0,80323.0,-0.0726,128187.0,97191.0,-0.2418,1598.0,307.0,-0.8079
ANAK RAJA,1511B - RICE BAG 5KG,1511 - RICE,STAPLE NEED,1.53,1.06,-0.3072,93.0,60.33,-0.3513,1.35,1.1,-0.1852,115460.0,100260.0,-0.1316,155871.0,110286.0,-0.2925,138.0,164.0,0.1884
FORTUNE,1511B - RICE BAG 5KG,1511 - RICE,STAPLE NEED,1.34,,,132.5,,,1.38,,,99029.0,,,136660.0,,,192.0,,
FS,1511B - RICE BAG 5KG,1511 - RICE,STAPLE NEED,1.13,,,195.5,,,1.33,,,84766.0,,,112739.0,,,295.0,,
HOK-1,1511B - RICE BAG 5KG,1511 - RICE,STAPLE NEED,,1.08,,,130.33,,,1.24,,,80597.0,,,99940.0,,,315.0,
LAHAP,1511B - RICE BAG 5KG,1511 - RICE,STAPLE NEED,,1.14,,,141.0,,,1.48,,,85067.0,,,125899.0,,,286.0,
MENTARI,1511B - RICE BAG 5KG,1511 - RICE,STAPLE NEED,1.15,1.2,0.0435,32.5,49.0,0.5077,1.48,1.46,-0.0135,85962.0,90718.0,0.0553,127224.0,132448.0,0.0411,44.0,101.0,1.2955
PUTRI BATIK,1511B - RICE BAG 5KG,1511 - RICE,STAPLE NEED,,1.12,,,13.33,,,1.25,,,83812.0,,,104765.0,,,32.0,
RAJA,1511B - RICE BAG 5KG,1511 - RICE,STAPLE NEED,1.22,1.19,-0.0246,2447.5,483.33,-0.8025,1.62,1.44,-0.1111,90870.0,89148.0,-0.019,147209.0,128373.0,-0.128,3027.0,1005.0,-0.668
SANIA,1511B - RICE BAG 5KG,1511 - RICE,STAPLE NEED,1.22,1.14,-0.0656,1418.0,206.33,-0.8545,1.46,1.25,-0.1438,91066.0,84730.0,-0.0696,132956.0,105912.0,-0.2034,1946.0,496.0,-0.7451
SAWAH JINGGA,1511B - RICE BAG 5KG,1511 - RICE,STAPLE NEED,,1.12,,,5.67,,,1.21,,,86059.0,,,104131.0,,,14.0,
SPHP,1511B - RICE BAG 5KG,1511 - RICE,STAPLE NEED,,1.19,,,141.67,,,1.55,,,74371.0,,,115275.0,,,275.0,
SUMO,1511B - RICE BAG 5KG,1511 - RICE,STAPLE NEED,1.99,1.23,-0.3819,176.0,46.67,-0.7348,1.44,1.19,-0.1736,155222.0,111471.0,-0.2819,223520.0,132650.0,-0.4065,245.0,118.0,-0.5184
TOPI KOKI,1511B - RICE BAG 5KG,1511 - RICE,STAPLE NEED,1.24,,,162.0,,,1.25,,,92665.0,,,115831.0,,,259.0,,
ALFAMART,1512C - SUGAR BAG 1KG,1512 - SUGAR,STAPLE NEED,1.35,1.51,0.1185,102.0,81.0,-0.2059,1.32,1.08,-0.1818,23591.0,26502.0,0.1234,31140.0,28622.0,-0.0809,154.0,224.0,0.4545
FS,1512C - SUGAR BAG 1KG,1512 - SUGAR,STAPLE NEED,,1.58,,,8.67,,,1.08,,,27596.0,,,29804.0,,,24.0,
GMP,1512C - SUGAR BAG 1KG,1512 - SUGAR,STAPLE NEED,1.49,2.19,0.4698,1889.0,756.0,-0.5998,2.02,1.82,-0.099,26028.0,38318.0,0.4722,52577.0,69739.0,0.3264,1870.0,1243.0,-0.3353
GULAKU,1512C - SUGAR BAG 1KG,1512 - SUGAR,STAPLE NEED,1.45,1.44,-0.0069,1248.5,513.33,-0.5888,1.51,1.42,-0.0596,25307.0,25227.0,-0.0032,38214.0,35822.0,-0.0626,1649.0,1081.0,-0.3445
GULAVIT,1512C - SUGAR BAG 1KG,1512 - SUGAR,STAPLE NEED,1.59,1.79,0.1258,281.0,161.0,-0.427,1.37,1.24,-0.0949,27838.0,31304.0,0.1245,38138.0,38817.0,0.0178,409.0,388.0,-0.0513
PSM,1512C - SUGAR BAG 1KG,1512 - SUGAR,STAPLE NEED,1.48,1.62,0.0946,363.5,184.0,-0.4938,1.49,1.27,-0.1477,25901.0,28691.0,0.1077,38592.0,36438.0,-0.0558,489.0,436.0,-0.1084
ROSE BRAND,1512C - SUGAR BAG 1KG,1512 - SUGAR,STAPLE NEED,1.54,1.81,0.1753,1795.5,560.0,-0.6881,1.63,1.35,-0.1718,26915.0,31740.0,0.1793,43871.0,42849.0,-0.0233,2205.0,1242.0,-0.4367
SUS,1512C - SUGAR BAG 1KG,1512 - SUGAR,STAPLE NEED,1.2,1.25,0.0417,54.5,18.67,-0.6574,1.22,1.14,-0.0656,21032.0,21875.0,0.0401,25659.0,24937.0,-0.0281,89.0,49.0,-0.4494
ALFAMART,1512E - OTHERS SUGAR,1512 - SUGAR,STAPLE NEED,1.07,1.11,0.0374,60.5,23.33,-0.6144,1.06,1.11,0.0472,15315.0,15716.0,0.0262,16234.0,17445.0,0.0746,114.0,63.0,-0.4474
HAAN,1512E - OTHERS SUGAR,1512 - SUGAR,STAPLE NEED,1.11,1.1,-0.009,22.5,13.0,-0.4222,1.29,1.05,-0.186,28333.0,29549.0,0.0429,36550.0,31026.0,-0.1511,35.0,37.0,0.0571
IE-IE,1512E - OTHERS SUGAR,1512 - SUGAR,STAPLE NEED,1.0,1.0,0.0,1.5,1.33,-0.1133,1.0,1.0,0.0,19900.0,19900.0,0.0,19900.0,19900.0,0.0,3.0,4.0,0.3333
MAHORAHORA,1512E - OTHERS SUGAR,1512 - SUGAR,STAPLE NEED,1.04,1.02,-0.0192,62.5,30.0,-0.52,1.15,1.3,0.1304,19656.0,19320.0,-0.0171,22604.0,25116.0,0.1111,109.0,69.0,-0.367
ROSE BRAND,1512E - OTHERS SUGAR,1512 - SUGAR,STAPLE NEED,1.0,,,3.0,,,1.0,,,16567.0,,,16567.0,,,6.0,,
KUNCI BIRU,1513A - FLOUR,1513 - FLOUR,STAPLE NEED,1.16,1.12,-0.0345,131.5,53.67,-0.5919,1.12,1.05,-0.0625,16865.0,16448.0,-0.0247,18889.0,17270.0,-0.0857,234.0,154.0,-0.3419
SANIA,1513A - FLOUR,1513 - FLOUR,STAPLE NEED,1.11,1.11,0.0,252.5,79.0,-0.6871,1.17,1.13,-0.0342,16861.0,16803.0,-0.0034,19727.0,18987.0,-0.0375,431.0,209.0,-0.5151
SEGITIGA,1513A - FLOUR,1513 - FLOUR,STAPLE NEED,1.12,1.12,0.0,280.5,98.0,-0.6506,1.12,1.08,-0.0357,17047.0,17197.0,0.0088,19093.0,18573.0,-0.0272,502.0,271.0,-0.4602
KOBE,1513B - OTHER FLOUR,1513 - FLOUR,STAPLE NEED,1.41,,,11.0,,,1.1,,,15245.0,,,16770.0,,,20.0,,
MAIZENAKU,1513B - OTHER FLOUR,1513 - FLOUR,STAPLE NEED,1.17,1.21,0.0342,80.0,48.67,-0.3916,1.02,1.04,0.0196,9233.0,9041.0,-0.0208,9418.0,9403.0,-0.0016,157.0,141.0,-0.1019
MAMA SUKA,1513B - OTHER FLOUR,1513 - FLOUR,STAPLE NEED,1.15,1.19,0.0348,185.5,70.33,-0.6209,1.06,1.06,0.0,7964.0,8475.0,0.0642,8442.0,8984.0,0.0642,351.0,199.0,-0.433
PA TANI,1513B - OTHER FLOUR,1513 - FLOUR,STAPLE NEED,1.07,1.07,0.0,185.0,66.0,-0.6432,1.09,1.05,-0.0367,14510.0,14267.0,-0.0167,15816.0,14980.0,-0.0529,340.0,189.0,-0.4441
ROSE BRAND,1513B - OTHER FLOUR,1513 - FLOUR,STAPLE NEED,1.13,1.15,0.0177,265.0,102.67,-0.6126,1.09,1.1,0.0092,12050.0,12481.0,0.0358,13135.0,13729.0,0.0452,487.0,281.0,-0.423
BIMOLI,1521B - PALM COOKING OIL POUCH 900-1000ML,1521 - PALM COOKING OIL,STAPLE NEED,1.09,1.23,0.1284,219.5,153.33,-0.3015,1.18,1.18,0.0,23016.0,25377.0,0.1026,27159.0,29945.0,0.1026,373.0,390.0,0.0456
SANIA,1521B - PALM COOKING OIL POUCH 900-1000ML,1521 - PALM COOKING OIL,STAPLE NEED,1.14,1.21,0.0614,331.0,238.0,-0.281,1.15,1.25,0.087,23192.0,24615.0,0.0614,26671.0,30769.0,0.1537,574.0,571.0,-0.0052
ALFAMART,1521C - PALM COOKING OIL POUCH 1800-2000ML,1521 - PALM COOKING OIL,STAPLE NEED,1.23,1.14,-0.0732,105.5,57.33,-0.4566,1.23,1.14,-0.0732,48282.0,44802.0,-0.0721,59387.0,51074.0,-0.14,171.0,151.0,-0.117
BIMOLI,1521C - PALM COOKING OIL POUCH 1800-2000ML,1521 - PALM COOKING OIL,STAPLE NEED,1.31,1.22,-0.0687,173.5,312.0,0.7983,1.17,1.2,0.0256,53965.0,48883.0,-0.0942,63139.0,58660.0,-0.0709,297.0,778.0,1.6195
CAMAR,1521C - PALM COOKING OIL POUCH 1800-2000ML,1521 - PALM COOKING OIL,STAPLE NEED,1.3,1.27,-0.0231,166.5,78.33,-0.5295,1.15,1.17,0.0174,50809.0,53160.0,0.0463,58430.0,62197.0,0.0645,289.0,201.0,-0.3045
FILMA,1521C - PALM COOKING OIL POUCH 1800-2000ML,1521 - PALM COOKING OIL,STAPLE NEED,1.37,1.21,-0.1168,574.0,151.33,-0.7364,1.26,1.16,-0.0794,56135.0,53498.0,-0.047,70730.0,62058.0,-0.1226,914.0,390.0,-0.5733
FORTUNE,1521C - PALM COOKING OIL POUCH 1800-2000ML,1521 - PALM COOKING OIL,STAPLE NEED,1.3,1.2,-0.0769,377.5,231.0,-0.3881,1.18,1.23,0.0424,52485.0,48554.0,-0.0749,61932.0,59721.0,-0.0357,638.0,562.0,-0.1191
HARUMAS,1521C - PALM COOKING OIL POUCH 1800-2000ML,1521 - PALM COOKING OIL,STAPLE NEED,1.36,1.26,-0.0735,310.0,213.33,-0.3118,1.23,1.24,0.0081,52799.0,51554.0,-0.0236,64943.0,63927.0,-0.0156,506.0,518.0,0.0237
SANIA,1521C - PALM COOKING OIL POUCH 1800-2000ML,1521 - PALM COOKING OIL,STAPLE NEED,1.32,1.22,-0.0758,867.0,468.67,-0.4594,1.33,1.25,-0.0602,53517.0,49373.0,-0.0774,71178.0,61716.0,-0.1329,1306.0,1123.0,-0.1401
SOVIA,1521C - PALM COOKING OIL POUCH 1800-2000ML,1521 - PALM COOKING OIL,STAPLE NEED,1.29,1.18,-0.0853,359.0,185.0,-0.4847,1.23,1.2,-0.0244,51708.0,47555.0,-0.0803,63601.0,57066.0,-0.1027,583.0,461.0,-0.2093
SUNCO,1521C - PALM COOKING OIL POUCH 1800-2000ML,1521 - PALM COOKING OIL,STAPLE NEED,1.45,1.49,0.0276,2225.0,1031.0,-0.5366,1.48,1.47,-0.0068,62355.0,63127.0,0.0124,92285.0,92797.0,0.0055,2999.0,2107.0,-0.2974
TROPICAL,1521F - PALM COOKING OIL BOTTLE 800-1000ML,1521 - PALM COOKING OIL,STAPLE NEED,1.14,1.11,-0.0263,935.0,222.67,-0.7619,1.3,1.19,-0.0846,23668.0,23990.0,0.0136,30768.0,28548.0,-0.0722,1438.0,559.0,-0.6113
TROPICAL,1521G - PALM COOKING OIL BOTTLE 2L,1521 - PALM COOKING OIL,STAPLE NEED,1.3,1.3,0.0,1485.5,713.67,-0.5196,1.38,1.29,-0.0652,53820.0,51881.0,-0.036,74272.0,66926.0,-0.0989,2159.0,1664.0,-0.2293
BARCO,1522A - OTHERS COOKING OIL,1522 - OTHER COOKING OIL,STAPLE NEED,1.32,1.21,-0.0833,59.0,12.67,-0.7853,1.17,1.09,-0.0684,78825.0,72511.0,-0.0801,92225.0,79037.0,-0.143,101.0,35.0,-0.6535
BERTOLLI,1522A - OTHERS COOKING OIL,1522 - OTHER COOKING OIL,STAPLE NEED,1.25,,,2.0,,,1.0,,,167975.0,,,167975.0,,,4.0,,
DOUGO,1522A - OTHERS COOKING OIL,1522 - OTHER COOKING OIL,STAPLE NEED,1.0,,,1.5,,,1.0,,,77300.0,,,77300.0,,,3.0,,
IKAN DORANG,1522A - OTHERS COOKING OIL,1522 - OTHER COOKING OIL,STAPLE NEED,1.0,,,4.5,,,1.12,,,61056.0,,,68383.0,,,8.0,,
MAZOLA,1522A - OTHERS COOKING OIL,1522 - OTHER COOKING OIL,STAPLE NEED,1.86,,,3.5,,,1.17,,,199257.0,,,233131.0,,,6.0,,
SANIA,1522A - OTHERS COOKING OIL,1522 - OTHER COOKING OIL,STAPLE NEED,1.11,,,4.5,,,1.12,,,49111.0,,,55004.0,,,8.0,,
TROPICANA,1522A - OTHERS COOKING OIL,1522 - OTHER COOKING OIL,STAPLE NEED,1.0,,,1.0,,,2.0,,,84500.0,,,169000.0,,,1.0,,
BLUE BAND,1523A - MARGARINE & BUTTER CUP 250-350G,1523 - MARGARINE & BUTTER,STAPLE NEED,1.15,1.37,0.1913,83.0,70.67,-0.1486,1.09,1.15,0.055,24817.0,28111.0,0.1327,27051.0,32328.0,0.1951,152.0,184.0,0.2105
FORVITA,1523A - MARGARINE & BUTTER CUP 250-350G,1523 - MARGARINE & BUTTER,STAPLE NEED,1.15,1.07,-0.0696,248.0,131.67,-0.4691,1.09,1.13,0.0367,11370.0,9893.0,-0.1299,12393.0,11179.0,-0.098,455.0,350.0,-0.2308
5 IN 1,1523B - MARGARINE & BUTTER BAG 200G,1523 - MARGARINE & BUTTER,STAPLE NEED,1.22,1.21,-0.0082,29.5,105.67,2.582,1.05,1.06,0.0095,8420.0,8368.0,-0.0062,8841.0,8870.0,0.0033,56.0,300.0,4.3571
BLUE BAND,1523B - MARGARINE & BUTTER BAG 200G,1523 - MARGARINE & BUTTER,STAPLE NEED,1.34,1.4,0.0448,710.0,224.0,-0.6845,1.24,1.22,-0.0161,14655.0,16207.0,0.1059,18172.0,19773.0,0.0881,1144.0,550.0,-0.5192
FILMA,1523B - MARGARINE & BUTTER BAG 200G,1523 - MARGARINE & BUTTER,STAPLE NEED,1.31,1.36,0.0382,395.0,159.33,-0.5966,1.18,1.15,-0.0254,9830.0,10214.0,0.0391,11599.0,11746.0,0.0127,667.0,414.0,-0.3793
FORVITA,1523B - MARGARINE & BUTTER BAG 200G,1523 - MARGARINE & BUTTER,STAPLE NEED,1.33,1.41,0.0602,553.5,194.67,-0.6483,1.19,1.2,0.0084,10117.0,9724.0,-0.0388,12039.0,11669.0,-0.0307,927.0,486.0,-0.4757
PALMIA,1523B - MARGARINE & BUTTER BAG 200G,1523 - MARGARINE & BUTTER,STAPLE NEED,1.26,1.47,0.1667,111.0,109.33,-0.015,1.09,1.17,0.0734,8916.0,10149.0,0.1383,9718.0,11874.0,0.2219,203.0,281.0,0.3842
GARUDA,1531A - SEED & BEAN SACHET 40-90G,1531 - SEED & BEAN,STAPLE NEED,1.35,1.17,-0.1333,41.0,15.67,-0.6178,1.08,1.15,0.0648,13572.0,11821.0,-0.129,14658.0,13594.0,-0.0726,76.0,41.0,-0.4605
ALFAMART,1531B - SEED & BEAN BAG 100-250G,1531 - SEED & BEAN,STAPLE NEED,1.06,1.13,0.066,43.5,15.0,-0.6552,1.06,1.12,0.0566,11544.0,12413.0,0.0753,12237.0,13903.0,0.1361,82.0,40.0,-0.5122
KONGBAP,1531B - SEED & BEAN BAG 100-250G,1531 - SEED & BEAN,STAPLE NEED,1.83,,,3.0,,,1.5,,,24150.0,,,36225.0,,,4.0,,
FINNA,1531C - SEED & BEAN BAG 400-1000G,1531 - SEED & BEAN,STAPLE NEED,1.29,,,3.5,,,1.17,,,26086.0,,,30521.0,,,6.0,,
FINNA,1532A - SUNDRIED CRACKER,1532 - SUNDRIED CRACKER,STAPLE NEED,1.14,1.16,0.0175,51.0,14.33,-0.719,1.29,1.26,-0.0233,10129.0,10121.0,-0.0008,13066.0,12752.0,-0.024,79.0,34.0,-0.5696
NY SIOK,1532A - SUNDRIED CRACKER,1532 - SUNDRIED CRACKER,STAPLE NEED,1.0,,,1.0,,,1.0,,,157900.0,,,157900.0,,,2.0,,
NUTRIJELL,1611A - JELLY POWDER 7-35G,1611 - POWDER JELLY,STAPLE NEED,1.79,1.74,-0.0279,356.5,189.67,-0.468,1.16,1.16,0.0,11844.0,12175.0,0.0279,13739.0,14123.0,0.0279,617.0,490.0,-0.2058
SWALLOW,1611A - JELLY POWDER 7-35G,1611 - POWDER JELLY,STAPLE NEED,1.75,1.65,-0.0571,191.5,84.33,-0.5596,1.13,1.08,-0.0442,10532.0,9765.0,-0.0728,11901.0,10546.0,-0.1139,339.0,234.0,-0.3097
HAAN,1612A - PROCESSED PUDDING,1612 - PROCESSED PUDDING,STAPLE NEED,1.21,1.15,-0.0496,81.5,18.0,-0.7791,1.12,1.08,-0.0357,18373.0,17456.0,-0.0499,20578.0,18852.0,-0.0839,146.0,50.0,-0.6575
MOM'S RECIPE,1612A - PROCESSED PUDDING,1612 - PROCESSED PUDDING,STAPLE NEED,1.5,1.34,-0.1067,249.0,105.0,-0.5783,1.18,1.13,-0.0424,20479.0,18223.0,-0.1102,24165.0,20592.0,-0.1479,422.0,279.0,-0.3389
MY VLA,1612A - PROCESSED PUDDING,1612 - PROCESSED PUDDING,STAPLE NEED,1.36,1.29,-0.0515,162.5,52.33,-0.678,1.14,1.09,-0.0439,8675.0,8954.0,0.0322,9890.0,9760.0,-0.0131,284.0,144.0,-0.493
NUTRIJELL,1612A - PROCESSED PUDDING,1612 - PROCESSED PUDDING,STAPLE NEED,1.41,1.44,0.0213,284.5,162.33,-0.4294,1.13,1.09,-0.0354,18698.0,19561.0,0.0462,21129.0,21321.0,0.0091,504.0,445.0,-0.1171
PONDAN,1612A - PROCESSED PUDDING,1612 - PROCESSED PUDDING,STAPLE NEED,1.0,,,1.0,,,1.0,,,12250.0,,,12250.0,,,2.0,,
KOEPOE,1621A - ESSENCE 20-90G,1621 - ESSENCE,STAPLE NEED,1.09,1.13,0.0367,116.5,43.33,-0.6281,1.06,1.03,-0.0283,10827.0,11103.0,0.0255,11477.0,11436.0,-0.0036,219.0,126.0,-0.4247
COLATTA,1622A - COLOURING & FLAVOURING 90G,1622 - COLOURING & FLAVOURING,STAPLE NEED,1.13,1.07,-0.0531,54.0,15.33,-0.7161,1.14,1.12,-0.0175,24957.0,24837.0,-0.0048,28451.0,27817.0,-0.0223,95.0,41.0,-0.5684
KOEPOE,1622A - COLOURING & FLAVOURING 90G,1622 - COLOURING & FLAVOURING,STAPLE NEED,1.0,,,5.5,,,1.0,,,10264.0,,,10264.0,,,11.0,,
TULIP,1622A - COLOURING & FLAVOURING 90G,1622 - COLOURING & FLAVOURING,STAPLE NEED,1.0,,,0.5,,,1.0,,,23000.0,,,23000.0,,,1.0,,
VAN HOUTEN,1622A - COLOURING & FLAVOURING 90G,1622 - COLOURING & FLAVOURING,STAPLE NEED,1.01,1.06,0.0495,41.5,18.0,-0.5663,1.12,1.04,-0.0714,31136.0,32500.0,0.0438,34872.0,33800.0,-0.0307,74.0,52.0,-0.2973
HAAN,1623A - BAKING POWDER,1623 - BAKING POWDER,STAPLE NEED,1.67,,,3.0,,,1.0,,,24167.0,,,24167.0,,,6.0,,
KOEPOE,1623A - BAKING POWDER,1623 - BAKING POWDER,STAPLE NEED,1.14,1.12,-0.0175,182.5,64.67,-0.6456,1.06,1.05,-0.0094,7653.0,7513.0,-0.0183,8112.0,7889.0,-0.0275,343.0,184.0,-0.4636
HAAN,1624A - INSTANT CAKE,1624 - INSTANT PROCESS FOOD,STAPLE NEED,1.0,,,3.5,,,1.0,,,27057.0,,,27057.0,,,7.0,,
NUTRICAKE,1624A - INSTANT CAKE,1624 - INSTANT PROCESS FOOD,STAPLE NEED,1.15,1.09,-0.0522,54.0,17.67,-0.6728,1.11,1.06,-0.045,18886.0,18111.0,-0.041,20963.0,19198.0,-0.0842,97.0,50.0,-0.4845
PONDAN,1624A - INSTANT CAKE,1624 - INSTANT PROCESS FOOD,STAPLE NEED,1.12,1.14,0.0179,48.5,14.33,-0.7045,1.1,1.05,-0.0455,18836.0,18670.0,-0.0088,20720.0,19604.0,-0.0539,88.0,41.0,-0.5341
KARA,1625A - COCONUT MILK LIQUID 65-100ML,1625 - COCONUT MILK,STAPLE NEED,2.58,1.85,-0.2829,942.5,307.67,-0.6736,1.25,1.21,-0.032,15318.0,10931.0,-0.2864,19148.0,13227.0,-0.3092,1513.0,764.0,-0.495
MAMA KOKO,1625A - COCONUT MILK LIQUID 65-100ML,1625 - COCONUT MILK,STAPLE NEED,1.69,1.86,0.1006,178.0,151.0,-0.1517,1.16,1.27,0.0948,9967.0,9134.0,-0.0836,11562.0,11600.0,0.0033,306.0,358.0,0.1699
SASA,1625A - COCONUT MILK LIQUID 65-100ML,1625 - COCONUT MILK,STAPLE NEED,2.23,2.28,0.0224,585.5,273.67,-0.5326,1.31,1.25,-0.0458,11840.0,12105.0,0.0224,15510.0,15131.0,-0.0244,895.0,656.0,-0.267
KARA,1625B - COCONUT MILK LIQUID 180-200ML,1625 - COCONUT MILK,STAPLE NEED,1.3,1.4,0.0769,118.0,31.33,-0.7345,1.17,1.09,-0.0684,26346.0,29222.0,0.1092,30825.0,31852.0,0.0333,201.0,86.0,-0.5721
SASA,1625B - COCONUT MILK LIQUID 180-200ML,1625 - COCONUT MILK,STAPLE NEED,1.3,1.5,0.1538,83.5,16.0,-0.8084,1.18,1.04,-0.1186,25338.0,29306.0,0.1566,29899.0,30478.0,0.0194,141.0,46.0,-0.6738
FIBER CREME,1625C - COCONUT MILK POWDER 20-25G,1625 - COCONUT MILK,STAPLE NEED,1.12,1.39,0.2411,161.5,68.67,-0.5748,1.21,1.18,-0.0248,18595.0,25453.0,0.3688,22500.0,30035.0,0.3349,268.0,175.0,-0.347
SASA,1625C - COCONUT MILK POWDER 20-25G,1625 - COCONUT MILK,STAPLE NEED,1.6,1.71,0.0687,58.5,48.67,-0.168,1.1,1.04,-0.0545,5750.0,6009.0,0.045,6325.0,6249.0,-0.012,106.0,140.0,0.3208
AJINOMOTO,1711A - MSG ( MONO SODIUM GLUTAMATE ) 50-150G,1711 - MSG ( MONO SODIUM GLUTAMATE ),STAPLE NEED,1.38,1.11,-0.1957,192.0,97.67,-0.4913,1.45,1.3,-0.1034,6924.0,5549.0,-0.1986,10040.0,7214.0,-0.2815,265.0,226.0,-0.1472
SASA,1711A - MSG ( MONO SODIUM GLUTAMATE ) 50-150G,1711 - MSG ( MONO SODIUM GLUTAMATE ),STAPLE NEED,1.04,1.03,-0.0096,154.5,70.33,-0.5448,1.11,1.08,-0.027,7183.0,7105.0,-0.0109,7973.0,7673.0,-0.0376,278.0,196.0,-0.295
AJINOMOTO,1711B - MSG ( MONO SODIUM GLUTAMATE ) 250-500G,1711 - MSG ( MONO SODIUM GLUTAMATE ),STAPLE NEED,1.06,1.09,0.0283,18.0,7.33,-0.5928,1.16,1.22,0.0517,16342.0,16718.0,0.023,18957.0,20396.0,0.0759,31.0,18.0,-0.4194
SASA,1711B - MSG ( MONO SODIUM GLUTAMATE ) 250-500G,1711 - MSG ( MONO SODIUM GLUTAMATE ),STAPLE NEED,1.06,1.09,0.0283,68.5,40.67,-0.4063,1.16,1.28,0.1034,17132.0,17580.0,0.0261,19873.0,22502.0,0.1323,118.0,95.0,-0.1949
ALFAMART,1712A - SALT,1712 - SALT,STAPLE NEED,1.02,1.04,0.0196,123.5,15.33,-0.8759,1.12,1.05,-0.0625,9083.0,9893.0,0.0892,10173.0,10388.0,0.0211,221.0,44.0,-0.8009
DOLPIN,1712A - SALT,1712 - SALT,STAPLE NEED,1.09,1.07,-0.0183,134.5,51.0,-0.6208,1.05,1.09,0.0381,14973.0,14659.0,-0.021,15722.0,15978.0,0.0163,255.0,140.0,-0.451
KAPAL,1712A - SALT,1712 - SALT,STAPLE NEED,1.07,1.06,-0.0093,125.0,57.67,-0.5386,1.06,1.1,0.0377,5271.0,5371.0,0.019,5587.0,5908.0,0.0575,236.0,157.0,-0.3347
PURA,1712A - SALT,1712 - SALT,STAPLE NEED,1.25,,,6.0,,,1.2,,,53250.0,,,63900.0,,,10.0,,
REFINA,1712A - SALT,1712 - SALT,STAPLE NEED,1.05,1.14,0.0857,176.0,68.33,-0.6118,1.12,1.06,-0.0536,11922.0,12721.0,0.067,13353.0,13484.0,0.0098,313.0,194.0,-0.3802
ALFAMART,1713A - SPICES,1713 - SPICES,STAPLE NEED,1.03,1.0,-0.0291,46.0,12.33,-0.732,1.11,1.23,0.1081,15748.0,16700.0,0.0605,17480.0,20541.0,0.1751,83.0,30.0,-0.6386
DESAKU,1713A - SPICES,1713 - SPICES,STAPLE NEED,3.08,,,13.0,,,1.08,,,13892.0,,,15003.0,,,24.0,,
JAY'S,1713A - SPICES,1713 - SPICES,STAPLE NEED,1.23,,,6.5,,,1.0,,,14031.0,,,14031.0,,,13.0,,
KOEPOE,1713A - SPICES,1713 - SPICES,STAPLE NEED,1.01,1.0,-0.0099,38.5,8.33,-0.7836,1.01,1.04,0.0297,27853.0,30900.0,0.1094,28132.0,32136.0,0.1423,76.0,24.0,-0.6842
LADAKU,1713A - SPICES,1713 - SPICES,STAPLE NEED,1.14,1.13,-0.0088,137.0,25.33,-0.8151,1.12,1.07,-0.0446,5462.0,6253.0,0.1448,6117.0,6691.0,0.0938,244.0,71.0,-0.709
PURA,1713A - SPICES,1713 - SPICES,STAPLE NEED,1.0,,,0.5,,,1.0,,,65000.0,,,65000.0,,,1.0,,
LEMONILO,1714A - STOCK SOUP SACHET,1714 - STOCK SOUP,STAPLE NEED,1.0,,,1.0,,,1.0,,,5900.0,,,5900.0,,,2.0,,
MAGGI,1714A - STOCK SOUP SACHET,1714 - STOCK SOUP,STAPLE NEED,,1.12,,,16.0,,,1.14,,,7200.0,,,8208.0,,,42.0,
MASAKO,1714A - STOCK SOUP SACHET,1714 - STOCK SOUP,STAPLE NEED,1.18,1.2,0.0169,49.0,13.67,-0.721,1.05,1.17,0.1143,5124.0,5180.0,0.0109,5380.0,6061.0,0.1266,93.0,35.0,-0.6237
ROYCO,1714A - STOCK SOUP SACHET,1714 - STOCK SOUP,STAPLE NEED,1.08,,,38.0,,,1.12,,,5424.0,,,6075.0,,,68.0,,
TOTOLE,1714A - STOCK SOUP SACHET,1714 - STOCK SOUP,STAPLE NEED,1.3,1.37,0.0538,647.5,199.0,-0.6927,1.32,1.29,-0.0227,8718.0,9660.0,0.1081,11508.0,12461.0,0.0828,982.0,464.0,-0.5275
MASAKO,1714B - STOCK SOUP 100-250G,1714 - STOCK SOUP,STAPLE NEED,1.11,1.1,-0.009,165.5,57.33,-0.6536,1.28,1.26,-0.0156,12349.0,12495.0,0.0118,15807.0,15744.0,-0.004,259.0,136.0,-0.4749
ROYCO,1714B - STOCK SOUP 100-250G,1714 - STOCK SOUP,STAPLE NEED,1.1,1.1,0.0,432.0,153.33,-0.6451,1.19,1.22,0.0252,9777.0,11002.0,0.1253,11635.0,13422.0,0.1536,729.0,378.0,-0.4815
SEDAAP,1714B - STOCK SOUP 100-250G,1714 - STOCK SOUP,STAPLE NEED,1.48,1.43,-0.0338,246.0,63.0,-0.7439,1.41,1.26,-0.1064,14649.0,14195.0,-0.031,20655.0,17886.0,-0.1341,350.0,150.0,-0.5714
TOTOLE,1714B - STOCK SOUP 100-250G,1714 - STOCK SOUP,STAPLE NEED,1.33,,,10.5,,,1.24,,,71881.0,,,89132.0,,,17.0,,
TROPICANA,1714B - STOCK SOUP 100-250G,1714 - STOCK SOUP,STAPLE NEED,1.0,,,1.0,,,1.0,,,27900.0,,,27900.0,,,2.0,,
DESAKU,1715A - FRIED MEAL MAKER,1715 - MEAL MAKER,STAPLE NEED,,1.02,,,20.67,,,1.02,,,13945.0,,,14224.0,,,61.0,
KOBE,1715A - FRIED MEAL MAKER,1715 - MEAL MAKER,STAPLE NEED,1.65,1.44,-0.1273,57.5,15.0,-0.7391,1.13,1.12,-0.0088,4778.0,4767.0,-0.0023,5399.0,5339.0,-0.0111,102.0,40.0,-0.6078
LEE KUM KEE,1715A - FRIED MEAL MAKER,1715 - MEAL MAKER,STAPLE NEED,1.0,,,0.5,,,1.0,,,31300.0,,,31300.0,,,1.0,,
RACIK,1715A - FRIED MEAL MAKER,1715 - MEAL MAKER,STAPLE NEED,1.99,1.64,-0.1759,206.0,45.0,-0.7816,1.14,1.08,-0.0526,4606.0,3829.0,-0.1687,5251.0,4135.0,-0.2125,362.0,125.0,-0.6547
ROYCO,1715A - FRIED MEAL MAKER,1715 - MEAL MAKER,STAPLE NEED,1.36,1.4,0.0294,57.5,31.33,-0.4551,1.07,1.06,-0.0093,11403.0,11655.0,0.0221,12201.0,12354.0,0.0125,107.0,89.0,-0.1682
SAJIKU,1715A - FRIED MEAL MAKER,1715 - MEAL MAKER,STAPLE NEED,1.27,1.22,-0.0394,24.5,7.67,-0.6869,1.17,1.1,-0.0598,2869.0,2696.0,-0.0603,3357.0,2966.0,-0.1165,42.0,21.0,-0.5
SASA,1715A - FRIED MEAL MAKER,1715 - MEAL MAKER,STAPLE NEED,1.8,1.96,0.0889,112.5,43.0,-0.6178,1.13,1.14,0.0088,4090.0,4421.0,0.0809,4622.0,5040.0,0.0904,199.0,113.0,-0.4322
RACIK,1715B - SOUP MEAL MAKER POWDER,1715 - MEAL MAKER,STAPLE NEED,1.48,1.47,-0.0068,73.5,16.33,-0.7778,1.13,1.02,-0.0973,3412.0,3384.0,-0.0082,3856.0,3452.0,-0.1048,130.0,48.0,-0.6308
RASAMASA,1715B - SOUP MEAL MAKER POWDER,1715 - MEAL MAKER,STAPLE NEED,1.72,1.29,-0.25,58.0,7.0,-0.8793,1.04,1.0,-0.0385,8368.0,6005.0,-0.2824,8703.0,6005.0,-0.31,112.0,21.0,-0.8125
BAMBOE,1715C - SOUP MEAL MAKER PASTE,1715 - MEAL MAKER,STAPLE NEED,1.22,1.29,0.0574,92.0,32.33,-0.6486,1.05,1.01,-0.0381,14569.0,15999.0,0.0982,15297.0,16159.0,0.0564,176.0,96.0,-0.4545
INDOFOOD,1715C - SOUP MEAL MAKER PASTE,1715 - MEAL MAKER,STAPLE NEED,1.53,1.49,-0.0261,347.5,119.67,-0.6556,1.12,1.18,0.0536,10497.0,10201.0,-0.0282,11757.0,12037.0,0.0238,618.0,304.0,-0.5081
LAHAP BARENG,1715C - SOUP MEAL MAKER PASTE,1715 - MEAL MAKER,STAPLE NEED,1.53,,,8.5,,,1.06,,,60318.0,,,63937.0,,,16.0,,
ROYCO,1715C - SOUP MEAL MAKER PASTE,1715 - MEAL MAKER,STAPLE NEED,,1.13,,,7.67,,,1.05,,,7913.0,,,8309.0,,,22.0,
SASAHOUSE,1715C - SOUP MEAL MAKER PASTE,1715 - MEAL MAKER,STAPLE NEED,1.25,1.4,0.12,65.5,33.0,-0.4962,1.19,1.12,-0.0588,12144.0,13619.0,0.1215,14451.0,15253.0,0.0555,110.0,88.0,-0.2
KOBE,1715D - FRIED RICE MEAL MAKER POWDER,1715 - MEAL MAKER,STAPLE NEED,1.48,1.2,-0.1892,88.5,17.0,-0.8079,1.13,1.11,-0.0177,3618.0,3041.0,-0.1595,4088.0,3376.0,-0.1742,157.0,46.0,-0.707
RACIK,1715D - FRIED RICE MEAL MAKER POWDER,1715 - MEAL MAKER,STAPLE NEED,1.11,1.03,-0.0721,83.5,20.0,-0.7605,1.09,1.05,-0.0367,7685.0,7130.0,-0.0722,8377.0,7486.0,-0.1064,153.0,57.0,-0.6275
SAJIKU,1715D - FRIED RICE MEAL MAKER POWDER,1715 - MEAL MAKER,STAPLE NEED,1.63,1.84,0.1288,187.0,86.0,-0.5401,1.14,1.18,0.0351,3872.0,4162.0,0.0749,4414.0,4911.0,0.1126,327.0,219.0,-0.3303
BLUE BAND,1715E - FRIED RICE MEAL MAKER PASTE,1715 - MEAL MAKER,STAPLE NEED,2.54,,,6.5,,,1.08,,,10662.0,,,11515.0,,,12.0,,
KOBE,1715E - FRIED RICE MEAL MAKER PASTE,1715 - MEAL MAKER,STAPLE NEED,1.41,1.43,0.0142,36.5,16.33,-0.5526,1.04,1.23,0.1827,10327.0,10714.0,0.0375,10740.0,13178.0,0.227,70.0,40.0,-0.4286
TUDUNG,1715E - FRIED RICE MEAL MAKER PASTE,1715 - MEAL MAKER,STAPLE NEED,2.0,,,0.5,,,1.0,,,23800.0,,,23800.0,,,1.0,,
RACIK,1716A - FLOUR SEASONING,1716 - FLOUR SEASONING,STAPLE NEED,1.24,1.16,-0.0645,84.5,63.33,-0.2505,1.17,1.17,0.0,8514.0,7929.0,-0.0687,9961.0,9277.0,-0.0687,144.0,163.0,0.1319
SAJIKU,1716A - FLOUR SEASONING,1716 - FLOUR SEASONING,STAPLE NEED,1.22,1.28,0.0492,93.5,50.67,-0.4581,1.16,1.1,-0.0517,10021.0,10285.0,0.0263,11624.0,11314.0,-0.0267,161.0,138.0,-0.1429
SASA,1716A - FLOUR SEASONING,1716 - FLOUR SEASONING,STAPLE NEED,1.35,1.19,-0.1185,352.0,157.67,-0.5521,1.14,1.13,-0.0088,10019.0,8871.0,-0.1146,11422.0,10024.0,-0.1224,616.0,417.0,-0.3231
KOBE,1716B - SPECIFIC FLOUR SEASONING,1716 - FLOUR SEASONING,STAPLE NEED,1.31,1.35,0.0305,329.5,87.67,-0.7339,1.13,1.1,-0.0265,9860.0,9987.0,0.0129,11142.0,10986.0,-0.014,582.0,240.0,-0.5876
PONDAN,1716B - SPECIFIC FLOUR SEASONING,1716 - FLOUR SEASONING,STAPLE NEED,2.5,,,2.0,,,1.33,,,17400.0,,,23142.0,,,3.0,,
SAJIKU,1716B - SPECIFIC FLOUR SEASONING,1716 - FLOUR SEASONING,STAPLE NEED,1.14,,,3.5,,,1.0,,,7829.0,,,7829.0,,,7.0,,
SASA,1716B - SPECIFIC FLOUR SEASONING,1716 - FLOUR SEASONING,STAPLE NEED,1.38,1.29,-0.0652,443.5,233.67,-0.4731,1.14,1.13,-0.0088,10697.0,9602.0,-0.1024,12195.0,10850.0,-0.1103,775.0,619.0,-0.2013
TUDUNG,1716B - SPECIFIC FLOUR SEASONING,1716 - FLOUR SEASONING,STAPLE NEED,2.11,,,4.5,,,1.12,,,12656.0,,,14175.0,,,8.0,,
ABC,1717A - SHRIMP PASTE,"1717 - SHRIMP PASTE, PEANUT SAUCE AND OTHER",STAPLE NEED,1.0,1.07,0.07,56.0,14.67,-0.738,1.03,1.05,0.0194,8830.0,9877.0,0.1186,9095.0,10371.0,0.1403,109.0,42.0,-0.6147
ABC,1717B - PEANUT SAUCE,"1717 - SHRIMP PASTE, PEANUT SAUCE AND OTHER",STAPLE NEED,1.1,1.22,0.1091,38.5,15.0,-0.6104,1.04,1.02,-0.0192,10253.0,12678.0,0.2365,10663.0,12932.0,0.2128,74.0,44.0,-0.4054
ENAK ECO,1717B - PEANUT SAUCE,"1717 - SHRIMP PASTE, PEANUT SAUCE AND OTHER",STAPLE NEED,1.0,1.07,0.07,0.5,5.0,9.0,1.0,1.07,0.07,17800.0,20880.0,0.173,17800.0,22342.0,0.2552,1.0,14.0,13.0
ALFAMART,1717C - OTHER SEASONING (TOPING),"1717 - SHRIMP PASTE, PEANUT SAUCE AND OTHER",STAPLE NEED,1.05,1.11,0.0571,21.0,6.0,-0.7143,1.56,1.8,0.1538,25152.0,28244.0,0.1229,39237.0,50839.0,0.2957,27.0,10.0,-0.6296
INDOFOOD,1717C - OTHER SEASONING (TOPING),"1717 - SHRIMP PASTE, PEANUT SAUCE AND OTHER",STAPLE NEED,1.41,1.39,-0.0142,29.5,13.67,-0.5366,1.07,1.11,0.0374,6893.0,6812.0,-0.0118,7376.0,7561.0,0.0251,55.0,37.0,-0.3273
ABC,1721A - CHILLI PET 120-200ML,1721 - CHILLI,STAPLE NEED,2.73,1.74,-0.3626,176.0,75.67,-0.5701,1.07,1.05,-0.0187,24643.0,15873.0,-0.3559,26368.0,16667.0,-0.3679,330.0,217.0,-0.3424
DELMONTE,1721A - CHILLI PET 120-200ML,1721 - CHILLI,STAPLE NEED,1.11,1.07,-0.036,195.0,77.0,-0.6051,1.06,1.02,-0.0377,8078.0,7835.0,-0.0301,8563.0,7992.0,-0.0667,367.0,226.0,-0.3842
DUA BELIBIS,1721A - CHILLI PET 120-200ML,1721 - CHILLI,STAPLE NEED,1.06,1.01,-0.0472,98.5,49.67,-0.4957,1.03,1.06,0.0291,10681.0,10195.0,-0.0455,11001.0,10807.0,-0.0176,191.0,140.0,-0.267
INDOFOOD,1721A - CHILLI PET 120-200ML,1721 - CHILLI,STAPLE NEED,1.14,1.03,-0.0965,208.0,85.67,-0.5881,1.06,1.05,-0.0094,8930.0,8191.0,-0.0828,9466.0,8601.0,-0.0914,392.0,245.0,-0.375
LAHAP BARENG,1721A - CHILLI PET 120-200ML,1721 - CHILLI,STAPLE NEED,1.5,,,3.0,,,1.0,,,41317.0,,,41317.0,,,6.0,,
ABC,1721B - CHILLI PET & BOTTLE 235-275ML,1721 - CHILLI,STAPLE NEED,1.08,1.14,0.0556,317.0,125.0,-0.6057,1.11,1.13,0.018,18006.0,19176.0,0.065,19987.0,21669.0,0.0842,570.0,332.0,-0.4175
DUA BELIBIS,1721B - CHILLI PET & BOTTLE 235-275ML,1721 - CHILLI,STAPLE NEED,1.11,1.09,-0.018,141.5,109.67,-0.2249,1.08,1.09,0.0093,18529.0,19716.0,0.0641,20011.0,21490.0,0.0739,261.0,301.0,0.1533
INDOFOOD,1721B - CHILLI PET & BOTTLE 235-275ML,1721 - CHILLI,STAPLE NEED,1.07,1.05,-0.0187,428.5,235.67,-0.45,1.15,1.16,0.0087,15128.0,14789.0,-0.0224,17397.0,17155.0,-0.0139,748.0,612.0,-0.1818
SASA,1721B - CHILLI PET & BOTTLE 235-275ML,1721 - CHILLI,STAPLE NEED,1.0,1.0,0.0,23.5,29.0,0.234,1.02,1.09,0.0686,16300.0,16300.0,0.0,16626.0,17767.0,0.0686,46.0,80.0,0.7391
ABC,1721D - CHILLI PACK,1721 - CHILLI,STAPLE NEED,1.12,,,4.0,,,1.0,,,36350.0,,,36350.0,,,8.0,,
DELMONTE,1721D - CHILLI PACK,1721 - CHILLI,STAPLE NEED,1.17,1.31,0.1197,112.5,40.33,-0.6415,1.12,1.11,-0.0089,10880.0,10679.0,-0.0185,12186.0,11854.0,-0.0272,201.0,109.0,-0.4577
DUA BELIBIS,1721D - CHILLI PACK,1721 - CHILLI,STAPLE NEED,1.17,1.0,-0.1453,14.5,0.33,-0.9772,1.04,1.0,-0.0385,34493.0,13300.0,-0.6144,35873.0,13300.0,-0.6292,28.0,1.0,-0.9643
SASA,1721D - CHILLI PACK,1721 - CHILLI,STAPLE NEED,1.14,1.31,0.1491,28.5,30.33,0.0642,1.1,1.15,0.0455,9775.0,10262.0,0.0498,10752.0,11801.0,0.0976,52.0,79.0,0.5192
ABC,1721E - TRADITIONAL CHILLI,1721 - CHILLI,STAPLE NEED,1.07,1.08,0.0093,44.5,16.0,-0.6404,1.07,1.0,-0.0654,16348.0,17058.0,0.0434,17492.0,17058.0,-0.0248,83.0,48.0,-0.4217
CUK,1721E - TRADITIONAL CHILLI,1721 - CHILLI,STAPLE NEED,1.0,,,0.5,,,1.0,,,24200.0,,,24200.0,,,1.0,,
INDOFOOD,1721E - TRADITIONAL CHILLI,1721 - CHILLI,STAPLE NEED,1.03,1.03,0.0,73.0,32.0,-0.5616,1.05,1.05,0.0,19588.0,19641.0,0.0027,20567.0,20623.0,0.0027,139.0,91.0,-0.3453
LITTLE DRAGON,1721E - TRADITIONAL CHILLI,1721 - CHILLI,STAPLE NEED,1.0,,,1.0,,,1.0,,,20000.0,,,20000.0,,,2.0,,
SASA,1721E - TRADITIONAL CHILLI,1721 - CHILLI,STAPLE NEED,1.0,,,4.5,,,1.0,,,13333.0,,,13333.0,,,9.0,,
ULEG,1721E - TRADITIONAL CHILLI,1721 - CHILLI,STAPLE NEED,1.09,1.08,-0.0092,85.0,42.33,-0.502,1.1,1.08,-0.0182,18325.0,17935.0,-0.0213,20158.0,19370.0,-0.0391,154.0,118.0,-0.2338
BONCABE,1721F - POWDER CHILLI,1721 - CHILLI,STAPLE NEED,1.05,1.1,0.0476,202.5,78.67,-0.6115,1.08,1.11,0.0278,14879.0,15569.0,0.0464,16069.0,17282.0,0.0755,374.0,213.0,-0.4305
MAMA SUKA,1721F - POWDER CHILLI,1721 - CHILLI,STAPLE NEED,1.08,1.13,0.0463,100.5,68.67,-0.3167,1.13,1.12,-0.0088,14979.0,15714.0,0.0491,16926.0,17600.0,0.0398,178.0,184.0,0.0337
ABC,1721H - CHILLI PET & BOTTLE 300-400ML,1721 - CHILLI,STAPLE NEED,1.13,1.14,0.0088,263.0,78.67,-0.7009,1.13,1.13,0.0,22175.0,22568.0,0.0177,25058.0,25502.0,0.0177,464.0,209.0,-0.5496
DELMONTE,1721H - CHILLI PET & BOTTLE 300-400ML,1721 - CHILLI,STAPLE NEED,1.04,1.01,-0.0288,137.0,35.67,-0.7396,1.06,1.07,0.0094,16834.0,16425.0,-0.0243,17844.0,17575.0,-0.0151,258.0,100.0,-0.6124
DUA BELIBIS,1721H - CHILLI PET & BOTTLE 300-400ML,1721 - CHILLI,STAPLE NEED,1.05,1.07,0.019,83.5,27.33,-0.6727,1.08,1.12,0.037,25834.0,26451.0,0.0239,27901.0,29625.0,0.0618,155.0,73.0,-0.529
FINNA,1721H - CHILLI PET & BOTTLE 300-400ML,1721 - CHILLI,STAPLE NEED,1.14,,,7.0,,,1.0,,,16507.0,,,16507.0,,,14.0,,
HEINZ,1721H - CHILLI PET & BOTTLE 300-400ML,1721 - CHILLI,STAPLE NEED,1.08,,,6.5,,,1.0,,,19846.0,,,19846.0,,,13.0,,
INDOFOOD,1721H - CHILLI PET & BOTTLE 300-400ML,1721 - CHILLI,STAPLE NEED,1.03,1.04,0.0097,39.0,37.0,-0.0513,1.01,1.04,0.0297,17846.0,18030.0,0.0103,18024.0,18751.0,0.0403,77.0,107.0,0.3896
MAMA SUKA,1721H - CHILLI PET & BOTTLE 300-400ML,1721 - CHILLI,STAPLE NEED,1.03,1.06,0.0291,95.0,42.33,-0.5544,1.14,1.09,-0.0439,16398.0,17098.0,0.0427,18694.0,18637.0,-0.003,167.0,117.0,-0.2994
HEINZ,1722A - TOMATO PET 130-140ML,1722 - TOMATO,STAPLE NEED,1.04,,,34.0,,,1.08,,,9251.0,,,9991.0,,,63.0,,
ABC,1722B - TOMATO BOTTLE 275-340ML,1722 - TOMATO,STAPLE NEED,1.04,1.01,-0.0288,34.5,26.0,-0.2464,1.05,1.07,0.019,17113.0,17169.0,0.0033,17969.0,18371.0,0.0224,66.0,73.0,0.1061
DELMONTE,1722B - TOMATO BOTTLE 275-340ML,1722 - TOMATO,STAPLE NEED,1.06,1.03,-0.0283,292.5,109.0,-0.6274,1.09,1.08,-0.0092,12595.0,12308.0,-0.0228,13729.0,13293.0,-0.0318,537.0,303.0,-0.4358
DELMONTE,1722C - TOMATO SACHET,1722 - TOMATO,STAPLE NEED,1.17,1.15,-0.0171,104.5,52.67,-0.496,1.12,1.31,0.1696,7622.0,7517.0,-0.0138,8537.0,9847.0,0.1534,186.0,121.0,-0.3495
SASA,1722C - TOMATO SACHET,1722 - TOMATO,STAPLE NEED,1.6,,,2.5,,,1.0,,,30240.0,,,30240.0,,,5.0,,
DELMONTE,1722D - STEAK & PASTA SAUCE,1722 - TOMATO,STAPLE NEED,1.22,1.24,0.0164,344.0,156.33,-0.5456,1.13,1.12,-0.0088,14756.0,15014.0,0.0175,16674.0,16816.0,0.0085,607.0,418.0,-0.3114
LA FONTE,1722D - STEAK & PASTA SAUCE,1722 - TOMATO,STAPLE NEED,1.1,1.09,-0.0091,164.5,77.33,-0.5299,1.12,1.07,-0.0446,23783.0,23855.0,0.003,26637.0,25525.0,-0.0417,293.0,217.0,-0.2594
ABC,1723A - SOY SAUCE PET 130-250ML,1723 - SOY SAUCE,STAPLE NEED,1.08,1.07,-0.0093,275.5,108.67,-0.6056,1.05,1.08,0.0286,8983.0,9022.0,0.0043,9432.0,9744.0,0.0331,524.0,302.0,-0.4237
BANGO,1723A - SOY SAUCE PET 130-250ML,1723 - SOY SAUCE,STAPLE NEED,1.22,1.04,-0.1475,234.5,105.67,-0.5494,1.08,1.06,-0.0185,14297.0,12150.0,-0.1502,15441.0,12879.0,-0.1659,435.0,300.0,-0.3103
SEDAAP,1723A - SOY SAUCE PET 130-250ML,1723 - SOY SAUCE,STAPLE NEED,1.19,1.09,-0.084,168.5,85.0,-0.4955,1.15,1.15,0.0,10114.0,9303.0,-0.0802,11631.0,10698.0,-0.0802,294.0,222.0,-0.2449
TROPICANA,1723A - SOY SAUCE PET 130-250ML,1723 - SOY SAUCE,STAPLE NEED,1.0,,,1.0,,,1.0,,,29900.0,,,29900.0,,,2.0,,
ABC,1723B - SOY SAUCE BOTTLE 275-340ML,1723 - SOY SAUCE,STAPLE NEED,1.05,1.06,0.0095,67.0,31.67,-0.5273,1.09,1.13,0.0367,22796.0,23016.0,0.0097,24848.0,26008.0,0.0467,123.0,84.0,-0.3171
BANGO,1723B - SOY SAUCE BOTTLE 275-340ML,1723 - SOY SAUCE,STAPLE NEED,1.11,1.12,0.009,435.0,202.33,-0.5349,1.11,1.13,0.018,19610.0,19471.0,-0.0071,21767.0,22002.0,0.0108,787.0,539.0,-0.3151
HATI ANGSA,1723B - SOY SAUCE BOTTLE 275-340ML,1723 - SOY SAUCE,STAPLE NEED,1.07,,,7.5,,,1.0,,,13333.0,,,13333.0,,,15.0,,
KECAP BENTENG SH,1723B - SOY SAUCE BOTTLE 275-340ML,1723 - SOY SAUCE,STAPLE NEED,1.06,1.06,0.0,39.5,16.0,-0.5949,1.05,1.14,0.0857,18223.0,18229.0,0.0003,19134.0,20781.0,0.0861,75.0,42.0,-0.44
ABC,1723C - SOY SAUCE 500-600ML,1723 - SOY SAUCE,STAPLE NEED,1.59,1.17,-0.2642,246.0,62.0,-0.748,1.17,1.09,-0.0684,39727.0,29313.0,-0.2621,46481.0,31951.0,-0.3126,421.0,171.0,-0.5938
BANGO,1723C - SOY SAUCE 500-600ML,1723 - SOY SAUCE,STAPLE NEED,2.03,2.05,0.0099,704.0,267.33,-0.6203,1.26,1.17,-0.0714,56440.0,56324.0,-0.0021,71114.0,65899.0,-0.0733,1115.0,687.0,-0.3839
INDOFOOD,1723C - SOY SAUCE 500-600ML,1723 - SOY SAUCE,STAPLE NEED,1.14,1.18,0.0351,121.5,99.0,-0.1852,1.15,1.12,-0.0261,21348.0,22146.0,0.0374,24550.0,24804.0,0.0103,211.0,266.0,0.2607
LEE KUM KEE,1723C - SOY SAUCE 500-600ML,1723 - SOY SAUCE,STAPLE NEED,1.25,,,4.0,,,1.0,,,56250.0,,,56250.0,,,8.0,,
SEDAAP,1723C - SOY SAUCE 500-600ML,1723 - SOY SAUCE,STAPLE NEED,1.86,1.46,-0.2151,633.5,208.33,-0.6711,1.36,1.25,-0.0809,40340.0,32194.0,-0.2019,54862.0,40242.0,-0.2665,929.0,502.0,-0.4596
SAORI,1724A - LIQUID SAUCE SACHET,1724 - LIQUID SAUCE & VINEGAR,STAPLE NEED,1.18,1.26,0.0678,53.0,15.67,-0.7043,1.08,1.0,-0.0741,4027.0,4287.0,0.0646,4349.0,4287.0,-0.0143,98.0,47.0,-0.5204
ABC,1724B - LIQUID SAUCE BOTTLE,1724 - LIQUID SAUCE & VINEGAR,STAPLE NEED,1.01,1.0,-0.0099,41.0,15.67,-0.6178,1.02,1.07,0.049,24050.0,26879.0,0.1176,24531.0,28761.0,0.1724,80.0,44.0,-0.45
FINNA,1724B - LIQUID SAUCE BOTTLE,1724 - LIQUID SAUCE & VINEGAR,STAPLE NEED,1.0,,,3.5,,,1.0,,,17900.0,,,17900.0,,,7.0,,
KIKKOMAN,1724B - LIQUID SAUCE BOTTLE,1724 - LIQUID SAUCE & VINEGAR,STAPLE NEED,1.2,,,12.5,,,1.0,,,25588.0,,,25588.0,,,25.0,,
LEE KUM KEE,1724B - LIQUID SAUCE BOTTLE,1724 - LIQUID SAUCE & VINEGAR,STAPLE NEED,1.42,1.06,-0.2535,181.5,52.67,-0.7098,1.09,1.06,-0.0275,38747.0,27241.0,-0.297,42234.0,28875.0,-0.3163,334.0,149.0,-0.5539
MAGGI,1724B - LIQUID SAUCE BOTTLE,1724 - LIQUID SAUCE & VINEGAR,STAPLE NEED,1.04,1.04,0.0,105.5,39.0,-0.6303,1.13,1.12,-0.0088,10359.0,10350.0,-0.0009,11706.0,11592.0,-0.0097,187.0,104.0,-0.4439
MAHSURI,1724B - LIQUID SAUCE BOTTLE,1724 - LIQUID SAUCE & VINEGAR,STAPLE NEED,1.33,,,6.0,,,1.09,,,27733.0,,,30229.0,,,11.0,,
MAMA SUKA,1724B - LIQUID SAUCE BOTTLE,1724 - LIQUID SAUCE & VINEGAR,STAPLE NEED,1.11,1.14,0.027,18.5,17.0,-0.0811,1.09,1.09,0.0,19295.0,20157.0,0.0447,21032.0,21971.0,0.0446,34.0,47.0,0.3824
ROYCO,1724B - LIQUID SAUCE BOTTLE,1724 - LIQUID SAUCE & VINEGAR,STAPLE NEED,1.04,1.02,-0.0192,91.5,42.33,-0.5374,1.06,1.18,0.1132,15464.0,15993.0,0.0342,16392.0,18872.0,0.1513,173.0,108.0,-0.3757
SAORI,1724B - LIQUID SAUCE BOTTLE,1724 - LIQUID SAUCE & VINEGAR,STAPLE NEED,1.06,1.05,-0.0094,470.5,201.33,-0.5721,1.07,1.12,0.0467,17598.0,15705.0,-0.1076,18830.0,17590.0,-0.0659,878.0,539.0,-0.3861
SEDAP WANGI,1724B - LIQUID SAUCE BOTTLE,1724 - LIQUID SAUCE & VINEGAR,STAPLE NEED,1.0,,,1.5,,,1.0,,,30900.0,,,30900.0,,,3.0,,
TTS,1724B - LIQUID SAUCE BOTTLE,1724 - LIQUID SAUCE & VINEGAR,STAPLE NEED,1.0,,,0.5,,,1.0,,,15000.0,,,15000.0,,,1.0,,
CAP GAJAH,1724C - VINEGAR,1724 - LIQUID SAUCE & VINEGAR,STAPLE NEED,5.0,,,0.5,,,1.0,,,14500.0,,,14500.0,,,1.0,,
DUA BELIBIS,1724C - VINEGAR,1724 - LIQUID SAUCE & VINEGAR,STAPLE NEED,1.08,1.11,0.0278,66.0,24.33,-0.6314,1.03,1.04,0.0097,5633.0,5777.0,0.0256,5802.0,6008.0,0.0355,128.0,70.0,-0.4531
KEWPIE,1725B - DRESSING SACHET 50-150G,1725 - DRESSING,STAPLE NEED,2.02,1.55,-0.2327,154.5,74.67,-0.5167,1.13,1.15,0.0177,18361.0,14213.0,-0.2259,20748.0,16345.0,-0.2122,274.0,195.0,-0.2883
MAESTRO,1725B - DRESSING SACHET 50-150G,1725 - DRESSING,STAPLE NEED,1.52,1.31,-0.1382,231.0,87.0,-0.6234,1.12,1.16,0.0357,8989.0,7753.0,-0.1375,10068.0,8993.0,-0.1068,412.0,225.0,-0.4539
MAMA SUKA,1725B - DRESSING SACHET 50-150G,1725 - DRESSING,STAPLE NEED,1.44,,,4.5,,,1.0,,,17189.0,,,17189.0,,,9.0,,
MAYUMI,1725B - DRESSING SACHET 50-150G,1725 - DRESSING,STAPLE NEED,1.2,1.22,0.0167,77.5,55.33,-0.2861,1.09,1.12,0.0275,10048.0,9930.0,-0.0117,10952.0,11122.0,0.0155,142.0,148.0,0.0423
KEWPIE,1725C - DRESSING BOTTLE,1725 - DRESSING,STAPLE NEED,1.05,1.1,0.0476,103.0,32.67,-0.6828,1.05,1.11,0.0571,40054.0,42131.0,0.0519,42057.0,46765.0,0.1119,196.0,88.0,-0.551
MAESTRO,1725C - DRESSING BOTTLE,1725 - DRESSING,STAPLE NEED,1.0,,,7.5,,,1.0,,,26360.0,,,26360.0,,,15.0,,
MAMA SUKA,1725C - DRESSING BOTTLE,1725 - DRESSING,STAPLE NEED,1.0,1.04,0.04,10.5,9.33,-0.1114,1.0,1.04,0.04,28929.0,31132.0,0.0762,28929.0,32377.0,0.1192,21.0,27.0,0.2857
PRONAS,1811A - CANNED MEAT 180-200G,1811 - CANNED MEAT,STAPLE NEED,1.07,1.04,-0.028,118.5,51.0,-0.5696,1.07,1.15,0.0748,23983.0,26212.0,0.0929,25662.0,30144.0,0.1747,221.0,133.0,-0.3982
PRONAS,1811B - CANNED MEAT 325-400G,1811 - CANNED MEAT,STAPLE NEED,1.02,1.1,0.0784,22.5,10.33,-0.5409,1.05,1.15,0.0952,41204.0,46032.0,0.1172,43264.0,52937.0,0.2236,43.0,27.0,-0.3721
KORNETKU,1811C - CANNED MEAT SAC,1811 - CANNED MEAT,STAPLE NEED,,1.38,,,2.67,,,1.14,,,8938.0,,,10189.0,,,7.0,
PRONAS,1811C - CANNED MEAT SAC,1811 - CANNED MEAT,STAPLE NEED,1.23,1.21,-0.0163,112.5,50.67,-0.5496,1.07,1.14,0.0654,11160.0,11491.0,0.0297,11941.0,13100.0,0.0971,210.0,133.0,-0.3667
ABC,1812A - CANNED SEAFOOD SARDINES 100-200G,1812 - CANNED SEAFOOD,STAPLE NEED,1.32,1.36,0.0303,361.5,103.0,-0.7151,1.14,1.14,0.0,17089.0,17750.0,0.0387,19481.0,20235.0,0.0387,633.0,272.0,-0.5703
ASAHI,1812A - CANNED SEAFOOD SARDINES 100-200G,1812 - CANNED SEAFOOD,STAPLE NEED,1.44,1.44,0.0,189.0,58.0,-0.6931,1.11,1.13,0.018,15591.0,15701.0,0.0071,17306.0,17742.0,0.0252,340.0,154.0,-0.5471
FIESTA,1812A - CANNED SEAFOOD SARDINES 100-200G,1812 - CANNED SEAFOOD,STAPLE NEED,1.32,1.25,-0.053,111.5,38.0,-0.6592,1.11,1.12,0.009,12832.0,13328.0,0.0387,14244.0,14927.0,0.048,201.0,102.0,-0.4925
MAYA,1812A - CANNED SEAFOOD SARDINES 100-200G,1812 - CANNED SEAFOOD,STAPLE NEED,1.41,1.22,-0.1348,70.5,40.0,-0.4326,1.06,1.19,0.1226,17292.0,14931.0,-0.1365,18330.0,17768.0,-0.0307,133.0,101.0,-0.2406
ABC,1812B - CANNED SEAFOOD SARDINES 300-500G,1812 - CANNED SEAFOOD,STAPLE NEED,1.18,1.09,-0.0763,150.5,91.67,-0.3909,1.09,1.12,0.0275,34381.0,32220.0,-0.0629,37475.0,36086.0,-0.0371,275.0,245.0,-0.1091
MAYA,1812B - CANNED SEAFOOD SARDINES 300-500G,1812 - CANNED SEAFOOD,STAPLE NEED,1.11,1.09,-0.018,28.5,29.33,0.0291,1.06,1.1,0.0377,33918.0,31425.0,-0.0735,35953.0,34568.0,-0.0385,54.0,80.0,0.4815
BOTAN,1812D - CANNED SEAFOOD MACKEREL 300-500G,1812 - CANNED SEAFOOD,STAPLE NEED,1.09,1.16,0.0642,17.5,10.67,-0.3903,1.09,1.0,-0.0826,45857.0,49128.0,0.0713,49984.0,49128.0,-0.0171,32.0,32.0,0.0
FIESTA,1812D - CANNED SEAFOOD MACKEREL 300-500G,1812 - CANNED SEAFOOD,STAPLE NEED,1.15,1.06,-0.0783,30.5,23.67,-0.2239,1.07,1.11,0.0374,27226.0,28549.0,0.0486,29132.0,31689.0,0.0878,57.0,64.0,0.1228
MAYA,1812E - CANNED SEAFOOD TUNA 100-200G,1812 - CANNED SEAFOOD,STAPLE NEED,1.08,1.49,0.3796,44.0,14.33,-0.6743,1.21,1.16,-0.0413,28828.0,39823.0,0.3814,34882.0,46195.0,0.3243,73.0,37.0,-0.4932
SUN BELL,1812E - CANNED SEAFOOD TUNA 100-200G,1812 - CANNED SEAFOOD,STAPLE NEED,1.33,,,1.5,,,1.0,,,33167.0,,,33167.0,,,3.0,,
TTS,1813A - CANNED VEGETABLE,1813 - CANNED VEGETABLE,STAPLE NEED,1.0,,,1.0,,,1.0,,,11900.0,,,11900.0,,,2.0,,
IMPERIAL,1814A - CANNED FRUIT,1814 - CANNED FRUIT,STAPLE NEED,1.5,,,1.0,,,1.0,,,47000.0,,,47000.0,,,2.0,,
SUNPRIDE,1814A - CANNED FRUIT,1814 - CANNED FRUIT,STAPLE NEED,1.0,,,2.5,,,1.0,,,23300.0,,,23300.0,,,5.0,,
TTS,1814A - CANNED FRUIT,1814 - CANNED FRUIT,STAPLE NEED,1.0,,,1.0,,,1.0,,,35400.0,,,35400.0,,,2.0,,
ALFAMART,1821A - DRIED MEAT 50-125G,1821 - DRIED MEAT,STAPLE NEED,1.19,1.21,0.0168,113.5,62.33,-0.4508,1.27,1.31,0.0315,19342.0,19449.0,0.0055,24564.0,25478.0,0.0372,179.0,143.0,-0.2011
GARSA,1821A - DRIED MEAT 50-125G,1821 - DRIED MEAT,STAPLE NEED,1.0,1.0,0.0,0.5,0.33,-0.34,1.0,1.0,0.0,19000.0,19000.0,0.0,19000.0,19000.0,0.0,1.0,1.0,0.0
PRONAS,1821A - DRIED MEAT 50-125G,1821 - DRIED MEAT,STAPLE NEED,1.0,,,0.5,,,1.0,,,35900.0,,,35900.0,,,1.0,,
LA FONTE,1915A - PASTA,1915 - PASTA,STAPLE NEED,1.23,1.22,-0.0081,348.5,123.67,-0.6451,1.17,1.08,-0.0769,12353.0,12253.0,-0.0081,14453.0,13233.0,-0.0844,597.0,344.0,-0.4238
MAKARONIKU,1915A - PASTA,1915 - PASTA,STAPLE NEED,1.57,,,3.5,,,1.0,,,20271.0,,,20271.0,,,7.0,,
SAN REMO,1915A - PASTA,1915 - PASTA,STAPLE NEED,1.0,,,5.0,,,1.0,,,25740.0,,,25740.0,,,10.0,,
ALFAMART,1915B - INSTANT PASTA,1915 - PASTA,STAPLE NEED,1.0,,,2.0,,,1.0,,,16350.0,,,16350.0,,,4.0,,
GREEN VALLEY,1915B - INSTANT PASTA,1915 - PASTA,STAPLE NEED,1.4,,,2.5,,,1.67,,,39540.0,,,66032.0,,,3.0,,
LA FONTE,1915B - INSTANT PASTA,1915 - PASTA,STAPLE NEED,1.82,1.55,-0.1484,160.0,62.0,-0.6125,1.13,1.12,-0.0088,12957.0,10514.0,-0.1885,14641.0,11776.0,-0.1957,283.0,166.0,-0.4134
LADANG LIMA,1915B - INSTANT PASTA,1915 - PASTA,STAPLE NEED,1.0,,,0.5,,,1.0,,,27000.0,,,27000.0,,,1.0,,
MAMA SUKA,1915B - INSTANT PASTA,1915 - PASTA,STAPLE NEED,1.15,1.17,0.0174,43.5,34.67,-0.203,1.02,1.06,0.0392,22134.0,23109.0,0.044,22577.0,24496.0,0.085,85.0,98.0,0.1529
MUJIGAE,1915B - INSTANT PASTA,1915 - PASTA,STAPLE NEED,1.12,1.11,-0.0089,38.0,15.33,-0.5966,1.04,1.07,0.0288,23795.0,23839.0,0.0018,24747.0,25508.0,0.0308,73.0,43.0,-0.411
OMMASON,1915B - INSTANT PASTA,1915 - PASTA,STAPLE NEED,1.11,1.28,0.1532,14.0,6.0,-0.5714,1.12,1.06,-0.0536,16496.0,19039.0,0.1542,18476.0,20181.0,0.0923,25.0,17.0,-0.32
POP SPAGETI,1915B - INSTANT PASTA,1915 - PASTA,STAPLE NEED,,2.75,,,179.33,,,1.1,,,9641.0,,,10605.0,,,491.0,
SAN REMO,1915B - INSTANT PASTA,1915 - PASTA,STAPLE NEED,1.0,,,1.5,,,1.0,,,27000.0,,,27000.0,,,3.0,,
WONHAE,1915B - INSTANT PASTA,1915 - PASTA,STAPLE NEED,1.36,1.39,0.0221,74.5,148.0,0.9866,1.1,1.17,0.0636,14235.0,14680.0,0.0313,15659.0,17176.0,0.0969,135.0,380.0,1.8148
WOW,1915B - INSTANT PASTA,1915 - PASTA,STAPLE NEED,3.16,3.88,0.2278,1189.0,831.0,-0.3011,1.23,1.25,0.0163,11404.0,13588.0,0.1915,14027.0,16985.0,0.2109,1929.0,1997.0,0.0353
MAMA SUKA,1921A - INSTANT SOUP,1921 - INSTANT SOUP,STAPLE NEED,1.24,1.18,-0.0484,38.0,20.33,-0.465,1.1,1.2,0.0909,11824.0,11844.0,0.0017,13006.0,14213.0,0.0928,69.0,51.0,-0.2609
ROYCO,1921A - INSTANT SOUP,1921 - INSTANT SOUP,STAPLE NEED,1.26,1.31,0.0397,34.5,14.0,-0.5942,1.1,1.11,0.0091,13870.0,14405.0,0.0386,15257.0,15990.0,0.048,63.0,38.0,-0.3968
FUKUMI,1922A - INSTANT RICE,1922 - INSTANT RICE,STAPLE NEED,1.67,,,3.0,,,1.2,,,169717.0,,,203660.0,,,5.0,,
KONGBAP,1922A - INSTANT RICE,1922 - INSTANT RICE,STAPLE NEED,1.25,,,2.0,,,1.0,,,16925.0,,,16925.0,,,4.0,,
