BRAND,SUBCATEGORY,CATEGORY,SECTION,AVG_QTY_STRUK_MONTH_BEFORE,AVG_QTY_STRUK_MONTH_AFTER,AVG_QTY_STRUK_MONTH_GROWTH,AVG_STRUK_MONTH_BEFORE,AVG_STRUK_MONTH_AFTER,AVG_STRUK_MONTH_GROWTH,PURCHASE_FREQUENCY_BEFORE,PURCHASE_FREQUENCY_AFTER,PURCHASE_FREQUENCY_GROWTH,SPT_BEFORE,SPT_AFTER,SPT_GROWTH,SPB_BEFORE,SPB_AFTER,SPB_GROWTH,BUYER_COUNT_BEFORE,BUYER_COUNT_AFTER,BUYER_COUNT_GROWTH
ALFAMART,2221A - CAN BISCUIT,2221 - CAN BISCUIT,BISC & CONFECTIONARY,1.03,1.21,0.1748,43.0,32.67,-0.2402,1.13,1.07,-0.0531,31886.0,37022.0,0.1611,36031.0,39614.0,0.0994,76.0,92.0,0.2105
ARNOTT'S,2221A - CAN BISCUIT,2221 - CAN BISCUIT,BISC & CONFECTIONARY,,1.5,,,0.67,,,1.0,,,56100.0,,,56100.0,,,2.0,
ASTOR,2221A - CAN BISCUIT,2221 - CAN BISCUIT,BISC & CONFECTIONARY,,1.21,,,9.67,,,1.04,,,46672.0,,,48539.0,,,28.0,
CHOCOLATOS,2221A - CAN BISCUIT,2221 - CAN BISCUIT,BISC & CONFECTIONARY,,1.0,,,2.0,,,1.2,,,44167.0,,,53000.0,,,5.0,
DELBIS,2221A - CAN BISCUIT,2221 - CAN BISCUIT,BISC & CONFECTIONARY,,1.14,,,2.33,,,1.0,,,35486.0,,,35486.0,,,7.0,
GERY,2221A - CAN BISCUIT,2221 - CAN BISCUIT,BISC & CONFECTIONARY,,1.18,,,13.33,,,1.0,,,40198.0,,,40198.0,,,40.0,
GIZZI,2221A - CAN BISCUIT,2221 - CAN BISCUIT,BISC & CONFECTIONARY,,3.92,,,4.0,,,1.0,,,100267.0,,,100267.0,,,12.0,
GOOD TIME,2221A - CAN BISCUIT,2221 - CAN BISCUIT,BISC & CONFECTIONARY,,2.6,,,3.33,,,1.0,,,68780.0,,,68780.0,,,10.0,
HOCK GUAN,2221A - CAN BISCUIT,2221 - CAN BISCUIT,BISC & CONFECTIONARY,,1.0,,,1.67,,,1.25,,,93900.0,,,117375.0,,,4.0,
IMPERIAL,2221A - CAN BISCUIT,2221 - CAN BISCUIT,BISC & CONFECTIONARY,,3.2,,,1.67,,,1.0,,,77280.0,,,77280.0,,,5.0,
KHONG GUAN,2221A - CAN BISCUIT,2221 - CAN BISCUIT,BISC & CONFECTIONARY,1.05,1.11,0.0571,45.5,51.67,0.1356,1.08,1.05,-0.0278,93480.0,87609.0,-0.0628,100958.0,91989.0,-0.0888,84.0,147.0,0.75
MONDE,2221A - CAN BISCUIT,2221 - CAN BISCUIT,BISC & CONFECTIONARY,1.0,1.48,0.48,24.5,31.67,0.2927,1.0,1.08,0.08,79716.0,116717.0,0.4642,79716.0,126054.0,0.5813,49.0,88.0,0.7959
NABATI,2221A - CAN BISCUIT,2221 - CAN BISCUIT,BISC & CONFECTIONARY,,1.23,,,4.33,,,1.08,,,34223.0,,,36961.0,,,12.0,
NEXTAR,2221A - CAN BISCUIT,2221 - CAN BISCUIT,BISC & CONFECTIONARY,,1.07,,,4.67,,,1.08,,,24921.0,,,26915.0,,,13.0,
NISSIN,2221A - CAN BISCUIT,2221 - CAN BISCUIT,BISC & CONFECTIONARY,1.02,1.6,0.5686,20.0,26.67,0.3335,1.08,1.04,-0.037,53198.0,73455.0,0.3808,57454.0,76393.0,0.3296,37.0,77.0,1.0811
REGAL,2221A - CAN BISCUIT,2221 - CAN BISCUIT,BISC & CONFECTIONARY,,1.0,,,2.0,,,1.0,,,61300.0,,,61300.0,,,6.0,
RICHEESE,2221A - CAN BISCUIT,2221 - CAN BISCUIT,BISC & CONFECTIONARY,,1.65,,,5.67,,,1.06,,,45512.0,,,48243.0,,,16.0,
RICHOCO,2221A - CAN BISCUIT,2221 - CAN BISCUIT,BISC & CONFECTIONARY,,1.25,,,4.0,,,1.0,,,34625.0,,,34625.0,,,12.0,
ROMA,2221A - CAN BISCUIT,2221 - CAN BISCUIT,BISC & CONFECTIONARY,,1.3,,,3.33,,,1.11,,,47970.0,,,53247.0,,,9.0,
ROYAL CHOICE,2221A - CAN BISCUIT,2221 - CAN BISCUIT,BISC & CONFECTIONARY,,1.0,,,2.67,,,1.0,,,77712.0,,,77712.0,,,8.0,
SERENA,2221A - CAN BISCUIT,2221 - CAN BISCUIT,BISC & CONFECTIONARY,,1.0,,,1.67,,,1.0,,,73900.0,,,73900.0,,,5.0,
TANGO,2221A - CAN BISCUIT,2221 - CAN BISCUIT,BISC & CONFECTIONARY,1.14,2.18,0.9123,7.0,39.67,4.6671,1.0,1.02,0.02,31757.0,53602.0,0.6879,31757.0,54674.0,0.7216,14.0,117.0,7.3571
WAFELLO,2221A - CAN BISCUIT,2221 - CAN BISCUIT,BISC & CONFECTIONARY,,1.45,,,3.67,,,1.0,,,53864.0,,,53864.0,,,11.0,
BISKUAT,2222A - COOKIES BISCUIT 15-30G,2222 - COOKIES BISCUIT,BISC & CONFECTIONARY,,1.2,,,83.67,,,1.14,,,7278.0,,,8297.0,,,220.0,
BAKED,2222B - COOKIES BISCUIT 40-60G,2222 - COOKIES BISCUIT,BISC & CONFECTIONARY,,1.0,,,5.67,,,1.06,,,11059.0,,,11723.0,,,16.0,
CHOCOLITO,2222B - COOKIES BISCUIT 40-60G,2222 - COOKIES BISCUIT,BISC & CONFECTIONARY,1.78,1.23,-0.309,241.5,90.33,-0.626,1.16,1.12,-0.0345,10867.0,7760.0,-0.2859,12606.0,8691.0,-0.3106,418.0,241.0,-0.4234
HELLO PANDA,2222B - COOKIES BISCUIT 40-60G,2222 - COOKIES BISCUIT,BISC & CONFECTIONARY,1.68,1.51,-0.1012,503.0,336.0,-0.332,1.13,1.15,0.0177,15821.0,14008.0,-0.1146,17878.0,16109.0,-0.0989,892.0,874.0,-0.0202
LEMONILO,2222B - COOKIES BISCUIT 40-60G,2222 - COOKIES BISCUIT,BISC & CONFECTIONARY,1.27,1.39,0.0945,534.0,364.33,-0.3177,1.16,1.15,-0.0086,17584.0,19207.0,0.0923,20397.0,22088.0,0.0829,923.0,950.0,0.0293
LOTTE,2222B - COOKIES BISCUIT 40-60G,2222 - COOKIES BISCUIT,BISC & CONFECTIONARY,1.35,1.0,-0.2593,199.5,1.67,-0.9916,1.23,1.0,-0.187,12658.0,9400.0,-0.2574,15569.0,9400.0,-0.3962,325.0,5.0,-0.9846
MONDE,2222B - COOKIES BISCUIT 40-60G,2222 - COOKIES BISCUIT,BISC & CONFECTIONARY,1.62,,,4.0,,,1.0,,,13062.0,,,13062.0,,,8.0,,
PAROTI,2222B - COOKIES BISCUIT 40-60G,2222 - COOKIES BISCUIT,BISC & CONFECTIONARY,1.12,1.14,0.0179,277.5,163.67,-0.4102,1.12,1.08,-0.0357,11676.0,11625.0,-0.0044,13077.0,12555.0,-0.0399,495.0,455.0,-0.0808
DILAN,2222C - COOKIES BISCUIT 61-100G,2222 - COOKIES BISCUIT,BISC & CONFECTIONARY,,1.07,,,99.0,,,1.06,,,10150.0,,,10759.0,,,280.0,
GOOD TIME,2222C - COOKIES BISCUIT 61-100G,2222 - COOKIES BISCUIT,BISC & CONFECTIONARY,1.35,1.23,-0.0889,1154.5,542.33,-0.5302,1.17,1.13,-0.0342,13302.0,12472.0,-0.0624,15563.0,14093.0,-0.0945,1975.0,1442.0,-0.2699
MONDE,2222C - COOKIES BISCUIT 61-100G,2222 - COOKIES BISCUIT,BISC & CONFECTIONARY,1.13,1.15,0.0177,69.5,20.67,-0.7026,1.12,1.03,-0.0804,16076.0,16516.0,0.0274,18005.0,17011.0,-0.0552,124.0,60.0,-0.5161
NEXTAR,2222C - COOKIES BISCUIT 61-100G,2222 - COOKIES BISCUIT,BISC & CONFECTIONARY,1.19,1.19,0.0,246.5,107.33,-0.5646,1.16,1.17,0.0086,11385.0,11271.0,-0.01,13207.0,13187.0,-0.0015,424.0,276.0,-0.3491
NISSIN,2222C - COOKIES BISCUIT 61-100G,2222 - COOKIES BISCUIT,BISC & CONFECTIONARY,1.15,1.11,-0.0348,690.0,314.0,-0.5449,1.25,1.19,-0.048,13205.0,12803.0,-0.0304,16506.0,15236.0,-0.0769,1103.0,792.0,-0.282
ROMA,2222C - COOKIES BISCUIT 61-100G,2222 - COOKIES BISCUIT,BISC & CONFECTIONARY,1.11,1.06,-0.045,65.5,55.33,-0.1553,1.06,1.08,0.0189,12073.0,11606.0,-0.0387,12797.0,12534.0,-0.0206,124.0,153.0,0.2339
TROPICANA,2222C - COOKIES BISCUIT 61-100G,2222 - COOKIES BISCUIT,BISC & CONFECTIONARY,1.43,,,3.5,,,1.0,,,39286.0,,,39286.0,,,7.0,,
BISKUAT,2222D - COOKIES BISCUIT 110-200G,2222 - COOKIES BISCUIT,BISC & CONFECTIONARY,1.19,1.07,-0.1008,386.5,118.67,-0.693,1.16,1.09,-0.0603,11738.0,10473.0,-0.1078,13616.0,11416.0,-0.1616,664.0,327.0,-0.5075
GOOD TIME,2222D - COOKIES BISCUIT 110-200G,2222 - COOKIES BISCUIT,BISC & CONFECTIONARY,,1.0,,,1.67,,,1.0,,,22500.0,,,22500.0,,,5.0,
KHONG GUAN,2222D - COOKIES BISCUIT 110-200G,2222 - COOKIES BISCUIT,BISC & CONFECTIONARY,1.0,,,0.5,,,1.0,,,12900.0,,,12900.0,,,1.0,,
KOKOLA,2222D - COOKIES BISCUIT 110-200G,2222 - COOKIES BISCUIT,BISC & CONFECTIONARY,1.09,1.15,0.055,169.5,68.0,-0.5988,1.17,1.06,-0.094,11360.0,12075.0,0.0629,13291.0,12800.0,-0.0369,289.0,192.0,-0.3356
MONDE,2222D - COOKIES BISCUIT 110-200G,2222 - COOKIES BISCUIT,BISC & CONFECTIONARY,1.09,1.11,0.0183,272.5,150.0,-0.4495,1.14,1.19,0.0439,16079.0,16815.0,0.0458,18330.0,20010.0,0.0917,476.0,379.0,-0.2038
NISSIN,2222D - COOKIES BISCUIT 110-200G,2222 - COOKIES BISCUIT,BISC & CONFECTIONARY,1.1,1.1,0.0,259.5,114.33,-0.5594,1.15,1.1,-0.0435,12350.0,12824.0,0.0384,14202.0,14106.0,-0.0068,451.0,312.0,-0.3082
TANGO,2222D - COOKIES BISCUIT 110-200G,2222 - COOKIES BISCUIT,BISC & CONFECTIONARY,,1.0,,,3.67,,,1.1,,,22391.0,,,24630.0,,,10.0,
UNIBIS,2222D - COOKIES BISCUIT 110-200G,2222 - COOKIES BISCUIT,BISC & CONFECTIONARY,1.26,1.6,0.2698,70.5,19.0,-0.7305,1.26,1.24,-0.0159,16891.0,21407.0,0.2674,21283.0,26545.0,0.2472,112.0,46.0,-0.5893
KHONG GUAN,2222E - COOKIES BISCUIT 250-300G,2222 - COOKIES BISCUIT,BISC & CONFECTIONARY,1.04,1.06,0.0192,46.5,20.67,-0.5555,1.04,1.03,-0.0096,21855.0,23163.0,0.0598,22729.0,23858.0,0.0497,89.0,60.0,-0.3258
NISSIN,2222E - COOKIES BISCUIT 250-300G,2222 - COOKIES BISCUIT,BISC & CONFECTIONARY,1.05,1.05,0.0,55.5,56.0,0.009,1.07,1.06,-0.0093,12568.0,13245.0,0.0539,13448.0,14040.0,0.044,104.0,158.0,0.5192
ROMA,2222E - COOKIES BISCUIT 250-300G,2222 - COOKIES BISCUIT,BISC & CONFECTIONARY,1.11,1.1,-0.009,610.0,209.0,-0.6574,1.2,1.13,-0.0583,14356.0,13932.0,-0.0295,17227.0,15743.0,-0.0861,1019.0,556.0,-0.4544
7+,2222F - HEALTHY COOKIES BISCUIT,2222 - COOKIES BISCUIT,BISC & CONFECTIONARY,1.78,1.79,0.0056,57.5,13.0,-0.7739,1.1,1.03,-0.0636,16765.0,16882.0,0.007,18442.0,17388.0,-0.0572,105.0,38.0,-0.6381
DIABETASOL,2222F - HEALTHY COOKIES BISCUIT,2222 - COOKIES BISCUIT,BISC & CONFECTIONARY,1.2,,,2.5,,,1.0,,,24060.0,,,24060.0,,,5.0,,
FITBAR,2222F - HEALTHY COOKIES BISCUIT,2222 - COOKIES BISCUIT,BISC & CONFECTIONARY,2.2,2.14,-0.0273,402.5,145.67,-0.6381,1.19,1.13,-0.0504,12844.0,13111.0,0.0208,15284.0,14815.0,-0.0307,679.0,386.0,-0.4315
KOKO KRUNCH,2222F - HEALTHY COOKIES BISCUIT,2222 - COOKIES BISCUIT,BISC & CONFECTIONARY,1.0,,,1.5,,,1.0,,,4167.0,,,4167.0,,,3.0,,
L-MEN,2222F - HEALTHY COOKIES BISCUIT,2222 - COOKIES BISCUIT,BISC & CONFECTIONARY,1.52,2.0,0.3158,26.0,5.33,-0.795,1.06,1.07,0.0094,19938.0,27850.0,0.3968,21134.0,29800.0,0.4101,49.0,15.0,-0.6939
MILO,2222F - HEALTHY COOKIES BISCUIT,2222 - COOKIES BISCUIT,BISC & CONFECTIONARY,1.29,1.66,0.2868,24.0,19.33,-0.1946,1.23,1.18,-0.0407,11458.0,14641.0,0.2778,14093.0,17276.0,0.2259,39.0,49.0,0.2564
NARAYA,2222F - HEALTHY COOKIES BISCUIT,2222 - COOKIES BISCUIT,BISC & CONFECTIONARY,1.16,1.11,-0.0431,73.5,47.33,-0.3561,1.19,1.18,-0.0084,19966.0,18531.0,-0.0719,23760.0,21867.0,-0.0797,124.0,120.0,-0.0323
OATBIT,2222F - HEALTHY COOKIES BISCUIT,2222 - COOKIES BISCUIT,BISC & CONFECTIONARY,1.55,,,25.5,,,1.04,,,12504.0,,,13004.0,,,49.0,,
OATSIDE,2222F - HEALTHY COOKIES BISCUIT,2222 - COOKIES BISCUIT,BISC & CONFECTIONARY,5.14,,,7.0,,,1.0,,,30857.0,,,30857.0,,,14.0,,
SOY JOY,2222F - HEALTHY COOKIES BISCUIT,2222 - COOKIES BISCUIT,BISC & CONFECTIONARY,2.2,1.85,-0.1591,169.0,67.67,-0.5996,1.14,1.13,-0.0088,23142.0,19550.0,-0.1552,26382.0,22091.0,-0.1626,297.0,179.0,-0.3973
TROPICANA,2222F - HEALTHY COOKIES BISCUIT,2222 - COOKIES BISCUIT,BISC & CONFECTIONARY,1.59,1.77,0.1132,220.5,10.0,-0.9546,1.16,1.07,-0.0776,10318.0,11593.0,0.1236,11969.0,12405.0,0.0364,381.0,28.0,-0.9265
WRP,2222F - HEALTHY COOKIES BISCUIT,2222 - COOKIES BISCUIT,BISC & CONFECTIONARY,1.0,,,2.5,,,1.0,,,9500.0,,,9500.0,,,5.0,,
YAVA,2222F - HEALTHY COOKIES BISCUIT,2222 - COOKIES BISCUIT,BISC & CONFECTIONARY,,1.38,,,47.0,,,1.19,,,12213.0,,,14533.0,,,118.0,
TINI WINI BITI,2223A - CRACKER BISCUIT 10-30G,2223 - CRACKER BISCUIT,BISC & CONFECTIONARY,1.53,1.37,-0.1046,117.0,76.33,-0.3476,1.11,1.12,0.009,5768.0,5162.0,-0.1051,6402.0,5781.0,-0.097,211.0,205.0,-0.0284
BISKIES,2223B - CRACKER BISCUIT 35-99G,2223 - CRACKER BISCUIT,BISC & CONFECTIONARY,1.25,1.13,-0.096,93.5,30.67,-0.672,1.1,1.06,-0.0364,8657.0,7861.0,-0.0919,9523.0,8333.0,-0.125,170.0,87.0,-0.4882
BRIO,2223B - CRACKER BISCUIT 35-99G,2223 - CRACKER BISCUIT,BISC & CONFECTIONARY,1.13,1.15,0.0177,218.5,77.67,-0.6445,1.1,1.14,0.0364,6770.0,6911.0,0.0208,7447.0,7879.0,0.058,399.0,204.0,-0.4887
OOPS,2223B - CRACKER BISCUIT 35-99G,2223 - CRACKER BISCUIT,BISC & CONFECTIONARY,2.71,,,7.0,,,1.17,,,14014.0,,,16396.0,,,12.0,,
RITZ,2223B - CRACKER BISCUIT 35-99G,2223 - CRACKER BISCUIT,BISC & CONFECTIONARY,1.25,1.17,-0.064,638.5,221.67,-0.6528,1.22,1.23,0.0082,12147.0,11473.0,-0.0555,14819.0,14112.0,-0.0477,1044.0,539.0,-0.4837
ROMA,2223B - CRACKER BISCUIT 35-99G,2223 - CRACKER BISCUIT,BISC & CONFECTIONARY,1.17,1.12,-0.0427,382.5,131.67,-0.6558,1.16,1.14,-0.0172,11674.0,11344.0,-0.0283,13542.0,12932.0,-0.045,662.0,345.0,-0.4789
TINI WINI BITI,2223B - CRACKER BISCUIT 35-99G,2223 - CRACKER BISCUIT,BISC & CONFECTIONARY,1.22,1.09,-0.1066,227.5,107.0,-0.5297,1.17,1.11,-0.0513,8287.0,8145.0,-0.0171,9696.0,9041.0,-0.0676,390.0,289.0,-0.259
TRICKS,2223B - CRACKER BISCUIT 35-99G,2223 - CRACKER BISCUIT,BISC & CONFECTIONARY,1.11,1.19,0.0721,37.5,40.33,0.0755,1.09,1.09,0.0,7955.0,8679.0,0.091,8671.0,9460.0,0.091,69.0,111.0,0.6087
AIM,2223C - CRACKER BISCUIT 100-180G,2223 - CRACKER BISCUIT,BISC & CONFECTIONARY,1.01,1.04,0.0297,54.0,22.67,-0.5802,1.05,1.01,-0.0381,14055.0,14854.0,0.0568,14758.0,15003.0,0.0166,103.0,67.0,-0.3495
BRIO,2223C - CRACKER BISCUIT 100-180G,2223 - CRACKER BISCUIT,BISC & CONFECTIONARY,1.14,1.08,-0.0526,134.5,95.0,-0.2937,1.21,1.13,-0.0661,11363.0,10684.0,-0.0598,13749.0,12073.0,-0.1219,222.0,252.0,0.1351
GERY,2223C - CRACKER BISCUIT 100-180G,2223 - CRACKER BISCUIT,BISC & CONFECTIONARY,1.16,1.1,-0.0517,231.0,109.33,-0.5267,1.17,1.03,-0.1197,10239.0,9891.0,-0.034,11980.0,10188.0,-0.1496,395.0,317.0,-0.1975
KHONG GUAN,2223C - CRACKER BISCUIT 100-180G,2223 - CRACKER BISCUIT,BISC & CONFECTIONARY,1.03,1.11,0.0777,33.5,15.0,-0.5522,1.03,1.02,-0.0097,9872.0,10973.0,0.1115,10168.0,11192.0,0.1007,65.0,44.0,-0.3231
KOKOLA,2223C - CRACKER BISCUIT 100-180G,2223 - CRACKER BISCUIT,BISC & CONFECTIONARY,1.07,1.21,0.1308,94.0,34.67,-0.6312,1.11,1.02,-0.0811,8983.0,10279.0,0.1443,9971.0,10485.0,0.0515,169.0,102.0,-0.3964
NISSIN,2223C - CRACKER BISCUIT 100-180G,2223 - CRACKER BISCUIT,BISC & CONFECTIONARY,1.73,,,11.0,,,1.0,,,12477.0,,,12477.0,,,22.0,,
OOPS,2223C - CRACKER BISCUIT 100-180G,2223 - CRACKER BISCUIT,BISC & CONFECTIONARY,2.0,,,1.0,,,1.0,,,19000.0,,,19000.0,,,2.0,,
PAROTI,2223C - CRACKER BISCUIT 100-180G,2223 - CRACKER BISCUIT,BISC & CONFECTIONARY,1.27,1.25,-0.0157,366.5,166.67,-0.5452,1.19,1.14,-0.042,7102.0,7254.0,0.0214,8451.0,8270.0,-0.0214,614.0,437.0,-0.2883
RITZ,2223C - CRACKER BISCUIT 100-180G,2223 - CRACKER BISCUIT,BISC & CONFECTIONARY,1.16,,,9.5,,,1.12,,,8684.0,,,9726.0,,,17.0,,
ROMA,2223C - CRACKER BISCUIT 100-180G,2223 - CRACKER BISCUIT,BISC & CONFECTIONARY,1.2,1.17,-0.025,659.5,236.67,-0.6411,1.2,1.17,-0.025,12167.0,11783.0,-0.0316,14600.0,13786.0,-0.0558,1099.0,608.0,-0.4468
TANGO,2223C - CRACKER BISCUIT 100-180G,2223 - CRACKER BISCUIT,BISC & CONFECTIONARY,,1.54,,,41.67,,,1.08,,,13670.0,,,14764.0,,,116.0,
WIN-WIN,2223C - CRACKER BISCUIT 100-180G,2223 - CRACKER BISCUIT,BISC & CONFECTIONARY,1.0,,,0.5,,,1.0,,,18400.0,,,18400.0,,,1.0,,
HATARI,2223D - CRACKER BISCUIT 200-260G,2223 - CRACKER BISCUIT,BISC & CONFECTIONARY,1.2,1.2,0.0,355.0,94.67,-0.7333,1.23,1.14,-0.0732,12242.0,12339.0,0.0079,15058.0,14066.0,-0.0659,576.0,249.0,-0.5677
KHONG GUAN,2223D - CRACKER BISCUIT 200-260G,2223 - CRACKER BISCUIT,BISC & CONFECTIONARY,1.04,1.06,0.0192,202.0,91.0,-0.5495,1.11,1.17,0.0541,13251.0,14173.0,0.0696,14709.0,16582.0,0.1273,364.0,234.0,-0.3571
NISSIN,2223D - CRACKER BISCUIT 200-260G,2223 - CRACKER BISCUIT,BISC & CONFECTIONARY,1.07,1.06,-0.0093,408.5,169.33,-0.5855,1.15,1.13,-0.0174,13469.0,13439.0,-0.0022,15489.0,15186.0,-0.0196,713.0,448.0,-0.3717
SERENA,2223D - CRACKER BISCUIT 200-260G,2223 - CRACKER BISCUIT,BISC & CONFECTIONARY,1.29,,,3.5,,,1.0,,,20857.0,,,20857.0,,,7.0,,
UNIBIS,2223D - CRACKER BISCUIT 200-260G,2223 - CRACKER BISCUIT,BISC & CONFECTIONARY,1.14,1.14,0.0,46.0,42.33,-0.0798,1.16,1.14,-0.0172,12262.0,12531.0,0.0219,14224.0,14285.0,0.0043,79.0,111.0,0.4051
KHONG GUAN,2223E - CRACKER BISCUIT 300-400G,2223 - CRACKER BISCUIT,BISC & CONFECTIONARY,1.15,1.06,-0.0783,96.5,53.33,-0.4474,1.28,1.22,-0.0469,21462.0,20985.0,-0.0222,27471.0,25602.0,-0.068,151.0,131.0,-0.1325
RITZ,2223E - CRACKER BISCUIT 300-400G,2223 - CRACKER BISCUIT,BISC & CONFECTIONARY,1.18,,,8.5,,,1.0,,,22524.0,,,22524.0,,,17.0,,
UBM,2223E - CRACKER BISCUIT 300-400G,2223 - CRACKER BISCUIT,BISC & CONFECTIONARY,1.15,1.24,0.0783,97.0,92.67,-0.0446,1.18,1.17,-0.0085,18911.0,19856.0,0.05,22315.0,23232.0,0.0411,164.0,237.0,0.4451
REGAL,2224A - MARIE BISCUIT 30-85G,2224 - MARIE BISCUIT,BISC & CONFECTIONARY,,1.08,,,16.0,,,1.02,,,13733.0,,,14008.0,,,47.0,
ASIA,2224B - MARIE BISCUIT 100-190G,2224 - MARIE BISCUIT,BISC & CONFECTIONARY,1.25,1.18,-0.056,260.0,102.33,-0.6064,1.23,1.24,0.0081,11544.0,11177.0,-0.0318,14199.0,13859.0,-0.0239,423.0,247.0,-0.4161
REGAL,2224B - MARIE BISCUIT 100-190G,2224 - MARIE BISCUIT,BISC & CONFECTIONARY,1.07,1.08,0.0093,341.0,149.67,-0.5611,1.11,1.1,-0.009,14621.0,14834.0,0.0146,16229.0,16317.0,0.0054,612.0,407.0,-0.335
ROMA,2224B - MARIE BISCUIT 100-190G,2224 - MARIE BISCUIT,BISC & CONFECTIONARY,1.17,1.12,-0.0427,355.5,202.33,-0.4309,1.15,1.23,0.0696,12049.0,11854.0,-0.0162,13856.0,14580.0,0.0523,617.0,493.0,-0.201
REGAL,2224C - MARIE BISCUIT 200-250G,2224 - MARIE BISCUIT,BISC & CONFECTIONARY,1.15,1.16,0.0087,204.0,80.67,-0.6046,1.15,1.14,-0.0087,30523.0,30943.0,0.0138,35101.0,35275.0,0.005,354.0,212.0,-0.4011
ROMA,2224C - MARIE BISCUIT 200-250G,2224 - MARIE BISCUIT,BISC & CONFECTIONARY,1.14,1.05,-0.0789,40.5,19.33,-0.5227,1.11,1.18,0.0631,27506.0,25553.0,-0.071,30532.0,30153.0,-0.0124,73.0,49.0,-0.3288
KARTIKA TOAST,2225A - PIE BISCUIT 32-110G,2225 - PIE BISCUIT,BISC & CONFECTIONARY,1.02,1.07,0.049,20.5,9.0,-0.561,1.05,1.04,-0.0095,15366.0,16063.0,0.0454,16134.0,16706.0,0.0355,39.0,26.0,-0.3333
MONDE,2225A - PIE BISCUIT 32-110G,2225 - PIE BISCUIT,BISC & CONFECTIONARY,1.07,1.11,0.0374,81.0,27.33,-0.6626,1.11,1.11,0.0,14062.0,15224.0,0.0826,15609.0,16899.0,0.0826,146.0,74.0,-0.4932
MONDE,2225B - PIE BISCUIT 150-200G,2225 - PIE BISCUIT,BISC & CONFECTIONARY,1.04,1.05,0.0096,82.5,26.33,-0.6808,1.08,1.07,-0.0093,12148.0,13032.0,0.0728,13120.0,13944.0,0.0628,153.0,74.0,-0.5163
NYAM-NYAM,2226A - SANDWICH BISCUIT 10-49G,2226 - SANDWICH BISCUIT,BISC & CONFECTIONARY,1.19,1.08,-0.0924,104.0,68.67,-0.3397,1.13,1.14,0.0088,10238.0,9743.0,-0.0483,11569.0,11107.0,-0.0399,184.0,181.0,-0.0163
BISKIES,2226B - SANDWICH BISCUIT 50-99G,2226 - SANDWICH BISCUIT,BISC & CONFECTIONARY,1.26,1.14,-0.0952,568.0,213.67,-0.6238,1.16,1.2,0.0345,11081.0,9992.0,-0.0983,12854.0,11990.0,-0.0672,981.0,536.0,-0.4536
DILAN,2226B - SANDWICH BISCUIT 50-99G,2226 - SANDWICH BISCUIT,BISC & CONFECTIONARY,1.18,1.09,-0.0763,38.5,29.67,-0.2294,1.12,1.05,-0.0625,9539.0,9190.0,-0.0366,10684.0,9650.0,-0.0968,69.0,85.0,0.2319
JGT,2226B - SANDWICH BISCUIT 50-99G,2226 - SANDWICH BISCUIT,BISC & CONFECTIONARY,1.25,,,2.0,,,1.0,,,19400.0,,,19400.0,,,4.0,,
MILO,2226B - SANDWICH BISCUIT 50-99G,2226 - SANDWICH BISCUIT,BISC & CONFECTIONARY,,1.05,,,50.67,,,1.06,,,12111.0,,,12838.0,,,144.0,
MUNCHY'S,2226B - SANDWICH BISCUIT 50-99G,2226 - SANDWICH BISCUIT,BISC & CONFECTIONARY,1.2,2.18,0.8167,158.0,50.67,-0.6793,1.14,1.07,-0.0614,11897.0,21642.0,0.8191,13563.0,23157.0,0.7074,278.0,142.0,-0.4892
OREO,2226B - SANDWICH BISCUIT 50-99G,2226 - SANDWICH BISCUIT,BISC & CONFECTIONARY,1.25,1.23,-0.016,253.5,198.67,-0.2163,1.13,1.2,0.0619,12241.0,12174.0,-0.0055,13832.0,14609.0,0.0562,448.0,498.0,0.1116
BETTER,2226C - SANDWICH BISCUIT 100-150G,2226 - SANDWICH BISCUIT,BISC & CONFECTIONARY,1.09,1.07,-0.0183,350.5,156.0,-0.5549,1.17,1.16,-0.0085,13148.0,12898.0,-0.019,15383.0,14962.0,-0.0274,599.0,404.0,-0.3255
BISKIES,2226C - SANDWICH BISCUIT 100-150G,2226 - SANDWICH BISCUIT,BISC & CONFECTIONARY,1.19,1.11,-0.0672,71.0,36.0,-0.493,1.11,1.09,-0.018,11803.0,11069.0,-0.0622,13101.0,12065.0,-0.0791,128.0,99.0,-0.2266
BISKUAT,2226C - SANDWICH BISCUIT 100-150G,2226 - SANDWICH BISCUIT,BISC & CONFECTIONARY,1.22,1.14,-0.0656,128.5,9.67,-0.9247,1.1,1.04,-0.0545,8322.0,7772.0,-0.0661,9154.0,8083.0,-0.117,233.0,28.0,-0.8798
IMPERIAL,2226C - SANDWICH BISCUIT 100-150G,2226 - SANDWICH BISCUIT,BISC & CONFECTIONARY,1.09,1.09,0.0,63.0,57.33,-0.09,1.16,1.06,-0.0862,9727.0,9665.0,-0.0064,11283.0,10245.0,-0.092,109.0,162.0,0.4862
KHONG GUAN,2226C - SANDWICH BISCUIT 100-150G,2226 - SANDWICH BISCUIT,BISC & CONFECTIONARY,1.06,1.06,0.0,100.5,41.33,-0.5888,1.06,1.17,0.1038,10858.0,11364.0,0.0466,11509.0,13296.0,0.1553,189.0,106.0,-0.4392
MILO,2226C - SANDWICH BISCUIT 100-150G,2226 - SANDWICH BISCUIT,BISC & CONFECTIONARY,1.17,1.13,-0.0342,237.5,123.67,-0.4793,1.06,1.08,0.0189,13530.0,13101.0,-0.0317,14342.0,14149.0,-0.0135,450.0,344.0,-0.2356
MONDE,2226C - SANDWICH BISCUIT 100-150G,2226 - SANDWICH BISCUIT,BISC & CONFECTIONARY,,1.06,,,16.0,,,1.07,,,12758.0,,,13651.0,,,45.0,
NEXTAR,2226C - SANDWICH BISCUIT 100-150G,2226 - SANDWICH BISCUIT,BISC & CONFECTIONARY,1.04,,,47.5,,,1.1,,,8892.0,,,9781.0,,,86.0,,
NYAM-NYAM,2226C - SANDWICH BISCUIT 100-150G,2226 - SANDWICH BISCUIT,BISC & CONFECTIONARY,3.0,,,1.5,,,1.0,,,73200.0,,,73200.0,,,3.0,,
OREO,2226C - SANDWICH BISCUIT 100-150G,2226 - SANDWICH BISCUIT,BISC & CONFECTIONARY,1.25,1.19,-0.048,1111.0,637.0,-0.4266,1.19,1.19,0.0,12459.0,12451.0,-0.0006,14826.0,14817.0,-0.0006,1862.0,1609.0,-0.1359
OVALTINE,2226C - SANDWICH BISCUIT 100-150G,2226 - SANDWICH BISCUIT,BISC & CONFECTIONARY,1.12,1.08,-0.0357,137.5,32.0,-0.7673,1.16,1.13,-0.0259,18725.0,18342.0,-0.0205,21721.0,20726.0,-0.0458,237.0,85.0,-0.6414
ROMA,2226C - SANDWICH BISCUIT 100-150G,2226 - SANDWICH BISCUIT,BISC & CONFECTIONARY,1.13,1.15,0.0177,436.0,256.0,-0.4128,1.18,1.15,-0.0254,13716.0,14046.0,0.0241,16185.0,16153.0,-0.002,742.0,670.0,-0.097
SERENA,2226C - SANDWICH BISCUIT 100-150G,2226 - SANDWICH BISCUIT,BISC & CONFECTIONARY,1.06,1.09,0.0283,115.0,35.33,-0.6928,1.2,1.15,-0.0417,9623.0,10337.0,0.0742,11548.0,11888.0,0.0294,192.0,92.0,-0.5208
SLAI O'LAI,2226C - SANDWICH BISCUIT 100-150G,2226 - SANDWICH BISCUIT,BISC & CONFECTIONARY,1.08,1.08,0.0,220.0,82.33,-0.6258,1.18,1.1,-0.0678,9272.0,9551.0,0.0301,10941.0,10506.0,-0.0398,372.0,224.0,-0.3978
HATARI,2226D - SANDWICH BISCUIT 160-229G,2226 - SANDWICH BISCUIT,BISC & CONFECTIONARY,1.04,1.03,-0.0096,103.5,20.0,-0.8068,1.17,1.05,-0.1026,12510.0,12955.0,0.0356,14637.0,13603.0,-0.0706,177.0,57.0,-0.678
JULIE'S,2226D - SANDWICH BISCUIT 160-229G,2226 - SANDWICH BISCUIT,BISC & CONFECTIONARY,1.25,,,2.0,,,1.0,,,44875.0,,,44875.0,,,4.0,,
KHONG GUAN,2226D - SANDWICH BISCUIT 160-229G,2226 - SANDWICH BISCUIT,BISC & CONFECTIONARY,1.11,1.05,-0.0541,221.0,69.67,-0.6848,1.15,1.11,-0.0348,15746.0,15619.0,-0.0081,18108.0,17337.0,-0.0426,383.0,188.0,-0.5091
MUNCHY'S,2226D - SANDWICH BISCUIT 160-229G,2226 - SANDWICH BISCUIT,BISC & CONFECTIONARY,1.29,1.19,-0.0775,124.5,43.0,-0.6546,1.18,1.08,-0.0847,42650.0,35683.0,-0.1634,50327.0,38538.0,-0.2342,211.0,119.0,-0.436
ROMA,2226D - SANDWICH BISCUIT 160-229G,2226 - SANDWICH BISCUIT,BISC & CONFECTIONARY,1.14,1.11,-0.0263,333.0,138.0,-0.5856,1.12,1.11,-0.0089,14504.0,14503.0,-0.0001,16244.0,16098.0,-0.009,592.0,374.0,-0.3682
SLAI O'LAI,2226D - SANDWICH BISCUIT 160-229G,2226 - SANDWICH BISCUIT,BISC & CONFECTIONARY,1.02,1.08,0.0588,62.0,21.33,-0.656,1.04,1.08,0.0385,14055.0,14859.0,0.0572,14617.0,16048.0,0.0979,119.0,59.0,-0.5042
UNIBIS,2226D - SANDWICH BISCUIT 160-229G,2226 - SANDWICH BISCUIT,BISC & CONFECTIONARY,1.11,1.08,-0.027,66.5,12.67,-0.8095,1.09,1.09,0.0,10408.0,10247.0,-0.0155,11345.0,11169.0,-0.0155,122.0,35.0,-0.7131
BETTER,2226E - SANDWICH BISCUIT 230-500G,2226 - SANDWICH BISCUIT,BISC & CONFECTIONARY,1.0,,,0.5,,,1.0,,,28400.0,,,28400.0,,,1.0,,
KOKOLA,2226E - SANDWICH BISCUIT 230-500G,2226 - SANDWICH BISCUIT,BISC & CONFECTIONARY,,1.0,,,1.33,,,1.0,,,30725.0,,,30725.0,,,4.0,
OREO,2226E - SANDWICH BISCUIT 230-500G,2226 - SANDWICH BISCUIT,BISC & CONFECTIONARY,1.81,1.07,-0.4088,108.5,5.0,-0.9539,1.21,1.07,-0.1157,51357.0,24000.0,-0.5327,62142.0,25680.0,-0.5868,179.0,14.0,-0.9218
ROMA,2226E - SANDWICH BISCUIT 230-500G,2226 - SANDWICH BISCUIT,BISC & CONFECTIONARY,1.6,,,2.5,,,1.0,,,45440.0,,,45440.0,,,5.0,,
SUPERSTAR,2227A - WAFER BISCUIT PACK,2227 - WAFER BISCUIT,BISC & CONFECTIONARY,1.2,1.11,-0.075,201.5,61.0,-0.6973,1.16,1.08,-0.069,11353.0,10701.0,-0.0574,13169.0,11557.0,-0.1224,347.0,169.0,-0.513
NABATI,2227B - WAFER BISCUIT 10-40G,2227 - WAFER BISCUIT,BISC & CONFECTIONARY,1.35,,,10.0,,,1.0,,,10140.0,,,10140.0,,,20.0,,
NUTELLA,2227B - WAFER BISCUIT 10-40G,2227 - WAFER BISCUIT,BISC & CONFECTIONARY,1.49,1.28,-0.1409,64.0,22.33,-0.6511,1.09,1.16,0.0642,15818.0,14021.0,-0.1136,17242.0,16264.0,-0.0567,117.0,58.0,-0.5043
GARUDA,2227C - WAFER BISCUIT 45-95G,2227 - WAFER BISCUIT,BISC & CONFECTIONARY,1.0,1.13,0.13,4.5,5.0,0.1111,1.0,1.15,0.15,9100.0,11107.0,0.2205,9100.0,12773.0,0.4036,9.0,13.0,0.4444
NABATI,2227C - WAFER BISCUIT 45-95G,2227 - WAFER BISCUIT,BISC & CONFECTIONARY,1.0,,,1.5,,,1.0,,,5967.0,,,5967.0,,,3.0,,
RICHEESE,2227C - WAFER BISCUIT 45-95G,2227 - WAFER BISCUIT,BISC & CONFECTIONARY,1.24,1.18,-0.0484,93.0,44.33,-0.5233,1.05,1.05,0.0,8384.0,8205.0,-0.0214,8803.0,8615.0,-0.0214,177.0,127.0,-0.2825
TANGO,2227C - WAFER BISCUIT 45-95G,2227 - WAFER BISCUIT,BISC & CONFECTIONARY,1.41,1.35,-0.0426,152.0,64.67,-0.5745,1.07,1.03,-0.0374,11582.0,11447.0,-0.0117,12393.0,11790.0,-0.0487,285.0,189.0,-0.3368
WAFELLO,2227C - WAFER BISCUIT 45-95G,2227 - WAFER BISCUIT,BISC & CONFECTIONARY,1.0,,,1.5,,,1.0,,,11500.0,,,11500.0,,,3.0,,
GET GIT,2227D - WAFER BISCUIT 100-145G,2227 - WAFER BISCUIT,BISC & CONFECTIONARY,2.19,2.03,-0.0731,118.0,46.0,-0.6102,1.08,1.05,-0.0278,15123.0,14779.0,-0.0227,16333.0,15518.0,-0.0499,219.0,131.0,-0.4018
GIZZI,2227D - WAFER BISCUIT 100-145G,2227 - WAFER BISCUIT,BISC & CONFECTIONARY,2.06,1.14,-0.4466,25.5,24.0,-0.0588,1.0,1.0,0.0,20186.0,11149.0,-0.4477,20186.0,11149.0,-0.4477,51.0,72.0,0.4118
NABATI,2227D - WAFER BISCUIT 100-145G,2227 - WAFER BISCUIT,BISC & CONFECTIONARY,1.3,1.2,-0.0769,140.0,54.0,-0.6143,1.09,1.01,-0.0734,11769.0,11470.0,-0.0254,12828.0,11585.0,-0.0969,257.0,161.0,-0.3735
NISSIN,2227D - WAFER BISCUIT 100-145G,2227 - WAFER BISCUIT,BISC & CONFECTIONARY,1.18,1.13,-0.0424,273.5,92.0,-0.6636,1.13,1.12,-0.0088,12888.0,16469.0,0.2779,14563.0,18445.0,0.2666,485.0,247.0,-0.4907
OREO,2227D - WAFER BISCUIT 100-145G,2227 - WAFER BISCUIT,BISC & CONFECTIONARY,1.2,,,27.5,,,1.04,,,11225.0,,,11674.0,,,53.0,,
OVALTINE,2227D - WAFER BISCUIT 100-145G,2227 - WAFER BISCUIT,BISC & CONFECTIONARY,1.1,1.06,-0.0364,136.5,46.33,-0.6606,1.2,1.07,-0.1083,14718.0,14111.0,-0.0412,17662.0,15099.0,-0.1451,227.0,130.0,-0.4273
RICHEESE,2227D - WAFER BISCUIT 100-145G,2227 - WAFER BISCUIT,BISC & CONFECTIONARY,1.25,1.37,0.096,609.5,370.67,-0.3918,1.2,1.15,-0.0417,11735.0,14367.0,0.2243,14082.0,16522.0,0.1733,1015.0,969.0,-0.0453
RICHOCO,2227D - WAFER BISCUIT 100-145G,2227 - WAFER BISCUIT,BISC & CONFECTIONARY,1.2,1.38,0.15,666.0,289.67,-0.5651,1.19,1.11,-0.0672,11163.0,14226.0,0.2744,13284.0,15791.0,0.1887,1121.0,783.0,-0.3015
SELAMAT,2227D - WAFER BISCUIT 100-145G,2227 - WAFER BISCUIT,BISC & CONFECTIONARY,1.13,1.12,-0.0088,324.0,93.33,-0.7119,1.21,1.18,-0.0248,18553.0,18468.0,-0.0046,22449.0,21792.0,-0.0293,536.0,238.0,-0.556
TANGO,2227D - WAFER BISCUIT 100-145G,2227 - WAFER BISCUIT,BISC & CONFECTIONARY,1.22,1.7,0.3934,729.5,606.33,-0.1688,1.17,1.13,-0.0342,12419.0,15795.0,0.2718,14530.0,17848.0,0.2284,1248.0,1607.0,0.2877
WAFELLO,2227D - WAFER BISCUIT 100-145G,2227 - WAFER BISCUIT,BISC & CONFECTIONARY,1.21,1.19,-0.0165,251.0,58.67,-0.7663,1.18,1.11,-0.0593,11859.0,12514.0,0.0552,13994.0,13891.0,-0.0074,424.0,158.0,-0.6274
DIASWEET,2227E - WAFER BISCUIT 150-260G,2227 - WAFER BISCUIT,BISC & CONFECTIONARY,1.0,,,1.0,,,2.0,,,26900.0,,,53800.0,,,1.0,,
NISSIN,2227E - WAFER BISCUIT 150-260G,2227 - WAFER BISCUIT,BISC & CONFECTIONARY,1.82,,,11.0,,,1.16,,,24500.0,,,28420.0,,,19.0,,
WAFELLO,2227E - WAFER BISCUIT 150-260G,2227 - WAFER BISCUIT,BISC & CONFECTIONARY,1.0,,,0.5,,,1.0,,,33500.0,,,33500.0,,,1.0,,
KHONG GUAN,2227F - WAFER BISCUIT 300-350G,2227 - WAFER BISCUIT,BISC & CONFECTIONARY,1.03,1.12,0.0874,54.0,28.67,-0.4691,1.11,1.1,-0.009,28551.0,31864.0,0.116,31692.0,35050.0,0.106,97.0,78.0,-0.1959
TOP,2227F - WAFER BISCUIT 300-350G,2227 - WAFER BISCUIT,BISC & CONFECTIONARY,1.0,,,2.0,,,1.0,,,12750.0,,,12750.0,,,4.0,,
LUCKY,2228B - STICK BISCUIT 18-35G,2228 - STICK BISCUIT,BISC & CONFECTIONARY,1.7,1.41,-0.1706,196.5,109.67,-0.4419,1.12,1.09,-0.0268,16871.0,13836.0,-0.1799,18896.0,15081.0,-0.2019,350.0,303.0,-0.1343
NYAM-NYAM,2228B - STICK BISCUIT 18-35G,2228 - STICK BISCUIT,BISC & CONFECTIONARY,1.27,1.13,-0.1102,159.0,92.67,-0.4172,1.1,1.09,-0.0091,6824.0,6275.0,-0.0805,7506.0,6840.0,-0.0887,289.0,254.0,-0.1211
PEJOY,2228B - STICK BISCUIT 18-35G,2228 - STICK BISCUIT,BISC & CONFECTIONARY,1.14,1.27,0.114,238.5,53.67,-0.775,1.21,1.06,-0.124,10605.0,11752.0,0.1082,12832.0,12457.0,-0.0292,394.0,152.0,-0.6142
PEPERO,2228B - STICK BISCUIT 18-35G,2228 - STICK BISCUIT,BISC & CONFECTIONARY,1.14,1.28,0.1228,43.0,48.67,0.1319,1.21,1.14,-0.0579,19667.0,21981.0,0.1177,23797.0,25058.0,0.053,71.0,128.0,0.8028
POCKY,2228B - STICK BISCUIT 18-35G,2228 - STICK BISCUIT,BISC & CONFECTIONARY,1.4,1.13,-0.1929,339.0,215.67,-0.3638,1.1,1.09,-0.0091,15398.0,12666.0,-0.1774,16938.0,13806.0,-0.1849,616.0,595.0,-0.0341
PRETZ,2228B - STICK BISCUIT 18-35G,2228 - STICK BISCUIT,BISC & CONFECTIONARY,1.0,,,0.5,,,1.0,,,7500.0,,,7500.0,,,1.0,,
ASTOR,2228C - STICK BISCUIT 36-50G,2228 - STICK BISCUIT,BISC & CONFECTIONARY,1.22,1.14,-0.0656,160.5,81.33,-0.4933,1.16,1.15,-0.0086,9693.0,9175.0,-0.0534,11244.0,10551.0,-0.0616,276.0,212.0,-0.2319
BARBIE,2228C - STICK BISCUIT 36-50G,2228 - STICK BISCUIT,BISC & CONFECTIONARY,1.35,1.32,-0.0222,40.0,25.33,-0.3668,1.01,1.01,0.0,9045.0,8837.0,-0.023,9135.0,8925.0,-0.023,79.0,75.0,-0.0506
BISKITOP,2228C - STICK BISCUIT 36-50G,2228 - STICK BISCUIT,BISC & CONFECTIONARY,7.7,,,18.5,,,1.09,,,15662.0,,,17072.0,,,34.0,,
LOTTE,2228C - STICK BISCUIT 36-50G,2228 - STICK BISCUIT,BISC & CONFECTIONARY,1.0,,,1.0,,,1.0,,,8500.0,,,8500.0,,,2.0,,
MEIJI,2228C - STICK BISCUIT 36-50G,2228 - STICK BISCUIT,BISC & CONFECTIONARY,3.0,,,1.0,,,1.0,,,28500.0,,,28500.0,,,2.0,,
NYAM-NYAM,2228C - STICK BISCUIT 36-50G,2228 - STICK BISCUIT,BISC & CONFECTIONARY,1.21,1.16,-0.0413,60.5,43.0,-0.2893,1.11,1.08,-0.027,9272.0,9076.0,-0.0211,10292.0,9802.0,-0.0476,109.0,119.0,0.0917
POCKY,2228C - STICK BISCUIT 36-50G,2228 - STICK BISCUIT,BISC & CONFECTIONARY,1.67,1.31,-0.2156,1358.5,753.0,-0.4457,1.18,1.2,0.0169,16386.0,12758.0,-0.2214,19335.0,15310.0,-0.2082,2304.0,1878.0,-0.1849
ROMA,2228C - STICK BISCUIT 36-50G,2228 - STICK BISCUIT,BISC & CONFECTIONARY,1.26,1.0,-0.2063,54.0,10.0,-0.8148,1.06,1.03,-0.0283,9978.0,8013.0,-0.1969,10577.0,8253.0,-0.2197,102.0,29.0,-0.7157
CHOCOLATOS,2228D - STICK BISCUIT 51-100G,2228 - STICK BISCUIT,BISC & CONFECTIONARY,1.05,1.35,0.2857,56.0,60.33,0.0773,1.04,1.06,0.0192,13970.0,14797.0,0.0592,14529.0,15685.0,0.0796,108.0,171.0,0.5833
DEKA,2228D - STICK BISCUIT 51-100G,2228 - STICK BISCUIT,BISC & CONFECTIONARY,1.15,1.87,0.6261,139.0,64.33,-0.5372,1.11,1.07,-0.036,9910.0,16294.0,0.6442,11000.0,17435.0,0.585,251.0,180.0,-0.2829
PORORO,2228D - STICK BISCUIT 51-100G,2228 - STICK BISCUIT,BISC & CONFECTIONARY,1.0,1.07,0.07,1.5,19.0,11.6667,1.0,1.0,0.0,25300.0,25340.0,0.0016,25300.0,25340.0,0.0016,3.0,57.0,18.0
TWISTER,2228D - STICK BISCUIT 51-100G,2228 - STICK BISCUIT,BISC & CONFECTIONARY,1.16,1.05,-0.0948,320.0,107.33,-0.6646,1.11,1.13,0.018,11612.0,10685.0,-0.0798,12889.0,12074.0,-0.0632,579.0,284.0,-0.5095
ASTOR,2228E - STICK BISCUIT 110-350G,2228 - STICK BISCUIT,BISC & CONFECTIONARY,1.07,1.09,0.0187,187.5,39.0,-0.792,1.16,1.22,0.0517,20520.0,23075.0,0.1245,23803.0,28152.0,0.1827,323.0,96.0,-0.7028
KHONG GUAN,2228E - STICK BISCUIT 110-350G,2228 - STICK BISCUIT,BISC & CONFECTIONARY,1.0,,,1.0,,,1.0,,,8700.0,,,8700.0,,,2.0,,
LUCKY,2228E - STICK BISCUIT 110-350G,2228 - STICK BISCUIT,BISC & CONFECTIONARY,1.82,,,5.5,,,1.1,,,34727.0,,,38200.0,,,10.0,,
POCKY,2228E - STICK BISCUIT 110-350G,2228 - STICK BISCUIT,BISC & CONFECTIONARY,1.44,1.04,-0.2778,8.0,17.33,1.1662,1.14,1.04,-0.0877,35794.0,29312.0,-0.1811,40805.0,30484.0,-0.2529,14.0,50.0,2.5714
CHO-CHO,2228I - STICK BISCUIT CUP,2228 - STICK BISCUIT,BISC & CONFECTIONARY,1.17,1.35,0.1538,197.5,263.67,0.335,1.11,1.16,0.045,11091.0,9420.0,-0.1507,12311.0,10927.0,-0.1124,357.0,682.0,0.9104
NYAM-NYAM,2228I - STICK BISCUIT CUP,2228 - STICK BISCUIT,BISC & CONFECTIONARY,1.48,1.34,-0.0946,496.5,280.0,-0.4361,1.22,1.25,0.0246,8081.0,7425.0,-0.0812,9859.0,9281.0,-0.0586,815.0,671.0,-0.1767
ASTOR,2228J - STICK BISCUIT PACK,2228 - STICK BISCUIT,BISC & CONFECTIONARY,,1.12,,,2.67,,,1.0,,,33763.0,,,33763.0,,,8.0,
CHOCOLATOS,2228J - STICK BISCUIT PACK,2228 - STICK BISCUIT,BISC & CONFECTIONARY,,1.74,,,11.33,,,1.06,,,54259.0,,,57515.0,,,32.0,
POCKY,2228J - STICK BISCUIT PACK,2228 - STICK BISCUIT,BISC & CONFECTIONARY,1.0,1.1,0.1,3.5,45.0,11.8571,1.0,1.02,0.02,19000.0,24292.0,0.2785,19000.0,24778.0,0.3041,7.0,133.0,18.0
DOOWEE,2229A - SOFT CAKE <90G,2229 - SOFT CAKE,BISC & CONFECTIONARY,1.27,,,67.5,,,1.19,,,12017.0,,,14300.0,,,113.0,,
LOTTE,2229A - SOFT CAKE <90G,2229 - SOFT CAKE,BISC & CONFECTIONARY,1.13,1.06,-0.0619,58.0,22.0,-0.6207,1.08,1.05,-0.0278,9028.0,8512.0,-0.0572,9750.0,8938.0,-0.0833,107.0,63.0,-0.4112
OREO,2229A - SOFT CAKE <90G,2229 - SOFT CAKE,BISC & CONFECTIONARY,1.04,1.02,-0.0192,45.5,27.0,-0.4066,1.02,1.08,0.0588,11736.0,11572.0,-0.014,11971.0,12498.0,0.044,89.0,75.0,-0.1573
DELFIORION,2229B - SOFT CAKE >90G,2229 - SOFT CAKE,BISC & CONFECTIONARY,1.1,1.13,0.0273,25.5,15.0,-0.4118,1.31,1.1,-0.1603,26282.0,27200.0,0.0349,34429.0,29920.0,-0.131,39.0,41.0,0.0513
LOTTE,2229B - SOFT CAKE >90G,2229 - SOFT CAKE,BISC & CONFECTIONARY,1.1,1.07,-0.0273,200.5,69.67,-0.6525,1.15,1.09,-0.0522,21610.0,21034.0,-0.0267,24851.0,22927.0,-0.0774,349.0,192.0,-0.4499
NEXTAR,2229B - SOFT CAKE >90G,2229 - SOFT CAKE,BISC & CONFECTIONARY,,1.21,,,52.0,,,1.05,,,21710.0,,,22796.0,,,148.0,
OREO,2229B - SOFT CAKE >90G,2229 - SOFT CAKE,BISC & CONFECTIONARY,1.06,1.04,-0.0189,66.0,24.67,-0.6262,1.16,1.04,-0.1034,21000.0,20745.0,-0.0121,24360.0,21575.0,-0.1143,114.0,71.0,-0.3772
INACO,2301A - JELLY BAG,2301 - JELLY & PUDDING,BISC & CONFECTIONARY,1.09,1.04,-0.0459,205.0,95.67,-0.5333,1.17,1.15,-0.0171,12803.0,11910.0,-0.0697,14980.0,13696.0,-0.0857,351.0,249.0,-0.2906
WONG COCO,2301A - JELLY BAG,2301 - JELLY & PUDDING,BISC & CONFECTIONARY,1.29,1.13,-0.124,211.0,137.0,-0.3507,1.29,1.17,-0.093,11684.0,10129.0,-0.1331,15072.0,11851.0,-0.2137,328.0,350.0,0.0671
FRUITIVIT,2301B - JELLY PACK,2301 - JELLY & PUDDING,BISC & CONFECTIONARY,1.39,1.08,-0.223,80.0,48.67,-0.3916,1.29,1.23,-0.0465,6462.0,5077.0,-0.2143,8336.0,6245.0,-0.2508,124.0,119.0,-0.0403
INACO,2301B - JELLY PACK,2301 - JELLY & PUDDING,BISC & CONFECTIONARY,,1.33,,,1.0,,,1.0,,,49167.0,,,49167.0,,,3.0,
WONG COCO,2301B - JELLY PACK,2301 - JELLY & PUDDING,BISC & CONFECTIONARY,1.0,1.0,0.0,0.5,1.67,2.34,1.0,1.0,0.0,17400.0,19900.0,0.1437,17400.0,19900.0,0.1437,1.0,5.0,4.0
SUNGIFT,2312A - CHINESE PRESERVED FRUIT,2312 - CHINESE PRESERVED FRUIT,BISC & CONFECTIONARY,1.0,,,0.5,,,1.0,,,34900.0,,,34900.0,,,1.0,,
FOX'S,2322A - CAN CANDY,2322 - CAN & BOTTLE CANDY,BISC & CONFECTIONARY,,1.71,,,2.33,,,1.0,,,40971.0,,,40971.0,,,7.0,
KIS,2322A - CAN CANDY,2322 - CAN & BOTTLE CANDY,BISC & CONFECTIONARY,2.75,,,4.0,,,1.0,,,62700.0,,,62700.0,,,8.0,,
KOPIKO,2322A - CAN CANDY,2322 - CAN & BOTTLE CANDY,BISC & CONFECTIONARY,1.5,,,1.0,,,1.0,,,34250.0,,,34250.0,,,2.0,,
TAMARIN,2322A - CAN CANDY,2322 - CAN & BOTTLE CANDY,BISC & CONFECTIONARY,1.0,,,1.0,,,1.0,,,22800.0,,,22800.0,,,2.0,,
YUPI,2322A - CAN CANDY,2322 - CAN & BOTTLE CANDY,BISC & CONFECTIONARY,1.05,1.15,0.0952,51.5,24.0,-0.534,1.04,1.06,0.0192,13415.0,16940.0,0.2628,13952.0,17956.0,0.287,99.0,68.0,-0.3131
ALPENLIEBE,2323A - BAG CANDY,2323 - BAG CANDY,BISC & CONFECTIONARY,1.06,1.1,0.0377,18.0,16.33,-0.0928,1.06,1.09,0.0283,20700.0,22320.0,0.0783,21942.0,24329.0,0.1088,34.0,45.0,0.3235
ANTANGIN,2323A - BAG CANDY,2323 - BAG CANDY,BISC & CONFECTIONARY,1.13,,,7.5,,,1.07,,,8500.0,,,9095.0,,,14.0,,
BLASTER,2323A - BAG CANDY,2323 - BAG CANDY,BISC & CONFECTIONARY,1.02,1.2,0.1765,66.0,44.33,-0.3283,1.05,1.08,0.0286,9140.0,10644.0,0.1646,9597.0,11496.0,0.1979,126.0,123.0,-0.0238
BONTEA,2323A - BAG CANDY,2323 - BAG CANDY,BISC & CONFECTIONARY,1.0,,,1.0,,,1.0,,,8500.0,,,8500.0,,,2.0,,
FOX'S,2323A - BAG CANDY,2323 - BAG CANDY,BISC & CONFECTIONARY,1.08,1.1,0.0185,161.5,99.0,-0.387,1.08,1.08,0.0,9777.0,10225.0,0.0458,10559.0,11043.0,0.0458,299.0,276.0,-0.0769
GINGERBON,2323A - BAG CANDY,2323 - BAG CANDY,BISC & CONFECTIONARY,1.04,1.04,0.0,51.5,38.33,-0.2557,1.17,1.05,-0.1026,12600.0,12767.0,0.0133,14742.0,13405.0,-0.0907,88.0,110.0,0.25
GOLIA,2323A - BAG CANDY,2323 - BAG CANDY,BISC & CONFECTIONARY,1.11,1.08,-0.027,95.5,55.0,-0.4241,1.14,1.17,0.0263,9476.0,9550.0,0.0078,10803.0,11174.0,0.0343,168.0,141.0,-0.1607
KAPAL API,2323A - BAG CANDY,2323 - BAG CANDY,BISC & CONFECTIONARY,1.0,,,2.5,,,1.0,,,8500.0,,,8500.0,,,5.0,,
KIS,2323A - BAG CANDY,2323 - BAG CANDY,BISC & CONFECTIONARY,1.09,1.14,0.0459,154.0,102.33,-0.3355,1.11,1.08,-0.027,9627.0,10069.0,0.0459,10686.0,10875.0,0.0177,278.0,284.0,0.0216
KOJIMA,2323A - BAG CANDY,2323 - BAG CANDY,BISC & CONFECTIONARY,3.0,,,0.5,,,1.0,,,25500.0,,,25500.0,,,1.0,,
KOPIKO,2323A - BAG CANDY,2323 - BAG CANDY,BISC & CONFECTIONARY,1.1,1.13,0.0273,167.5,90.33,-0.4607,1.09,1.12,0.0275,11305.0,12821.0,0.1341,12322.0,14360.0,0.1654,306.0,242.0,-0.2092
MENTOS,2323A - BAG CANDY,2323 - BAG CANDY,BISC & CONFECTIONARY,1.11,1.05,-0.0541,137.0,104.67,-0.236,1.13,1.15,0.0177,9781.0,9445.0,-0.0344,11053.0,10862.0,-0.0173,243.0,273.0,0.1235
MILKITA,2323A - BAG CANDY,2323 - BAG CANDY,BISC & CONFECTIONARY,1.13,1.08,-0.0442,155.0,69.33,-0.5527,1.12,1.07,-0.0446,15782.0,15788.0,0.0004,17676.0,16893.0,-0.0443,278.0,195.0,-0.2986
MINTZ,2323A - BAG CANDY,2323 - BAG CANDY,BISC & CONFECTIONARY,1.12,1.1,-0.0179,135.5,95.0,-0.2989,1.1,1.11,0.0091,9835.0,9600.0,-0.0239,10818.0,10656.0,-0.015,247.0,257.0,0.0405
PARAGO,2323A - BAG CANDY,2323 - BAG CANDY,BISC & CONFECTIONARY,1.13,1.05,-0.0708,73.0,49.67,-0.3196,1.15,1.07,-0.0696,10782.0,11078.0,0.0275,12399.0,11853.0,-0.044,127.0,139.0,0.0945
RELAXA,2323A - BAG CANDY,2323 - BAG CANDY,BISC & CONFECTIONARY,1.05,1.09,0.0381,174.5,82.67,-0.5262,1.09,1.09,0.0,8513.0,8894.0,0.0448,9279.0,9694.0,0.0447,321.0,228.0,-0.2897
SUPER ZUPER,2323A - BAG CANDY,2323 - BAG CANDY,BISC & CONFECTIONARY,1.02,1.03,0.0098,64.0,45.0,-0.2969,1.07,1.05,-0.0187,11647.0,12112.0,0.0399,12462.0,12718.0,0.0205,120.0,128.0,0.0667
TAMARIN,2323A - BAG CANDY,2323 - BAG CANDY,BISC & CONFECTIONARY,1.05,1.04,-0.0095,42.5,32.0,-0.2471,1.04,1.05,0.0096,11068.0,10915.0,-0.0138,11511.0,11461.0,-0.0043,82.0,91.0,0.1098
TEJAHE,2323A - BAG CANDY,2323 - BAG CANDY,BISC & CONFECTIONARY,1.78,,,4.5,,,1.0,,,13333.0,,,13333.0,,,9.0,,
ZIPLONG,2323A - BAG CANDY,2323 - BAG CANDY,BISC & CONFECTIONARY,1.6,,,5.0,,,1.0,,,13600.0,,,13600.0,,,10.0,,
AMOS,2323B - BAG CANDY GUMMY,2323 - BAG CANDY,BISC & CONFECTIONARY,1.1,1.07,-0.0273,185.0,129.33,-0.3009,1.13,1.11,-0.0177,19930.0,19907.0,-0.0012,22521.0,22097.0,-0.0188,326.0,349.0,0.0706
CHUPA CHUPS,2323B - BAG CANDY GUMMY,2323 - BAG CANDY,BISC & CONFECTIONARY,1.12,1.05,-0.0625,165.0,84.67,-0.4868,1.09,1.07,-0.0183,16267.0,14732.0,-0.0944,17731.0,15763.0,-0.111,303.0,237.0,-0.2178
FRUZZ,2323B - BAG CANDY GUMMY,2323 - BAG CANDY,BISC & CONFECTIONARY,,1.14,,,67.33,,,1.1,,,9636.0,,,10600.0,,,183.0,
HARIBO,2323B - BAG CANDY GUMMY,2323 - BAG CANDY,BISC & CONFECTIONARY,1.17,1.06,-0.094,79.5,34.67,-0.5639,1.04,1.03,-0.0096,19226.0,17251.0,-0.1027,19995.0,17769.0,-0.1113,153.0,101.0,-0.3399
JLO,2323B - BAG CANDY GUMMY,2323 - BAG CANDY,BISC & CONFECTIONARY,1.0,,,1.5,,,1.0,,,18900.0,,,18900.0,,,3.0,,
RELAXA,2323B - BAG CANDY GUMMY,2323 - BAG CANDY,BISC & CONFECTIONARY,,1.03,,,12.33,,,1.09,,,18235.0,,,19876.0,,,34.0,
YUPI,2323B - BAG CANDY GUMMY,2323 - BAG CANDY,BISC & CONFECTIONARY,1.1,1.14,0.0364,236.5,215.67,-0.0881,1.12,1.12,0.0,16233.0,16209.0,-0.0015,18181.0,18154.0,-0.0015,422.0,578.0,0.3697
ALFAMART,2324A - MARSHMALLOW,2324 - MARSHMALLOW,BISC & CONFECTIONARY,,1.0,,,40.0,,,1.03,,,9267.0,,,9545.0,,,117.0,
CHOMP-CHOMP,2324A - MARSHMALLOW,2324 - MARSHMALLOW,BISC & CONFECTIONARY,1.11,1.11,0.0,269.0,252.67,-0.0607,1.15,1.14,-0.0087,11376.0,11197.0,-0.0157,13082.0,12765.0,-0.0242,467.0,665.0,0.424
CUCU,2324A - MARSHMALLOW,2324 - MARSHMALLOW,BISC & CONFECTIONARY,1.05,1.2,0.1429,32.5,18.67,-0.4255,1.05,1.0,-0.0476,15425.0,17884.0,0.1594,16196.0,17884.0,0.1042,62.0,56.0,-0.0968
HARIBO,2324A - MARSHMALLOW,2324 - MARSHMALLOW,BISC & CONFECTIONARY,1.0,,,1.5,,,1.0,,,13900.0,,,13900.0,,,3.0,,
SNACKIT,2324A - MARSHMALLOW,2324 - MARSHMALLOW,BISC & CONFECTIONARY,1.49,1.0,-0.3289,22.5,1.33,-0.9409,1.02,1.0,-0.0196,14153.0,9150.0,-0.3535,14436.0,9150.0,-0.3662,44.0,4.0,-0.9091
KIT KAT,2331A - ENROBED CHOCOLATE 9-19G,2331 - ENROBED CHOCOLATE,BISC & CONFECTIONARY,1.28,1.14,-0.1094,44.0,28.0,-0.3636,1.1,1.06,-0.0364,8118.0,7582.0,-0.066,8930.0,8037.0,-0.1,80.0,79.0,-0.0125
LEMONILO,2331A - ENROBED CHOCOLATE 9-19G,2331 - ENROBED CHOCOLATE,BISC & CONFECTIONARY,,1.36,,,33.67,,,1.15,,,7460.0,,,8579.0,,,88.0,
MILKITA,2331A - ENROBED CHOCOLATE 9-19G,2331 - ENROBED CHOCOLATE,BISC & CONFECTIONARY,,1.4,,,81.33,,,1.05,,,7438.0,,,7810.0,,,232.0,
BENG-BENG,2331B - ENROBED CHOCOLATE 20-45G,2331 - ENROBED CHOCOLATE,BISC & CONFECTIONARY,1.68,1.72,0.0238,180.0,94.67,-0.4741,1.1,1.12,0.0182,10256.0,11946.0,0.1648,11282.0,13380.0,0.186,328.0,254.0,-0.2256
CADBURY,2331B - ENROBED CHOCOLATE 20-45G,2331 - ENROBED CHOCOLATE,BISC & CONFECTIONARY,1.16,1.1,-0.0517,19.0,16.0,-0.1579,1.03,1.02,-0.0097,19463.0,18690.0,-0.0397,20047.0,19064.0,-0.049,37.0,47.0,0.2703
CHIC CHOC,2331B - ENROBED CHOCOLATE 20-45G,2331 - ENROBED CHOCOLATE,BISC & CONFECTIONARY,1.66,1.33,-0.1988,274.0,107.67,-0.607,1.22,1.12,-0.082,17598.0,13841.0,-0.2135,21470.0,15502.0,-0.278,451.0,289.0,-0.3592
DELFI,2331B - ENROBED CHOCOLATE 20-45G,2331 - ENROBED CHOCOLATE,BISC & CONFECTIONARY,1.54,1.28,-0.1688,160.0,58.67,-0.6333,1.32,1.18,-0.1061,14308.0,12250.0,-0.1438,18887.0,14455.0,-0.2347,243.0,149.0,-0.3868
DILAN,2331B - ENROBED CHOCOLATE 20-45G,2331 - ENROBED CHOCOLATE,BISC & CONFECTIONARY,1.26,,,13.5,,,1.04,,,6204.0,,,6452.0,,,26.0,,
FERRERO,2331B - ENROBED CHOCOLATE 20-45G,2331 - ENROBED CHOCOLATE,BISC & CONFECTIONARY,1.59,1.23,-0.2264,35.0,17.33,-0.5049,1.06,1.08,0.0189,45227.0,33804.0,-0.2526,47941.0,36508.0,-0.2385,66.0,48.0,-0.2727
JLO,2331B - ENROBED CHOCOLATE 20-45G,2331 - ENROBED CHOCOLATE,BISC & CONFECTIONARY,1.12,1.16,0.0357,55.0,61.0,0.1091,1.1,1.13,0.0273,14154.0,14849.0,0.0491,15569.0,16779.0,0.0777,100.0,162.0,0.62
KALPA,2331B - ENROBED CHOCOLATE 20-45G,2331 - ENROBED CHOCOLATE,BISC & CONFECTIONARY,1.18,,,68.5,,,1.13,,,6346.0,,,7171.0,,,121.0,,
KINDER BUENO,2331B - ENROBED CHOCOLATE 20-45G,2331 - ENROBED CHOCOLATE,BISC & CONFECTIONARY,1.37,1.29,-0.0584,72.5,18.33,-0.7472,1.24,1.04,-0.1613,25294.0,24080.0,-0.048,31365.0,25043.0,-0.2016,117.0,53.0,-0.547
KINDER CREAMY,2331B - ENROBED CHOCOLATE 20-45G,2331 - ENROBED CHOCOLATE,BISC & CONFECTIONARY,2.09,1.26,-0.3971,119.0,58.67,-0.507,1.13,1.25,0.1062,17203.0,10559.0,-0.3862,19439.0,13199.0,-0.321,211.0,141.0,-0.3318
KINDER JOY,2331B - ENROBED CHOCOLATE 20-45G,2331 - ENROBED CHOCOLATE,BISC & CONFECTIONARY,1.47,1.2,-0.1837,561.0,302.0,-0.4617,1.25,1.28,0.024,24134.0,20550.0,-0.1485,30168.0,26304.0,-0.1281,898.0,707.0,-0.2127
KIT KAT,2331B - ENROBED CHOCOLATE 20-45G,2331 - ENROBED CHOCOLATE,BISC & CONFECTIONARY,1.35,1.18,-0.1259,134.5,62.0,-0.539,1.11,1.13,0.018,22957.0,20594.0,-0.1029,25482.0,23271.0,-0.0868,242.0,164.0,-0.3223
SNICKERS,2331B - ENROBED CHOCOLATE 20-45G,2331 - ENROBED CHOCOLATE,BISC & CONFECTIONARY,1.45,1.43,-0.0138,58.0,14.0,-0.7586,1.06,1.2,0.1321,15241.0,14331.0,-0.0597,16155.0,17197.0,0.0645,109.0,35.0,-0.6789
TOP,2331B - ENROBED CHOCOLATE 20-45G,2331 - ENROBED CHOCOLATE,BISC & CONFECTIONARY,1.57,1.62,0.0318,26.5,21.67,-0.1823,1.06,1.14,0.0755,8625.0,8694.0,0.008,9142.0,9911.0,0.0841,50.0,57.0,0.14
WONHAE,2331B - ENROBED CHOCOLATE 20-45G,2331 - ENROBED CHOCOLATE,BISC & CONFECTIONARY,1.18,1.24,0.0508,103.0,211.33,1.0517,1.11,1.2,0.0811,18610.0,18249.0,-0.0194,20657.0,21899.0,0.0601,186.0,530.0,1.8495
BENG-BENG,2331C - ENROBED CHOCOLATE >50G,2331 - ENROBED CHOCOLATE,BISC & CONFECTIONARY,1.18,1.21,0.0254,453.5,182.0,-0.5987,1.18,1.13,-0.0424,17401.0,16979.0,-0.0243,20533.0,19186.0,-0.0656,768.0,485.0,-0.3685
BLASTOZ,2331C - ENROBED CHOCOLATE >50G,2331 - ENROBED CHOCOLATE,BISC & CONFECTIONARY,1.02,1.56,0.5294,49.5,14.33,-0.7105,1.15,1.0,-0.1304,11128.0,15002.0,0.3481,12797.0,15002.0,0.1723,86.0,43.0,-0.5
DELFI,2331C - ENROBED CHOCOLATE >50G,2331 - ENROBED CHOCOLATE,BISC & CONFECTIONARY,1.21,1.21,0.0,263.0,119.0,-0.5475,1.26,1.21,-0.0397,16559.0,16317.0,-0.0146,20864.0,19744.0,-0.0537,419.0,296.0,-0.2936
DILAN,2331C - ENROBED CHOCOLATE >50G,2331 - ENROBED CHOCOLATE,BISC & CONFECTIONARY,1.13,1.09,-0.0354,26.5,38.33,0.4464,1.02,1.12,0.098,16085.0,15233.0,-0.053,16407.0,17061.0,0.0399,52.0,103.0,0.9808
KALPA,2331C - ENROBED CHOCOLATE >50G,2331 - ENROBED CHOCOLATE,BISC & CONFECTIONARY,1.09,1.11,0.0183,70.0,19.0,-0.7286,1.19,1.1,-0.0756,17053.0,17342.0,0.0169,20293.0,19076.0,-0.06,118.0,52.0,-0.5593
L'AGIE,2331C - ENROBED CHOCOLATE >50G,2331 - ENROBED CHOCOLATE,BISC & CONFECTIONARY,1.0,,,3.5,,,1.0,,,8514.0,,,8514.0,,,7.0,,
NABATI,2331C - ENROBED CHOCOLATE >50G,2331 - ENROBED CHOCOLATE,BISC & CONFECTIONARY,1.02,,,43.5,,,1.02,,,10136.0,,,10339.0,,,85.0,,
SNICKERS,2331C - ENROBED CHOCOLATE >50G,2331 - ENROBED CHOCOLATE,BISC & CONFECTIONARY,1.4,1.27,-0.0929,96.5,20.67,-0.7858,1.19,1.07,-0.1008,19563.0,18058.0,-0.0769,23280.0,19322.0,-0.17,162.0,58.0,-0.642
CHOKI-CHOKI,2331D - ENROBED CHOCOLATE PASTA,2331 - ENROBED CHOCOLATE,BISC & CONFECTIONARY,1.19,1.47,0.2353,200.0,146.0,-0.27,1.14,1.13,-0.0088,8783.0,13555.0,0.5433,10013.0,15317.0,0.5297,352.0,387.0,0.0994
APOLLO,2331E - ENROBED CHOCOLATE PACKED,2331 - ENROBED CHOCOLATE,BISC & CONFECTIONARY,1.0,,,0.5,,,1.0,,,51900.0,,,51900.0,,,1.0,,
FERRERO,2331E - ENROBED CHOCOLATE PACKED,2331 - ENROBED CHOCOLATE,BISC & CONFECTIONARY,1.0,,,0.5,,,1.0,,,115900.0,,,115900.0,,,1.0,,
CHA CHA,2333A - DRAGEES CHOCOLATE 10-29G,2333 - DRAGEES CHOCOLATE,BISC & CONFECTIONARY,1.27,1.15,-0.0945,289.0,160.67,-0.444,1.14,1.14,0.0,11318.0,12757.0,0.1271,12903.0,14543.0,0.1271,508.0,422.0,-0.1693
MILO,2333A - DRAGEES CHOCOLATE 10-29G,2333 - DRAGEES CHOCOLATE,BISC & CONFECTIONARY,1.34,1.13,-0.1567,99.5,54.0,-0.4573,1.17,1.12,-0.0427,18705.0,15907.0,-0.1496,21885.0,17816.0,-0.1859,170.0,145.0,-0.1471
CHA CHA,2333B - DRAGEES CHOCOLATE 30-49G,2333 - DRAGEES CHOCOLATE,BISC & CONFECTIONARY,1.44,1.17,-0.1875,629.0,364.0,-0.4213,1.19,1.23,0.0336,14489.0,12092.0,-0.1654,17242.0,14873.0,-0.1374,1056.0,889.0,-0.1581
M&M'S,2333B - DRAGEES CHOCOLATE 30-49G,2333 - DRAGEES CHOCOLATE,BISC & CONFECTIONARY,,1.18,,,70.67,,,1.12,,,17436.0,,,19528.0,,,190.0,
SILVER QUEEN,2333B - DRAGEES CHOCOLATE 30-49G,2333 - DRAGEES CHOCOLATE,BISC & CONFECTIONARY,1.17,1.17,0.0,118.0,90.0,-0.2373,1.12,1.19,0.0625,13904.0,14500.0,0.0429,15572.0,17255.0,0.1081,211.0,227.0,0.0758
WONHAE,2333B - DRAGEES CHOCOLATE 30-49G,2333 - DRAGEES CHOCOLATE,BISC & CONFECTIONARY,,1.16,,,107.33,,,1.09,,,16691.0,,,18193.0,,,295.0,
MILO,2333C - DRAGEES CHOCOLATE 50-160G,2333 - DRAGEES CHOCOLATE,BISC & CONFECTIONARY,,1.08,,,104.67,,,1.08,,,15648.0,,,16900.0,,,291.0,
MAX,1211A - INSTANT TEA,1211 - INSTANT TEA,BREAKFAST,1.08,1.04,-0.037,86.5,39.0,-0.5491,1.26,1.33,0.0556,15791.0,15170.0,-0.0393,19897.0,20176.0,0.014,137.0,88.0,-0.3577
MAX TEA,1211A - INSTANT TEA,1211 - INSTANT TEA,BREAKFAST,1.21,,,7.0,,,1.08,,,77736.0,,,83955.0,,,13.0,,
POCI,1211A - INSTANT TEA,1211 - INSTANT TEA,BREAKFAST,2.25,1.0,-0.5556,26.5,2.67,-0.8992,1.13,1.0,-0.115,25319.0,11850.0,-0.532,28610.0,11850.0,-0.5858,47.0,8.0,-0.8298
TONGTJI,1211A - INSTANT TEA,1211 - INSTANT TEA,BREAKFAST,1.92,1.0,-0.4792,6.5,0.33,-0.9492,1.0,1.0,0.0,20762.0,9900.0,-0.5232,20762.0,9900.0,-0.5232,13.0,1.0,-0.9231
2 TANG,1212A - BAG TEA,1212 - BAG TEA,BREAKFAST,,1.0,,,4.0,,,1.09,,,9600.0,,,10464.0,,,11.0,
CAP BOTOL,1212A - BAG TEA,1212 - BAG TEA,BREAKFAST,1.44,1.34,-0.0694,115.5,62.0,-0.4632,1.11,1.17,0.0541,13681.0,12658.0,-0.0748,15186.0,14810.0,-0.0248,208.0,159.0,-0.2356
GOPEK,1212A - BAG TEA,1212 - BAG TEA,BREAKFAST,1.1,1.07,-0.0273,24.5,4.67,-0.8094,1.32,1.17,-0.1136,13306.0,12971.0,-0.0252,17564.0,15176.0,-0.136,37.0,12.0,-0.6757
KEPALA JENGGOT,1212A - BAG TEA,1212 - BAG TEA,BREAKFAST,1.0,,,3.5,,,1.0,,,8557.0,,,8557.0,,,7.0,,
POCI,1212A - BAG TEA,1212 - BAG TEA,BREAKFAST,2.01,1.39,-0.3085,170.0,72.67,-0.5725,1.08,1.08,0.0,14543.0,10052.0,-0.3088,15706.0,10856.0,-0.3088,316.0,201.0,-0.3639
PRENDJAK,1212A - BAG TEA,1212 - BAG TEA,BREAKFAST,1.16,1.08,-0.069,73.5,31.67,-0.5691,1.15,1.17,0.0174,8515.0,8340.0,-0.0206,9792.0,9758.0,-0.0035,128.0,81.0,-0.3672
SARIWANGI,1212A - BAG TEA,1212 - BAG TEA,BREAKFAST,1.22,1.11,-0.0902,284.5,151.67,-0.4669,1.1,1.13,0.0273,13711.0,12329.0,-0.1008,15082.0,13932.0,-0.0762,517.0,403.0,-0.2205
SOSRO,1212A - BAG TEA,1212 - BAG TEA,BREAKFAST,1.12,1.19,0.0625,231.5,126.0,-0.4557,1.13,1.11,-0.0177,10879.0,11098.0,0.0201,12293.0,12319.0,0.0021,411.0,341.0,-0.1703
TONGTJI,1212A - BAG TEA,1212 - BAG TEA,BREAKFAST,1.15,1.09,-0.0522,187.0,114.67,-0.3868,1.15,1.17,0.0174,15930.0,15262.0,-0.0419,18320.0,17857.0,-0.0253,324.0,293.0,-0.0957
GOPEK,1213A - LEAF TEA 80-100G,1213 - LEAF TEA,BREAKFAST,1.25,1.21,-0.032,63.0,51.67,-0.1798,1.48,1.57,0.0608,12267.0,11757.0,-0.0416,18155.0,18458.0,0.0167,85.0,99.0,0.1647
TONGTJI,1213A - LEAF TEA 80-100G,1213 - LEAF TEA,BREAKFAST,1.24,1.29,0.0403,153.5,106.33,-0.3073,1.48,1.56,0.0541,13194.0,13679.0,0.0368,19527.0,21339.0,0.0928,207.0,204.0,-0.0145
CAP BOTOL,1213B - LEAF TEA 40-60G,1213 - LEAF TEA,BREAKFAST,1.41,1.31,-0.0709,60.0,28.0,-0.5333,1.14,1.09,-0.0439,5915.0,5433.0,-0.0815,6743.0,5922.0,-0.1218,105.0,77.0,-0.2667
POCI,1213B - LEAF TEA 40-60G,1213 - LEAF TEA,BREAKFAST,2.0,1.09,-0.455,12.0,3.67,-0.6942,1.04,1.0,-0.0385,9033.0,4927.0,-0.4546,9394.0,4927.0,-0.4755,23.0,11.0,-0.5217
TROPICANA,1221A - 2 IN 1 INSTANT COFFEE MIX 5-8'S,1221 - INSTANT COFFEE MIX,BREAKFAST,1.0,,,0.5,,,1.0,,,23000.0,,,23000.0,,,1.0,,
INDOCAFE,1221B - 2 IN 1 INSTANT COFFEE MIX 10'S,1221 - INSTANT COFFEE MIX,BREAKFAST,1.0,,,2.5,,,1.0,,,22520.0,,,22520.0,,,5.0,,
TOP,1221B - 2 IN 1 INSTANT COFFEE MIX 10'S,1221 - INSTANT COFFEE MIX,BREAKFAST,1.18,1.12,-0.0508,145.0,70.0,-0.5172,1.17,1.28,0.094,16707.0,15828.0,-0.0526,19547.0,20260.0,0.0365,247.0,164.0,-0.336
GOOD DAY,1221C - 3 IN 1 INSTANT COFFEE MIX 5-8S,1221 - INSTANT COFFEE MIX,BREAKFAST,1.18,1.13,-0.0424,324.0,112.33,-0.6533,1.26,1.27,0.0079,13650.0,12974.0,-0.0495,17199.0,16477.0,-0.042,516.0,266.0,-0.4845
INDOCAFE,1221C - 3 IN 1 INSTANT COFFEE MIX 5-8S,1221 - INSTANT COFFEE MIX,BREAKFAST,1.29,,,3.5,,,1.4,,,18300.0,,,25620.0,,,5.0,,
TROPICANA,1221C - 3 IN 1 INSTANT COFFEE MIX 5-8S,1221 - INSTANT COFFEE MIX,BREAKFAST,2.33,,,1.5,,,1.0,,,76767.0,,,76767.0,,,3.0,,
CAFFINO,1221D - 3 IN 1 INSTANT COFFEE MIX 9-10S,1221 - INSTANT COFFEE MIX,BREAKFAST,1.17,,,37.5,,,1.15,,,17911.0,,,20598.0,,,65.0,,
FRESCO,1221D - 3 IN 1 INSTANT COFFEE MIX 9-10S,1221 - INSTANT COFFEE MIX,BREAKFAST,1.14,1.18,0.0351,131.0,66.67,-0.4911,1.23,1.11,-0.0976,17079.0,17642.0,0.033,21007.0,19583.0,-0.0678,213.0,180.0,-0.1549
GOOD DAY,1221D - 3 IN 1 INSTANT COFFEE MIX 9-10S,1221 - INSTANT COFFEE MIX,BREAKFAST,1.18,1.09,-0.0763,375.5,203.0,-0.4594,1.26,1.23,-0.0238,25407.0,22153.0,-0.1281,32013.0,27248.0,-0.1488,596.0,497.0,-0.1661
INDOCAFE,1221D - 3 IN 1 INSTANT COFFEE MIX 9-10S,1221 - INSTANT COFFEE MIX,BREAKFAST,1.09,1.1,0.0092,261.5,96.33,-0.6316,1.37,1.27,-0.073,26978.0,20876.0,-0.2262,36960.0,26513.0,-0.2827,383.0,228.0,-0.4047
LUWAK,1221D - 3 IN 1 INSTANT COFFEE MIX 9-10S,1221 - INSTANT COFFEE MIX,BREAKFAST,1.31,1.21,-0.0763,393.5,142.0,-0.6391,1.45,1.37,-0.0552,22904.0,21240.0,-0.0727,33211.0,29099.0,-0.1238,542.0,312.0,-0.4244
NEO,1221D - 3 IN 1 INSTANT COFFEE MIX 9-10S,1221 - INSTANT COFFEE MIX,BREAKFAST,1.28,1.25,-0.0234,221.0,126.33,-0.4284,1.24,1.26,0.0161,14834.0,14585.0,-0.0168,18394.0,18377.0,-0.0009,356.0,301.0,-0.1545
PIKOPI,1221D - 3 IN 1 INSTANT COFFEE MIX 9-10S,1221 - INSTANT COFFEE MIX,BREAKFAST,1.25,1.2,-0.04,329.5,148.0,-0.5508,1.37,1.34,-0.0219,14121.0,14316.0,0.0138,19346.0,19183.0,-0.0084,481.0,332.0,-0.3098
TOP,1221D - 3 IN 1 INSTANT COFFEE MIX 9-10S,1221 - INSTANT COFFEE MIX,BREAKFAST,1.11,1.1,-0.009,192.5,57.33,-0.7022,1.35,1.25,-0.0741,15749.0,15712.0,-0.0023,21261.0,19640.0,-0.0762,285.0,138.0,-0.5158
TORABIKA,1221D - 3 IN 1 INSTANT COFFEE MIX 9-10S,1221 - INSTANT COFFEE MIX,BREAKFAST,1.2,1.11,-0.075,207.5,36.33,-0.8249,1.25,1.14,-0.088,28729.0,26661.0,-0.072,35911.0,30394.0,-0.1536,333.0,96.0,-0.7117
OLD TOWN,1221F - 3 IN 1 INSTANT COFFEE MIX BAG,1221 - INSTANT COFFEE MIX,BREAKFAST,1.0,,,0.5,,,1.0,,,104900.0,,,104900.0,,,1.0,,
TOP,1221F - 3 IN 1 INSTANT COFFEE MIX BAG,1221 - INSTANT COFFEE MIX,BREAKFAST,1.12,1.12,0.0,175.5,51.67,-0.7056,1.28,1.15,-0.1016,17249.0,17170.0,-0.0046,22079.0,19746.0,-0.1057,275.0,135.0,-0.5091
TORABIKA,1221F - 3 IN 1 INSTANT COFFEE MIX BAG,1221 - INSTANT COFFEE MIX,BREAKFAST,1.86,,,3.5,,,1.4,,,131786.0,,,184500.0,,,5.0,,
FRESCO,1222B - 2 IN 1 COFFEE MIX 9-10S,1222 - COFFEE MIX,BREAKFAST,1.52,1.26,-0.1711,155.5,59.67,-0.6163,1.33,1.22,-0.0827,13131.0,11683.0,-0.1103,17464.0,14253.0,-0.1839,234.0,147.0,-0.3718
GADJAH,1222B - 2 IN 1 COFFEE MIX 9-10S,1222 - COFFEE MIX,BREAKFAST,1.18,1.11,-0.0593,37.0,28.33,-0.2343,1.17,1.13,-0.0342,23485.0,22122.0,-0.058,27477.0,24998.0,-0.0902,63.0,75.0,0.1905
KAPAL API,1222B - 2 IN 1 COFFEE MIX 9-10S,1222 - COFFEE MIX,BREAKFAST,1.31,1.26,-0.0382,463.0,239.33,-0.4831,1.31,1.27,-0.0305,23911.0,22949.0,-0.0402,31323.0,29145.0,-0.0695,708.0,564.0,-0.2034
LUWAK,1222B - 2 IN 1 COFFEE MIX 9-10S,1222 - COFFEE MIX,BREAKFAST,2.78,1.76,-0.3669,330.0,85.67,-0.7404,1.43,1.3,-0.0909,24970.0,16288.0,-0.3477,35707.0,21174.0,-0.407,460.0,197.0,-0.5717
TROPICANA,1222C - 3 IN 1 COFFEE MIX 5-8S,1222 - COFFEE MIX,BREAKFAST,1.0,,,1.0,,,1.0,,,19600.0,,,19600.0,,,2.0,,
ABC,1222D - 3 IN 1 COFFEE MIX 9-10S,1222 - COFFEE MIX,BREAKFAST,1.12,1.27,0.1339,182.5,120.0,-0.3425,1.18,1.28,0.0847,18539.0,20884.0,0.1265,21876.0,26732.0,0.222,310.0,282.0,-0.0903
FRESCO,1222D - 3 IN 1 COFFEE MIX 9-10S,1222 - COFFEE MIX,BREAKFAST,1.16,1.0,-0.1379,32.0,2.0,-0.9375,1.23,1.0,-0.187,19102.0,16817.0,-0.1196,23495.0,16817.0,-0.2842,52.0,6.0,-0.8846
KAPAL API,1222D - 3 IN 1 COFFEE MIX 9-10S,1222 - COFFEE MIX,BREAKFAST,1.19,1.08,-0.0924,64.0,21.0,-0.6719,1.23,1.19,-0.0325,25376.0,23194.0,-0.086,31212.0,27601.0,-0.1157,104.0,53.0,-0.4904
TOP,1222D - 3 IN 1 COFFEE MIX 9-10S,1222 - COFFEE MIX,BREAKFAST,1.19,1.17,-0.0168,168.0,98.33,-0.4147,1.2,1.26,0.05,15740.0,15509.0,-0.0147,18888.0,19541.0,0.0346,279.0,235.0,-0.1577
TORABIKA,1222D - 3 IN 1 COFFEE MIX 9-10S,1222 - COFFEE MIX,BREAKFAST,1.0,,,0.5,,,1.0,,,22000.0,,,22000.0,,,1.0,,
EXCELSO,1223B - PURE COFFEE 101-250G,1222 - COFFEE MIX,BREAKFAST,1.0,,,1.5,,,1.0,,,35333.0,,,35333.0,,,3.0,,
GADJAH,1223A - PURE COFFEE 50-100G,1223 - PURE COFFEE,BREAKFAST,1.13,1.08,-0.0442,83.0,57.67,-0.3052,1.14,1.26,0.1053,10761.0,11166.0,0.0376,12268.0,14069.0,0.1468,146.0,137.0,-0.0616
KAPAL API,1223A - PURE COFFEE 50-100G,1223 - PURE COFFEE,BREAKFAST,1.07,1.0,-0.0654,20.5,7.67,-0.6259,1.14,1.05,-0.0789,16734.0,15513.0,-0.073,19077.0,16289.0,-0.1461,36.0,22.0,-0.3889
NESCAFE,1223A - PURE COFFEE 50-100G,1223 - PURE COFFEE,BREAKFAST,1.23,1.2,-0.0244,1336.0,541.0,-0.5951,1.41,1.33,-0.0567,18895.0,17991.0,-0.0478,26642.0,23928.0,-0.1019,1895.0,1220.0,-0.3562
AMING,1223B - PURE COFFEE 101-250G,1223 - PURE COFFEE,BREAKFAST,1.12,1.36,0.2143,24.0,7.33,-0.6946,1.33,1.1,-0.1729,33638.0,43618.0,0.2967,44739.0,47980.0,0.0724,36.0,20.0,-0.4444
EXCELSO,1223B - PURE COFFEE 101-250G,1223 - PURE COFFEE,BREAKFAST,1.53,,,15.0,,,1.58,,,76227.0,,,120439.0,,,19.0,,
GADJAH,1223B - PURE COFFEE 101-250G,1223 - PURE COFFEE,BREAKFAST,1.21,1.19,-0.0165,165.0,75.67,-0.5414,1.32,1.25,-0.053,23985.0,25934.0,0.0813,31660.0,32418.0,0.0239,250.0,182.0,-0.272
KAPAL API,1223B - PURE COFFEE 101-250G,1223 - PURE COFFEE,BREAKFAST,1.17,1.1,-0.0598,492.5,277.0,-0.4376,1.28,1.21,-0.0547,29344.0,27210.0,-0.0727,37560.0,32924.0,-0.1234,767.0,689.0,-0.1017
LUWAK,1223B - PURE COFFEE 101-250G,1223 - PURE COFFEE,BREAKFAST,1.71,1.26,-0.2632,393.0,169.67,-0.5683,1.54,1.38,-0.1039,26240.0,17816.0,-0.321,40410.0,24586.0,-0.3916,509.0,369.0,-0.275
SINGA,1223B - PURE COFFEE 101-250G,1223 - PURE COFFEE,BREAKFAST,1.03,1.0,-0.0291,16.0,3.33,-0.7919,1.03,1.43,0.3883,37159.0,35950.0,-0.0325,38274.0,51408.0,0.3432,31.0,7.0,-0.7742
KAPAL API,1223C - PURE COFFEE 251-450G,1223 - PURE COFFEE,BREAKFAST,1.24,1.13,-0.0887,340.5,166.0,-0.5125,1.41,1.25,-0.1135,56959.0,50442.0,-0.1144,80312.0,63052.0,-0.2149,484.0,399.0,-0.1756
BENG-BENG,1224A - POWDER CREAMER & CHOCOLATE DRINK,1224 - POWDER CREAMER & CHOCOLATE DRINK,BREAKFAST,1.03,1.08,0.0485,61.0,12.67,-0.7923,1.14,1.09,-0.0439,27369.0,33021.0,0.2065,31201.0,35993.0,0.1536,107.0,35.0,-0.6729
CHAMPION,1224A - POWDER CREAMER & CHOCOLATE DRINK,1224 - POWDER CREAMER & CHOCOLATE DRINK,BREAKFAST,1.25,1.07,-0.144,108.0,14.67,-0.8642,1.26,1.1,-0.127,15963.0,13934.0,-0.1271,20113.0,15327.0,-0.238,172.0,40.0,-0.7674
CHOCODRINK,1224A - POWDER CREAMER & CHOCOLATE DRINK,1224 - POWDER CREAMER & CHOCOLATE DRINK,BREAKFAST,1.32,1.18,-0.1061,147.5,60.67,-0.5887,1.35,1.32,-0.0222,9879.0,11531.0,0.1672,13337.0,15221.0,0.1413,218.0,138.0,-0.367
ELLENKA,1224A - POWDER CREAMER & CHOCOLATE DRINK,1224 - POWDER CREAMER & CHOCOLATE DRINK,BREAKFAST,1.15,,,6.5,,,1.0,,,42115.0,,,42115.0,,,13.0,,
FIBER CREME,1224A - POWDER CREAMER & CHOCOLATE DRINK,1224 - POWDER CREAMER & CHOCOLATE DRINK,BREAKFAST,1.0,,,3.5,,,1.17,,,55843.0,,,65336.0,,,6.0,,
MAX,1224A - POWDER CREAMER & CHOCOLATE DRINK,1224 - POWDER CREAMER & CHOCOLATE DRINK,BREAKFAST,1.04,1.03,-0.0096,28.5,12.0,-0.5789,1.3,1.06,-0.1846,48482.0,48208.0,-0.0057,63027.0,51100.0,-0.1892,44.0,34.0,-0.2273
MILO,1224A - POWDER CREAMER & CHOCOLATE DRINK,1224 - POWDER CREAMER & CHOCOLATE DRINK,BREAKFAST,1.26,1.22,-0.0317,122.5,82.33,-0.3279,1.14,1.13,-0.0088,13411.0,12981.0,-0.0321,15289.0,14669.0,-0.0406,214.0,218.0,0.0187
TROPICANA,1224A - POWDER CREAMER & CHOCOLATE DRINK,1224 - POWDER CREAMER & CHOCOLATE DRINK,BREAKFAST,1.0,,,2.0,,,1.0,,,20375.0,,,20375.0,,,4.0,,
KOKO KRUNCH,1321A - CEREAL CUP,1321 - CEREAL,BREAKFAST,1.49,1.4,-0.0604,250.5,116.33,-0.5356,1.26,1.16,-0.0794,14776.0,13883.0,-0.0604,18618.0,16104.0,-0.135,398.0,302.0,-0.2412
MILO,1321A - CEREAL CUP,1321 - CEREAL,BREAKFAST,1.45,1.32,-0.0897,128.0,107.0,-0.1641,1.21,1.18,-0.0248,14611.0,13262.0,-0.0923,17679.0,15649.0,-0.1148,212.0,272.0,0.283
SIMBA,1321A - CEREAL CUP,1321 - CEREAL,BREAKFAST,1.48,2.1,0.4189,233.0,154.33,-0.3376,1.18,1.17,-0.0085,13241.0,19654.0,0.4843,15624.0,22995.0,0.4718,395.0,395.0,0.0
TRIX,1321A - CEREAL CUP,1321 - CEREAL,BREAKFAST,1.25,1.13,-0.096,18.0,45.67,1.5372,1.16,1.12,-0.0345,12414.0,11215.0,-0.0966,14400.0,12561.0,-0.1277,31.0,122.0,2.9355
HONEY STAR,1321B - CEREAL BAG,1321 - CEREAL,BREAKFAST,1.08,1.12,0.037,68.5,26.67,-0.6107,1.08,1.07,-0.0093,14315.0,15306.0,0.0692,15460.0,16377.0,0.0593,127.0,75.0,-0.4094
HUNDRED SEEDS,1321B - CEREAL BAG,1321 - CEREAL,BREAKFAST,1.25,,,2.0,,,1.0,,,15000.0,,,15000.0,,,4.0,,
KELLOG'S,1321B - CEREAL BAG,1321 - CEREAL,BREAKFAST,1.24,1.11,-0.1048,163.5,42.67,-0.739,1.14,1.07,-0.0614,16231.0,13422.0,-0.1731,18503.0,14362.0,-0.2238,286.0,120.0,-0.5804
KOKO KRUNCH,1321B - CEREAL BAG,1321 - CEREAL,BREAKFAST,1.17,1.18,0.0085,267.0,65.0,-0.7566,1.13,1.15,0.0177,11862.0,12564.0,0.0592,13404.0,14449.0,0.078,471.0,170.0,-0.6391
QUAKER,1321B - CEREAL BAG,1321 - CEREAL,BREAKFAST,1.05,1.12,0.0667,213.0,114.0,-0.4648,1.11,1.16,0.045,30624.0,29374.0,-0.0408,33993.0,34074.0,0.0024,384.0,295.0,-0.2318
SIMBA,1321B - CEREAL BAG,1321 - CEREAL,BREAKFAST,1.27,1.57,0.2362,244.0,128.33,-0.4741,1.17,1.22,0.0427,12108.0,15465.0,0.2773,14166.0,18867.0,0.3319,416.0,316.0,-0.2404
YAVA,1321B - CEREAL BAG,1321 - CEREAL,BREAKFAST,1.0,,,2.0,,,1.0,,,26800.0,,,26800.0,,,4.0,,
ENERGEN,1321C - CEREAL SACHET,1321 - CEREAL,BREAKFAST,1.17,1.08,-0.0769,284.0,84.33,-0.7031,1.12,1.17,0.0446,29847.0,28906.0,-0.0315,33429.0,33820.0,0.0117,507.0,216.0,-0.574
QUAKER,1321C - CEREAL SACHET,1321 - CEREAL,BREAKFAST,1.14,1.22,0.0702,100.0,16.67,-0.8333,1.09,1.11,0.0183,31677.0,33804.0,0.0671,34528.0,37522.0,0.0867,183.0,45.0,-0.7541
HONEY STAR,1321D - CEREAL BOX,1321 - CEREAL,BREAKFAST,1.03,1.03,0.0,38.0,10.0,-0.7368,1.15,1.07,-0.0696,28432.0,28643.0,0.0074,32697.0,30648.0,-0.0627,66.0,28.0,-0.5758
KELLOG'S,1321D - CEREAL BOX,1321 - CEREAL,BREAKFAST,1.23,1.24,0.0081,146.5,19.67,-0.8657,1.13,1.04,-0.0796,36242.0,34681.0,-0.0431,40953.0,36068.0,-0.1193,259.0,57.0,-0.7799
KIT KAT,1321D - CEREAL BOX,1321 - CEREAL,BREAKFAST,1.24,,,40.0,,,1.08,,,71651.0,,,77383.0,,,74.0,,
KOKO KRUNCH,1321D - CEREAL BOX,1321 - CEREAL,BREAKFAST,1.06,1.01,-0.0472,225.5,46.33,-0.7945,1.17,1.09,-0.0684,33393.0,31317.0,-0.0622,39070.0,34136.0,-0.1263,384.0,127.0,-0.6693
MILO,1321D - CEREAL BOX,1321 - CEREAL,BREAKFAST,1.01,1.14,0.1287,47.5,21.0,-0.5579,1.12,1.19,0.0625,28019.0,31679.0,0.1306,31381.0,37698.0,0.2013,85.0,53.0,-0.3765
NESTLE,1321D - CEREAL BOX,1321 - CEREAL,BREAKFAST,1.25,,,4.0,,,1.0,,,58125.0,,,58125.0,,,8.0,,
SIMBA,1321D - CEREAL BOX,1321 - CEREAL,BREAKFAST,1.04,1.04,0.0,126.0,45.0,-0.6429,1.17,1.12,-0.0427,24785.0,24805.0,0.0008,28998.0,27782.0,-0.0419,215.0,120.0,-0.4419
TRIX,1321D - CEREAL BOX,1321 - CEREAL,BREAKFAST,1.03,1.09,0.0583,144.0,7.33,-0.9491,1.1,1.05,-0.0455,28675.0,30464.0,0.0624,31543.0,31987.0,0.0141,261.0,21.0,-0.9195
KEPALA JENGGOT,1411A - DIETATIC BEVERAGE BOX,1411 - DIETATIC BEVERAGE,BREAKFAST,1.05,1.04,-0.0095,101.5,49.0,-0.5172,1.1,1.1,0.0,21955.0,21949.0,-0.0003,24151.0,24144.0,-0.0003,185.0,134.0,-0.2757
MUSTIKA RATU,1411A - DIETATIC BEVERAGE BOX,1411 - DIETATIC BEVERAGE,BREAKFAST,1.0,1.0,0.0,5.0,4.67,-0.066,1.25,1.17,-0.064,28900.0,32086.0,0.1102,36125.0,37541.0,0.0392,8.0,12.0,0.5
TROPICANA,1411B - DIETATIC BEVERAGE BOTTLE,1411 - DIETATIC BEVERAGE,BREAKFAST,1.67,,,1.5,,,1.0,,,58167.0,,,58167.0,,,3.0,,
DIABETAMIL,1412A - DIETATIC SUGAR,1412 - DIETATIC SUGAR,BREAKFAST,1.03,1.06,0.0291,46.0,23.0,-0.5,1.15,1.35,0.1739,33114.0,34106.0,0.03,38081.0,46043.0,0.2091,80.0,51.0,-0.3625
DIABETASOL,1412A - DIETATIC SUGAR,1412 - DIETATIC SUGAR,BREAKFAST,1.16,1.03,-0.1121,32.0,12.67,-0.6041,1.12,1.12,0.0,55931.0,44942.0,-0.1965,62643.0,50335.0,-0.1965,57.0,34.0,-0.4035
TROPICANA,1412A - DIETATIC SUGAR,1412 - DIETATIC SUGAR,BREAKFAST,1.1,1.03,-0.0636,75.0,45.33,-0.3956,1.19,1.21,0.0168,66020.0,60036.0,-0.0906,78564.0,72644.0,-0.0754,126.0,112.0,-0.1111
CARNATION,2021A - SWEETENED CONDENSED MILK PACK,2021 - SWEETENED CONDENSED MILK,BREAKFAST,1.26,1.07,-0.1508,185.5,76.67,-0.5867,1.18,1.12,-0.0508,8849.0,9040.0,0.0216,10442.0,10125.0,-0.0304,315.0,205.0,-0.3492
FRISIAN FLAG,2021A - SWEETENED CONDENSED MILK PACK,2021 - SWEETENED CONDENSED MILK,BREAKFAST,1.18,1.19,0.0085,202.0,114.67,-0.4323,1.24,1.15,-0.0726,10628.0,10786.0,0.0149,13179.0,12404.0,-0.0588,325.0,299.0,-0.08
ENAAK,2021B - SWEETENED CONDENSED MILK POUCH,2021 - SWEETENED CONDENSED MILK,BREAKFAST,1.42,1.45,0.0211,349.5,153.67,-0.5603,1.26,1.27,0.0079,24745.0,25311.0,0.0229,31179.0,32145.0,0.031,553.0,364.0,-0.3418
FRISIAN FLAG,2021B - SWEETENED CONDENSED MILK POUCH,2021 - SWEETENED CONDENSED MILK,BREAKFAST,1.55,1.82,0.1742,1922.0,1115.0,-0.4199,1.28,1.36,0.0625,26641.0,32877.0,0.2341,34100.0,44713.0,0.3112,3014.0,2452.0,-0.1865
INDOMILK,2021B - SWEETENED CONDENSED MILK POUCH,2021 - SWEETENED CONDENSED MILK,BREAKFAST,1.9,1.99,0.0474,1402.5,800.67,-0.4291,1.31,1.35,0.0305,33249.0,35048.0,0.0541,43556.0,47315.0,0.0863,2149.0,1773.0,-0.175
CARNATION,2021C - SWEETENED CONDENSED MILK CAN,2021 - SWEETENED CONDENSED MILK,BREAKFAST,1.35,1.14,-0.1556,96.0,54.0,-0.4375,1.23,1.09,-0.1138,25417.0,21423.0,-0.1571,31263.0,23351.0,-0.2531,156.0,149.0,-0.0449
FRISIAN FLAG,2021C - SWEETENED CONDENSED MILK CAN,2021 - SWEETENED CONDENSED MILK,BREAKFAST,1.74,1.7,-0.023,211.5,101.33,-0.5209,1.82,2.17,0.1923,26339.0,27702.0,0.0517,47937.0,60113.0,0.254,232.0,140.0,-0.3966
INDOMILK,2021C - SWEETENED CONDENSED MILK CAN,2021 - SWEETENED CONDENSED MILK,BREAKFAST,1.15,1.0,-0.1304,10.0,0.33,-0.967,1.18,1.0,-0.1525,14120.0,12400.0,-0.1218,16662.0,12400.0,-0.2558,17.0,1.0,-0.9412
SUN BAY,2021C - SWEETENED CONDENSED MILK CAN,2021 - SWEETENED CONDENSED MILK,BREAKFAST,1.38,1.35,-0.0217,10.5,5.67,-0.46,1.05,1.31,0.2476,21195.0,20971.0,-0.0106,22255.0,27472.0,0.2344,20.0,13.0,-0.35
TIGA SAPI,2021C - SWEETENED CONDENSED MILK CAN,2021 - SWEETENED CONDENSED MILK,BREAKFAST,2.45,1.56,-0.3633,53.5,31.0,-0.4206,1.24,1.16,-0.0645,35528.0,23931.0,-0.3264,44055.0,27760.0,-0.3699,86.0,80.0,-0.0698
CAP NONA,2021D - SWEETENED CONDENSED CREAMER CAN,2021 - SWEETENED CONDENSED MILK,BREAKFAST,1.0,,,1.0,,,1.0,,,13000.0,,,13000.0,,,2.0,,
CARNATION,2021D - SWEETENED CONDENSED CREAMER CAN,2021 - SWEETENED CONDENSED MILK,BREAKFAST,1.96,3.51,0.7908,95.0,61.33,-0.3544,1.57,2.16,0.3758,23335.0,45218.0,0.9378,36636.0,97671.0,1.666,121.0,85.0,-0.2975
ENAAK,2021D - SWEETENED CONDENSED CREAMER CAN,2021 - SWEETENED CONDENSED MILK,BREAKFAST,1.4,1.24,-0.1143,39.0,15.0,-0.6154,1.32,1.05,-0.2045,16067.0,14329.0,-0.1082,21208.0,15045.0,-0.2906,59.0,43.0,-0.2712
INDOMILK,2021D - SWEETENED CONDENSED CREAMER CAN,2021 - SWEETENED CONDENSED MILK,BREAKFAST,1.4,1.23,-0.1214,71.5,38.33,-0.4639,1.24,1.07,-0.1371,16824.0,14802.0,-0.1202,20862.0,15838.0,-0.2408,115.0,107.0,-0.0696
OMELA,2021D - SWEETENED CONDENSED CREAMER CAN,2021 - SWEETENED CONDENSED MILK,BREAKFAST,1.7,1.32,-0.2235,40.0,26.67,-0.3332,1.48,1.29,-0.1284,20206.0,15668.0,-0.2246,29905.0,20212.0,-0.3241,54.0,62.0,0.1481
TIGA SAPI,2021D - SWEETENED CONDENSED CREAMER CAN,2021 - SWEETENED CONDENSED MILK,BREAKFAST,1.54,1.43,-0.0714,125.0,161.67,0.2934,1.54,1.58,0.026,20198.0,18584.0,-0.0799,31105.0,29363.0,-0.056,162.0,307.0,0.8951
ULTRA,2021D - SWEETENED CONDENSED CREAMER CAN,2021 - SWEETENED CONDENSED MILK,BREAKFAST,1.5,,,3.0,,,1.0,,,20333.0,,,20333.0,,,6.0,,
INDOMILK,2021E - SWEETENED CONDENSED CREAMER PACK,2021 - SWEETENED CONDENSED MILK,BREAKFAST,1.2,1.22,0.0167,145.5,209.33,0.4387,1.19,1.21,0.0168,10201.0,10294.0,0.0091,12139.0,12456.0,0.0261,244.0,521.0,1.1352
HEMAVITON,1111A - ENERGY DRINK LIQUID BOTTLE  100-250ML,1111 - ENERGY DRINK,CHILLER,1.26,1.18,-0.0635,36.5,29.33,-0.1964,1.07,1.1,0.028,8421.0,8034.0,-0.046,9010.0,8837.0,-0.0192,68.0,80.0,0.1765
KRATING DAENG,1111A - ENERGY DRINK LIQUID BOTTLE  100-250ML,1111 - ENERGY DRINK,CHILLER,1.39,1.35,-0.0288,59.5,39.0,-0.3445,1.1,1.16,0.0545,9297.0,9308.0,0.0012,10227.0,10797.0,0.0557,108.0,101.0,-0.0648
M-150,1111A - ENERGY DRINK LIQUID BOTTLE  100-250ML,1111 - ENERGY DRINK,CHILLER,1.61,1.08,-0.3292,11.5,4.33,-0.6235,1.0,1.0,0.0,10561.0,7423.0,-0.2971,10561.0,7423.0,-0.2971,23.0,13.0,-0.4348
NEO HORMOVITON,1111A - ENERGY DRINK LIQUID BOTTLE  100-250ML,1111 - ENERGY DRINK,CHILLER,1.13,1.04,-0.0796,22.5,23.67,0.052,1.1,1.27,0.1545,7389.0,6930.0,-0.0621,8128.0,8801.0,0.0828,41.0,56.0,0.3659
EXTRA JOSS,1111B - ENERGY DRINK LIQUID CAN 200-350ML,1111 - ENERGY DRINK,CHILLER,2.4,1.62,-0.325,23.5,14.0,-0.4043,1.09,1.08,-0.0092,20436.0,13776.0,-0.3259,22275.0,14878.0,-0.3321,43.0,39.0,-0.093
M-150,1111B - ENERGY DRINK LIQUID CAN 200-350ML,1111 - ENERGY DRINK,CHILLER,1.43,1.0,-0.3007,29.0,0.67,-0.9769,1.53,1.0,-0.3464,12021.0,8500.0,-0.2929,18392.0,8500.0,-0.5378,38.0,2.0,-0.9474
RED BULL,1111B - ENERGY DRINK LIQUID CAN 200-350ML,1111 - ENERGY DRINK,CHILLER,1.27,1.11,-0.126,32.0,17.67,-0.4478,1.23,1.1,-0.1057,15513.0,13517.0,-0.1287,19081.0,14869.0,-0.2207,52.0,48.0,-0.0769
A&W,1112A - CARBONATED DRINK CAN 200-250ML,1112 - CARBONATED DRINK,CHILLER,1.5,1.25,-0.1667,36.0,21.33,-0.4075,1.14,1.1,-0.0351,10603.0,8694.0,-0.18,12087.0,9563.0,-0.2088,63.0,58.0,-0.0794
COCA COLA,1112A - CARBONATED DRINK CAN 200-250ML,1112 - CARBONATED DRINK,CHILLER,1.34,1.25,-0.0672,44.0,9.33,-0.788,1.16,1.04,-0.1034,8752.0,8643.0,-0.0125,10152.0,8989.0,-0.1146,76.0,27.0,-0.6447
KOPI KENANGAN,1112A - CARBONATED DRINK CAN 200-250ML,1112 - CARBONATED DRINK,CHILLER,1.94,1.25,-0.3557,38.5,1.33,-0.9655,1.4,1.0,-0.2857,14126.0,9125.0,-0.354,19776.0,9125.0,-0.5386,55.0,4.0,-0.9273
SCHWEPPES,1112A - CARBONATED DRINK CAN 200-250ML,1112 - CARBONATED DRINK,CHILLER,3.0,,,0.5,,,1.0,,,19500.0,,,19500.0,,,1.0,,
POLARIS,1112B - CARBONATED DRINK CAN 300-330ML,1112 - CARBONATED DRINK,CHILLER,1.44,,,9.0,,,1.29,,,9800.0,,,12642.0,,,14.0,,
AMO,1112C - CARBONATED DRINK PET 250-450 ML,1112 - CARBONATED DRINK,CHILLER,,1.33,,,10.0,,,1.25,,,6000.0,,,7500.0,,,24.0,
BIG,1112C - CARBONATED DRINK PET 250-450 ML,1112 - CARBONATED DRINK,CHILLER,,1.27,,,27.0,,,1.07,,,4589.0,,,4910.0,,,76.0,
COCA COLA,1112C - CARBONATED DRINK PET 250-450 ML,1112 - CARBONATED DRINK,CHILLER,1.45,1.39,-0.0414,235.0,96.33,-0.5901,1.22,1.2,-0.0164,7511.0,7143.0,-0.049,9163.0,8572.0,-0.0645,384.0,240.0,-0.375
FANTA,1112C - CARBONATED DRINK PET 250-450 ML,1112 - CARBONATED DRINK,CHILLER,1.5,1.23,-0.18,153.0,58.67,-0.6165,1.31,1.09,-0.1679,8558.0,7439.0,-0.1308,11211.0,8109.0,-0.2767,234.0,162.0,-0.3077
NIPIS MADU,1112C - CARBONATED DRINK PET 250-450 ML,1112 - CARBONATED DRINK,CHILLER,1.69,2.3,0.3609,255.0,103.0,-0.5961,1.23,1.17,-0.0488,6995.0,9463.0,0.3528,8604.0,11072.0,0.2868,416.0,263.0,-0.3678
PROMO MARKETING,1112C - CARBONATED DRINK PET 250-450 ML,1112 - CARBONATED DRINK,CHILLER,1.06,,,2815.0,,,1.97,,,6116.0,,,12049.0,,,2862.0,,
SPRITE,1112C - CARBONATED DRINK PET 250-450 ML,1112 - CARBONATED DRINK,CHILLER,1.41,1.27,-0.0993,237.0,126.33,-0.467,1.16,1.15,-0.0086,7730.0,6655.0,-0.1391,8967.0,7653.0,-0.1465,407.0,329.0,-0.1916
TEBS,1112C - CARBONATED DRINK PET 250-450 ML,1112 - CARBONATED DRINK,CHILLER,1.32,,,32.5,,,1.07,,,5160.0,,,5521.0,,,61.0,,
CHI FOREST,1112D - CARBONATED DRINK PET 425-500ML,1112 - CARBONATED DRINK,CHILLER,1.11,1.23,0.1081,95.0,75.33,-0.2071,1.14,1.22,0.0702,10713.0,11372.0,0.0615,12213.0,13874.0,0.136,166.0,185.0,0.1145
BIG,1112E - CARBONATED DRINK PET 1000-1800ML,1112 - CARBONATED DRINK,CHILLER,1.5,2.18,0.4533,1.0,5.67,4.67,1.0,1.0,0.0,20250.0,20647.0,0.0196,20250.0,20647.0,0.0196,2.0,17.0,7.5
COCA COLA,1112E - CARBONATED DRINK PET 1000-1800ML,1112 - CARBONATED DRINK,CHILLER,1.2,1.32,0.1,214.5,106.0,-0.5058,1.23,1.23,0.0,14448.0,14276.0,-0.0119,17771.0,17559.0,-0.0119,349.0,258.0,-0.2607
FANTA,1112E - CARBONATED DRINK PET 1000-1800ML,1112 - CARBONATED DRINK,CHILLER,1.32,1.67,0.2652,199.0,93.67,-0.5293,1.1,1.1,0.0,15399.0,18102.0,0.1755,16939.0,19912.0,0.1755,363.0,255.0,-0.2975
PROMO MARKETING,1112E - CARBONATED DRINK PET 1000-1800ML,1112 - CARBONATED DRINK,CHILLER,1.03,,,1553.5,,,1.74,,,14541.0,,,25301.0,,,1786.0,,
SPRITE,1112E - CARBONATED DRINK PET 1000-1800ML,1112 - CARBONATED DRINK,CHILLER,1.46,1.43,-0.0205,171.0,92.67,-0.4581,1.13,1.14,0.0088,18678.0,15106.0,-0.1912,21106.0,17221.0,-0.1841,302.0,243.0,-0.1954
ALFAMART,1113B - MINERAL WATER PET 330-400ML,1113 - MINERAL WATER,CHILLER,8.3,3.87,-0.5337,172.0,127.67,-0.2577,1.17,1.14,-0.0256,17132.0,8117.0,-0.5262,20044.0,9253.0,-0.5384,294.0,335.0,0.1395
AQUA,1113B - MINERAL WATER PET 330-400ML,1113 - MINERAL WATER,CHILLER,17.59,5.68,-0.6771,84.5,37.67,-0.5542,1.2,1.05,-0.125,53124.0,15728.0,-0.7039,63749.0,16514.0,-0.741,141.0,108.0,-0.234
CRYSTALIN,1113B - MINERAL WATER PET 330-400ML,1113 - MINERAL WATER,CHILLER,1.59,,,16.0,,,1.33,,,65234.0,,,86761.0,,,24.0,,
LE MINERALE,1113B - MINERAL WATER PET 330-400ML,1113 - MINERAL WATER,CHILLER,9.5,6.59,-0.3063,113.5,51.67,-0.5448,1.16,1.1,-0.0517,29959.0,22580.0,-0.2463,34752.0,24838.0,-0.2853,195.0,141.0,-0.2769
PRIMA,1113B - MINERAL WATER PET 330-400ML,1113 - MINERAL WATER,CHILLER,1.12,,,4.0,,,1.0,,,44138.0,,,44138.0,,,8.0,,
ALFAMART,1113C - MINERAL WATER PET 500-750ML,1113 - MINERAL WATER,CHILLER,5.25,3.07,-0.4152,498.5,287.67,-0.4229,1.4,1.5,0.0714,11686.0,6487.0,-0.4449,16360.0,9730.0,-0.4053,714.0,574.0,-0.1961
AQUA,1113C - MINERAL WATER PET 500-750ML,1113 - MINERAL WATER,CHILLER,2.43,2.36,-0.0288,736.5,458.33,-0.3777,1.28,1.25,-0.0234,9561.0,9173.0,-0.0406,12238.0,11466.0,-0.0631,1151.0,1103.0,-0.0417
AQUVIVA,1113C - MINERAL WATER PET 500-750ML,1113 - MINERAL WATER,CHILLER,1.59,1.34,-0.1572,381.0,204.67,-0.4628,1.24,1.16,-0.0645,5584.0,4793.0,-0.1417,6924.0,5560.0,-0.197,617.0,531.0,-0.1394
CRYSTALIN,1113C - MINERAL WATER PET 500-750ML,1113 - MINERAL WATER,CHILLER,1.68,1.32,-0.2143,236.0,183.33,-0.2232,1.18,1.18,0.0,7723.0,4367.0,-0.4345,9113.0,5153.0,-0.4345,399.0,466.0,0.1679
JIWATER,1113C - MINERAL WATER PET 500-750ML,1113 - MINERAL WATER,CHILLER,2.07,1.27,-0.3865,15.0,106.67,6.1113,1.11,1.13,0.018,9300.0,5723.0,-0.3846,10323.0,6467.0,-0.3735,27.0,284.0,9.5185
LE MINERALE,1113C - MINERAL WATER PET 500-750ML,1113 - MINERAL WATER,CHILLER,2.37,2.2,-0.0717,953.0,606.33,-0.3638,1.26,1.29,0.0238,8828.0,8400.0,-0.0485,11123.0,10836.0,-0.0258,1508.0,1407.0,-0.067
NESTLE,1113C - MINERAL WATER PET 500-750ML,1113 - MINERAL WATER,CHILLER,2.06,2.07,0.0049,355.5,200.0,-0.4374,1.24,1.16,-0.0645,7433.0,7947.0,0.0692,9217.0,9219.0,0.0002,573.0,516.0,-0.0995
PRIMA,1113C - MINERAL WATER PET 500-750ML,1113 - MINERAL WATER,CHILLER,3.57,2.49,-0.3025,222.0,134.33,-0.3949,1.45,1.38,-0.0483,11823.0,7445.0,-0.3703,17143.0,10274.0,-0.4007,306.0,292.0,-0.0458
VIT,1113C - MINERAL WATER PET 500-750ML,1113 - MINERAL WATER,CHILLER,1.37,1.91,0.3942,38.0,22.33,-0.4124,1.1,1.02,-0.0727,4724.0,6146.0,0.301,5196.0,6269.0,0.2065,69.0,66.0,-0.0435
ALFAMART,1113D - MINERAL WATER PET 1-1.5L,1113 - MINERAL WATER,CHILLER,3.36,1.63,-0.5149,370.0,177.0,-0.5216,1.56,1.51,-0.0321,15983.0,6969.0,-0.564,24933.0,10523.0,-0.5779,475.0,352.0,-0.2589
AQUA,1113D - MINERAL WATER PET 1-1.5L,1113 - MINERAL WATER,CHILLER,2.33,1.63,-0.3004,379.0,187.0,-0.5066,1.35,1.27,-0.0593,16090.0,11069.0,-0.3121,21722.0,14058.0,-0.3528,561.0,442.0,-0.2121
AQUVIVA,1113D - MINERAL WATER PET 1-1.5L,1113 - MINERAL WATER,CHILLER,1.32,1.24,-0.0606,128.5,117.33,-0.0869,1.2,1.25,0.0417,8529.0,7953.0,-0.0675,10235.0,9941.0,-0.0287,215.0,281.0,0.307
CRYSTALIN,1113D - MINERAL WATER PET 1-1.5L,1113 - MINERAL WATER,CHILLER,1.92,1.4,-0.2708,276.5,39.33,-0.8578,1.54,1.37,-0.1104,14146.0,8536.0,-0.3966,21785.0,11694.0,-0.4632,360.0,86.0,-0.7611
LE MINERALE,1113D - MINERAL WATER PET 1-1.5L,1113 - MINERAL WATER,CHILLER,1.97,1.64,-0.1675,573.0,274.33,-0.5212,1.43,1.36,-0.049,12955.0,11188.0,-0.1364,18526.0,15216.0,-0.1787,803.0,603.0,-0.2491
NESTLE,1113D - MINERAL WATER PET 1-1.5L,1113 - MINERAL WATER,CHILLER,2.53,1.65,-0.3478,265.5,71.67,-0.7301,1.68,1.29,-0.2321,16928.0,11173.0,-0.34,28439.0,14413.0,-0.4932,317.0,167.0,-0.4732
VIT,1113D - MINERAL WATER PET 1-1.5L,1113 - MINERAL WATER,CHILLER,1.38,1.52,0.1014,26.0,11.0,-0.5769,1.21,1.06,-0.124,8702.0,9370.0,0.0768,10529.0,9932.0,-0.0567,43.0,31.0,-0.2791
ALFA,1113I - FUNCTIONAL DRINK,1113 - MINERAL WATER,CHILLER,1.18,1.3,0.1017,30.0,41.0,0.3667,1.09,1.11,0.0183,5445.0,5620.0,0.0321,5935.0,6238.0,0.0511,55.0,111.0,1.0182
ETERNAL,1113I - FUNCTIONAL DRINK,1113 - MINERAL WATER,CHILLER,1.75,1.93,0.1029,20.0,18.67,-0.0665,1.18,1.17,-0.0085,16248.0,18132.0,0.116,19173.0,21214.0,0.1065,34.0,48.0,0.4118
PRISTINE,1113I - FUNCTIONAL DRINK,1113 - MINERAL WATER,CHILLER,3.52,1.8,-0.4886,403.5,244.33,-0.3945,1.37,1.29,-0.0584,18589.0,9001.0,-0.5158,25467.0,11611.0,-0.5441,591.0,570.0,-0.0355
SUPER O2,1113I - FUNCTIONAL DRINK,1113 - MINERAL WATER,CHILLER,1.63,2.0,0.227,31.0,20.0,-0.3548,1.41,1.25,-0.1135,19258.0,23837.0,0.2378,27154.0,29796.0,0.0973,44.0,48.0,0.0909
FIBE MINI,1114A - ISOTONIC DRINK PET 100-250ML,1114 - ISOTONIC DRINK,CHILLER,1.49,1.28,-0.1409,41.0,12.0,-0.7073,1.22,1.06,-0.1311,11273.0,9789.0,-0.1316,13753.0,10376.0,-0.2455,67.0,34.0,-0.4925
HYDRO COCO,1114A - ISOTONIC DRINK PET 100-250ML,1114 - ISOTONIC DRINK,CHILLER,1.43,1.3,-0.0909,177.5,75.33,-0.5756,1.17,1.15,-0.0171,12448.0,11574.0,-0.0702,14564.0,13310.0,-0.0861,303.0,197.0,-0.3498
100 PLUS,1114B - ISOTONIC DRINK PET 300-380ML,1114 - ISOTONIC DRINK,CHILLER,3.9,,,5.0,,,1.11,,,27310.0,,,30314.0,,,9.0,,
HYDRO COCO,1114B - ISOTONIC DRINK PET 300-380ML,1114 - ISOTONIC DRINK,CHILLER,1.39,1.14,-0.1799,44.0,24.33,-0.447,1.1,1.11,0.0091,17575.0,14566.0,-0.1712,19332.0,16168.0,-0.1637,80.0,66.0,-0.175
HYDROPLUS,1114B - ISOTONIC DRINK PET 300-380ML,1114 - ISOTONIC DRINK,CHILLER,3.4,1.0,-0.7059,28.5,0.67,-0.9765,1.19,1.0,-0.1597,19935.0,5850.0,-0.7065,23723.0,5850.0,-0.7534,48.0,2.0,-0.9583
ICHITAN,1114B - ISOTONIC DRINK PET 300-380ML,1114 - ISOTONIC DRINK,CHILLER,1.09,1.08,-0.0092,16.0,17.0,0.0625,1.23,1.16,-0.0569,8066.0,7986.0,-0.0099,9921.0,9264.0,-0.0662,26.0,44.0,0.6923
IF,1114B - ISOTONIC DRINK PET 300-380ML,1114 - ISOTONIC DRINK,CHILLER,,1.3,,,10.0,,,1.07,,,19483.0,,,20847.0,,,28.0,
ISOPLUS,1114B - ISOTONIC DRINK PET 300-380ML,1114 - ISOTONIC DRINK,CHILLER,1.45,1.34,-0.0759,153.0,62.0,-0.5948,1.26,1.17,-0.0714,5148.0,4834.0,-0.061,6486.0,5656.0,-0.128,242.0,159.0,-0.343
POCARI SWEAT,1114B - ISOTONIC DRINK PET 300-380ML,1114 - ISOTONIC DRINK,CHILLER,1.44,1.36,-0.0556,138.0,102.67,-0.256,1.14,1.06,-0.0702,10533.0,9768.0,-0.0726,12008.0,10354.0,-0.1377,243.0,290.0,0.1934
HYDRO COCO,1114C - ISOTONIC DRINK PET 450-500ML,1114 - ISOTONIC DRINK,CHILLER,1.17,1.21,0.0342,216.5,79.67,-0.632,1.18,1.18,0.0,18752.0,19378.0,0.0334,22127.0,22866.0,0.0334,367.0,202.0,-0.4496
MIZONE,1114C - ISOTONIC DRINK PET 450-500ML,1114 - ISOTONIC DRINK,CHILLER,1.38,1.85,0.3406,216.0,73.33,-0.6605,1.16,1.21,0.0431,9092.0,12131.0,0.3342,10547.0,14679.0,0.3918,372.0,182.0,-0.5108
POCARI SWEAT,1114C - ISOTONIC DRINK PET 450-500ML,1114 - ISOTONIC DRINK,CHILLER,1.31,1.21,-0.0763,292.5,164.0,-0.4393,1.18,1.15,-0.0254,10867.0,9881.0,-0.0907,12823.0,11363.0,-0.1139,497.0,429.0,-0.1368
POKKA,1114C - ISOTONIC DRINK PET 450-500ML,1114 - ISOTONIC DRINK,CHILLER,1.13,,,66.0,,,1.06,,,8975.0,,,9514.0,,,125.0,,
REGEN,1114C - ISOTONIC DRINK PET 450-500ML,1114 - ISOTONIC DRINK,CHILLER,2.38,1.38,-0.4202,78.5,9.67,-0.8768,1.12,1.12,0.0,34692.0,16145.0,-0.5346,38855.0,18082.0,-0.5346,140.0,26.0,-0.8143
YOU C1000 WATER,1114C - ISOTONIC DRINK PET 450-500ML,1114 - ISOTONIC DRINK,CHILLER,1.29,1.23,-0.0465,236.5,105.67,-0.5532,1.14,1.2,0.0526,11498.0,10853.0,-0.0561,13108.0,13024.0,-0.0064,414.0,265.0,-0.3599
POCARI SWEAT,1114D - ISOTONIC DRINK CAN 330ML,1114 - ISOTONIC DRINK,CHILLER,1.58,1.67,0.057,26.0,14.33,-0.4488,1.06,1.1,0.0377,11017.0,11572.0,0.0504,11678.0,12729.0,0.09,49.0,39.0,-0.2041
HYDRO COCO,1114E - ISOTONIC DRINK PET 900ML-1.5L,1114 - ISOTONIC DRINK,CHILLER,1.12,1.06,-0.0536,47.5,6.0,-0.8737,1.13,1.29,0.1416,28882.0,27389.0,-0.0517,32637.0,35332.0,0.0826,84.0,14.0,-0.8333
POCARI SWEAT,1114E - ISOTONIC DRINK PET 900ML-1.5L,1114 - ISOTONIC DRINK,CHILLER,1.1,1.05,-0.0455,77.5,48.67,-0.372,1.12,1.14,0.0179,15290.0,14551.0,-0.0483,17125.0,16588.0,-0.0314,139.0,128.0,-0.0791
POCARI SWEAT,1114F - ISOTONIC DRINK PET 2L,1114 - ISOTONIC DRINK,CHILLER,1.14,1.04,-0.0877,55.5,25.33,-0.5436,1.06,1.07,0.0094,27414.0,24925.0,-0.0908,29059.0,26670.0,-0.0822,105.0,71.0,-0.3238
ACARAKI,1115A - REMEDIES DRINK CAN,1115 - REMEDIES DRINK,CHILLER,1.29,1.0,-0.2248,3.5,0.33,-0.9057,1.0,1.0,0.0,14986.0,12200.0,-0.1859,14986.0,12200.0,-0.1859,7.0,1.0,-0.8571
ADEM SARI,1115A - REMEDIES DRINK CAN,1115 - REMEDIES DRINK,CHILLER,1.31,1.59,0.2137,164.5,109.67,-0.3333,1.14,1.15,0.0088,12338.0,15022.0,0.2175,14065.0,17275.0,0.2282,288.0,286.0,-0.0069
BADAK,1115A - REMEDIES DRINK CAN,1115 - REMEDIES DRINK,CHILLER,1.48,1.65,0.1149,272.0,175.0,-0.3566,1.18,1.18,0.0,11730.0,13574.0,0.1572,13841.0,16017.0,0.1572,460.0,445.0,-0.0326
COOLTOPIA,1115A - REMEDIES DRINK CAN,1115 - REMEDIES DRINK,CHILLER,1.12,1.57,0.4018,33.0,27.0,-0.1818,1.1,1.03,-0.0636,8541.0,12144.0,0.4218,9395.0,12508.0,0.3313,60.0,79.0,0.3167
KAKI TIGA,1115A - REMEDIES DRINK CAN,1115 - REMEDIES DRINK,CHILLER,1.46,1.38,-0.0548,291.5,171.67,-0.4111,1.16,1.18,0.0172,10867.0,10380.0,-0.0448,12606.0,12248.0,-0.0284,503.0,436.0,-0.1332
LASEGAR,1115A - REMEDIES DRINK CAN,1115 - REMEDIES DRINK,CHILLER,1.82,1.67,-0.0824,113.0,109.0,-0.0354,1.23,1.13,-0.0813,13848.0,13535.0,-0.0226,17033.0,15295.0,-0.102,184.0,290.0,0.5761
ADEM SARI,1115C - REMEDIES DRINK PET 150-350ML,1115 - REMEDIES DRINK,CHILLER,1.23,1.37,0.1138,82.5,63.0,-0.2364,1.11,1.14,0.027,11630.0,12979.0,0.116,12909.0,14796.0,0.1462,149.0,166.0,0.1141
ALANG SARI,1115C - REMEDIES DRINK PET 150-350ML,1115 - REMEDIES DRINK,CHILLER,1.29,1.27,-0.0155,56.0,40.0,-0.2857,1.32,1.08,-0.1818,11332.0,10953.0,-0.0334,14958.0,11829.0,-0.2092,85.0,111.0,0.3059
BADAK,1115C - REMEDIES DRINK PET 150-350ML,1115 - REMEDIES DRINK,CHILLER,1.56,1.93,0.2372,70.5,38.67,-0.4515,1.08,1.05,-0.0278,12125.0,15566.0,0.2838,13095.0,16344.0,0.2481,130.0,110.0,-0.1538
KAKI TIGA,1115C - REMEDIES DRINK PET 150-350ML,1115 - REMEDIES DRINK,CHILLER,1.2,1.28,0.0667,46.5,28.33,-0.3908,1.06,1.1,0.0377,9070.0,9864.0,0.0875,9614.0,10850.0,0.1286,88.0,77.0,-0.125
KIRANTI,1115C - REMEDIES DRINK PET 150-350ML,1115 - REMEDIES DRINK,CHILLER,1.73,1.58,-0.0867,275.0,87.0,-0.6836,1.19,1.18,-0.0084,13873.0,12389.0,-0.107,16509.0,14619.0,-0.1145,463.0,221.0,-0.5227
KUAS,1115C - REMEDIES DRINK PET 150-350ML,1115 - REMEDIES DRINK,CHILLER,1.0,,,0.5,,,1.0,,,10500.0,,,10500.0,,,1.0,,
PANJANG JIWO,1115C - REMEDIES DRINK PET 150-350ML,1115 - REMEDIES DRINK,CHILLER,1.0,,,0.5,,,1.0,,,5500.0,,,5500.0,,,1.0,,
SIDOMUNCUL,1115C - REMEDIES DRINK PET 150-350ML,1115 - REMEDIES DRINK,CHILLER,,1.57,,,9.33,,,1.17,,,11454.0,,,13401.0,,,24.0,
BADAK,1115D - REMEDIES DRINK PET 500-600ML,1115 - REMEDIES DRINK,CHILLER,1.55,1.36,-0.1226,168.5,68.33,-0.5945,1.11,1.06,-0.045,13853.0,12806.0,-0.0756,15377.0,13574.0,-0.1173,303.0,194.0,-0.3597
KAKI TIGA,1115D - REMEDIES DRINK PET 500-600ML,1115 - REMEDIES DRINK,CHILLER,1.73,1.28,-0.2601,166.5,64.33,-0.6136,1.18,1.11,-0.0593,14746.0,11536.0,-0.2177,17400.0,12805.0,-0.2641,283.0,174.0,-0.3852
AMUNIZER,1116A - VITAMIN DRINK 100-150ML,1116 - VITAMIN DRINK,CHILLER,1.14,1.21,0.0614,31.5,22.33,-0.2911,1.12,1.2,0.0714,10156.0,10652.0,0.0488,11375.0,12782.0,0.1237,56.0,56.0,0.0
FITMEUP,1116A - VITAMIN DRINK 100-150ML,1116 - VITAMIN DRINK,CHILLER,,1.11,,,6.33,,,1.19,,,10011.0,,,11913.0,,,16.0,
ORONAMIN,1116A - VITAMIN DRINK 100-150ML,1116 - VITAMIN DRINK,CHILLER,1.34,1.41,0.0522,45.0,30.33,-0.326,1.36,1.12,-0.1765,9480.0,9779.0,0.0315,12893.0,10952.0,-0.1505,66.0,81.0,0.2273
TROPICANA,1116A - VITAMIN DRINK 100-150ML,1116 - VITAMIN DRINK,CHILLER,2.6,,,2.5,,,1.0,,,24940.0,,,24940.0,,,5.0,,
YOU C1000,1116A - VITAMIN DRINK 100-150ML,1116 - VITAMIN DRINK,CHILLER,1.66,1.97,0.1867,942.5,389.0,-0.5873,1.25,1.25,0.0,13148.0,15663.0,0.1913,16435.0,19579.0,0.1913,1502.0,931.0,-0.3802
HEMAVITON,1116B - VITAMIN DRINK 300-500ML,1116 - VITAMIN DRINK,CHILLER,2.05,1.65,-0.1951,103.0,99.0,-0.0388,1.18,1.24,0.0508,15590.0,12579.0,-0.1931,18396.0,15598.0,-0.1521,174.0,239.0,0.3736
BIOKUL,1117A - YOGHURT BEVERAGE,1117 - YOGHURT BEVERAGE,CHILLER,1.58,1.4,-0.1139,94.5,56.0,-0.4074,1.18,1.26,0.0678,12614.0,11230.0,-0.1097,14885.0,14150.0,-0.0494,160.0,133.0,-0.1688
HEAVENLY BLUSH,1117A - YOGHURT BEVERAGE,1117 - YOGHURT BEVERAGE,CHILLER,1.22,,,11.5,,,1.1,,,15452.0,,,16997.0,,,21.0,,
INDOMILK,1117A - YOGHURT BEVERAGE,1117 - YOGHURT BEVERAGE,CHILLER,1.67,1.37,-0.1796,158.0,87.33,-0.4473,1.21,1.16,-0.0413,10840.0,8931.0,-0.1761,13116.0,10360.0,-0.2101,261.0,225.0,-0.1379
KIN,1117A - YOGHURT BEVERAGE,1117 - YOGHURT BEVERAGE,CHILLER,1.54,1.35,-0.1234,129.0,31.67,-0.7545,1.18,1.12,-0.0508,15290.0,13361.0,-0.1262,18042.0,14964.0,-0.1706,219.0,85.0,-0.6119
BINTANG,1118A - CARBONATED MALT,1118 - CARBONATED MALT,CHILLER,17.86,10.48,-0.4132,155.5,31.67,-0.7963,2.02,1.3,-0.3564,164673.0,100395.0,-0.3903,332639.0,130514.0,-0.6076,154.0,73.0,-0.526
GREEN SANDS,1118A - CARBONATED MALT,1118 - CARBONATED MALT,CHILLER,2.09,1.68,-0.1962,70.5,35.67,-0.494,1.16,1.19,0.0259,15000.0,12566.0,-0.1623,17400.0,14954.0,-0.1406,122.0,90.0,-0.2623
GROOVY,1118B - CARBONATED MALT PACK,1118 - CARBONATED MALT,CHILLER,1.51,1.3,-0.1391,17.5,7.67,-0.5617,1.17,1.28,0.094,12131.0,10552.0,-0.1302,14193.0,13507.0,-0.0483,30.0,18.0,-0.4
CAP PANDA,1121C - GRASS JELLY,1121 - DESSERT,CHILLER,1.21,1.25,0.0331,164.0,31.0,-0.811,1.16,1.11,-0.0431,9416.0,9671.0,0.0271,10923.0,10735.0,-0.0172,282.0,84.0,-0.7021
DELMONTE,1121C - GRASS JELLY,1121 - DESSERT,CHILLER,1.15,1.88,0.6348,65.5,33.33,-0.4911,1.16,1.39,0.1983,12423.0,20345.0,0.6377,14411.0,28280.0,0.9624,113.0,72.0,-0.3628
YEO'S,1121C - GRASS JELLY,1121 - DESSERT,CHILLER,1.39,,,16.5,,,1.03,,,10364.0,,,10675.0,,,32.0,,
BUAVITA,1151B - JUICE TETRAPACK 125-150ML,1151 - RTD JUICE,CHILLER,4.83,,,3.0,,,1.0,,,24650.0,,,24650.0,,,6.0,,
ULTRA,1151B - JUICE TETRAPACK 125-150ML,1151 - RTD JUICE,CHILLER,1.76,1.13,-0.358,12.5,5.0,-0.6,1.14,1.15,0.0088,7208.0,4713.0,-0.3461,8217.0,5420.0,-0.3404,22.0,13.0,-0.4091
NUTRI SARI,1151C - JUICE TETRAPACK 200ML,1151 - RTD JUICE,CHILLER,1.44,1.59,0.1042,42.5,7.33,-0.8275,1.21,1.05,-0.1322,12416.0,13564.0,0.0925,15023.0,14242.0,-0.052,70.0,21.0,-0.7
ABC,1151D - JUICE TETRAPACK 240-250ML,1151 - RTD JUICE,CHILLER,1.63,1.24,-0.2393,93.0,50.67,-0.4552,1.17,1.11,-0.0513,9083.0,6848.0,-0.2461,10627.0,7601.0,-0.2847,159.0,137.0,-0.1384
BUAVITA,1151D - JUICE TETRAPACK 240-250ML,1151 - RTD JUICE,CHILLER,1.76,2.02,0.1477,144.5,114.67,-0.2064,1.17,1.23,0.0513,16688.0,19065.0,0.1424,19525.0,23450.0,0.201,248.0,280.0,0.129
COUNTRY CHOICE,1151D - JUICE TETRAPACK 240-250ML,1151 - RTD JUICE,CHILLER,1.0,,,0.5,,,1.0,,,6900.0,,,6900.0,,,1.0,,
ULTRA,1151D - JUICE TETRAPACK 240-250ML,1151 - RTD JUICE,CHILLER,1.82,1.37,-0.2473,60.0,47.33,-0.2112,1.13,1.18,0.0442,11102.0,7918.0,-0.2868,12545.0,9343.0,-0.2552,106.0,120.0,0.1321
ABC,1151E - JUICE TETRAPACK 750-1200ML,1151 - RTD JUICE,CHILLER,1.29,,,3.5,,,1.0,,,13500.0,,,13500.0,,,7.0,,
BUAVITA,1151E - JUICE TETRAPACK 750-1200ML,1151 - RTD JUICE,CHILLER,1.32,1.31,-0.0076,18.5,8.67,-0.5314,1.06,1.04,-0.0189,43159.0,41373.0,-0.0414,45749.0,43028.0,-0.0595,35.0,25.0,-0.2857
COUNTRY CHOICE,1151E - JUICE TETRAPACK 750-1200ML,1151 - RTD JUICE,CHILLER,1.0,,,1.0,,,1.0,,,23900.0,,,23900.0,,,2.0,,
MINUTE MAID,1151E - JUICE TETRAPACK 750-1200ML,1151 - RTD JUICE,CHILLER,1.52,1.18,-0.2237,43.0,12.67,-0.7053,1.09,1.06,-0.0275,24076.0,17492.0,-0.2735,26243.0,18542.0,-0.2934,79.0,36.0,-0.5443
PROMO MARKETING,1151E - JUICE TETRAPACK 750-1200ML,1151 - RTD JUICE,CHILLER,1.0,,,576.5,,,1.41,,,14550.0,,,20516.0,,,818.0,,
COCA COLA,1151F - JUICE PET 200-450ML,1151 - RTD JUICE,CHILLER,1.04,,,1049.0,,,1.54,,,7578.0,,,11670.0,,,1360.0,,
FLORIDINA,1151F - JUICE PET 200-450ML,1151 - RTD JUICE,CHILLER,1.13,1.35,0.1947,692.5,66.67,-0.9037,1.4,1.16,-0.1714,4064.0,4860.0,0.1959,5690.0,5638.0,-0.0091,989.0,173.0,-0.8251
FRUITAMIN,1151F - JUICE PET 200-450ML,1151 - RTD JUICE,CHILLER,1.15,1.11,-0.0348,13.0,3.0,-0.7692,1.08,1.12,0.037,8438.0,8156.0,-0.0334,9113.0,9135.0,0.0024,24.0,8.0,-0.6667
ICHITAN,1151F - JUICE PET 200-450ML,1151 - RTD JUICE,CHILLER,1.27,1.03,-0.189,22.5,12.67,-0.4369,1.07,1.0,-0.0654,11773.0,9518.0,-0.1915,12597.0,9518.0,-0.2444,42.0,38.0,-0.0952
MINUTE MAID,1151F - JUICE PET 200-450ML,1151 - RTD JUICE,CHILLER,2.65,1.32,-0.5019,47.0,15.67,-0.6666,1.16,1.12,-0.0345,16279.0,8862.0,-0.4556,18884.0,9925.0,-0.4744,81.0,42.0,-0.4815
MOGU-MOGU,1151F - JUICE PET 200-450ML,1151 - RTD JUICE,CHILLER,1.23,1.28,0.0407,142.0,64.0,-0.5493,1.17,1.13,-0.0342,14785.0,15402.0,0.0417,17298.0,17404.0,0.0061,243.0,170.0,-0.3004
NUTRIBOOST,1151F - JUICE PET 200-450ML,1151 - RTD JUICE,CHILLER,1.51,1.22,-0.1921,109.0,53.33,-0.5107,1.28,1.19,-0.0703,11416.0,8508.0,-0.2547,14612.0,10125.0,-0.3071,170.0,134.0,-0.2118
PALDO,1151F - JUICE PET 200-450ML,1151 - RTD JUICE,CHILLER,1.24,1.29,0.0403,131.0,117.67,-0.1018,1.15,1.16,0.0087,18367.0,19133.0,0.0417,21122.0,22194.0,0.0508,227.0,304.0,0.3392
PROMO MARKETING,1151F - JUICE PET 200-450ML,1151 - RTD JUICE,CHILLER,1.06,,,1082.5,,,1.47,,,5960.0,,,8761.0,,,1470.0,,
YEO'S,1151F - JUICE PET 200-450ML,1151 - RTD JUICE,CHILLER,1.0,,,0.5,,,1.0,,,7500.0,,,7500.0,,,1.0,,
OLATTE,1151H - JUICE CAN 230-350ML,1151 - RTD JUICE,CHILLER,1.57,1.36,-0.1338,46.5,40.0,-0.1398,1.11,1.09,-0.018,18215.0,15949.0,-0.1244,20219.0,17384.0,-0.1402,84.0,110.0,0.3095
SUNPRIDE,1151H - JUICE CAN 230-350ML,1151 - RTD JUICE,CHILLER,1.29,1.61,0.2481,20.5,28.0,0.3659,1.17,1.25,0.0684,15395.0,19127.0,0.2424,18012.0,23909.0,0.3274,35.0,67.0,0.9143
YEO'S,1151H - JUICE CAN 230-350ML,1151 - RTD JUICE,CHILLER,2.0,,,0.5,,,1.0,,,15000.0,,,15000.0,,,1.0,,
S-TEE,1154A - RTD TEA TETRAPACK 200-240ML,1154 - RTD TEA,CHILLER,4.75,3.29,-0.3074,35.5,39.67,0.1175,1.09,1.21,0.1101,20404.0,8998.0,-0.559,22240.0,10888.0,-0.5104,65.0,98.0,0.5077
SOSRO,1154A - RTD TEA TETRAPACK 200-240ML,1154 - RTD TEA,CHILLER,5.76,,,8.5,,,1.31,,,374971.0,,,491212.0,,,13.0,,
ULTRA,1154A - RTD TEA TETRAPACK 200-240ML,1154 - RTD TEA,CHILLER,2.46,1.91,-0.2236,147.0,73.67,-0.4988,1.22,1.24,0.0164,10450.0,8144.0,-0.2207,12749.0,10099.0,-0.2079,241.0,178.0,-0.2614
FRUIT TEA,1154B - RTD TEA TETRAPACK 250-500ML,1154 - RTD TEA,CHILLER,1.44,4.66,2.2361,27.5,95.0,2.4545,1.02,1.2,0.1765,5322.0,16313.0,2.0652,5428.0,19576.0,2.6065,54.0,238.0,3.4074
SOSRO,1154B - RTD TEA TETRAPACK 250-500ML,1154 - RTD TEA,CHILLER,3.1,3.74,0.2065,310.5,101.33,-0.6737,1.19,1.45,0.2185,11546.0,13205.0,0.1437,13740.0,19147.0,0.3935,522.0,210.0,-0.5977
ULTRA,1154B - RTD TEA TETRAPACK 250-500ML,1154 - RTD TEA,CHILLER,1.66,1.45,-0.1265,30.5,18.67,-0.3879,1.17,1.14,-0.0256,6893.0,6180.0,-0.1034,8065.0,7045.0,-0.1265,52.0,49.0,-0.0577
YEO'S,1154B - RTD TEA TETRAPACK 250-500ML,1154 - RTD TEA,CHILLER,6.33,,,7.5,,,1.25,,,34833.0,,,43541.0,,,12.0,,
BONTEH,1154D - RTD TEA PET 250-420ML,1154 - RTD TEA,CHILLER,2.87,10.0,2.4843,26.5,0.33,-0.9875,1.13,1.0,-0.115,9177.0,32000.0,2.487,10370.0,32000.0,2.0858,47.0,1.0,-0.9787
FRESTEA,1154D - RTD TEA PET 250-420ML,1154 - RTD TEA,CHILLER,3.51,1.07,-0.6952,38.5,15.0,-0.6104,1.12,1.05,-0.0625,16487.0,4799.0,-0.7089,18465.0,5039.0,-0.7271,69.0,43.0,-0.3768
FRUIT TEA,1154D - RTD TEA PET 250-420ML,1154 - RTD TEA,CHILLER,1.11,1.54,0.3874,588.0,41.0,-0.9303,1.2,1.15,-0.0417,4589.0,6530.0,0.423,5507.0,7509.0,0.3635,978.0,107.0,-0.8906
ICHI,1154D - RTD TEA PET 250-420ML,1154 - RTD TEA,CHILLER,1.93,1.88,-0.0259,58.0,24.67,-0.5747,1.17,1.48,0.265,6329.0,6145.0,-0.0291,7405.0,9095.0,0.2282,99.0,50.0,-0.4949
ICHITAN,1154D - RTD TEA PET 250-420ML,1154 - RTD TEA,CHILLER,1.31,1.1,-0.1603,24.0,32.33,0.3471,1.07,1.07,0.0,6460.0,8985.0,0.3909,6912.0,9614.0,0.3909,45.0,91.0,1.0222
JAVANA,1154D - RTD TEA PET 250-420ML,1154 - RTD TEA,CHILLER,4.23,2.49,-0.4113,117.5,56.67,-0.5177,1.32,1.25,-0.053,13552.0,8006.0,-0.4092,17889.0,10008.0,-0.4406,178.0,136.0,-0.236
NU,1154D - RTD TEA PET 250-420ML,1154 - RTD TEA,CHILLER,1.26,1.46,0.1587,43.0,18.67,-0.5658,1.46,1.04,-0.2877,6088.0,6725.0,0.1046,8888.0,6994.0,-0.2131,59.0,54.0,-0.0847
POKKA,1154D - RTD TEA PET 250-420ML,1154 - RTD TEA,CHILLER,1.0,,,0.5,,,1.0,,,8900.0,,,8900.0,,,1.0,,
PROMO MARKETING,1154D - RTD TEA PET 250-420ML,1154 - RTD TEA,CHILLER,1.04,,,122.0,,,1.18,,,4684.0,,,5527.0,,,207.0,,
PUCUK HARUM,1154D - RTD TEA PET 250-420ML,1154 - RTD TEA,CHILLER,2.5,4.2,0.68,347.0,235.33,-0.3218,1.32,1.35,0.0227,9578.0,15949.0,0.6652,12643.0,21531.0,0.703,526.0,522.0,-0.0076
S-TEE,1154D - RTD TEA PET 250-420ML,1154 - RTD TEA,CHILLER,1.19,3.23,1.7143,513.0,14.33,-0.9721,1.29,1.1,-0.1473,4010.0,11026.0,1.7496,5173.0,12129.0,1.3447,793.0,39.0,-0.9508
SOSRO,1154D - RTD TEA PET 250-420ML,1154 - RTD TEA,CHILLER,1.17,1.41,0.2051,787.0,38.67,-0.9509,1.42,1.1,-0.2254,4602.0,5852.0,0.2716,6535.0,6437.0,-0.015,1112.0,105.0,-0.9056
TEH GELAS,1154D - RTD TEA PET 250-420ML,1154 - RTD TEA,CHILLER,5.39,3.95,-0.2672,71.0,36.33,-0.4883,1.28,1.16,-0.0938,17801.0,13049.0,-0.267,22785.0,15137.0,-0.3357,111.0,94.0,-0.1532
CHI FOREST,1154E - RTD TEA PET 450-500ML,1154 - RTD TEA,CHILLER,1.11,1.33,0.1982,4.5,31.67,6.0378,1.12,1.12,0.0,9444.0,11224.0,0.1885,10577.0,12571.0,0.1885,8.0,85.0,9.625
FRESTEA,1154E - RTD TEA PET 450-500ML,1154 - RTD TEA,CHILLER,2.66,1.11,-0.5827,40.0,21.33,-0.4668,1.14,1.07,-0.0614,17454.0,7698.0,-0.559,19898.0,8237.0,-0.586,70.0,60.0,-0.1429
FRUIT TEA,1154E - RTD TEA PET 450-500ML,1154 - RTD TEA,CHILLER,1.22,1.29,0.0574,116.0,70.33,-0.3937,1.09,1.11,0.0183,9163.0,9474.0,0.0339,9988.0,10516.0,0.0529,213.0,190.0,-0.108
NU,1154E - RTD TEA PET 450-500ML,1154 - RTD TEA,CHILLER,1.54,1.59,0.0325,195.5,75.67,-0.6129,1.15,1.12,-0.0261,10677.0,10986.0,0.0289,12279.0,12304.0,0.002,340.0,202.0,-0.4059
PROMO MARKETING,1154E - RTD TEA PET 450-500ML,1154 - RTD TEA,CHILLER,1.04,,,73.0,,,1.11,,,6663.0,,,7396.0,,,132.0,,
PUCUK HARUM,1154E - RTD TEA PET 450-500ML,1154 - RTD TEA,CHILLER,1.15,1.24,0.0783,64.0,46.67,-0.2708,1.15,1.16,0.0087,8067.0,8700.0,0.0785,9277.0,10092.0,0.0879,111.0,121.0,0.0901
SOSRO,1154E - RTD TEA PET 450-500ML,1154 - RTD TEA,CHILLER,2.65,1.58,-0.4038,69.5,37.0,-0.4676,1.16,1.07,-0.0776,18501.0,11095.0,-0.4003,21461.0,11872.0,-0.4468,120.0,104.0,-0.1333
TEBS,1154E - RTD TEA PET 450-500ML,1154 - RTD TEA,CHILLER,1.49,1.3,-0.1275,34.0,29.0,-0.1471,1.17,1.38,0.1795,12597.0,10910.0,-0.1339,14738.0,15056.0,0.0216,58.0,63.0,0.0862
TEBS,1154G - RTD TEA CAN,1154 - RTD TEA,CHILLER,1.12,1.27,0.1339,8.5,8.67,0.02,1.13,1.08,-0.0442,6871.0,7815.0,0.1374,7764.0,8440.0,0.0871,15.0,24.0,0.6
WONG LO KAT,1154G - RTD TEA CAN,1154 - RTD TEA,CHILLER,1.4,2.71,0.9357,7.5,9.33,0.244,1.5,1.27,-0.1533,20827.0,35189.0,0.6896,31240.0,44690.0,0.4305,10.0,22.0,1.2
ULTRA,1154I - RTD TEA CARTON,1154 - RTD TEA,CHILLER,2.25,,,52.5,,,1.81,,,208495.0,,,377376.0,,,58.0,,
FRESTEA,1154J - RTD TEA PET >=1000ML,1154 - RTD TEA,CHILLER,1.3,1.04,-0.2,83.5,7.67,-0.9081,1.26,1.05,-0.1667,22113.0,17891.0,-0.1909,27862.0,18786.0,-0.3257,133.0,22.0,-0.8346
PROMO MARKETING,1154J - RTD TEA PET >=1000ML,1154 - RTD TEA,CHILLER,1.0,,,6.5,,,1.18,,,17000.0,,,20060.0,,,11.0,,
PUCUK HARUM,1154J - RTD TEA PET >=1000ML,1154 - RTD TEA,CHILLER,1.14,1.08,-0.0526,51.5,35.67,-0.3074,1.16,1.16,0.0,15311.0,14365.0,-0.0618,17761.0,16663.0,-0.0618,89.0,92.0,0.0337
ICHITAN,1154K - RTD MILK TEA PET,1154 - RTD TEA,CHILLER,1.38,1.27,-0.0797,170.5,60.67,-0.6442,1.12,1.05,-0.0625,12646.0,11803.0,-0.0667,14164.0,12393.0,-0.125,305.0,173.0,-0.4328
NU,1154K - RTD MILK TEA PET,1154 - RTD TEA,CHILLER,2.0,1.18,-0.41,132.0,52.0,-0.6061,1.15,1.1,-0.0435,16440.0,9763.0,-0.4061,18906.0,10739.0,-0.432,230.0,142.0,-0.3826
PUCUK HARUM,1154L - RTD TEA LESS SUGAR,1154 - RTD TEA,CHILLER,2.11,1.27,-0.3981,132.5,55.33,-0.5824,1.39,1.14,-0.1799,9469.0,6867.0,-0.2748,13162.0,7828.0,-0.4053,190.0,146.0,-0.2316
SOSRO,1154L - RTD TEA LESS SUGAR,1154 - RTD TEA,CHILLER,2.66,1.42,-0.4662,91.0,26.67,-0.7069,1.17,1.16,-0.0085,9816.0,5594.0,-0.4301,11485.0,6489.0,-0.435,155.0,69.0,-0.5548
ULTRA,1154L - RTD TEA LESS SUGAR,1154 - RTD TEA,CHILLER,1.98,1.74,-0.1212,40.5,23.0,-0.4321,1.31,1.17,-0.1069,8688.0,7325.0,-0.1569,11381.0,8570.0,-0.247,62.0,59.0,-0.0484
LOKALATE,1156A - RTD COFFEE TETRAPACK,1156 - RTD COFFEE,CHILLER,1.09,,,5.5,,,1.1,,,8182.0,,,9000.0,,,10.0,,
NESCAFE,1156A - RTD COFFEE TETRAPACK,1156 - RTD COFFEE,CHILLER,1.21,1.14,-0.0579,36.0,23.67,-0.3425,1.2,1.15,-0.0417,6926.0,6406.0,-0.0751,8311.0,7367.0,-0.1136,60.0,62.0,0.0333
OATSIDE,1156A - RTD COFFEE TETRAPACK,1156 - RTD COFFEE,CHILLER,1.4,1.59,0.1357,160.0,41.33,-0.7417,1.31,1.23,-0.0611,11146.0,12627.0,0.1329,14601.0,15531.0,0.0637,245.0,101.0,-0.5878
ABC,"1156B - RTD COFFEE CAN, BOTTLE, PET",1156 - RTD COFFEE,CHILLER,1.57,1.54,-0.0191,254.5,163.67,-0.3569,1.38,1.36,-0.0145,7163.0,6986.0,-0.0247,9885.0,9501.0,-0.0388,370.0,361.0,-0.0243
CAFFINO,"1156B - RTD COFFEE CAN, BOTTLE, PET",1156 - RTD COFFEE,CHILLER,1.6,1.26,-0.2125,69.0,32.0,-0.5362,1.14,1.17,0.0263,12689.0,10050.0,-0.208,14465.0,11758.0,-0.1871,121.0,82.0,-0.3223
F&N,"1156B - RTD COFFEE CAN, BOTTLE, PET",1156 - RTD COFFEE,CHILLER,1.15,1.33,0.1565,13.5,11.0,-0.1852,1.12,1.1,-0.0179,9344.0,10676.0,0.1426,10465.0,11744.0,0.1222,24.0,30.0,0.25
FOXBUD,"1156B - RTD COFFEE CAN, BOTTLE, PET",1156 - RTD COFFEE,CHILLER,,1.12,,,8.0,,,1.0,,,17921.0,,,17921.0,,,24.0,
GOLDA,"1156B - RTD COFFEE CAN, BOTTLE, PET",1156 - RTD COFFEE,CHILLER,1.45,1.34,-0.0759,349.5,230.67,-0.34,1.51,1.43,-0.053,6268.0,5614.0,-0.1043,9465.0,8028.0,-0.1518,462.0,483.0,0.0455
GOOD DAY,"1156B - RTD COFFEE CAN, BOTTLE, PET",1156 - RTD COFFEE,CHILLER,1.35,1.24,-0.0815,271.0,167.0,-0.3838,1.26,1.22,-0.0317,10441.0,9471.0,-0.0929,13156.0,11555.0,-0.1217,431.0,411.0,-0.0464
HY,"1156B - RTD COFFEE CAN, BOTTLE, PET",1156 - RTD COFFEE,CHILLER,1.21,1.58,0.3058,26.5,11.0,-0.5849,1.08,1.0,-0.0741,11536.0,15000.0,0.3003,12459.0,15000.0,0.2039,49.0,33.0,-0.3265
HYDRO COCO,"1156B - RTD COFFEE CAN, BOTTLE, PET",1156 - RTD COFFEE,CHILLER,,1.21,,,9.67,,,1.16,,,19914.0,,,23100.0,,,25.0,
ICHITAN,"1156B - RTD COFFEE CAN, BOTTLE, PET",1156 - RTD COFFEE,CHILLER,1.27,1.18,-0.0709,40.0,22.33,-0.4418,1.1,1.08,-0.0182,12020.0,10999.0,-0.0849,13222.0,11879.0,-0.1016,73.0,62.0,-0.1507
KAPAL API,"1156B - RTD COFFEE CAN, BOTTLE, PET",1156 - RTD COFFEE,CHILLER,1.27,1.2,-0.0551,98.0,65.33,-0.3334,1.36,1.2,-0.1176,7801.0,7309.0,-0.0631,10609.0,8771.0,-0.1732,144.0,163.0,0.1319
KOPI KENANGAN,"1156B - RTD COFFEE CAN, BOTTLE, PET",1156 - RTD COFFEE,CHILLER,1.2,1.23,0.025,203.0,202.33,-0.0033,1.14,1.18,0.0351,10066.0,9930.0,-0.0135,11475.0,11717.0,0.0211,357.0,514.0,0.4398
KOPIKO,"1156B - RTD COFFEE CAN, BOTTLE, PET",1156 - RTD COFFEE,CHILLER,1.2,1.1,-0.0833,74.0,28.67,-0.6126,1.78,1.41,-0.2079,10094.0,9514.0,-0.0575,17967.0,13415.0,-0.2534,83.0,61.0,-0.2651
LUWAK,"1156B - RTD COFFEE CAN, BOTTLE, PET",1156 - RTD COFFEE,CHILLER,1.36,1.23,-0.0956,71.5,22.0,-0.6923,1.1,1.03,-0.0636,9804.0,8845.0,-0.0978,10784.0,9110.0,-0.1552,130.0,64.0,-0.5077
NESCAFE,"1156B - RTD COFFEE CAN, BOTTLE, PET",1156 - RTD COFFEE,CHILLER,2.16,1.61,-0.2546,490.0,330.0,-0.3265,1.28,1.21,-0.0547,16897.0,13055.0,-0.2274,21628.0,15797.0,-0.2696,766.0,818.0,0.0679
POLARIS,"1156B - RTD COFFEE CAN, BOTTLE, PET",1156 - RTD COFFEE,CHILLER,1.64,1.54,-0.061,23.5,23.33,-0.0072,1.31,1.19,-0.0916,11343.0,11571.0,0.0201,14859.0,13769.0,-0.0734,36.0,59.0,0.6389
STARBUCKS,"1156B - RTD COFFEE CAN, BOTTLE, PET",1156 - RTD COFFEE,CHILLER,1.31,1.13,-0.1374,37.5,25.33,-0.3245,1.07,1.06,-0.0093,20125.0,17113.0,-0.1497,21534.0,18140.0,-0.1576,70.0,72.0,0.0286
TORA CAFE,"1156B - RTD COFFEE CAN, BOTTLE, PET",1156 - RTD COFFEE,CHILLER,1.35,1.22,-0.0963,30.0,7.67,-0.7443,1.11,1.15,0.036,7902.0,6983.0,-0.1163,8771.0,8030.0,-0.0845,54.0,20.0,-0.6296
MUSTIKA RATU,1231C - TRADITIONAL DRINK TETRAPACK,1231 - TRADITIONAL DRINK,CHILLER,1.14,1.0,-0.1228,3.5,1.0,-0.7143,1.0,1.0,0.0,10500.0,10600.0,0.0095,10500.0,10600.0,0.0095,7.0,3.0,-0.5714
L-MEN,2022A - SPECIALTY LIQUID MILK,2022 - SPECIALTY LIQUID MILK,CHILLER,1.48,1.44,-0.027,13.5,17.33,0.2837,1.08,1.11,0.0278,23115.0,22575.0,-0.0234,24964.0,25058.0,0.0038,25.0,47.0,0.88
MILO,2022A - SPECIALTY LIQUID MILK,2022 - SPECIALTY LIQUID MILK,CHILLER,1.0,1.33,0.33,0.5,15.0,29.0,1.0,1.18,0.18,16200.0,19304.0,0.1916,16200.0,22779.0,0.4061,1.0,38.0,37.0
NUTRIVE,2022A - SPECIALTY LIQUID MILK,2022 - SPECIALTY LIQUID MILK,CHILLER,2.7,2.16,-0.2,85.5,50.0,-0.4152,1.35,1.33,-0.0148,24897.0,19969.0,-0.1979,33611.0,26559.0,-0.2098,127.0,113.0,-0.1102
PRENAGEN,2022A - SPECIALTY LIQUID MILK,2022 - SPECIALTY LIQUID MILK,CHILLER,6.0,1.53,-0.745,0.5,25.67,50.34,1.0,1.22,0.22,59400.0,15199.0,-0.7441,59400.0,18543.0,-0.6878,1.0,63.0,62.0
BEBELAC,2023A - TETRAPAK LIQUID MILK 100-130ML,2023 - TETRAPACK LIQUID MILK,CHILLER,1.19,1.75,0.4706,51.0,54.67,0.072,1.19,1.24,0.042,7355.0,10329.0,0.4044,8752.0,12808.0,0.4634,86.0,132.0,0.5349
CIMORY,2023A - TETRAPAK LIQUID MILK 100-130ML,2023 - TETRAPACK LIQUID MILK,CHILLER,1.69,1.45,-0.142,65.5,47.0,-0.2824,1.17,1.17,0.0,6224.0,5199.0,-0.1647,7282.0,6083.0,-0.1647,112.0,121.0,0.0804
DANCOW,2023A - TETRAPAK LIQUID MILK 100-130ML,2023 - TETRAPACK LIQUID MILK,CHILLER,2.54,1.41,-0.4449,101.5,20.33,-0.7997,1.38,1.05,-0.2391,8908.0,5000.0,-0.4387,12293.0,5250.0,-0.5729,147.0,58.0,-0.6054
DIAMOND,2023A - TETRAPAK LIQUID MILK 100-130ML,2023 - TETRAPACK LIQUID MILK,CHILLER,1.46,1.0,-0.3151,49.0,0.33,-0.9933,1.17,1.0,-0.1453,5720.0,4100.0,-0.2832,6692.0,4100.0,-0.3873,84.0,1.0,-0.9881
FRISIAN FLAG,2023A - TETRAPAK LIQUID MILK 100-130ML,2023 - TETRAPACK LIQUID MILK,CHILLER,1.48,2.24,0.5135,58.5,53.0,-0.094,1.05,1.12,0.0667,5553.0,8006.0,0.4417,5831.0,8967.0,0.5378,111.0,142.0,0.2793
GREENFIELDS,2023A - TETRAPAK LIQUID MILK 100-130ML,2023 - TETRAPACK LIQUID MILK,CHILLER,3.02,3.15,0.043,454.5,216.0,-0.5248,1.4,1.43,0.0214,10793.0,11896.0,0.1022,15110.0,17011.0,0.1258,647.0,452.0,-0.3014
INDOMILK,2023A - TETRAPAK LIQUID MILK 100-130ML,2023 - TETRAPACK LIQUID MILK,CHILLER,2.19,2.35,0.0731,318.5,190.0,-0.4035,1.31,1.27,-0.0305,9808.0,7932.0,-0.1913,12848.0,10074.0,-0.2159,485.0,450.0,-0.0722
LACTOGROW,2023A - TETRAPAK LIQUID MILK 100-130ML,2023 - TETRAPACK LIQUID MILK,CHILLER,2.48,1.53,-0.3831,27.0,5.67,-0.79,1.35,1.06,-0.2148,15881.0,9676.0,-0.3907,21439.0,10257.0,-0.5216,40.0,16.0,-0.6
PEDIASURE,2023A - TETRAPAK LIQUID MILK 100-130ML,2023 - TETRAPACK LIQUID MILK,CHILLER,2.59,2.02,-0.2201,58.0,13.33,-0.7702,1.81,1.6,-0.116,33947.0,28188.0,-0.1696,61444.0,45101.0,-0.266,64.0,25.0,-0.6094
REAL GOOD,2023A - TETRAPAK LIQUID MILK 100-130ML,2023 - TETRAPACK LIQUID MILK,CHILLER,5.32,5.83,0.0959,133.5,125.0,-0.0637,1.18,1.11,-0.0593,17601.0,19264.0,0.0945,20769.0,21383.0,0.0296,227.0,337.0,0.4846
SARI CHOCO,2023A - TETRAPAK LIQUID MILK 100-130ML,2023 - TETRAPACK LIQUID MILK,CHILLER,1.12,,,13.0,,,1.18,,,4592.0,,,5419.0,,,22.0,,
ULTRA,2023A - TETRAPAK LIQUID MILK 100-130ML,2023 - TETRAPACK LIQUID MILK,CHILLER,2.6,2.39,-0.0808,684.0,340.67,-0.5019,1.44,1.44,0.0,10843.0,10042.0,-0.0739,15614.0,14460.0,-0.0739,950.0,710.0,-0.2526
VIDORAN,2023A - TETRAPAK LIQUID MILK 100-130ML,2023 - TETRAPACK LIQUID MILK,CHILLER,2.33,3.41,0.4635,116.5,44.33,-0.6195,1.42,1.34,-0.0563,8102.0,11980.0,0.4786,11505.0,16053.0,0.3953,164.0,99.0,-0.3963
BEBELAC,2023B - TETRAPAK LIQUID MILK 160-200ML,2023 - TETRAPACK LIQUID MILK,CHILLER,1.0,1.46,0.46,38.0,16.0,-0.5789,1.17,1.2,0.0256,9700.0,13892.0,0.4322,11349.0,16670.0,0.4689,65.0,40.0,-0.3846
BINGGRAE,2023B - TETRAPAK LIQUID MILK 160-200ML,2023 - TETRAPACK LIQUID MILK,CHILLER,1.14,1.08,-0.0526,3.5,8.33,1.38,1.0,1.14,0.14,22829.0,21556.0,-0.0558,22829.0,24574.0,0.0764,7.0,22.0,2.1429
DANCOW,2023B - TETRAPAK LIQUID MILK 160-200ML,2023 - TETRAPACK LIQUID MILK,CHILLER,2.84,1.17,-0.588,38.5,4.0,-0.8961,1.51,1.0,-0.3377,19340.0,7967.0,-0.5881,29203.0,7967.0,-0.7272,51.0,12.0,-0.7647
DIAMOND,2023B - TETRAPAK LIQUID MILK 160-200ML,2023 - TETRAPACK LIQUID MILK,CHILLER,1.73,1.44,-0.1676,24.5,58.67,1.3947,1.09,1.14,0.0459,10253.0,8534.0,-0.1677,11176.0,9729.0,-0.1295,45.0,155.0,2.4444
FRISIAN FLAG,2023B - TETRAPAK LIQUID MILK 160-200ML,2023 - TETRAPACK LIQUID MILK,CHILLER,,1.29,,,19.67,,,1.09,,,7005.0,,,7635.0,,,54.0,
GREENFIELDS,2023B - TETRAPAK LIQUID MILK 160-200ML,2023 - TETRAPACK LIQUID MILK,CHILLER,1.93,,,74.5,,,1.2,,,13605.0,,,16326.0,,,124.0,,
HILO,2023B - TETRAPAK LIQUID MILK 160-200ML,2023 - TETRAPACK LIQUID MILK,CHILLER,1.91,1.61,-0.1571,59.5,33.33,-0.4398,1.23,1.33,0.0813,22112.0,19263.0,-0.1288,27198.0,25620.0,-0.058,97.0,75.0,-0.2268
INDOMILK,2023B - TETRAPAK LIQUID MILK 160-200ML,2023 - TETRAPACK LIQUID MILK,CHILLER,1.52,1.52,0.0,147.0,37.33,-0.7461,1.23,1.13,-0.0813,8118.0,8057.0,-0.0075,9985.0,9104.0,-0.0882,239.0,99.0,-0.5858
MILK LIFE,2023B - TETRAPAK LIQUID MILK 160-200ML,2023 - TETRAPACK LIQUID MILK,CHILLER,1.18,1.3,0.1017,106.5,29.67,-0.7214,1.12,1.16,0.0357,7916.0,8836.0,0.1162,8866.0,10250.0,0.1561,191.0,77.0,-0.5969
MILO,2023B - TETRAPAK LIQUID MILK 160-200ML,2023 - TETRAPACK LIQUID MILK,CHILLER,1.49,1.28,-0.1409,155.0,120.67,-0.2215,1.14,1.21,0.0614,9558.0,8347.0,-0.1267,10896.0,10100.0,-0.0731,273.0,298.0,0.0916
SARI CHOCO,2023B - TETRAPAK LIQUID MILK 160-200ML,2023 - TETRAPACK LIQUID MILK,CHILLER,1.01,,,33.5,,,1.03,,,6421.0,,,6614.0,,,65.0,,
ULTRA,2023B - TETRAPAK LIQUID MILK 160-200ML,2023 - TETRAPACK LIQUID MILK,CHILLER,1.68,1.57,-0.0655,748.5,533.33,-0.2875,1.25,1.27,0.016,10572.0,9861.0,-0.0673,13215.0,12523.0,-0.0524,1196.0,1257.0,0.051
VIDORAN,2023B - TETRAPAK LIQUID MILK 160-200ML,2023 - TETRAPACK LIQUID MILK,CHILLER,2.68,2.53,-0.056,20.0,38.0,0.9,1.14,1.3,0.1404,13332.0,12711.0,-0.0466,15198.0,16524.0,0.0872,35.0,88.0,1.5143
CIMORY,2023C - TETRAPAK LIQUID MILK 220-250ML,2023 - TETRAPACK LIQUID MILK,CHILLER,1.74,1.4,-0.1954,821.5,419.33,-0.4896,1.26,1.26,0.0,13206.0,10656.0,-0.1931,16640.0,13427.0,-0.1931,1308.0,999.0,-0.2362
FRISIAN FLAG,2023C - TETRAPAK LIQUID MILK 220-250ML,2023 - TETRAPACK LIQUID MILK,CHILLER,1.82,1.95,0.0714,1216.0,434.67,-0.6425,1.35,1.3,-0.037,12874.0,13319.0,0.0346,17380.0,17315.0,-0.0037,1800.0,1004.0,-0.4422
GREENFIELDS,2023C - TETRAPAK LIQUID MILK 220-250ML,2023 - TETRAPACK LIQUID MILK,CHILLER,1.61,1.47,-0.087,220.0,93.33,-0.5758,1.25,1.16,-0.072,12829.0,12466.0,-0.0283,16036.0,14461.0,-0.0982,352.0,242.0,-0.3125
ULTRA,2023C - TETRAPAK LIQUID MILK 220-250ML,2023 - TETRAPACK LIQUID MILK,CHILLER,1.59,1.32,-0.1698,681.5,449.0,-0.3412,1.27,1.26,-0.0079,12634.0,10487.0,-0.1699,16045.0,13214.0,-0.1764,1077.0,1072.0,-0.0046
CHIL-GO,2023F - TETRAPAK LIQUID MILK CARTON,2023 - TETRAPACK LIQUID MILK,CHILLER,1.14,,,3.5,,,1.4,,,211714.0,,,296400.0,,,5.0,,
DANCOW,2023F - TETRAPAK LIQUID MILK CARTON,2023 - TETRAPACK LIQUID MILK,CHILLER,1.33,,,1.5,,,1.0,,,201333.0,,,201333.0,,,3.0,,
FRISIAN FLAG,2023F - TETRAPAK LIQUID MILK CARTON,2023 - TETRAPACK LIQUID MILK,CHILLER,1.26,,,11.5,,,1.15,,,131752.0,,,151515.0,,,20.0,,
GREENFIELDS,2023F - TETRAPAK LIQUID MILK CARTON,2023 - TETRAPACK LIQUID MILK,CHILLER,1.62,,,216.5,,,1.92,,,195448.0,,,375260.0,,,225.0,,
LACTOGROW,2023F - TETRAPAK LIQUID MILK CARTON,2023 - TETRAPACK LIQUID MILK,CHILLER,1.0,,,1.0,,,1.0,,,211400.0,,,211400.0,,,2.0,,
MILK LIFE,2023F - TETRAPAK LIQUID MILK CARTON,2023 - TETRAPACK LIQUID MILK,CHILLER,1.08,,,6.5,,,1.08,,,114731.0,,,123909.0,,,12.0,,
MILO,2023F - TETRAPAK LIQUID MILK CARTON,2023 - TETRAPACK LIQUID MILK,CHILLER,1.0,,,3.5,,,1.0,,,112714.0,,,112714.0,,,7.0,,
ULTRA,2023F - TETRAPAK LIQUID MILK CARTON,2023 - TETRAPACK LIQUID MILK,CHILLER,1.15,,,87.5,,,1.4,,,152703.0,,,213784.0,,,125.0,,
VIDORAN,2023F - TETRAPAK LIQUID MILK CARTON,2023 - TETRAPACK LIQUID MILK,CHILLER,1.0,,,1.5,,,1.0,,,114333.0,,,114333.0,,,3.0,,
BEAR BRAND,2024A - CAN LIQUID MILK,2024 - BOTTLE - CAN LIQUID MILK,CHILLER,2.92,3.62,0.2397,1023.5,463.67,-0.547,1.32,1.47,0.1136,39248.0,38609.0,-0.0163,51807.0,56755.0,0.0955,1546.0,949.0,-0.3862
COLLAGENA,2024A - CAN LIQUID MILK,2024 - BOTTLE - CAN LIQUID MILK,CHILLER,2.01,2.08,0.0348,183.0,139.67,-0.2368,1.4,1.27,-0.0929,25145.0,25655.0,0.0203,35203.0,32582.0,-0.0745,261.0,330.0,0.2644
ENTRASOL,2024A - CAN LIQUID MILK,2024 - BOTTLE - CAN LIQUID MILK,CHILLER,2.27,2.72,0.1982,25.5,19.0,-0.2549,1.06,1.16,0.0943,22745.0,27296.0,0.2001,24110.0,31663.0,0.3133,48.0,49.0,0.0208
GOODNES,2024A - CAN LIQUID MILK,2024 - BOTTLE - CAN LIQUID MILK,CHILLER,1.59,1.24,-0.2201,76.0,38.0,-0.5,1.12,1.16,0.0357,15703.0,12296.0,-0.217,17587.0,14263.0,-0.189,136.0,98.0,-0.2794
INDOMILK,2024A - CAN LIQUID MILK,2024 - BOTTLE - CAN LIQUID MILK,CHILLER,2.29,1.29,-0.4367,61.0,8.0,-0.8689,1.3,1.14,-0.1231,21297.0,12004.0,-0.4364,27686.0,13685.0,-0.5057,94.0,21.0,-0.7766
KIT KAT,2024A - CAN LIQUID MILK,2024 - BOTTLE - CAN LIQUID MILK,CHILLER,,1.19,,,55.67,,,1.07,,,14547.0,,,15565.0,,,156.0,
MILO,2024A - CAN LIQUID MILK,2024 - BOTTLE - CAN LIQUID MILK,CHILLER,1.36,1.27,-0.0662,142.5,106.0,-0.2561,1.27,1.2,-0.0551,15120.0,14403.0,-0.0474,19202.0,17284.0,-0.0999,224.0,265.0,0.183
SO GOOD,2024A - CAN LIQUID MILK,2024 - BOTTLE - CAN LIQUID MILK,CHILLER,2.28,2.21,-0.0307,52.5,65.33,0.2444,1.24,1.23,-0.0081,20264.0,19734.0,-0.0262,25127.0,24273.0,-0.034,85.0,159.0,0.8706
TUJUH KURMA,2024A - CAN LIQUID MILK,2024 - BOTTLE - CAN LIQUID MILK,CHILLER,1.59,1.33,-0.1635,91.0,53.0,-0.4176,1.14,1.08,-0.0526,17282.0,14677.0,-0.1507,19701.0,15851.0,-0.1954,159.0,147.0,-0.0755
ALFAMART,2024C - BOTTLE LIQUID MILK 160-310ML,2024 - BOTTLE - CAN LIQUID MILK,CHILLER,1.32,1.1,-0.1667,64.5,80.67,0.2507,1.09,1.11,0.0183,12735.0,9556.0,-0.2496,13881.0,10607.0,-0.2359,118.0,218.0,0.8475
ICHITAN,2024C - BOTTLE LIQUID MILK 160-310ML,2024 - BOTTLE - CAN LIQUID MILK,CHILLER,1.44,1.29,-0.1042,90.0,48.33,-0.463,1.14,1.08,-0.0526,14079.0,12403.0,-0.119,16050.0,13395.0,-0.1654,158.0,134.0,-0.1519
INDOMILK,2024C - BOTTLE LIQUID MILK 160-310ML,2024 - BOTTLE - CAN LIQUID MILK,CHILLER,1.41,1.36,-0.0355,87.5,55.33,-0.3677,1.28,1.18,-0.0781,6340.0,6183.0,-0.0248,8115.0,7296.0,-0.1009,137.0,141.0,0.0292
MILKU,2024C - BOTTLE LIQUID MILK 160-310ML,2024 - BOTTLE - CAN LIQUID MILK,CHILLER,1.64,3.87,1.3598,227.0,214.67,-0.0543,1.28,1.3,0.0156,6203.0,14381.0,1.3184,7940.0,18695.0,1.3545,356.0,495.0,0.3904
MUJIGAE,2024C - BOTTLE LIQUID MILK 160-310ML,2024 - BOTTLE - CAN LIQUID MILK,CHILLER,1.25,1.21,-0.032,144.5,165.0,0.1419,1.11,1.13,0.018,13604.0,13305.0,-0.022,15100.0,15035.0,-0.0043,261.0,438.0,0.6782
ALMOND BREEZE,2025A - PLANT BASED MILK 190-350ML,2025 - PLANT BASED LIQUID MILK,CHILLER,2.25,,,2.0,,,1.0,,,25875.0,,,25875.0,,,4.0,,
BROOKFARM,2025A - PLANT BASED MILK 190-350ML,2025 - PLANT BASED LIQUID MILK,CHILLER,,1.41,,,58.33,,,1.16,,,12561.0,,,14571.0,,,151.0,
LACTASOY,2025A - PLANT BASED MILK 190-350ML,2025 - PLANT BASED LIQUID MILK,CHILLER,1.5,,,1.0,,,1.0,,,15000.0,,,15000.0,,,2.0,,
NARAYA,2025A - PLANT BASED MILK 190-350ML,2025 - PLANT BASED LIQUID MILK,CHILLER,1.23,1.18,-0.0407,60.0,57.0,-0.05,1.25,1.19,-0.048,9312.0,9213.0,-0.0106,11640.0,10963.0,-0.0582,96.0,144.0,0.5
OATSIDE,2025A - PLANT BASED MILK 190-350ML,2025 - PLANT BASED LIQUID MILK,CHILLER,1.67,1.6,-0.0419,384.5,185.33,-0.518,1.41,1.29,-0.0851,11603.0,11390.0,-0.0184,16360.0,14693.0,-0.1019,544.0,431.0,-0.2077
TROPICANA,2025A - PLANT BASED MILK 190-350ML,2025 - PLANT BASED LIQUID MILK,CHILLER,1.89,1.36,-0.2804,70.0,43.0,-0.3857,1.22,1.19,-0.0246,21571.0,15563.0,-0.2785,26317.0,18520.0,-0.2963,115.0,108.0,-0.0609
V-SOY,2025A - PLANT BASED MILK 190-350ML,2025 - PLANT BASED LIQUID MILK,CHILLER,1.31,1.27,-0.0305,210.5,77.67,-0.631,1.33,1.19,-0.1053,15259.0,15162.0,-0.0064,20294.0,18043.0,-0.1109,317.0,196.0,-0.3817
YEO'S,2025A - PLANT BASED MILK 190-350ML,2025 - PLANT BASED LIQUID MILK,CHILLER,1.25,,,2.0,,,1.0,,,9375.0,,,9375.0,,,4.0,,
ALMOND BREEZE,2025B - PLANT BASED MILK 1L,2025 - PLANT BASED LIQUID MILK,CHILLER,1.0,,,1.0,,,1.0,,,46500.0,,,46500.0,,,2.0,,
LACTASOY,2025B - PLANT BASED MILK 1L,2025 - PLANT BASED LIQUID MILK,CHILLER,1.0,,,0.5,,,1.0,,,34500.0,,,34500.0,,,1.0,,
OATSIDE,2025B - PLANT BASED MILK 1L,2025 - PLANT BASED LIQUID MILK,CHILLER,1.17,1.14,-0.0256,3.0,24.67,7.2233,1.0,1.23,0.23,37750.0,35841.0,-0.0506,37750.0,44084.0,0.1678,6.0,60.0,9.0
V-SOY,2025B - PLANT BASED MILK 1L,2025 - PLANT BASED LIQUID MILK,CHILLER,2.23,,,6.5,,,1.08,,,74192.0,,,80127.0,,,12.0,,
GREENFIELDS,6211B - FRESH MILK TETRAPACK 125-200ML,6211 - FRESH MILK,CHILLER,,1.5,,,3.33,,,1.0,,,18750.0,,,18750.0,,,10.0,
CIMORY,6212A - YOGHURT PACK,6212 - YOGHURT,CHILLER,1.39,1.35,-0.0288,116.5,27.67,-0.7625,1.18,1.15,-0.0254,11277.0,10795.0,-0.0427,13307.0,12414.0,-0.0671,198.0,72.0,-0.6364
YAKULT,6212A - YOGHURT PACK,6212 - YOGHURT,CHILLER,1.31,1.29,-0.0153,870.5,299.33,-0.6561,1.4,1.42,0.0143,14653.0,14824.0,0.0117,20514.0,21050.0,0.0261,1248.0,634.0,-0.492
CIMORY,6212B - YOGHURT LIQUID 70-80G,6212 - YOGHURT,CHILLER,3.84,2.37,-0.3828,566.0,233.0,-0.5883,1.3,1.28,-0.0154,11552.0,7275.0,-0.3702,15018.0,9312.0,-0.3799,868.0,544.0,-0.3733
KIN,6212B - YOGHURT LIQUID 70-80G,6212 - YOGHURT,CHILLER,2.54,1.53,-0.3976,294.0,92.0,-0.6871,1.29,1.23,-0.0465,11794.0,7279.0,-0.3828,15214.0,8953.0,-0.4115,456.0,225.0,-0.5066
CIMORY,6212C - YOGHURT LIQUID 100-330ML,6212 - YOGHURT,CHILLER,1.58,1.47,-0.0696,1125.0,752.67,-0.331,1.33,1.33,0.0,14466.0,13503.0,-0.0666,19240.0,17959.0,-0.0666,1698.0,1699.0,0.0006
GREENFIELDS,6212C - YOGHURT LIQUID 100-330ML,6212 - YOGHURT,CHILLER,1.26,,,51.5,,,1.13,,,12226.0,,,13815.0,,,91.0,,
HEAVENLY BLUSH,6212C - YOGHURT LIQUID 100-330ML,6212 - YOGHURT,CHILLER,1.28,1.26,-0.0156,19.5,9.0,-0.5385,1.22,1.42,0.1639,24221.0,23815.0,-0.0168,29550.0,33817.0,0.1444,32.0,19.0,-0.4062
YOYIC,6212C - YOGHURT LIQUID 100-330ML,6212 - YOGHURT,CHILLER,1.0,,,0.5,,,1.0,,,5000.0,,,5000.0,,,1.0,,
INACO,6218A - PUDDING CUP 85-150ML,6218 - PUDDING,CHILLER,1.0,,,1.5,,,1.0,,,11100.0,,,11100.0,,,3.0,,
WONG COCO,6218A - PUDDING CUP 85-150ML,6218 - PUDDING,CHILLER,1.61,,,28.0,,,1.12,,,9616.0,,,10770.0,,,50.0,,
YEKO,6218A - PUDDING CUP 85-150ML,6218 - PUDDING,CHILLER,1.41,,,11.0,,,1.1,,,11386.0,,,12525.0,,,20.0,,
CIMORY,6218C - SOFT PUDDING,6218 - PUDDING,CHILLER,1.54,1.57,0.0195,156.0,198.0,0.2692,1.12,1.22,0.0893,11687.0,11802.0,0.0098,13089.0,14398.0,0.1,278.0,486.0,0.7482
FIESTA,6226A - CHILLED MEAT BALLS,6226 - CHILLED MEAT BALLS,CHILLER,1.49,1.49,0.0,159.0,72.33,-0.5451,1.27,1.16,-0.0866,12846.0,13640.0,0.0618,16314.0,15822.0,-0.0302,251.0,187.0,-0.255
KANZLER,6226A - CHILLED MEAT BALLS,6226 - CHILLED MEAT BALLS,CHILLER,1.44,1.31,-0.0903,507.5,218.0,-0.5704,1.24,1.25,0.0081,12841.0,11710.0,-0.0881,15923.0,14638.0,-0.0807,820.0,523.0,-0.3622
BELFOODS,6227A - CHILLED SAUSAGES,6227 - CHILLED SAUSAGES,CHILLER,3.0,1.38,-0.54,0.5,235.0,469.0,1.0,1.22,0.22,24900.0,11523.0,-0.5372,24900.0,14058.0,-0.4354,1.0,578.0,577.0
FIESTA,6227A - CHILLED SAUSAGES,6227 - CHILLED SAUSAGES,CHILLER,2.08,1.74,-0.1635,798.5,288.0,-0.6393,1.29,1.18,-0.0853,18725.0,16089.0,-0.1408,24155.0,18985.0,-0.214,1240.0,730.0,-0.4113
KANZLER,6227A - CHILLED SAUSAGES,6227 - CHILLED SAUSAGES,CHILLER,1.57,1.53,-0.0255,1865.5,807.0,-0.5674,1.39,1.35,-0.0288,14126.0,13676.0,-0.0319,19635.0,18463.0,-0.0597,2675.0,1792.0,-0.3301
KIMBO,6227A - CHILLED SAUSAGES,6227 - CHILLED SAUSAGES,CHILLER,1.32,1.31,-0.0076,92.0,76.0,-0.1739,1.18,1.09,-0.0763,11782.0,11729.0,-0.0045,13903.0,12785.0,-0.0804,156.0,209.0,0.3397
SO GOOD,6227A - CHILLED SAUSAGES,6227 - CHILLED SAUSAGES,CHILLER,1.25,1.34,0.072,76.5,46.0,-0.3987,1.08,1.05,-0.0278,11514.0,12355.0,0.073,12435.0,12973.0,0.0433,142.0,132.0,-0.0704
SO NICE,6227A - CHILLED SAUSAGES,6227 - CHILLED SAUSAGES,CHILLER,1.32,1.81,0.3712,163.5,164.67,0.0072,1.16,1.1,-0.0517,11481.0,15441.0,0.3449,13318.0,16985.0,0.2753,281.0,451.0,0.605
BUMIFOOD,6234A - FROZEN SEAFOOD,6234 - FROZEN SEAFOOD,CHILLER,1.0,1.0,0.0,3.5,2.0,-0.4286,1.0,1.2,0.2,39900.0,39900.0,0.0,39900.0,47880.0,0.2,7.0,5.0,-0.2857
CEDEA,6234A - FROZEN SEAFOOD,6234 - FROZEN SEAFOOD,CHILLER,1.22,1.39,0.1393,18.5,15.33,-0.1714,1.16,1.21,0.0431,32084.0,33072.0,0.0308,37217.0,40017.0,0.0752,32.0,38.0,0.1875
EBINOYA,6234A - FROZEN SEAFOOD,6234 - FROZEN SEAFOOD,CHILLER,1.0,1.0,0.0,4.5,0.67,-0.8511,1.12,1.0,-0.1071,29900.0,29900.0,0.0,33488.0,29900.0,-0.1071,8.0,2.0,-0.75
KARAWACI,6234A - FROZEN SEAFOOD,6234 - FROZEN SEAFOOD,CHILLER,1.0,,,2.5,,,1.0,,,36900.0,,,36900.0,,,5.0,,
MITRAKU,6234A - FROZEN SEAFOOD,6234 - FROZEN SEAFOOD,CHILLER,1.09,1.0,-0.0826,11.5,2.67,-0.7678,1.1,1.14,0.0364,25978.0,23900.0,-0.08,28576.0,27246.0,-0.0465,21.0,7.0,-0.6667
SUNPRIDE,6521G - LOKAL FRUIT BANANA,6521 - LOCAL FRUIT,CHILLER,1.3,4.0,2.0769,5.0,0.33,-0.934,1.0,1.0,0.0,7800.0,24000.0,2.0769,7800.0,24000.0,2.0769,10.0,1.0,-0.9
FIRST DATES,6524A - SEASONAL FRUIT,6524 - SEASONAL FRUIT,CHILLER,,1.15,,,8.67,,,1.08,,,31885.0,,,34436.0,,,24.0,
PALM FRUTT,6524A - SEASONAL FRUIT,6524 - SEASONAL FRUIT,CHILLER,1.0,1.0,0.0,0.5,1.0,1.0,1.0,1.0,0.0,41900.0,42900.0,0.0239,41900.0,42900.0,0.0239,1.0,3.0,2.0
PRIME DATES,6524A - SEASONAL FRUIT,6524 - SEASONAL FRUIT,CHILLER,,1.05,,,7.0,,,1.0,,,38371.0,,,38371.0,,,21.0,
ALFAMART,3511A - FLOOR CLEANER CARBOLIC,3511 - FLOOR CLEANER,HOUSE HOLD,1.24,1.26,0.0161,165.5,136.0,-0.1782,1.1,1.17,0.0636,13145.0,13145.0,0.0,14460.0,15380.0,0.0636,300.0,349.0,0.1633
BEBEK,3511A - FLOOR CLEANER CARBOLIC,3511 - FLOOR CLEANER,HOUSE HOLD,1.25,,,2.0,,,1.0,,,13525.0,,,13525.0,,,4.0,,
PEACE,3511A - FLOOR CLEANER CARBOLIC,3511 - FLOOR CLEANER,HOUSE HOLD,1.21,1.35,0.1157,69.0,22.67,-0.6714,1.14,1.13,-0.0088,13075.0,14929.0,0.1418,14905.0,16870.0,0.1318,121.0,60.0,-0.5041
PROKLEEN,3511A - FLOOR CLEANER CARBOLIC,3511 - FLOOR CLEANER,HOUSE HOLD,1.0,,,3.5,,,1.0,,,61843.0,,,61843.0,,,7.0,,
SOS,3511A - FLOOR CLEANER CARBOLIC,3511 - FLOOR CLEANER,HOUSE HOLD,1.29,1.22,-0.0543,257.5,73.0,-0.7165,1.15,1.14,-0.0087,20980.0,18009.0,-0.1416,24127.0,20530.0,-0.1491,446.0,192.0,-0.5695
SUPER SOL,3511A - FLOOR CLEANER CARBOLIC,3511 - FLOOR CLEANER,HOUSE HOLD,1.39,1.27,-0.0863,590.5,196.33,-0.6675,1.19,1.16,-0.0252,23719.0,21113.0,-0.1099,28226.0,24491.0,-0.1323,994.0,507.0,-0.4899
WIPOL,3511A - FLOOR CLEANER CARBOLIC,3511 - FLOOR CLEANER,HOUSE HOLD,1.38,1.3,-0.058,761.5,386.0,-0.4931,1.17,1.17,0.0,26839.0,24904.0,-0.0721,31402.0,29138.0,-0.0721,1306.0,991.0,-0.2412
YURI,3511A - FLOOR CLEANER CARBOLIC,3511 - FLOOR CLEANER,HOUSE HOLD,6.0,,,1.0,,,2.0,,,71400.0,,,142800.0,,,1.0,,
ALFA,3511B - FLOOR CLEANER FRAGRANCE,3511 - FLOOR CLEANER,HOUSE HOLD,1.13,1.0,-0.115,23.0,0.33,-0.9857,1.1,1.0,-0.0909,9452.0,7000.0,-0.2594,10397.0,7000.0,-0.3267,42.0,1.0,-0.9762
ALFAMART,3511B - FLOOR CLEANER FRAGRANCE,3511 - FLOOR CLEANER,HOUSE HOLD,1.0,,,0.5,,,1.0,,,8500.0,,,8500.0,,,1.0,,
BAGUS,3511B - FLOOR CLEANER FRAGRANCE,3511 - FLOOR CLEANER,HOUSE HOLD,,1.08,,,12.33,,,1.0,,,16459.0,,,16459.0,,,37.0,
PLEDGE,3511B - FLOOR CLEANER FRAGRANCE,3511 - FLOOR CLEANER,HOUSE HOLD,2.0,,,2.0,,,1.0,,,37000.0,,,37000.0,,,4.0,,
PROKLEEN,3511B - FLOOR CLEANER FRAGRANCE,3511 - FLOOR CLEANER,HOUSE HOLD,1.0,,,5.0,,,1.0,,,45000.0,,,45000.0,,,10.0,,
SOKLIN,3511B - FLOOR CLEANER FRAGRANCE,3511 - FLOOR CLEANER,HOUSE HOLD,1.62,1.39,-0.142,1355.5,481.0,-0.6451,1.27,1.25,-0.0157,22510.0,17470.0,-0.2239,28588.0,21838.0,-0.2361,2141.0,1156.0,-0.4601
SOS,3511B - FLOOR CLEANER FRAGRANCE,3511 - FLOOR CLEANER,HOUSE HOLD,1.45,1.34,-0.0759,529.5,206.33,-0.6103,1.16,1.18,0.0172,19164.0,16644.0,-0.1315,22230.0,19640.0,-0.1165,910.0,523.0,-0.4253
SPUME,3511B - FLOOR CLEANER FRAGRANCE,3511 - FLOOR CLEANER,HOUSE HOLD,1.0,,,4.5,,,1.0,,,48300.0,,,48300.0,,,9.0,,
SUPER PELL,3511B - FLOOR CLEANER FRAGRANCE,3511 - FLOOR CLEANER,HOUSE HOLD,1.44,1.31,-0.0903,462.5,186.33,-0.5971,1.14,1.13,-0.0088,19096.0,17765.0,-0.0697,21769.0,20074.0,-0.0779,808.0,496.0,-0.3861
CLING,3512A - GLASS CLEANER,3512 - GLASS CLEANER,HOUSE HOLD,1.55,1.51,-0.0258,246.0,108.0,-0.561,1.18,1.23,0.0424,8605.0,7137.0,-0.1706,10154.0,8779.0,-0.1354,417.0,264.0,-0.3669
MR MUSCLE,3512A - GLASS CLEANER,3512 - GLASS CLEANER,HOUSE HOLD,1.04,1.07,0.0288,53.0,25.33,-0.5221,1.0,1.04,0.04,14509.0,15557.0,0.0722,14509.0,16179.0,0.1151,106.0,73.0,-0.3113
BAGUS,3513A - TOILET CLEANER 100-350ML,3513 - TOILET CLEANER,HOUSE HOLD,1.31,1.38,0.0534,44.5,7.0,-0.8427,1.31,1.31,0.0,20528.0,19195.0,-0.0649,26892.0,25145.0,-0.065,68.0,16.0,-0.7647
MR MUSCLE,3513A - TOILET CLEANER 100-350ML,3513 - TOILET CLEANER,HOUSE HOLD,1.8,,,5.0,,,1.0,,,36360.0,,,36360.0,,,10.0,,
VIXAL,3513A - TOILET CLEANER 100-350ML,3513 - TOILET CLEANER,HOUSE HOLD,1.51,1.0,-0.3377,145.5,0.33,-0.9977,1.11,1.0,-0.0991,6688.0,5000.0,-0.2524,7424.0,5000.0,-0.3265,263.0,1.0,-0.9962
BEBEK,3513B - TOILET CLEANER 350-600ML,3513 - TOILET CLEANER,HOUSE HOLD,2.26,,,21.0,,,1.08,,,31093.0,,,33580.0,,,39.0,,
HARPIC,3513B - TOILET CLEANER 350-600ML,3513 - TOILET CLEANER,HOUSE HOLD,1.25,1.15,-0.08,153.0,50.0,-0.6732,1.08,1.07,-0.0093,37792.0,34050.0,-0.099,40815.0,36434.0,-0.1073,284.0,140.0,-0.507
KLEEN UP,3513B - TOILET CLEANER 350-600ML,3513 - TOILET CLEANER,HOUSE HOLD,1.0,,,0.5,,,1.0,,,35400.0,,,35400.0,,,1.0,,
VIXAL,3513B - TOILET CLEANER 350-600ML,3513 - TOILET CLEANER,HOUSE HOLD,1.16,1.09,-0.0603,246.0,126.33,-0.4865,1.1,1.07,-0.0273,14883.0,12438.0,-0.1643,16371.0,13309.0,-0.187,446.0,353.0,-0.2085
WINGS,3513B - TOILET CLEANER 350-600ML,3513 - TOILET CLEANER,HOUSE HOLD,1.2,1.07,-0.1083,86.0,36.67,-0.5736,1.07,1.04,-0.028,26960.0,24136.0,-0.1047,28847.0,25101.0,-0.1299,161.0,106.0,-0.3416
YURI,3513B - TOILET CLEANER 350-600ML,3513 - TOILET CLEANER,HOUSE HOLD,1.25,,,4.0,,,1.0,,,25200.0,,,25200.0,,,8.0,,
HARPIC,3513C - TOILET CLEANER 700-1000ML,3513 - TOILET CLEANER,HOUSE HOLD,1.62,,,14.5,,,1.12,,,72034.0,,,80678.0,,,26.0,,
VIXAL,3513C - TOILET CLEANER 700-1000ML,3513 - TOILET CLEANER,HOUSE HOLD,1.29,1.26,-0.0233,499.5,176.33,-0.647,1.12,1.12,0.0,23477.0,22943.0,-0.0227,26294.0,25696.0,-0.0227,892.0,474.0,-0.4686
WINGS,3513C - TOILET CLEANER 700-1000ML,3513 - TOILET CLEANER,HOUSE HOLD,1.22,1.12,-0.082,240.0,78.0,-0.675,1.15,1.16,0.0087,19614.0,17938.0,-0.0854,22556.0,20808.0,-0.0775,416.0,201.0,-0.5168
YURI,3513C - TOILET CLEANER 700-1000ML,3513 - TOILET CLEANER,HOUSE HOLD,1.18,1.17,-0.0085,259.5,102.0,-0.6069,1.14,1.14,0.0,27471.0,27312.0,-0.0058,31317.0,31136.0,-0.0058,454.0,268.0,-0.4097
PROKLEEN,3513D - TOILET CLEANER >1000ML,3513 - TOILET CLEANER,HOUSE HOLD,1.0,,,2.0,,,1.0,,,45000.0,,,45000.0,,,4.0,,
VIXAL,3513D - TOILET CLEANER >1000ML,3513 - TOILET CLEANER,HOUSE HOLD,1.0,,,0.5,,,1.0,,,45900.0,,,45900.0,,,1.0,,
WPC,3513D - TOILET CLEANER >1000ML,3513 - TOILET CLEANER,HOUSE HOLD,1.12,,,4.0,,,1.14,,,69938.0,,,79729.0,,,7.0,,
YURI,3513D - TOILET CLEANER >1000ML,3513 - TOILET CLEANER,HOUSE HOLD,1.04,,,13.0,,,1.18,,,81069.0,,,95661.0,,,22.0,,
MR MUSCLE,3514A - KITCHEN CLEANER,3514 - KITCHEN CLEANER,HOUSE HOLD,1.08,1.02,-0.0556,54.5,18.67,-0.6574,1.02,1.08,0.0588,22401.0,20889.0,-0.0675,22849.0,22560.0,-0.0126,107.0,52.0,-0.514
PROKLEEN,3514A - KITCHEN CLEANER,3514 - KITCHEN CLEANER,HOUSE HOLD,1.0,,,1.0,,,1.0,,,45000.0,,,45000.0,,,2.0,,
PLEDGE,3514B - OTHER KITCHEN CLEANER,3514 - KITCHEN CLEANER,HOUSE HOLD,1.45,,,5.5,,,1.1,,,29791.0,,,32770.0,,,10.0,,
SHOCK,3514B - OTHER KITCHEN CLEANER,3514 - KITCHEN CLEANER,HOUSE HOLD,1.33,,,4.5,,,1.12,,,43333.0,,,48533.0,,,8.0,,
YURI,3514B - OTHER KITCHEN CLEANER,3514 - KITCHEN CLEANER,HOUSE HOLD,1.11,,,4.5,,,1.12,,,24611.0,,,27564.0,,,8.0,,
SUNLIGHT,3516A - DISHWASHING CLEANER 100-250ML,3516 - DISHWASHING CLEANER,HOUSE HOLD,2.11,,,53.5,,,1.19,,,9187.0,,,10933.0,,,90.0,,
MAMA,3516B - DISHWASHING CLEANER 300-550ML,3516 - DISHWASHING CLEANER,HOUSE HOLD,1.45,1.32,-0.0897,229.5,148.67,-0.3522,1.13,1.12,-0.0088,11633.0,10565.0,-0.0918,13145.0,11833.0,-0.0998,405.0,400.0,-0.0123
SUNLIGHT,3516B - DISHWASHING CLEANER 300-550ML,3516 - DISHWASHING CLEANER,HOUSE HOLD,1.65,1.44,-0.1273,175.0,111.67,-0.3619,1.12,1.12,0.0,16547.0,14388.0,-0.1305,18533.0,16115.0,-0.1305,313.0,300.0,-0.0415
ALFAMART,3516C - DISHWASHING CLEANER 600-800ML,3516 - DISHWASHING CLEANER,HOUSE HOLD,1.33,1.3,-0.0226,251.0,49.67,-0.8021,1.2,1.03,-0.1417,9174.0,9072.0,-0.0111,11009.0,9344.0,-0.1512,420.0,144.0,-0.6571
EKONOMI,3516C - DISHWASHING CLEANER 600-800ML,3516 - DISHWASHING CLEANER,HOUSE HOLD,1.89,1.84,-0.0265,3445.5,1693.33,-0.5085,1.38,1.39,0.0072,17911.0,17501.0,-0.0229,24717.0,24326.0,-0.0158,4986.0,3653.0,-0.2673
KILAU NIPIS,3516C - DISHWASHING CLEANER 600-800ML,3516 - DISHWASHING CLEANER,HOUSE HOLD,1.0,2.19,1.19,1.0,163.67,162.67,1.0,1.13,0.13,10900.0,23887.0,1.1915,10900.0,26992.0,1.4763,2.0,435.0,216.5
LIFEBUOY,3516C - DISHWASHING CLEANER 600-800ML,3516 - DISHWASHING CLEANER,HOUSE HOLD,2.26,2.55,0.1283,344.0,391.33,0.1376,1.16,1.16,0.0,22587.0,25673.0,0.1366,26201.0,29781.0,0.1366,595.0,1013.0,0.7025
MAMA,3516C - DISHWASHING CLEANER 600-800ML,3516 - DISHWASHING CLEANER,HOUSE HOLD,1.84,1.44,-0.2174,3383.0,1311.33,-0.6124,1.39,1.37,-0.0144,19596.0,15307.0,-0.2189,27238.0,20971.0,-0.2301,4854.0,2876.0,-0.4075
MAX BIO+,3516C - DISHWASHING CLEANER 600-800ML,3516 - DISHWASHING CLEANER,HOUSE HOLD,1.52,,,14.5,,,1.21,,,14090.0,,,17049.0,,,24.0,,
SUNLIGHT,3516C - DISHWASHING CLEANER 600-800ML,3516 - DISHWASHING CLEANER,HOUSE HOLD,1.83,2.31,0.2623,2202.0,947.67,-0.5696,1.27,1.33,0.0472,22060.0,27911.0,0.2652,28016.0,37122.0,0.325,3479.0,2134.0,-0.3866
WOSHI WOSHI,3516C - DISHWASHING CLEANER 600-800ML,3516 - DISHWASHING CLEANER,HOUSE HOLD,1.89,1.2,-0.3651,207.0,120.67,-0.4171,1.14,1.25,0.0965,26034.0,16583.0,-0.363,29679.0,20729.0,-0.3016,363.0,290.0,-0.2011
EKONOMI,3516D - DISHWASHING CLEANER >1000ML,3516 - DISHWASHING CLEANER,HOUSE HOLD,1.55,,,10.0,,,1.11,,,123770.0,,,137385.0,,,18.0,,
KUAT HARIMAU,3516D - DISHWASHING CLEANER >1000ML,3516 - DISHWASHING CLEANER,HOUSE HOLD,1.0,,,1.0,,,1.0,,,85300.0,,,85300.0,,,2.0,,
LIFEBUOY,3516D - DISHWASHING CLEANER >1000ML,3516 - DISHWASHING CLEANER,HOUSE HOLD,1.73,,,7.5,,,1.0,,,36653.0,,,36653.0,,,15.0,,
MAMA,3516D - DISHWASHING CLEANER >1000ML,3516 - DISHWASHING CLEANER,HOUSE HOLD,1.31,1.43,0.0916,1061.5,538.33,-0.4929,1.24,1.35,0.0887,20633.0,21338.0,0.0342,25585.0,28806.0,0.1259,1708.0,1198.0,-0.2986
MAX BIO+,3516D - DISHWASHING CLEANER >1000ML,3516 - DISHWASHING CLEANER,HOUSE HOLD,1.1,,,15.0,,,1.11,,,70667.0,,,78440.0,,,27.0,,
PROKLEEN,3516D - DISHWASHING CLEANER >1000ML,3516 - DISHWASHING CLEANER,HOUSE HOLD,1.5,,,1.0,,,1.0,,,104850.0,,,104850.0,,,2.0,,
SPUME,3516D - DISHWASHING CLEANER >1000ML,3516 - DISHWASHING CLEANER,HOUSE HOLD,1.0,,,2.0,,,1.0,,,58000.0,,,58000.0,,,4.0,,
SUNLIGHT,3516D - DISHWASHING CLEANER >1000ML,3516 - DISHWASHING CLEANER,HOUSE HOLD,1.39,1.37,-0.0144,1033.5,375.33,-0.6368,1.25,1.18,-0.056,22692.0,21710.0,-0.0433,28365.0,25618.0,-0.0968,1649.0,954.0,-0.4215
BAYGON,3611A - AEROSOL INSECTICIDES 600-700ML,3611 - AEROSOL INSECTICIDES,HOUSE HOLD,1.54,1.15,-0.2532,446.5,189.67,-0.5752,1.16,1.12,-0.0345,70266.0,52463.0,-0.2534,81509.0,58759.0,-0.2791,769.0,508.0,-0.3394
HIT,3611A - AEROSOL INSECTICIDES 600-700ML,3611 - AEROSOL INSECTICIDES,HOUSE HOLD,1.11,1.08,-0.027,445.5,239.33,-0.4628,1.16,1.18,0.0172,40107.0,38859.0,-0.0311,46524.0,45854.0,-0.0144,765.0,610.0,-0.2026
VAPE,3611A - AEROSOL INSECTICIDES 600-700ML,3611 - AEROSOL INSECTICIDES,HOUSE HOLD,1.18,1.11,-0.0593,547.5,215.33,-0.6067,1.22,1.21,-0.0082,45405.0,42468.0,-0.0647,55394.0,51386.0,-0.0724,896.0,534.0,-0.404
BAYGON,3611B - AEROSOL INSECTICIDES 200-400ML,3611 - AEROSOL INSECTICIDES,HOUSE HOLD,1.14,1.05,-0.0789,276.5,113.0,-0.5913,1.08,1.08,0.0,34330.0,32256.0,-0.0604,37076.0,34836.0,-0.0604,511.0,314.0,-0.3855
HIT,3611B - AEROSOL INSECTICIDES 200-400ML,3611 - AEROSOL INSECTICIDES,HOUSE HOLD,1.03,1.03,0.0,519.0,289.67,-0.4419,1.13,1.13,0.0,24136.0,25328.0,0.0494,27274.0,28621.0,0.0494,917.0,766.0,-0.1647
VAPE,3611C - AEROSOL INSECTICIDES 10-100ML,3611 - AEROSOL INSECTICIDES,HOUSE HOLD,1.15,1.18,0.0261,210.0,117.33,-0.4413,1.17,1.25,0.0684,29574.0,29622.0,0.0016,34602.0,37028.0,0.0701,360.0,282.0,-0.2167
BAYGON,3612A - COIL INSECTICIDES,3612 - COIL INSECTICIDES,HOUSE HOLD,1.28,1.19,-0.0703,114.5,80.67,-0.2955,1.21,1.2,-0.0083,7097.0,6230.0,-0.1222,8587.0,7476.0,-0.1294,190.0,201.0,0.0579
HIT,3612A - COIL INSECTICIDES,3612 - COIL INSECTICIDES,HOUSE HOLD,1.53,1.91,0.2484,64.0,48.33,-0.2448,1.41,1.39,-0.0142,9429.0,11968.0,0.2693,13295.0,16636.0,0.2513,91.0,104.0,0.1429
VAPE,3612A - COIL INSECTICIDES,3612 - COIL INSECTICIDES,HOUSE HOLD,1.52,1.4,-0.0789,251.0,133.33,-0.4688,1.44,1.46,0.0139,7904.0,7704.0,-0.0253,11382.0,11248.0,-0.0118,348.0,274.0,-0.2126
HIT,3613B - LIQUID INSECTICIDES 400-900ML,3613 - LIQUID INSECTICIDES,HOUSE HOLD,1.0,,,2.0,,,1.0,,,40225.0,,,40225.0,,,4.0,,
AUTAN,3614B - LOTION INSECTICIDES 50-100G,3614 - LOTION INSECTICIDES,HOUSE HOLD,1.22,1.15,-0.0574,278.0,49.67,-0.8213,1.13,1.07,-0.0531,16562.0,17429.0,0.0523,18715.0,18649.0,-0.0035,492.0,139.0,-0.7175
SOFFELL,3614B - LOTION INSECTICIDES 50-100G,3614 - LOTION INSECTICIDES,HOUSE HOLD,1.14,1.12,-0.0175,159.5,91.0,-0.4295,1.08,1.11,0.0278,16154.0,14582.0,-0.0973,17446.0,16186.0,-0.0722,296.0,246.0,-0.1689
BAYGON,3615A - ELECTRIC INSECTICIDES LIQUID,3615 - ELECTRIC INSECTICIDES,HOUSE HOLD,1.12,1.15,0.0268,177.0,9.0,-0.9492,1.34,1.08,-0.194,26438.0,26119.0,-0.0121,35427.0,28209.0,-0.2037,265.0,25.0,-0.9057
HIT,3615A - ELECTRIC INSECTICIDES LIQUID,3615 - ELECTRIC INSECTICIDES,HOUSE HOLD,1.26,1.21,-0.0397,619.5,367.33,-0.4071,1.33,1.37,0.0301,25047.0,21876.0,-0.1266,33313.0,29970.0,-0.1004,932.0,805.0,-0.1363
VAPE,3615A - ELECTRIC INSECTICIDES LIQUID,3615 - ELECTRIC INSECTICIDES,HOUSE HOLD,1.25,1.2,-0.04,434.5,240.67,-0.4461,1.21,1.18,-0.0248,25219.0,24133.0,-0.0431,30515.0,28477.0,-0.0668,720.0,611.0,-0.1514
HIT,3615B - ELECTRIC INSECTICIDES MAT,3615 - ELECTRIC INSECTICIDES,HOUSE HOLD,1.11,1.14,0.027,199.5,118.0,-0.4085,1.14,1.16,0.0175,14508.0,15285.0,0.0536,16539.0,17731.0,0.0721,350.0,305.0,-0.1286
BAGUS,3616A - INSECTICIDES OTHERS,3616 - OTHERS INSECTICIDES,HOUSE HOLD,1.17,1.29,0.1026,142.0,99.67,-0.2981,1.1,1.12,0.0182,22706.0,24068.0,0.06,24977.0,26956.0,0.0792,259.0,267.0,0.0309
GAJAH,3616A - INSECTICIDES OTHERS,3616 - OTHERS INSECTICIDES,HOUSE HOLD,1.46,1.34,-0.0822,183.5,91.67,-0.5004,1.14,1.15,0.0088,26761.0,24555.0,-0.0824,30508.0,28238.0,-0.0744,321.0,240.0,-0.2523
HOY HOY,3616A - INSECTICIDES OTHERS,3616 - OTHERS INSECTICIDES,HOUSE HOLD,2.5,,,1.0,,,1.0,,,113750.0,,,113750.0,,,2.0,,
VAPE,3616A - INSECTICIDES OTHERS,3616 - OTHERS INSECTICIDES,HOUSE HOLD,,1.0,,,0.33,,,1.0,,,15900.0,,,15900.0,,,1.0,
ALFAMART,3621A - TOILET NAPHTHALENE,3621 - TOILET NAPHTHALENE,HOUSE HOLD,1.27,1.17,-0.0787,154.0,87.33,-0.4329,1.05,1.04,-0.0095,24913.0,24158.0,-0.0303,26159.0,25124.0,-0.0396,293.0,252.0,-0.1399
DAHLIA,3621A - TOILET NAPHTHALENE,3621 - TOILET NAPHTHALENE,HOUSE HOLD,1.12,1.19,0.0625,91.0,24.67,-0.7289,1.12,1.14,0.0179,29874.0,31896.0,0.0677,33459.0,36361.0,0.0867,163.0,65.0,-0.6012
SWALLOW,3621A - TOILET NAPHTHALENE,3621 - TOILET NAPHTHALENE,HOUSE HOLD,1.21,1.15,-0.0496,275.5,126.0,-0.5426,1.11,1.11,0.0,32505.0,31674.0,-0.0256,36081.0,35158.0,-0.0256,497.0,340.0,-0.3159
ALFAMART,3622A - CABINET NAPHTHALENE 150-300G,3622 - CABINET NAPHTHALENE,HOUSE HOLD,1.13,1.1,-0.0265,116.5,40.33,-0.6538,1.03,1.0,-0.0291,19056.0,18743.0,-0.0164,19628.0,18743.0,-0.0451,227.0,121.0,-0.467
BAGUS,3622A - CABINET NAPHTHALENE 150-300G,3622 - CABINET NAPHTHALENE,HOUSE HOLD,1.46,,,6.5,,,1.0,,,43777.0,,,43777.0,,,13.0,,
DAHLIA,3622A - CABINET NAPHTHALENE 150-300G,3622 - CABINET NAPHTHALENE,HOUSE HOLD,1.2,1.23,0.025,80.0,24.67,-0.6916,1.18,1.19,0.0085,32855.0,33631.0,0.0236,38769.0,40021.0,0.0323,136.0,62.0,-0.5441
SWALLOW,3622A - CABINET NAPHTHALENE 150-300G,3622 - CABINET NAPHTHALENE,HOUSE HOLD,1.02,1.05,0.0294,84.5,61.33,-0.2742,1.06,1.04,-0.0189,26953.0,29661.0,0.1005,28570.0,30847.0,0.0797,160.0,177.0,0.1062
BAGUS,3622B - CABINET NAPHTHALENE 10-50G,3622 - CABINET NAPHTHALENE,HOUSE HOLD,2.0,,,5.5,,,1.0,,,19800.0,,,19800.0,,,11.0,,
SWALLOW,3622B - CABINET NAPHTHALENE 10-50G,3622 - CABINET NAPHTHALENE,HOUSE HOLD,1.13,1.18,0.0442,57.5,18.67,-0.6753,1.1,1.08,-0.0182,33502.0,34686.0,0.0353,36852.0,37461.0,0.0165,105.0,52.0,-0.5048
DAHLIA,3623A - AEROSOL AIR FRESHENER 150-275,3623 - AEROSOL AIR FRESHENER,HOUSE HOLD,1.17,1.07,-0.0855,27.0,20.0,-0.2593,1.04,1.02,-0.0192,41291.0,37700.0,-0.087,42943.0,38454.0,-0.1045,52.0,59.0,0.1346
FRESLY,3623A - AEROSOL AIR FRESHENER 150-275,3623 - AEROSOL AIR FRESHENER,HOUSE HOLD,,1.09,,,14.67,,,1.07,,,39525.0,,,42292.0,,,41.0,
GLADE,3623A - AEROSOL AIR FRESHENER 150-275,3623 - AEROSOL AIR FRESHENER,HOUSE HOLD,1.1,1.02,-0.0727,83.0,21.67,-0.7389,1.1,1.05,-0.0455,43580.0,38972.0,-0.1057,47938.0,40921.0,-0.1464,151.0,62.0,-0.5894
STELLA,3623A - AEROSOL AIR FRESHENER 150-275,3623 - AEROSOL AIR FRESHENER,HOUSE HOLD,1.19,1.14,-0.042,361.5,107.33,-0.7031,1.13,1.15,0.0177,44096.0,45376.0,0.029,49828.0,52182.0,0.0472,638.0,280.0,-0.5611
BAYFRESH,3623B - AEROSOL AIR FRESHENER 300-400,3623 - AEROSOL AIR FRESHENER,HOUSE HOLD,1.14,,,3.5,,,1.0,,,26100.0,,,26100.0,,,7.0,,
FRESLY,3623B - AEROSOL AIR FRESHENER 300-400,3623 - AEROSOL AIR FRESHENER,HOUSE HOLD,1.11,1.04,-0.0631,72.0,33.67,-0.5324,1.09,1.04,-0.0459,26126.0,24466.0,-0.0635,28477.0,25445.0,-0.1065,132.0,97.0,-0.2652
GLADE,3623B - AEROSOL AIR FRESHENER 300-400,3623 - AEROSOL AIR FRESHENER,HOUSE HOLD,1.12,1.07,-0.0446,45.0,19.0,-0.5778,1.1,1.14,0.0364,35681.0,33925.0,-0.0492,39249.0,38674.0,-0.0147,82.0,50.0,-0.3902
STELLA,3623B - AEROSOL AIR FRESHENER 300-400,3623 - AEROSOL AIR FRESHENER,HOUSE HOLD,1.15,1.21,0.0522,91.0,50.67,-0.4432,1.07,1.03,-0.0374,37753.0,39584.0,0.0485,40396.0,40772.0,0.0093,170.0,147.0,-0.1353
BAGUS,3624A - GEL AIR FRESHENER 5-70G,3624 - GEL AIR FRESHENER,HOUSE HOLD,1.95,,,28.0,,,1.1,,,29671.0,,,32638.0,,,51.0,,
BAYFRESH,3624A - GEL AIR FRESHENER 5-70G,3624 - GEL AIR FRESHENER,HOUSE HOLD,1.34,,,75.5,,,1.03,,,19311.0,,,19890.0,,,146.0,,
DAHLIA,3624A - GEL AIR FRESHENER 5-70G,3624 - GEL AIR FRESHENER,HOUSE HOLD,1.3,1.25,-0.0385,225.0,91.67,-0.5926,1.08,1.07,-0.0093,17496.0,16001.0,-0.0854,18896.0,17121.0,-0.0939,417.0,256.0,-0.3861
GLADE,3624A - GEL AIR FRESHENER 5-70G,3624 - GEL AIR FRESHENER,HOUSE HOLD,1.36,1.23,-0.0956,326.5,113.67,-0.6519,1.1,1.06,-0.0364,17540.0,15914.0,-0.0927,19294.0,16869.0,-0.1257,593.0,322.0,-0.457
KAORI,3624A - GEL AIR FRESHENER 5-70G,3624 - GEL AIR FRESHENER,HOUSE HOLD,,1.43,,,31.0,,,1.02,,,19163.0,,,19546.0,,,91.0,
STELLA,3624A - GEL AIR FRESHENER 5-70G,3624 - GEL AIR FRESHENER,HOUSE HOLD,1.44,1.32,-0.0833,856.5,326.33,-0.619,1.17,1.14,-0.0256,16883.0,16619.0,-0.0156,19753.0,18946.0,-0.0409,1461.0,862.0,-0.41
BAGUS,3624B - GEL AIR FRESHENER 200-300G,3624 - GEL AIR FRESHENER,HOUSE HOLD,1.73,,,7.5,,,1.15,,,60340.0,,,69391.0,,,13.0,,
DAIA,3711B - POWDER DETERGENT 100-600G,3711 - POWDER DETERGENT,HOUSE HOLD,1.44,1.54,0.0694,184.5,122.67,-0.3351,1.11,1.21,0.0901,14456.0,15411.0,0.0661,16046.0,18647.0,0.1621,333.0,303.0,-0.0901
RINSO,3711B - POWDER DETERGENT 100-600G,3711 - POWDER DETERGENT,HOUSE HOLD,2.42,2.02,-0.1653,360.5,89.33,-0.7522,1.4,1.35,-0.0357,24160.0,20709.0,-0.1428,33824.0,27957.0,-0.1735,515.0,198.0,-0.6155
SOKLIN,3711B - POWDER DETERGENT 100-600G,3711 - POWDER DETERGENT,HOUSE HOLD,1.76,1.67,-0.0511,238.5,136.0,-0.4298,1.18,1.2,0.0169,17579.0,16742.0,-0.0476,20743.0,20090.0,-0.0315,404.0,340.0,-0.1584
ATTACK,3711C - POWDER DETERGENT 601-990G,3711 - POWDER DETERGENT,HOUSE HOLD,1.49,1.41,-0.0537,53.0,31.33,-0.4089,1.47,1.49,0.0136,41308.0,39580.0,-0.0418,60723.0,58974.0,-0.0288,72.0,63.0,-0.125
BOOM,3711C - POWDER DETERGENT 601-990G,3711 - POWDER DETERGENT,HOUSE HOLD,1.5,1.24,-0.1733,365.0,67.33,-0.8155,1.29,1.1,-0.1473,25336.0,20929.0,-0.1739,32683.0,23022.0,-0.2956,568.0,183.0,-0.6778
BUKRIM,3711C - POWDER DETERGENT 601-990G,3711 - POWDER DETERGENT,HOUSE HOLD,1.73,1.33,-0.2312,120.0,22.0,-0.8167,1.17,1.1,-0.0598,36020.0,31952.0,-0.1129,42143.0,35147.0,-0.166,205.0,60.0,-0.7073
DAIA,3711C - POWDER DETERGENT 601-990G,3711 - POWDER DETERGENT,HOUSE HOLD,1.51,1.24,-0.1788,373.0,145.33,-0.6104,1.14,1.19,0.0439,27220.0,20196.0,-0.258,31031.0,24033.0,-0.2255,656.0,366.0,-0.4421
JAZ1,3711C - POWDER DETERGENT 601-990G,3711 - POWDER DETERGENT,HOUSE HOLD,1.22,1.2,-0.0164,101.0,49.33,-0.5116,1.22,1.18,-0.0328,22930.0,22655.0,-0.012,27975.0,26733.0,-0.0444,165.0,125.0,-0.2424
MAX BIO+,3711C - POWDER DETERGENT 601-990G,3711 - POWDER DETERGENT,HOUSE HOLD,1.83,,,3.0,,,1.2,,,39033.0,,,46840.0,,,5.0,,
RINSO,3711C - POWDER DETERGENT 601-990G,3711 - POWDER DETERGENT,HOUSE HOLD,1.52,1.38,-0.0921,365.5,254.0,-0.3051,1.29,1.29,0.0,33113.0,28335.0,-0.1443,42716.0,36552.0,-0.1443,566.0,589.0,0.0406
SAYANG,3711C - POWDER DETERGENT 601-990G,3711 - POWDER DETERGENT,HOUSE HOLD,1.35,1.56,0.1556,120.5,84.0,-0.3029,1.28,1.18,-0.0781,25218.0,25905.0,0.0272,32279.0,30568.0,-0.053,189.0,214.0,0.1323
SOKLIN,3711C - POWDER DETERGENT 601-990G,3711 - POWDER DETERGENT,HOUSE HOLD,1.32,1.22,-0.0758,322.0,195.67,-0.3923,1.2,1.23,0.025,23702.0,19997.0,-0.1563,28442.0,24596.0,-0.1352,538.0,476.0,-0.1152
TOTAL,3711C - POWDER DETERGENT 601-990G,3711 - POWDER DETERGENT,HOUSE HOLD,2.1,,,15.0,,,1.07,,,39123.0,,,41862.0,,,28.0,,
DAIA,3711D - POWDER DETERGENT 1-2 KG,3711 - POWDER DETERGENT,HOUSE HOLD,1.46,1.21,-0.1712,1293.0,585.67,-0.547,1.29,1.33,0.031,43023.0,34646.0,-0.1947,55500.0,46079.0,-0.1697,2005.0,1319.0,-0.3421
JAZ1,3711D - POWDER DETERGENT 1-2 KG,3711 - POWDER DETERGENT,HOUSE HOLD,1.34,1.34,0.0,446.0,296.67,-0.3348,1.19,1.22,0.0252,43642.0,39093.0,-0.1042,51934.0,47693.0,-0.0817,752.0,730.0,-0.0293
K1000,3711D - POWDER DETERGENT 1-2 KG,3711 - POWDER DETERGENT,HOUSE HOLD,1.28,,,9.0,,,1.0,,,92106.0,,,92106.0,,,18.0,,
RINSO,3711D - POWDER DETERGENT 1-2 KG,3711 - POWDER DETERGENT,HOUSE HOLD,1.25,1.16,-0.072,307.0,208.33,-0.3214,1.21,1.24,0.0248,51914.0,37491.0,-0.2778,62816.0,46489.0,-0.2599,509.0,503.0,-0.0118
SOKLIN,3711D - POWDER DETERGENT 1-2 KG,3711 - POWDER DETERGENT,HOUSE HOLD,1.29,1.21,-0.062,1123.0,552.33,-0.5082,1.28,1.35,0.0547,39040.0,35389.0,-0.0935,49971.0,47775.0,-0.0439,1760.0,1225.0,-0.304
TRIPLE DICE,3711D - POWDER DETERGENT 1-2 KG,3711 - POWDER DETERGENT,HOUSE HOLD,1.25,,,2.0,,,1.33,,,86375.0,,,114879.0,,,3.0,,
EKONOMI,3712B - CREAM DETERGENT 500-900G,3712 - CREAM DETERGENT,HOUSE HOLD,1.54,1.54,0.0,563.0,230.67,-0.5903,1.24,1.32,0.0645,10527.0,9011.0,-0.144,13053.0,11895.0,-0.0887,908.0,523.0,-0.424
BUKRIM,3714A - LIQUID DETERGENT BOTTLE,3714 - LIQUID DETERGENT,HOUSE HOLD,1.22,,,4.5,,,1.0,,,22211.0,,,22211.0,,,9.0,,
GENTLE GEN,3714A - LIQUID DETERGENT BOTTLE,3714 - LIQUID DETERGENT,HOUSE HOLD,1.93,2.15,0.114,1384.5,859.0,-0.3796,1.32,1.37,0.0379,38475.0,42741.0,0.1109,50787.0,58555.0,0.153,2104.0,1876.0,-0.1084
MILK RECIPE,3714A - LIQUID DETERGENT BOTTLE,3714 - LIQUID DETERGENT,HOUSE HOLD,1.0,,,1.0,,,1.0,,,49000.0,,,49000.0,,,2.0,,
SAYANG,3714A - LIQUID DETERGENT BOTTLE,3714 - LIQUID DETERGENT,HOUSE HOLD,1.28,1.43,0.1172,32.0,25.67,-0.1978,1.07,1.07,0.0,26544.0,26387.0,-0.0059,28402.0,28234.0,-0.0059,60.0,72.0,0.2
SOKLIN,3714A - LIQUID DETERGENT BOTTLE,3714 - LIQUID DETERGENT,HOUSE HOLD,1.47,1.48,0.0068,837.0,363.0,-0.5663,1.18,1.22,0.0339,29491.0,29919.0,0.0145,34799.0,36501.0,0.0489,1420.0,889.0,-0.3739
SOSOFT,3714A - LIQUID DETERGENT BOTTLE,3714 - LIQUID DETERGENT,HOUSE HOLD,1.78,1.56,-0.1236,1647.5,736.33,-0.5531,1.33,1.31,-0.015,34616.0,30359.0,-0.123,46039.0,39770.0,-0.1362,2478.0,1690.0,-0.318
ATTACK,3714B - LIQUID DETERGENT 400-900ML,3714 - LIQUID DETERGENT,HOUSE HOLD,1.0,,,1.0,,,1.0,,,18900.0,,,18900.0,,,2.0,,
BOOM,3714B - LIQUID DETERGENT 400-900ML,3714 - LIQUID DETERGENT,HOUSE HOLD,1.82,1.69,-0.0714,351.5,103.0,-0.707,1.33,1.3,-0.0226,23707.0,22003.0,-0.0719,31530.0,28604.0,-0.0928,530.0,238.0,-0.5509
BUKRIM,3714B - LIQUID DETERGENT 400-900ML,3714 - LIQUID DETERGENT,HOUSE HOLD,1.95,,,93.0,,,1.21,,,37384.0,,,45235.0,,,154.0,,
GENTLE GEN,3714B - LIQUID DETERGENT 400-900ML,3714 - LIQUID DETERGENT,HOUSE HOLD,1.53,2.19,0.4314,187.0,45.0,-0.7594,1.2,1.12,-0.0667,15348.0,21887.0,0.426,18418.0,24513.0,0.3309,311.0,120.0,-0.6141
JAZ1,3714B - LIQUID DETERGENT 400-900ML,3714 - LIQUID DETERGENT,HOUSE HOLD,1.6,1.96,0.225,376.0,142.33,-0.6215,1.15,1.18,0.0261,28364.0,36016.0,0.2698,32619.0,42499.0,0.3029,655.0,361.0,-0.4489
MAX BIO+,3714B - LIQUID DETERGENT 400-900ML,3714 - LIQUID DETERGENT,HOUSE HOLD,1.67,,,1.5,,,1.0,,,23967.0,,,23967.0,,,3.0,,
RINSO,3714B - LIQUID DETERGENT 400-900ML,3714 - LIQUID DETERGENT,HOUSE HOLD,1.97,2.05,0.0406,808.5,599.67,-0.2583,1.25,1.3,0.04,31364.0,30601.0,-0.0243,39205.0,39781.0,0.0147,1297.0,1389.0,0.0709
SAYANG,3714B - LIQUID DETERGENT 400-900ML,3714 - LIQUID DETERGENT,HOUSE HOLD,1.81,1.49,-0.1768,92.5,28.67,-0.6901,1.2,1.16,-0.0333,24808.0,18037.0,-0.2729,29770.0,20923.0,-0.2972,154.0,74.0,-0.5195
SOKLIN,3714B - LIQUID DETERGENT 400-900ML,3714 - LIQUID DETERGENT,HOUSE HOLD,1.87,1.66,-0.1123,2929.5,1177.0,-0.5982,1.44,1.53,0.0625,29394.0,25204.0,-0.1425,42327.0,38562.0,-0.089,4060.0,2305.0,-0.4323
ATTACK,3714C - LIQUID DETERGENT >1000ML,3714 - LIQUID DETERGENT,HOUSE HOLD,1.44,,,8.0,,,1.0,,,60481.0,,,60481.0,,,16.0,,
BUKRIM,3714C - LIQUID DETERGENT >1000ML,3714 - LIQUID DETERGENT,HOUSE HOLD,1.27,,,130.0,,,1.19,,,69720.0,,,82967.0,,,218.0,,
PROKLEEN,3714C - LIQUID DETERGENT >1000ML,3714 - LIQUID DETERGENT,HOUSE HOLD,1.0,,,5.5,,,1.1,,,65000.0,,,71500.0,,,10.0,,
RINSO,3714C - LIQUID DETERGENT >1000ML,3714 - LIQUID DETERGENT,HOUSE HOLD,1.17,1.19,0.0171,141.5,72.67,-0.4864,1.22,1.14,-0.0656,52233.0,45770.0,-0.1237,63724.0,52178.0,-0.1812,232.0,192.0,-0.1724
SAYANG,3714C - LIQUID DETERGENT >1000ML,3714 - LIQUID DETERGENT,HOUSE HOLD,1.7,,,334.5,,,1.35,,,111492.0,,,150514.0,,,495.0,,
SOKLIN,3714C - LIQUID DETERGENT >1000ML,3714 - LIQUID DETERGENT,HOUSE HOLD,1.46,1.22,-0.1644,378.5,168.67,-0.5544,1.31,1.3,-0.0076,50847.0,42616.0,-0.1619,66610.0,55401.0,-0.1683,579.0,388.0,-0.3299
SPUME,3714C - LIQUID DETERGENT >1000ML,3714 - LIQUID DETERGENT,HOUSE HOLD,1.14,,,7.0,,,1.0,,,73143.0,,,73143.0,,,14.0,,
SUPER-K,3714C - LIQUID DETERGENT >1000ML,3714 - LIQUID DETERGENT,HOUSE HOLD,1.5,,,1.0,,,1.0,,,142500.0,,,142500.0,,,2.0,,
RINSO,3715A - MATIC POWDER DETERGENT,3715 - MATIC POWDER DETERGENT,HOUSE HOLD,1.3,,,10.0,,,1.05,,,92970.0,,,97618.0,,,19.0,,
ATTACK,3716A - MATIC LIQUID DETERGENT,3716 - MATIC LIQUID DETERGENT,HOUSE HOLD,1.49,1.44,-0.0336,80.5,23.33,-0.7102,1.4,1.75,0.25,45002.0,42700.0,-0.0512,63003.0,74725.0,0.1861,115.0,40.0,-0.6522
KLAR,3716A - MATIC LIQUID DETERGENT,3716 - MATIC LIQUID DETERGENT,HOUSE HOLD,1.0,,,1.5,,,1.0,,,46600.0,,,46600.0,,,3.0,,
RINSO,3716A - MATIC LIQUID DETERGENT,3716 - MATIC LIQUID DETERGENT,HOUSE HOLD,2.04,,,61.0,,,1.21,,,65825.0,,,79648.0,,,101.0,,
SOKLIN,3716A - MATIC LIQUID DETERGENT,3716 - MATIC LIQUID DETERGENT,HOUSE HOLD,1.41,,,53.0,,,1.43,,,97980.0,,,140111.0,,,74.0,,
YURI,3716A - MATIC LIQUID DETERGENT,3716 - MATIC LIQUID DETERGENT,HOUSE HOLD,1.0,,,2.5,,,1.25,,,118700.0,,,148375.0,,,4.0,,
BAYCLIN,3721A - BLEACH,3721 - BLEACH,HOUSE HOLD,1.19,1.07,-0.1008,277.5,87.67,-0.6841,1.12,1.11,-0.0089,30880.0,22173.0,-0.282,34586.0,24612.0,-0.2884,496.0,238.0,-0.5202
PROCLIN,3721A - BLEACH,3721 - BLEACH,HOUSE HOLD,1.05,1.1,0.0476,344.0,113.67,-0.6696,1.26,1.14,-0.0952,22483.0,22194.0,-0.0129,28329.0,25301.0,-0.1069,547.0,299.0,-0.4534
VANISH,3721A - BLEACH,3721 - BLEACH,HOUSE HOLD,1.23,1.17,-0.0488,254.0,85.33,-0.6641,1.18,1.13,-0.0424,40374.0,35398.0,-0.1232,47641.0,40000.0,-0.1604,431.0,226.0,-0.4756
WIZZ,3721A - BLEACH,3721 - BLEACH,HOUSE HOLD,,1.1,,,23.33,,,1.11,,,21900.0,,,24309.0,,,63.0,
DOWNY,3722B - CONCENTRATE SOFTENER 250-500ML,3722 - CONCENTRATE FABRIC CONDITIONER,HOUSE HOLD,1.53,1.13,-0.2614,160.5,28.33,-0.8235,1.3,1.1,-0.1538,40435.0,29574.0,-0.2686,52566.0,32531.0,-0.3811,246.0,77.0,-0.687
AVA,3722C - CONCENTRATE SOFTENER 600-800ML,3722 - CONCENTRATE FABRIC CONDITIONER,HOUSE HOLD,1.31,,,8.0,,,1.0,,,33044.0,,,33044.0,,,16.0,,
DOWNY,3722C - CONCENTRATE SOFTENER 600-800ML,3722 - CONCENTRATE FABRIC CONDITIONER,HOUSE HOLD,1.59,1.3,-0.1824,571.0,162.33,-0.7157,1.39,1.36,-0.0216,46926.0,34528.0,-0.2642,65227.0,46958.0,-0.2801,822.0,358.0,-0.5645
MOLTO,3722C - CONCENTRATE SOFTENER 600-800ML,3722 - CONCENTRATE FABRIC CONDITIONER,HOUSE HOLD,1.45,1.35,-0.069,481.5,244.67,-0.4919,1.41,1.35,-0.0426,35237.0,22147.0,-0.3715,49684.0,29898.0,-0.3982,684.0,542.0,-0.2076
ROYALE,3722C - CONCENTRATE SOFTENER 600-800ML,3722 - CONCENTRATE FABRIC CONDITIONER,HOUSE HOLD,1.65,1.5,-0.0909,1685.5,629.0,-0.6268,1.4,1.48,0.0571,30968.0,27927.0,-0.0982,43355.0,41332.0,-0.0467,2403.0,1272.0,-0.4707
SOKLIN,3722C - CONCENTRATE SOFTENER 600-800ML,3722 - CONCENTRATE FABRIC CONDITIONER,HOUSE HOLD,1.54,1.36,-0.1169,281.0,96.0,-0.6584,1.4,1.33,-0.05,31756.0,27038.0,-0.1486,44458.0,35961.0,-0.1911,402.0,217.0,-0.4602
DOWNY,3722D - CONCENTRATE SOFTENER 900ML-2L,3722 - CONCENTRATE FABRIC CONDITIONER,HOUSE HOLD,1.41,1.17,-0.1702,137.5,70.67,-0.486,1.29,1.39,0.0775,69196.0,47867.0,-0.3082,89263.0,66535.0,-0.2546,213.0,153.0,-0.2817
MOLTO,3722D - CONCENTRATE SOFTENER 900ML-2L,3722 - CONCENTRATE FABRIC CONDITIONER,HOUSE HOLD,2.73,,,73.0,,,1.59,,,93456.0,,,148595.0,,,92.0,,
PROKLEEN,3722D - CONCENTRATE SOFTENER 900ML-2L,3722 - CONCENTRATE FABRIC CONDITIONER,HOUSE HOLD,1.14,,,7.0,,,1.75,,,74286.0,,,130000.0,,,8.0,,
SPUME,3722D - CONCENTRATE SOFTENER 900ML-2L,3722 - CONCENTRATE FABRIC CONDITIONER,HOUSE HOLD,1.27,,,5.5,,,1.0,,,81455.0,,,81455.0,,,11.0,,
SOKLIN,3723D - DILUTE SOFTENER REF 1-2L,3723 - DILUTE FABRIC CONDITIONER,HOUSE HOLD,1.74,,,44.0,,,1.29,,,45795.0,,,59076.0,,,68.0,,
MOLTO,3723E - DILUTE FRAGRANCE 800-900ML,3723 - DILUTE FABRIC CONDITIONER,HOUSE HOLD,1.82,1.39,-0.2363,783.0,291.67,-0.6275,1.24,1.18,-0.0484,22880.0,17638.0,-0.2291,28371.0,20813.0,-0.2664,1267.0,742.0,-0.4144
SOKLIN,3723E - DILUTE FRAGRANCE 800-900ML,3723 - DILUTE FABRIC CONDITIONER,HOUSE HOLD,1.95,1.67,-0.1436,3579.0,1282.0,-0.6418,1.53,1.55,0.0131,23584.0,20622.0,-0.1256,36084.0,31964.0,-0.1142,4665.0,2480.0,-0.4684
KISPRAY,3724C - IRONING REF 200-500ML,3724 - IRONING,HOUSE HOLD,2.64,2.02,-0.2348,1054.5,370.33,-0.6488,1.22,1.25,0.0246,17548.0,14109.0,-0.196,21409.0,17636.0,-0.1762,1722.0,890.0,-0.4832
MOLTO,3724C - IRONING REF 200-500ML,3724 - IRONING,HOUSE HOLD,2.51,2.62,0.0438,994.0,566.67,-0.4299,1.24,1.22,-0.0161,14002.0,14686.0,0.0489,17362.0,17917.0,0.032,1606.0,1394.0,-0.132
RAPIKA,3724C - IRONING REF 200-500ML,3724 - IRONING,HOUSE HOLD,2.52,2.58,0.0238,1321.0,658.67,-0.5014,1.23,1.22,-0.0081,12423.0,12756.0,0.0268,15280.0,15562.0,0.0185,2143.0,1621.0,-0.2436
SPUME,3724C - IRONING REF 200-500ML,3724 - IRONING,HOUSE HOLD,1.0,,,6.5,,,1.08,,,19285.0,,,20828.0,,,12.0,,
KISPRAY,3724D - IRONING BTL 300-500ML,3724 - IRONING,HOUSE HOLD,1.01,1.0,-0.0099,109.0,55.33,-0.4924,1.01,1.0,-0.0099,16624.0,16408.0,-0.013,16790.0,16408.0,-0.0228,216.0,166.0,-0.2315
ALFAMART,4251A - CLEANING EQUIPMENT HOME,4251 - CLEANING EQUIPMENT,HOUSE HOLD,1.38,1.24,-0.1014,168.0,39.0,-0.7679,1.18,1.11,-0.0593,16743.0,17689.0,0.0565,19757.0,19635.0,-0.0062,285.0,105.0,-0.6316
BAGUS,4251A - CLEANING EQUIPMENT HOME,4251 - CLEANING EQUIPMENT,HOUSE HOLD,1.0,,,5.0,,,1.0,,,25700.0,,,25700.0,,,10.0,,
DIAPRO,4251A - CLEANING EQUIPMENT HOME,4251 - CLEANING EQUIPMENT,HOUSE HOLD,1.0,,,1.5,,,1.0,,,35900.0,,,35900.0,,,3.0,,
MISTER KLINNER,4251A - CLEANING EQUIPMENT HOME,4251 - CLEANING EQUIPMENT,HOUSE HOLD,1.83,,,3.0,,,1.0,,,48050.0,,,48050.0,,,6.0,,
SCORLINES,4251A - CLEANING EQUIPMENT HOME,4251 - CLEANING EQUIPMENT,HOUSE HOLD,1.09,1.07,-0.0183,43.5,18.67,-0.5708,1.02,1.02,0.0,17891.0,18798.0,0.0507,18249.0,19174.0,0.0507,85.0,55.0,-0.3529
SCOTCH BRITE,4251A - CLEANING EQUIPMENT HOME,4251 - CLEANING EQUIPMENT,HOUSE HOLD,1.0,,,6.0,,,1.09,,,28550.0,,,31120.0,,,11.0,,
ALFA,4251C - CLEANING EQUIPMENT KITCHEN,4251 - CLEANING EQUIPMENT,HOUSE HOLD,1.06,1.12,0.0566,93.5,59.33,-0.3655,1.0,1.03,0.03,9773.0,10006.0,0.0238,9773.0,10306.0,0.0545,187.0,172.0,-0.0802
ALFAMART,4251C - CLEANING EQUIPMENT KITCHEN,4251 - CLEANING EQUIPMENT,HOUSE HOLD,1.08,1.08,0.0,72.0,38.0,-0.4722,1.02,1.06,0.0392,8524.0,8139.0,-0.0452,8694.0,8627.0,-0.0077,141.0,108.0,-0.234
POLYTEX,4251C - CLEANING EQUIPMENT KITCHEN,4251 - CLEANING EQUIPMENT,HOUSE HOLD,1.03,1.04,0.0097,184.5,26.67,-0.8554,1.08,1.04,-0.037,14507.0,15063.0,0.0383,15668.0,15666.0,-0.0001,341.0,77.0,-0.7742
SCOTCH BRITE,4251C - CLEANING EQUIPMENT KITCHEN,4251 - CLEANING EQUIPMENT,HOUSE HOLD,1.2,1.12,-0.0667,563.0,170.67,-0.6969,1.08,1.07,-0.0093,10651.0,10049.0,-0.0565,11503.0,10752.0,-0.0653,1039.0,480.0,-0.538
BODREXIN,3111A - ANALGESIC BOTTLE,3111 - ANALGESIC,MEDICINE & BABY CARE,1.0,1.08,0.08,5.0,4.0,-0.2,1.0,1.09,0.09,15700.0,17008.0,0.0833,15700.0,18539.0,0.1808,10.0,11.0,0.1
PRORIS,3111A - ANALGESIC BOTTLE,3111 - ANALGESIC,MEDICINE & BABY CARE,1.0,1.0,0.0,0.5,6.33,11.66,1.0,1.06,0.06,30900.0,31174.0,0.0089,30900.0,33044.0,0.0694,1.0,18.0,17.0
TEMPRA,3111A - ANALGESIC BOTTLE,3111 - ANALGESIC,MEDICINE & BABY CARE,1.0,1.03,0.03,3.5,13.0,2.7143,1.0,1.08,0.08,57500.0,33290.0,-0.421,57500.0,35953.0,-0.3747,7.0,36.0,4.1429
TERMOREX,3111A - ANALGESIC BOTTLE,3111 - ANALGESIC,MEDICINE & BABY CARE,1.0,1.03,0.03,7.5,11.0,0.4667,1.0,1.03,0.03,20953.0,23370.0,0.1154,20953.0,24071.0,0.1488,15.0,32.0,1.1333
ANTIMO,3111B - ANALGESIC STRIP,3111 - ANALGESIC,MEDICINE & BABY CARE,1.0,1.21,0.21,12.5,29.0,1.32,1.0,1.12,0.12,6000.0,7384.0,0.2307,6000.0,8270.0,0.3783,25.0,78.0,2.12
BODREX,3111B - ANALGESIC STRIP,3111 - ANALGESIC,MEDICINE & BABY CARE,1.14,1.26,0.1053,14.0,49.67,2.5479,1.04,1.2,0.1538,5343.0,5433.0,0.0168,5557.0,6520.0,0.1733,27.0,124.0,3.5926
OSKADON,3111B - ANALGESIC STRIP,3111 - ANALGESIC,MEDICINE & BABY CARE,2.0,1.79,-0.105,5.0,16.0,2.2,1.25,1.37,0.096,4200.0,3842.0,-0.0852,5250.0,5264.0,0.0027,8.0,35.0,3.375
PANADOL,3111B - ANALGESIC STRIP,3111 - ANALGESIC,MEDICINE & BABY CARE,,1.06,,,35.33,,,1.04,,,15084.0,,,15687.0,,,102.0,
PARAMEX,3111B - ANALGESIC STRIP,3111 - ANALGESIC,MEDICINE & BABY CARE,1.18,1.33,0.1271,17.0,33.33,0.9606,1.1,1.11,0.0091,3985.0,4655.0,0.1681,4384.0,5167.0,0.1786,31.0,90.0,1.9032
DECOLGEN,3112B - ANALGESIC & COLD REMEDIES STRIP,3112 - ANALGESIC & COLD REMEDIES,MEDICINE & BABY CARE,,1.42,,,6.33,,,1.0,,,3789.0,,,3789.0,,,19.0,
MIXAGRIP,3112B - ANALGESIC & COLD REMEDIES STRIP,3112 - ANALGESIC & COLD REMEDIES,MEDICINE & BABY CARE,1.15,1.23,0.0696,19.5,47.0,1.4103,1.03,1.04,0.0097,4154.0,4740.0,0.1411,4279.0,4930.0,0.1521,38.0,136.0,2.5789
NEOZEP,3112B - ANALGESIC & COLD REMEDIES STRIP,3112 - ANALGESIC & COLD REMEDIES,MEDICINE & BABY CARE,,1.32,,,13.67,,,1.11,,,4639.0,,,5149.0,,,37.0,
PANADOL,3112B - ANALGESIC & COLD REMEDIES STRIP,3112 - ANALGESIC & COLD REMEDIES,MEDICINE & BABY CARE,,1.04,,,17.0,,,1.0,,,19727.0,,,19727.0,,,51.0,
PROCOLD,3112B - ANALGESIC & COLD REMEDIES STRIP,3112 - ANALGESIC & COLD REMEDIES,MEDICINE & BABY CARE,1.11,1.11,0.0,14.0,20.33,0.4521,1.04,1.05,0.0096,6264.0,6705.0,0.0704,6515.0,7040.0,0.0806,27.0,58.0,1.1481
MYLANTA,3113A - ANTACIDS BOTTLE,3113 - ANTACIDS,MEDICINE & BABY CARE,1.0,1.06,0.06,1.0,5.33,4.33,1.0,1.0,0.0,19300.0,20506.0,0.0625,19300.0,20506.0,0.0625,2.0,16.0,7.0
POLYSILANE,3113A - ANTACIDS BOTTLE,3113 - ANTACIDS,MEDICINE & BABY CARE,1.0,1.0,0.0,1.0,5.0,4.0,1.0,1.0,0.0,27900.0,28900.0,0.0358,27900.0,28900.0,0.0358,2.0,15.0,6.5
PROMAG,3113A - ANTACIDS BOTTLE,3113 - ANTACIDS,MEDICINE & BABY CARE,2.2,1.75,-0.2045,2.5,8.0,2.2,1.0,1.09,0.09,6820.0,5425.0,-0.2045,6820.0,5913.0,-0.133,5.0,22.0,3.4
ESEMAG,3113B - ANTACIDS STRIP,3113 - ANTACIDS,MEDICINE & BABY CARE,2.2,2.06,-0.0636,42.0,5.33,-0.8731,1.12,1.14,0.0179,5802.0,5631.0,-0.0295,6498.0,6419.0,-0.0122,75.0,14.0,-0.8133
MYLANTA,3113B - ANTACIDS STRIP,3113 - ANTACIDS,MEDICINE & BABY CARE,,1.0,,,8.33,,,1.09,,,10276.0,,,11201.0,,,23.0,
POLYSILANE,3113B - ANTACIDS STRIP,3113 - ANTACIDS,MEDICINE & BABY CARE,1.0,1.05,0.05,3.5,7.0,1.0,1.4,1.05,-0.25,10500.0,11019.0,0.0494,14700.0,11570.0,-0.2129,5.0,20.0,3.0
PROMAG,3113B - ANTACIDS STRIP,3113 - ANTACIDS,MEDICINE & BABY CARE,1.69,1.54,-0.0888,72.5,52.0,-0.2828,1.07,1.11,0.0374,12018.0,11156.0,-0.0717,12859.0,12383.0,-0.037,136.0,140.0,0.0294
OBH COMBI,3114B - KIDS COUGH BTL,3114 - KIDS COUGH MEDICINE,MEDICINE & BABY CARE,,1.0,,,13.0,,,1.15,,,21056.0,,,24214.0,,,34.0,
OBIDA,3114B - KIDS COUGH BTL,3114 - KIDS COUGH MEDICINE,MEDICINE & BABY CARE,1.25,,,2.0,,,1.33,,,113250.0,,,150622.0,,,3.0,,
ACTIFED,3115A - ADULT COUGH SYRUP 50-90ML,3115 - ADULT COUGH MEDICINE,MEDICINE & BABY CARE,1.0,1.0,0.0,3.0,3.67,0.2233,1.0,1.0,0.0,74500.0,73645.0,-0.0115,74500.0,73645.0,-0.0115,6.0,11.0,0.8333
HERBAKOF,3115A - ADULT COUGH SYRUP 50-90ML,3115 - ADULT COUGH MEDICINE,MEDICINE & BABY CARE,1.12,1.08,-0.0357,16.0,16.33,0.0206,1.07,1.11,0.0374,23281.0,24745.0,0.0629,24911.0,27467.0,0.1026,30.0,44.0,0.4667
IM-BOOST,3115A - ADULT COUGH SYRUP 50-90ML,3115 - ADULT COUGH MEDICINE,MEDICINE & BABY CARE,1.0,1.0,0.0,21.5,3.33,-0.8451,1.05,1.0,-0.0476,29902.0,29900.0,-0.0001,31397.0,29900.0,-0.0477,41.0,10.0,-0.7561
KOMIX,3115A - ADULT COUGH SYRUP 50-90ML,3115 - ADULT COUGH MEDICINE,MEDICINE & BABY CARE,1.02,1.06,0.0392,25.5,17.67,-0.3071,1.06,1.06,0.0,14984.0,14821.0,-0.0109,15883.0,15710.0,-0.0109,48.0,50.0,0.0417
LASERIN,3115A - ADULT COUGH SYRUP 50-90ML,3115 - ADULT COUGH MEDICINE,MEDICINE & BABY CARE,1.02,1.0,-0.0196,28.0,3.33,-0.8811,1.17,1.0,-0.1453,17196.0,18240.0,0.0607,20119.0,18240.0,-0.0934,48.0,10.0,-0.7917
OB HERBAL,3115A - ADULT COUGH SYRUP 50-90ML,3115 - ADULT COUGH MEDICINE,MEDICINE & BABY CARE,1.0,1.0,0.0,24.5,8.0,-0.6735,1.14,1.2,0.0526,21467.0,21425.0,-0.002,24472.0,25710.0,0.0506,43.0,20.0,-0.5349
OBH,3115A - ADULT COUGH SYRUP 50-90ML,3115 - ADULT COUGH MEDICINE,MEDICINE & BABY CARE,1.04,1.0,-0.0385,28.5,4.0,-0.8596,1.06,1.09,0.0283,22293.0,21900.0,-0.0176,23631.0,23871.0,0.0102,54.0,11.0,-0.7963
SIDOMUNCUL,3115A - ADULT COUGH SYRUP 50-90ML,3115 - ADULT COUGH MEDICINE,MEDICINE & BABY CARE,1.04,1.08,0.0385,25.5,4.33,-0.8302,1.65,1.0,-0.3939,27975.0,29531.0,0.0556,46159.0,29531.0,-0.3602,31.0,13.0,-0.5806
SILADEX,3115A - ADULT COUGH SYRUP 50-90ML,3115 - ADULT COUGH MEDICINE,MEDICINE & BABY CARE,1.0,1.0,0.0,7.0,4.33,-0.3814,1.0,1.0,0.0,18643.0,18777.0,0.0072,18643.0,18777.0,0.0072,14.0,13.0,-0.0714
VICKS,3115A - ADULT COUGH SYRUP 50-90ML,3115 - ADULT COUGH MEDICINE,MEDICINE & BABY CARE,1.04,1.0,-0.0385,12.0,10.0,-0.1667,1.0,1.11,0.11,28008.0,25797.0,-0.0789,28008.0,28635.0,0.0224,24.0,27.0,0.125
WOODS',3115A - ADULT COUGH SYRUP 50-90ML,3115 - ADULT COUGH MEDICINE,MEDICINE & BABY CARE,1.06,1.13,0.066,8.5,5.0,-0.4118,1.0,1.0,0.0,33100.0,34100.0,0.0302,33100.0,34100.0,0.0302,17.0,15.0,-0.1176
LASERIN,3115B - ADULT COUGH SYRUP 100-150ML,3115 - ADULT COUGH MEDICINE,MEDICINE & BABY CARE,1.0,1.0,0.0,7.5,3.0,-0.6,1.15,1.12,-0.0261,30220.0,34278.0,0.1343,34753.0,38391.0,0.1047,13.0,8.0,-0.3846
NELLCO SPECIAL,3115B - ADULT COUGH SYRUP 100-150ML,3115 - ADULT COUGH MEDICINE,MEDICINE & BABY CARE,1.0,1.0,0.0,2.5,2.67,0.068,1.0,1.0,0.0,33600.0,33600.0,0.0,33600.0,33600.0,0.0,5.0,8.0,0.6
OBH COMBI,3115B - ADULT COUGH SYRUP 100-150ML,3115 - ADULT COUGH MEDICINE,MEDICINE & BABY CARE,1.0,1.04,0.04,3.0,16.67,4.5567,1.0,1.04,0.04,19400.0,24466.0,0.2611,19400.0,25445.0,0.3116,6.0,48.0,7.0
VICKS,3115B - ADULT COUGH SYRUP 100-150ML,3115 - ADULT COUGH MEDICINE,MEDICINE & BABY CARE,1.0,1.0,0.0,6.5,5.33,-0.18,1.0,1.0,0.0,40169.0,41600.0,0.0356,40169.0,41600.0,0.0356,13.0,16.0,0.2308
KONIDIN,3115C - ADULT COUGH STRIP,3115 - ADULT COUGH MEDICINE,MEDICINE & BABY CARE,1.46,1.19,-0.1849,6.5,10.33,0.5892,1.18,1.19,0.0085,4385.0,3652.0,-0.1672,5174.0,4346.0,-0.16,11.0,26.0,1.3636
KOMIX,3115D - ADULT COUGH SAC,3115 - ADULT COUGH MEDICINE,MEDICINE & BABY CARE,2.39,2.23,-0.0669,49.5,10.0,-0.798,1.14,1.15,0.0088,6796.0,6143.0,-0.0961,7747.0,7064.0,-0.0882,87.0,26.0,-0.7011
KONIDIN,3115D - ADULT COUGH SAC,3115 - ADULT COUGH MEDICINE,MEDICINE & BABY CARE,1.0,1.19,0.19,3.5,8.67,1.4771,1.17,1.04,-0.1111,6300.0,7512.0,0.1924,7371.0,7812.0,0.0598,6.0,25.0,3.1667
OB HERBAL,3115D - ADULT COUGH SAC,3115 - ADULT COUGH MEDICINE,MEDICINE & BABY CARE,3.04,1.71,-0.4375,24.0,4.67,-0.8054,1.07,1.08,0.0093,13254.0,7436.0,-0.439,14182.0,8031.0,-0.4337,45.0,13.0,-0.7111
OBH COMBI,3115D - ADULT COUGH SAC,3115 - ADULT COUGH MEDICINE,MEDICINE & BABY CARE,,1.04,,,7.67,,,1.05,,,6261.0,,,6574.0,,,22.0,
AMBEVEN,3116A - DIARRHEA,3116 - DIARRHEA & CONSTIPATION,MEDICINE & BABY CARE,1.0,1.0,0.0,7.0,3.33,-0.5243,1.0,1.0,0.0,28607.0,28800.0,0.0067,28607.0,28800.0,0.0067,14.0,10.0,-0.2857
DIAPET,3116A - DIARRHEA,3116 - DIARRHEA & CONSTIPATION,MEDICINE & BABY CARE,1.02,1.0,-0.0196,30.0,9.33,-0.689,1.0,1.04,0.04,8847.0,8650.0,-0.0223,8847.0,8996.0,0.0168,60.0,27.0,-0.55
NEO ENTROSTOP,3116A - DIARRHEA,3116 - DIARRHEA & CONSTIPATION,MEDICINE & BABY CARE,1.11,1.04,-0.0631,4.5,7.67,0.7044,1.0,1.0,0.0,11100.0,10835.0,-0.0239,11100.0,10835.0,-0.0239,9.0,23.0,1.5556
NORIT,3116A - DIARRHEA,3116 - DIARRHEA & CONSTIPATION,MEDICINE & BABY CARE,1.27,1.0,-0.2126,13.0,2.67,-0.7946,1.62,1.14,-0.2963,33000.0,26250.0,-0.2045,53460.0,29925.0,-0.4402,16.0,7.0,-0.5625
DULCOLAX,3116B - CONSTIPATION,3116 - DIARRHEA & CONSTIPATION,MEDICINE & BABY CARE,1.0,1.18,0.18,0.5,3.67,6.34,1.0,1.1,0.1,23900.0,28164.0,0.1784,23900.0,30980.0,0.2962,1.0,10.0,9.0
FLIMTY,3116B - CONSTIPATION,3116 - DIARRHEA & CONSTIPATION,MEDICINE & BABY CARE,1.0,,,7.0,,,1.4,,,206757.0,,,289460.0,,,10.0,,
LAXING,3116B - CONSTIPATION,3116 - DIARRHEA & CONSTIPATION,MEDICINE & BABY CARE,1.17,1.44,0.2308,20.5,9.0,-0.561,1.14,1.29,0.1316,15595.0,19315.0,0.2385,17778.0,24916.0,0.4015,36.0,21.0,-0.4167
MICROLAX,3116B - CONSTIPATION,3116 - DIARRHEA & CONSTIPATION,MEDICINE & BABY CARE,1.0,1.14,0.14,2.0,2.33,0.165,1.0,1.0,0.0,25900.0,29457.0,0.1373,25900.0,29457.0,0.1373,4.0,7.0,0.75
VEGETA,3116B - CONSTIPATION,3116 - DIARRHEA & CONSTIPATION,MEDICINE & BABY CARE,2.28,2.18,-0.0439,44.5,14.67,-0.6703,1.24,1.22,-0.0161,9035.0,8795.0,-0.0266,11203.0,10730.0,-0.0422,72.0,36.0,-0.5
NEO HORMOVITON,3118A - ADULT SUPLEMENT STRONG,3118 - ADULT VITAMINS/SUPLEMENT,MEDICINE & BABY CARE,1.2,1.0,-0.1667,5.0,1.0,-0.8,1.0,1.0,0.0,12080.0,10267.0,-0.1501,12080.0,10267.0,-0.1501,10.0,3.0,-0.7
PASAK BUWONO,3118A - ADULT SUPLEMENT STRONG,3118 - ADULT VITAMINS/SUPLEMENT,MEDICINE & BABY CARE,1.18,1.38,0.1695,5.5,2.67,-0.5145,1.22,1.0,-0.1803,10245.0,12738.0,0.2433,12499.0,12738.0,0.0191,9.0,8.0,-0.1111
BLACKMORES,3118B - ADULT VITAMINS CALCIUM,3118 - ADULT VITAMINS/SUPLEMENT,MEDICINE & BABY CARE,1.0,,,1.0,,,1.0,,,115000.0,,,115000.0,,,2.0,,
CDR,3118B - ADULT VITAMINS CALCIUM,3118 - ADULT VITAMINS/SUPLEMENT,MEDICINE & BABY CARE,1.05,1.23,0.1714,43.0,21.67,-0.496,1.21,1.27,0.0496,50612.0,41563.0,-0.1788,61241.0,52785.0,-0.1381,71.0,51.0,-0.2817
IMBOOST,3118B - ADULT VITAMINS CALCIUM,3118 - ADULT VITAMINS/SUPLEMENT,MEDICINE & BABY CARE,1.38,1.06,-0.2319,12.0,6.0,-0.5,1.04,1.06,0.0192,44133.0,18167.0,-0.5884,45898.0,19257.0,-0.5804,23.0,17.0,-0.2609
WELMOVE,3118B - ADULT VITAMINS CALCIUM,3118 - ADULT VITAMINS/SUPLEMENT,MEDICINE & BABY CARE,1.0,1.2,0.2,6.0,3.33,-0.445,1.33,1.11,-0.1654,23500.0,28280.0,0.2034,31255.0,31391.0,0.0044,9.0,9.0,0.0
NATUR-E,3118C - ADULT VITAMINS SKIN,3118 - ADULT VITAMINS/SUPLEMENT,MEDICINE & BABY CARE,1.11,1.0,-0.0991,18.5,2.0,-0.8919,1.37,1.0,-0.2701,35651.0,27633.0,-0.2249,48842.0,27633.0,-0.4342,27.0,6.0,-0.7778
BLACKMORES,3118D - ADULT VITAMINS VIT-C,3118 - ADULT VITAMINS/SUPLEMENT,MEDICINE & BABY CARE,1.0,,,1.5,,,1.0,,,93800.0,,,93800.0,,,3.0,,
ENERVON-C,3118D - ADULT VITAMINS VIT-C,3118 - ADULT VITAMINS/SUPLEMENT,MEDICINE & BABY CARE,1.14,1.18,0.0351,68.0,38.0,-0.4412,1.11,1.16,0.045,15530.0,13467.0,-0.1328,17238.0,15622.0,-0.0937,122.0,98.0,-0.1967
HOLISTICARE,3118D - ADULT VITAMINS VIT-C,3118 - ADULT VITAMINS/SUPLEMENT,MEDICINE & BABY CARE,1.08,1.15,0.0648,25.5,9.0,-0.6471,1.13,1.08,-0.0442,20153.0,17952.0,-0.1092,22773.0,19388.0,-0.1486,45.0,25.0,-0.4444
IMBOOST,3118D - ADULT VITAMINS VIT-C,3118 - ADULT VITAMINS/SUPLEMENT,MEDICINE & BABY CARE,1.31,1.11,-0.1527,76.5,32.33,-0.5774,1.1,1.13,0.0273,34591.0,25063.0,-0.2754,38050.0,28321.0,-0.2557,139.0,86.0,-0.3813
REDOXON,3118D - ADULT VITAMINS VIT-C,3118 - ADULT VITAMINS/SUPLEMENT,MEDICINE & BABY CARE,1.17,1.56,0.3333,24.0,6.0,-0.75,1.12,1.12,0.0,46042.0,65200.0,0.4161,51567.0,73024.0,0.4161,43.0,16.0,-0.6279
SIDOMUNCUL,3118D - ADULT VITAMINS VIT-C,3118 - ADULT VITAMINS/SUPLEMENT,MEDICINE & BABY CARE,1.31,1.04,-0.2061,51.0,8.0,-0.8431,1.59,1.26,-0.2075,14342.0,11425.0,-0.2034,22804.0,14396.0,-0.3687,64.0,19.0,-0.7031
VICEE,3118D - ADULT VITAMINS VIT-C,3118 - ADULT VITAMINS/SUPLEMENT,MEDICINE & BABY CARE,2.0,1.5,-0.25,32.0,7.33,-0.7709,1.07,1.05,-0.0187,4602.0,3477.0,-0.2445,4924.0,3651.0,-0.2585,60.0,21.0,-0.65
VITACIMIN,3118D - ADULT VITAMINS VIT-C,3118 - ADULT VITAMINS/SUPLEMENT,MEDICINE & BABY CARE,2.09,2.07,-0.0096,73.5,34.67,-0.5283,1.06,1.05,-0.0094,5067.0,5358.0,0.0574,5371.0,5626.0,0.0475,139.0,99.0,-0.2878
XON-CE,3118D - ADULT VITAMINS VIT-C,3118 - ADULT VITAMINS/SUPLEMENT,MEDICINE & BABY CARE,2.2,1.85,-0.1591,41.0,15.67,-0.6178,1.08,1.12,0.037,6502.0,5540.0,-0.148,7022.0,6205.0,-0.1163,76.0,42.0,-0.4474
COOL-VITA,3118E - ADULT SUPLEMENT ENERGY,3118 - ADULT VITAMINS/SUPLEMENT,MEDICINE & BABY CARE,1.14,1.0,-0.1228,10.5,4.0,-0.619,1.11,1.2,0.0811,29281.0,24925.0,-0.1488,32502.0,29910.0,-0.0797,19.0,10.0,-0.4737
EXTRA JOSS,3118E - ADULT SUPLEMENT ENERGY,3118 - ADULT VITAMINS/SUPLEMENT,MEDICINE & BABY CARE,1.24,1.19,-0.0403,16.5,7.0,-0.5758,1.57,1.05,-0.3312,19030.0,18819.0,-0.0111,29877.0,19760.0,-0.3386,21.0,20.0,-0.0476
FATIGON,3118E - ADULT SUPLEMENT ENERGY,3118 - ADULT VITAMINS/SUPLEMENT,MEDICINE & BABY CARE,1.0,1.08,0.08,8.0,20.0,1.5,1.14,1.07,-0.0614,14519.0,13013.0,-0.1037,16552.0,13924.0,-0.1588,14.0,56.0,3.0
FLIMCOL,3118E - ADULT SUPLEMENT ENERGY,3118 - ADULT VITAMINS/SUPLEMENT,MEDICINE & BABY CARE,1.0,,,0.5,,,1.0,,,170400.0,,,170400.0,,,1.0,,
HEMAVITON,3118E - ADULT SUPLEMENT ENERGY,3118 - ADULT VITAMINS/SUPLEMENT,MEDICINE & BABY CARE,1.27,1.12,-0.1181,22.5,5.67,-0.748,1.05,1.7,0.619,11284.0,10253.0,-0.0914,11848.0,17430.0,0.4711,43.0,10.0,-0.7674
IMBOOST,3118E - ADULT SUPLEMENT ENERGY,3118 - ADULT VITAMINS/SUPLEMENT,MEDICINE & BABY CARE,1.17,1.12,-0.0427,12.0,2.67,-0.7775,1.09,1.0,-0.0826,24529.0,22300.0,-0.0909,26737.0,22300.0,-0.1659,22.0,8.0,-0.6364
PHARMATON,3118E - ADULT SUPLEMENT ENERGY,3118 - ADULT VITAMINS/SUPLEMENT,MEDICINE & BABY CARE,1.0,1.0,0.0,1.5,1.0,-0.3333,1.5,1.0,-0.3333,30500.0,27900.0,-0.0852,45750.0,27900.0,-0.3902,2.0,3.0,0.5
YOUVIT,3118E - ADULT SUPLEMENT ENERGY,3118 - ADULT VITAMINS/SUPLEMENT,MEDICINE & BABY CARE,1.0,,,0.5,,,1.0,,,105000.0,,,105000.0,,,1.0,,
BLACKMORES,3118F - ADULT HEALTHY SUPLEMENT,3118 - ADULT VITAMINS/SUPLEMENT,MEDICINE & BABY CARE,1.0,,,2.5,,,1.0,,,123620.0,,,123620.0,,,5.0,,
FUFANG,3118F - ADULT HEALTHY SUPLEMENT,3118 - ADULT VITAMINS/SUPLEMENT,MEDICINE & BABY CARE,1.0,,,0.5,,,1.0,,,269800.0,,,269800.0,,,1.0,,
NEO RHEUMACYL,3118F - ADULT HEALTHY SUPLEMENT,3118 - ADULT VITAMINS/SUPLEMENT,MEDICINE & BABY CARE,1.0,1.05,0.05,3.5,7.33,1.0943,1.17,1.0,-0.1453,12900.0,13486.0,0.0454,15093.0,13486.0,-0.1065,6.0,22.0,2.6667
NEUROBION,3118F - ADULT HEALTHY SUPLEMENT,3118 - ADULT VITAMINS/SUPLEMENT,MEDICINE & BABY CARE,1.0,1.0,0.0,1.5,7.33,3.8867,1.0,1.0,0.0,47767.0,53986.0,0.1302,47767.0,53986.0,0.1302,3.0,22.0,6.3333
REDOXON,3118F - ADULT HEALTHY SUPLEMENT,3118 - ADULT VITAMINS/SUPLEMENT,MEDICINE & BABY CARE,1.0,,,1.0,,,1.0,,,49900.0,,,49900.0,,,2.0,,
SAKATONIK,3118F - ADULT HEALTHY SUPLEMENT,3118 - ADULT VITAMINS/SUPLEMENT,MEDICINE & BABY CARE,1.0,1.19,0.19,2.0,10.67,4.335,1.0,1.07,0.07,11800.0,23644.0,1.0037,11800.0,25299.0,1.144,4.0,30.0,6.5
SANGOBION,3118F - ADULT HEALTHY SUPLEMENT,3118 - ADULT VITAMINS/SUPLEMENT,MEDICINE & BABY CARE,1.07,1.02,-0.0467,61.5,18.67,-0.6964,1.12,1.1,-0.0179,18552.0,15702.0,-0.1536,20778.0,17272.0,-0.1687,110.0,51.0,-0.5364
COMBANTRIN,3119A - ATHELMINTICS,3119 - ATHELMINTICS,MEDICINE & BABY CARE,1.0,1.3,0.3,1.5,3.33,1.22,1.0,1.0,0.0,22633.0,31290.0,0.3825,22633.0,31290.0,0.3825,3.0,10.0,2.3333
DETTOL,3121A - MEDICATED PLASTER,3121 - PLESTER,MEDICINE & BABY CARE,1.0,1.0,0.0,11.5,3.0,-0.7391,1.0,1.0,0.0,10613.0,10189.0,-0.04,10613.0,10189.0,-0.04,23.0,9.0,-0.6087
HANSAPLAST,3121A - MEDICATED PLASTER,3121 - PLESTER,MEDICINE & BABY CARE,1.17,1.11,-0.0513,83.5,29.67,-0.6447,1.06,1.02,-0.0377,14917.0,14566.0,-0.0235,15812.0,14857.0,-0.0604,157.0,87.0,-0.4459
BYEBYE-FEVER,3121B - FEVER PLESTER,3121 - PLESTER,MEDICINE & BABY CARE,2.3,1.94,-0.1565,121.0,50.0,-0.5868,1.06,1.07,0.0094,26709.0,22753.0,-0.1481,28312.0,24346.0,-0.1401,229.0,140.0,-0.3886
KOOLFEVER,3121B - FEVER PLESTER,3121 - PLESTER,MEDICINE & BABY CARE,2.42,1.64,-0.3223,151.5,53.67,-0.6457,1.08,1.14,0.0556,25324.0,17377.0,-0.3138,27350.0,19810.0,-0.2757,280.0,141.0,-0.4964
CABE,3121C - KOYO PLESTER,3121 - PLESTER,MEDICINE & BABY CARE,1.0,1.0,0.0,11.5,9.33,-0.1887,1.05,1.0,-0.0476,19422.0,19664.0,0.0125,20393.0,19664.0,-0.0357,22.0,28.0,0.2727
HANSAPLAST,3121C - KOYO PLESTER,3121 - PLESTER,MEDICINE & BABY CARE,1.18,1.21,0.0254,65.0,23.67,-0.6358,1.2,1.04,-0.1333,13615.0,14041.0,0.0313,16338.0,14603.0,-0.1062,108.0,68.0,-0.3704
Q-LIFE,3121C - KOYO PLESTER,3121 - PLESTER,MEDICINE & BABY CARE,1.25,1.0,-0.2,20.0,2.67,-0.8665,1.08,1.14,0.0556,21125.0,17238.0,-0.184,22815.0,19651.0,-0.1387,37.0,7.0,-0.8108
SALONPAS,3121C - KOYO PLESTER,3121 - PLESTER,MEDICINE & BABY CARE,1.33,1.22,-0.0827,260.0,106.0,-0.5923,1.14,1.2,0.0526,15836.0,16060.0,0.0141,18053.0,19272.0,0.0675,457.0,264.0,-0.4223
TIANHE,3121C - KOYO PLESTER,3121 - PLESTER,MEDICINE & BABY CARE,1.5,,,1.0,,,1.0,,,70700.0,,,70700.0,,,2.0,,
BETADINE,3123A - FIRST AID KIT ANTISEPTIC,3123 - ANTISEPTIC,MEDICINE & BABY CARE,1.03,1.0,-0.0291,15.0,6.67,-0.5553,1.0,1.0,0.0,32830.0,33975.0,0.0349,32830.0,33975.0,0.0349,30.0,20.0,-0.3333
HANSAPLAST,3123A - FIRST AID KIT ANTISEPTIC,3123 - ANTISEPTIC,MEDICINE & BABY CARE,1.0,1.0,0.0,5.5,0.67,-0.8782,1.0,1.0,0.0,41973.0,35200.0,-0.1614,41973.0,35200.0,-0.1614,11.0,2.0,-0.8182
IKA,3123A - FIRST AID KIT ANTISEPTIC,3123 - ANTISEPTIC,MEDICINE & BABY CARE,1.0,1.0,0.0,3.0,1.67,-0.4433,1.0,1.0,0.0,23600.0,23740.0,0.0059,23600.0,23740.0,0.0059,6.0,5.0,-0.1667
LUKAJEL,3123A - FIRST AID KIT ANTISEPTIC,3123 - ANTISEPTIC,MEDICINE & BABY CARE,1.57,1.0,-0.3631,11.5,1.0,-0.913,1.53,1.0,-0.3464,38348.0,24500.0,-0.3611,58672.0,24500.0,-0.5824,15.0,3.0,-0.8
SHENG NONG SI,3123A - FIRST AID KIT ANTISEPTIC,3123 - ANTISEPTIC,MEDICINE & BABY CARE,1.0,,,1.0,,,1.0,,,28100.0,,,28100.0,,,2.0,,
CALADINE,3123C - LOTION ANTISEPTIC,3123 - ANTISEPTIC,MEDICINE & BABY CARE,1.0,1.03,0.03,3.0,10.67,2.5567,1.0,1.03,0.03,21967.0,23100.0,0.0516,21967.0,23793.0,0.0831,6.0,31.0,4.1667
INSTO,3124A - EYE DROPS,3124 - EYE DROPS,MEDICINE & BABY CARE,,1.06,,,17.67,,,1.0,,,19723.0,,,19723.0,,,53.0,
ROHTO,3124A - EYE DROPS,3124 - EYE DROPS,MEDICINE & BABY CARE,,1.0,,,5.0,,,1.15,,,21427.0,,,24641.0,,,13.0,
COUNTERPAIN,"3125A - SALVE,BALM & CREAM","3125 - SALVE, BALM, CREAM & LIQ MEDICINE",MEDICINE & BABY CARE,1.02,1.0,-0.0196,23.5,9.0,-0.617,1.04,1.0,-0.0385,44430.0,46126.0,0.0382,46207.0,46126.0,-0.0018,45.0,27.0,-0.4
FRESH CARE,"3125A - SALVE,BALM & CREAM","3125 - SALVE, BALM, CREAM & LIQ MEDICINE",MEDICINE & BABY CARE,,1.16,,,10.67,,,1.1,,,19088.0,,,20997.0,,,29.0,
GELIGA,"3125A - SALVE,BALM & CREAM","3125 - SALVE, BALM, CREAM & LIQ MEDICINE",MEDICINE & BABY CARE,1.03,1.0,-0.0291,15.5,5.33,-0.6561,1.11,1.0,-0.0991,15135.0,14162.0,-0.0643,16800.0,14162.0,-0.157,28.0,16.0,-0.4286
GPU,"3125A - SALVE,BALM & CREAM","3125 - SALVE, BALM, CREAM & LIQ MEDICINE",MEDICINE & BABY CARE,1.22,1.0,-0.1803,4.5,4.33,-0.0378,1.0,1.0,0.0,31656.0,25900.0,-0.1818,31656.0,25900.0,-0.1818,9.0,13.0,0.4444
HOTIN CREAM,"3125A - SALVE,BALM & CREAM","3125 - SALVE, BALM, CREAM & LIQ MEDICINE",MEDICINE & BABY CARE,1.05,1.0,-0.0476,43.5,21.67,-0.5018,1.05,1.03,-0.019,32223.0,30514.0,-0.053,33834.0,31429.0,-0.0711,83.0,63.0,-0.241
MY BABY,"3125A - SALVE,BALM & CREAM","3125 - SALVE, BALM, CREAM & LIQ MEDICINE",MEDICINE & BABY CARE,,1.11,,,18.67,,,1.14,,,22286.0,,,25406.0,,,49.0,
NEO RHEUMACYL,"3125A - SALVE,BALM & CREAM","3125 - SALVE, BALM, CREAM & LIQ MEDICINE",MEDICINE & BABY CARE,1.0,1.0,0.0,7.0,4.67,-0.3329,1.08,1.08,0.0,23900.0,23900.0,0.0,25812.0,25812.0,0.0,13.0,13.0,0.0
SALONPAS,"3125A - SALVE,BALM & CREAM","3125 - SALVE, BALM, CREAM & LIQ MEDICINE",MEDICINE & BABY CARE,1.12,1.09,-0.0268,20.0,7.33,-0.6335,1.11,1.05,-0.0541,33670.0,39091.0,0.161,37374.0,41046.0,0.0983,36.0,21.0,-0.4167
TRANSPULMIN,"3125A - SALVE,BALM & CREAM","3125 - SALVE, BALM, CREAM & LIQ MEDICINE",MEDICINE & BABY CARE,1.45,1.0,-0.3103,19.0,1.67,-0.9121,1.41,1.0,-0.2908,43276.0,29900.0,-0.3091,61019.0,29900.0,-0.51,27.0,5.0,-0.8148
TRESNO JOYO,"3125A - SALVE,BALM & CREAM","3125 - SALVE, BALM, CREAM & LIQ MEDICINE",MEDICINE & BABY CARE,1.03,1.04,0.0097,15.0,17.67,0.178,1.03,1.08,0.0485,12123.0,12013.0,-0.0091,12487.0,12974.0,0.039,29.0,49.0,0.6897
VICKS,"3125A - SALVE,BALM & CREAM","3125 - SALVE, BALM, CREAM & LIQ MEDICINE",MEDICINE & BABY CARE,1.05,1.0,-0.0476,51.0,18.0,-0.6471,1.01,1.02,0.0099,19981.0,16794.0,-0.1595,20181.0,17130.0,-0.1512,101.0,53.0,-0.4752
VOLTAREN,"3125A - SALVE,BALM & CREAM","3125 - SALVE, BALM, CREAM & LIQ MEDICINE",MEDICINE & BABY CARE,1.0,,,0.5,,,1.0,,,99000.0,,,99000.0,,,1.0,,
ZAMBUK,"3125A - SALVE,BALM & CREAM","3125 - SALVE, BALM, CREAM & LIQ MEDICINE",MEDICINE & BABY CARE,1.0,1.0,0.0,1.0,0.67,-0.33,1.0,1.0,0.0,44900.0,44900.0,0.0,44900.0,44900.0,0.0,2.0,2.0,0.0
88 SALEP,3127A - FUNGICIDES,3127 - FUNGICIDES,MEDICINE & BABY CARE,1.03,1.0,-0.0291,15.5,7.0,-0.5484,1.07,1.0,-0.0654,18148.0,17686.0,-0.0255,19418.0,17686.0,-0.0892,29.0,21.0,-0.2759
KALPANAX,3127A - FUNGICIDES,3127 - FUNGICIDES,MEDICINE & BABY CARE,1.05,1.08,0.0286,10.0,8.0,-0.2,1.0,1.0,0.0,15610.0,17967.0,0.151,15610.0,17967.0,0.151,20.0,24.0,0.2
ANTANGIN,3131A - TRADITIONAL & CHINESE 10-40ML,3131 - TRADITIONAL & CHINESE,MEDICINE & BABY CARE,1.86,1.79,-0.0376,134.0,100.67,-0.2487,1.1,1.09,-0.0091,14426.0,16087.0,0.1151,15869.0,17535.0,0.105,243.0,276.0,0.1358
BEJO,3131A - TRADITIONAL & CHINESE 10-40ML,3131 - TRADITIONAL & CHINESE,MEDICINE & BABY CARE,2.06,2.16,0.0485,62.5,59.0,-0.056,1.15,1.24,0.0783,17198.0,16218.0,-0.057,19778.0,20110.0,0.0168,109.0,143.0,0.3119
MIXAGRIP,3131A - TRADITIONAL & CHINESE 10-40ML,3131 - TRADITIONAL & CHINESE,MEDICINE & BABY CARE,1.07,1.05,-0.0187,38.0,6.67,-0.8245,1.23,1.0,-0.187,22914.0,22575.0,-0.0148,28184.0,22575.0,-0.199,62.0,20.0,-0.6774
SIDOMUNCUL,3131A - TRADITIONAL & CHINESE 10-40ML,3131 - TRADITIONAL & CHINESE,MEDICINE & BABY CARE,1.69,1.5,-0.1124,370.5,151.33,-0.5916,1.17,1.17,0.0,20062.0,18868.0,-0.0595,23473.0,22076.0,-0.0595,634.0,389.0,-0.3864
SIDOMUNCUL,3131B - TRADITIONAL & CHINESE 50-120ML,3131 - TRADITIONAL & CHINESE,MEDICINE & BABY CARE,1.07,1.14,0.0654,29.5,7.0,-0.7627,1.4,1.0,-0.2857,27207.0,29238.0,0.0746,38090.0,29238.0,-0.2324,42.0,21.0,-0.5
TRESNO JOYO,3131B - TRADITIONAL & CHINESE 50-120ML,3131 - TRADITIONAL & CHINESE,MEDICINE & BABY CARE,1.0,1.0,0.0,2.5,2.33,-0.068,1.0,1.0,0.0,26760.0,29386.0,0.0981,26760.0,29386.0,0.0981,5.0,7.0,0.4
ANTANGIN,3131C - TRADITIONAL & CHINESE KAPLET,3131 - TRADITIONAL & CHINESE,MEDICINE & BABY CARE,1.15,1.57,0.3652,17.0,4.67,-0.7253,1.13,1.17,0.0354,6071.0,8114.0,0.3365,6860.0,9493.0,0.3838,30.0,12.0,-0.6
GOLDEN,3131C - TRADITIONAL & CHINESE KAPLET,3131 - TRADITIONAL & CHINESE,MEDICINE & BABY CARE,1.0,,,1.0,,,1.0,,,20000.0,,,20000.0,,,2.0,,
PIL CHI KIT,3131C - TRADITIONAL & CHINESE KAPLET,3131 - TRADITIONAL & CHINESE,MEDICINE & BABY CARE,12.0,,,1.0,,,1.0,,,45600.0,,,45600.0,,,2.0,,
GPU,3131D - TRADITIONAL & CHINESE MASSAGE,3131 - TRADITIONAL & CHINESE,MEDICINE & BABY CARE,1.0,1.09,0.09,20.5,14.67,-0.2844,1.0,1.05,0.05,18380.0,21039.0,0.1447,18380.0,22091.0,0.2019,41.0,42.0,0.0244
MINYAK TAWON,3131D - TRADITIONAL & CHINESE MASSAGE,3131 - TRADITIONAL & CHINESE,MEDICINE & BABY CARE,1.07,1.0,-0.0654,7.5,3.67,-0.5107,1.0,1.0,0.0,31667.0,29582.0,-0.0658,31667.0,29582.0,-0.0658,15.0,11.0,-0.2667
CESSA,3131E - TRADITIONAL & CHINESE MINYAK ANGIN,3131 - TRADITIONAL & CHINESE,MEDICINE & BABY CARE,1.0,,,2.5,,,1.0,,,33560.0,,,33560.0,,,5.0,,
FRESH CARE,3131E - TRADITIONAL & CHINESE MINYAK ANGIN,3131 - TRADITIONAL & CHINESE,MEDICINE & BABY CARE,1.1,1.06,-0.0364,223.0,100.33,-0.5501,1.11,1.05,-0.0541,19174.0,18700.0,-0.0247,21283.0,19635.0,-0.0774,402.0,286.0,-0.2886
FRESH LIVING,3131E - TRADITIONAL & CHINESE MINYAK ANGIN,3131 - TRADITIONAL & CHINESE,MEDICINE & BABY CARE,1.06,1.08,0.0189,9.0,4.33,-0.5189,1.0,1.08,0.08,30506.0,31154.0,0.0212,30506.0,33646.0,0.1029,18.0,12.0,-0.3333
HERBA,3131E - TRADITIONAL & CHINESE MINYAK ANGIN,3131 - TRADITIONAL & CHINESE,MEDICINE & BABY CARE,1.0,1.33,0.33,5.5,2.0,-0.6364,1.0,1.0,0.0,25900.0,34567.0,0.3346,25900.0,34567.0,0.3346,11.0,6.0,-0.4545
KAPAK,3131E - TRADITIONAL & CHINESE MINYAK ANGIN,3131 - TRADITIONAL & CHINESE,MEDICINE & BABY CARE,1.0,1.0,0.0,8.0,3.33,-0.5838,1.0,1.0,0.0,37019.0,34680.0,-0.0632,37019.0,34680.0,-0.0632,16.0,10.0,-0.375
LANG,3131E - TRADITIONAL & CHINESE MINYAK ANGIN,3131 - TRADITIONAL & CHINESE,MEDICINE & BABY CARE,1.15,1.0,-0.1304,10.0,7.0,-0.3,1.0,1.05,0.05,12795.0,11095.0,-0.1329,12795.0,11650.0,-0.0895,20.0,20.0,0.0
MEDICATED,3131E - TRADITIONAL & CHINESE MINYAK ANGIN,3131 - TRADITIONAL & CHINESE,MEDICINE & BABY CARE,1.0,1.17,0.17,21.5,2.0,-0.907,1.19,1.0,-0.1597,22274.0,26067.0,0.1703,26506.0,26067.0,-0.0166,36.0,6.0,-0.8333
PLOSSA,3131E - TRADITIONAL & CHINESE MINYAK ANGIN,3131 - TRADITIONAL & CHINESE,MEDICINE & BABY CARE,1.01,1.05,0.0396,52.0,13.33,-0.7437,1.12,1.03,-0.0804,16529.0,17918.0,0.084,18512.0,18456.0,-0.003,93.0,39.0,-0.5806
SAFE CARE,3131E - TRADITIONAL & CHINESE MINYAK ANGIN,3131 - TRADITIONAL & CHINESE,MEDICINE & BABY CARE,1.05,1.0,-0.0476,21.5,8.33,-0.6126,1.13,1.09,-0.0354,23321.0,22860.0,-0.0198,26353.0,24917.0,-0.0545,38.0,23.0,-0.3947
SIANG PURE,3131E - TRADITIONAL & CHINESE MINYAK ANGIN,3131 - TRADITIONAL & CHINESE,MEDICINE & BABY CARE,1.0,,,0.5,,,1.0,,,85600.0,,,85600.0,,,1.0,,
SIDOMUNCUL,3131E - TRADITIONAL & CHINESE MINYAK ANGIN,3131 - TRADITIONAL & CHINESE,MEDICINE & BABY CARE,1.0,2.0,1.0,4.5,0.67,-0.8511,1.0,1.0,0.0,18711.0,37000.0,0.9774,18711.0,37000.0,0.9774,9.0,2.0,-0.7778
SO FRESH,3131E - TRADITIONAL & CHINESE MINYAK ANGIN,3131 - TRADITIONAL & CHINESE,MEDICINE & BABY CARE,1.02,1.09,0.0686,47.5,28.67,-0.3964,1.13,1.15,0.0177,15322.0,16437.0,0.0728,17314.0,18903.0,0.0918,84.0,75.0,-0.1071
VFRESH,3131E - TRADITIONAL & CHINESE MINYAK ANGIN,3131 - TRADITIONAL & CHINESE,MEDICINE & BABY CARE,1.06,1.0,-0.0566,40.5,12.33,-0.6956,1.07,1.12,0.0467,16483.0,15392.0,-0.0662,17637.0,17239.0,-0.0226,76.0,33.0,-0.5658
VICKS,3131E - TRADITIONAL & CHINESE MINYAK ANGIN,3131 - TRADITIONAL & CHINESE,MEDICINE & BABY CARE,1.02,1.0,-0.0196,30.0,11.0,-0.6333,1.05,1.03,-0.019,21512.0,22042.0,0.0246,22588.0,22703.0,0.0051,57.0,32.0,-0.4386
ALFAMART,3132A - TELON OIL 30-90ML,3132 - TELON OIL,MEDICINE & BABY CARE,1.0,,,1.5,,,1.0,,,11900.0,,,11900.0,,,3.0,,
BEBIO,3132A - TELON OIL 30-90ML,3132 - TELON OIL,MEDICINE & BABY CARE,1.04,1.03,-0.0096,22.5,11.0,-0.5111,1.05,1.06,0.0095,22469.0,22158.0,-0.0138,23592.0,23487.0,-0.0045,43.0,31.0,-0.2791
CAP LANG,3132A - TELON OIL 30-90ML,3132 - TELON OIL,MEDICINE & BABY CARE,1.01,1.0,-0.0099,33.5,23.67,-0.2934,1.12,1.03,-0.0804,25484.0,25141.0,-0.0135,28542.0,25895.0,-0.0927,60.0,69.0,0.15
CUSSONS,3132A - TELON OIL 30-90ML,3132 - TELON OIL,MEDICINE & BABY CARE,1.07,1.02,-0.0467,44.5,20.67,-0.5355,1.11,1.07,-0.036,18684.0,17782.0,-0.0483,20739.0,19027.0,-0.0825,80.0,58.0,-0.275
GAJAH,3132A - TELON OIL 30-90ML,3132 - TELON OIL,MEDICINE & BABY CARE,1.0,1.0,0.0,0.5,3.0,5.0,1.0,1.0,0.0,26100.0,25300.0,-0.0307,26100.0,25300.0,-0.0307,1.0,9.0,8.0
KONICARE,3132A - TELON OIL 30-90ML,3132 - TELON OIL,MEDICINE & BABY CARE,1.12,1.02,-0.0893,34.5,15.33,-0.5557,1.05,1.07,0.019,29325.0,27054.0,-0.0774,30791.0,28948.0,-0.0599,66.0,43.0,-0.3485
MY BABY,3132A - TELON OIL 30-90ML,3132 - TELON OIL,MEDICINE & BABY CARE,1.32,1.15,-0.1288,382.0,166.33,-0.5646,1.17,1.15,-0.0171,27501.0,25243.0,-0.0821,32176.0,29029.0,-0.0978,654.0,434.0,-0.3364
CAP LANG,3132B - TELON OIL 100-150ML,3132 - TELON OIL,MEDICINE & BABY CARE,1.08,1.0,-0.0741,24.5,10.0,-0.5918,1.07,1.07,0.0,57455.0,53110.0,-0.0756,61477.0,56828.0,-0.0756,46.0,28.0,-0.3913
CUSSONS,3132B - TELON OIL 100-150ML,3132 - TELON OIL,MEDICINE & BABY CARE,1.03,1.0,-0.0291,30.5,13.67,-0.5518,1.05,1.11,0.0571,37077.0,35900.0,-0.0317,38931.0,39849.0,0.0236,58.0,37.0,-0.3621
KONICARE,3132B - TELON OIL 100-150ML,3132 - TELON OIL,MEDICINE & BABY CARE,1.16,1.12,-0.0345,9.5,5.33,-0.4389,1.19,1.14,-0.042,65221.0,63100.0,-0.0325,77613.0,71934.0,-0.0732,16.0,14.0,-0.125
MY BABY,3132B - TELON OIL 100-150ML,3132 - TELON OIL,MEDICINE & BABY CARE,1.17,1.11,-0.0513,208.0,53.67,-0.742,1.13,1.14,0.0088,44784.0,42661.0,-0.0474,50606.0,48634.0,-0.039,369.0,141.0,-0.6179
TRESNO JOYO,3132B - TELON OIL 100-150ML,3132 - TELON OIL,MEDICINE & BABY CARE,1.0,1.0,0.0,18.0,5.67,-0.685,1.09,1.0,-0.0826,30167.0,30088.0,-0.0026,32882.0,30088.0,-0.085,33.0,17.0,-0.4848
TROPEE BEBE,3132B - TELON OIL 100-150ML,3132 - TELON OIL,MEDICINE & BABY CARE,1.0,,,0.5,,,1.0,,,47900.0,,,47900.0,,,1.0,,
ZWITSAL,3132B - TELON OIL 100-150ML,3132 - TELON OIL,MEDICINE & BABY CARE,1.0,,,5.0,,,1.11,,,44520.0,,,49417.0,,,9.0,,
CAP LANG,3133B - CAJUPUTI OIL 10-60ML,3133 - CAJUPUTI OIL,MEDICINE & BABY CARE,1.09,1.18,0.0826,418.0,166.33,-0.6021,1.12,1.14,0.0179,21472.0,24584.0,0.1449,24049.0,28026.0,0.1654,747.0,438.0,-0.4137
FRESH CARE,3133B - CAJUPUTI OIL 10-60ML,3133 - CAJUPUTI OIL,MEDICINE & BABY CARE,1.0,1.0,0.0,5.5,2.67,-0.5145,1.0,1.0,0.0,16955.0,17225.0,0.0159,16955.0,17225.0,0.0159,11.0,8.0,-0.2727
GAJAH,3133B - CAJUPUTI OIL 10-60ML,3133 - CAJUPUTI OIL,MEDICINE & BABY CARE,1.0,1.0,0.0,3.0,1.67,-0.4433,1.2,1.0,-0.1667,29150.0,29020.0,-0.0045,34980.0,29020.0,-0.1704,5.0,5.0,0.0
MY BABY,3133B - CAJUPUTI OIL 10-60ML,3133 - CAJUPUTI OIL,MEDICINE & BABY CARE,1.08,1.0,-0.0741,25.5,15.33,-0.3988,1.02,1.18,0.1569,23984.0,22500.0,-0.0619,24464.0,26550.0,0.0853,50.0,39.0,-0.22
CAP LANG,3133C - CAJUPUTI OIL 100-150ML,3133 - CAJUPUTI OIL,MEDICINE & BABY CARE,1.05,1.13,0.0762,46.5,20.67,-0.5555,1.08,1.17,0.0833,59572.0,64052.0,0.0752,64338.0,74941.0,0.1648,86.0,53.0,-0.3837
MY BABY,3133C - CAJUPUTI OIL 100-150ML,3133 - CAJUPUTI OIL,MEDICINE & BABY CARE,1.5,,,2.0,,,1.0,,,62700.0,,,62700.0,,,4.0,,
ALSHIFA,3141A - HONEY BOTTLE 100-400ML,3141 - HONEY,MEDICINE & BABY CARE,1.0,,,6.0,,,1.0,,,68950.0,,,68950.0,,,12.0,,
FLORA,3141A - HONEY BOTTLE 100-400ML,3141 - HONEY,MEDICINE & BABY CARE,1.0,1.0,0.0,8.5,1.33,-0.8435,1.13,1.0,-0.115,59729.0,59775.0,0.0008,67494.0,59775.0,-0.1144,15.0,4.0,-0.7333
MADU ENAK,3141A - HONEY BOTTLE 100-400ML,3141 - HONEY,MEDICINE & BABY CARE,1.0,,,1.5,,,1.0,,,58500.0,,,58500.0,,,3.0,,
MADU TJ,3141A - HONEY BOTTLE 100-400ML,3141 - HONEY,MEDICINE & BABY CARE,1.05,1.02,-0.0286,71.5,30.33,-0.5758,1.07,1.07,0.0,29178.0,29503.0,0.0111,31220.0,31568.0,0.0111,134.0,85.0,-0.3657
MADU URAY,3141A - HONEY BOTTLE 100-400ML,3141 - HONEY,MEDICINE & BABY CARE,,1.0,,,3.33,,,1.0,,,26460.0,,,26460.0,,,10.0,
MADURASA,3141A - HONEY BOTTLE 100-400ML,3141 - HONEY,MEDICINE & BABY CARE,1.01,1.02,0.0099,52.0,15.67,-0.6987,1.07,1.07,0.0,19821.0,21053.0,0.0622,21208.0,22527.0,0.0622,97.0,44.0,-0.5464
NUSANTARA,3141A - HONEY BOTTLE 100-400ML,3141 - HONEY,MEDICINE & BABY CARE,1.0,1.0,0.0,6.0,3.67,-0.3883,1.2,1.1,-0.0833,76492.0,74073.0,-0.0316,91790.0,81480.0,-0.1123,10.0,10.0,0.0
TROPICANA,3141A - HONEY BOTTLE 100-400ML,3141 - HONEY,MEDICINE & BABY CARE,1.0,,,0.5,,,1.0,,,73500.0,,,73500.0,,,1.0,,
MADU TJ,3141B - HONEY BOTTLE 650ML,3141 - HONEY,MEDICINE & BABY CARE,1.0,1.0,0.0,7.5,4.33,-0.4227,1.0,1.08,0.08,73993.0,77900.0,0.0528,73993.0,84132.0,0.137,15.0,12.0,-0.2
MADU ENAK,3141C - HONEY BOX,3141 - HONEY,MEDICINE & BABY CARE,1.0,,,1.0,,,1.0,,,10000.0,,,10000.0,,,2.0,,
MADURASA,3141C - HONEY BOX,3141 - HONEY,MEDICINE & BABY CARE,1.08,1.0,-0.0741,26.5,11.33,-0.5725,1.02,1.21,0.1863,13960.0,13074.0,-0.0635,14239.0,15820.0,0.111,52.0,28.0,-0.4615
CALADINE,3258B - TALCUM POWDER 60-100G,3258 - TALCUM POWDER,MEDICINE & BABY CARE,1.0,1.0,0.0,13.5,5.67,-0.58,1.0,1.06,0.06,24870.0,25800.0,0.0374,24870.0,27348.0,0.0996,27.0,16.0,-0.4074
HEROCYN,3258B - TALCUM POWDER 60-100G,3258 - TALCUM POWDER,MEDICINE & BABY CARE,1.04,1.0,-0.0385,12.0,4.0,-0.6667,1.14,1.0,-0.1228,18229.0,17567.0,-0.0363,20781.0,17567.0,-0.1547,21.0,12.0,-0.4286
ALFA,3313A - WET TISSUE,3313 - WET TISSUE,MEDICINE & BABY CARE,1.21,1.27,0.0496,69.5,41.0,-0.4101,1.02,1.02,0.0,7824.0,7876.0,0.0066,7980.0,8034.0,0.0068,136.0,120.0,-0.1176
ALFAMART,3313A - WET TISSUE,3313 - WET TISSUE,MEDICINE & BABY CARE,1.0,1.08,0.08,12.5,12.33,-0.0136,1.0,1.06,0.06,9828.0,12605.0,0.2826,9828.0,13361.0,0.3595,25.0,35.0,0.4
CUSSONS,3313A - WET TISSUE,3313 - WET TISSUE,MEDICINE & BABY CARE,1.18,1.13,-0.0424,84.5,47.33,-0.4399,1.23,1.3,0.0569,22789.0,20822.0,-0.0863,28030.0,27069.0,-0.0343,137.0,109.0,-0.2044
KODOMO,3313A - WET TISSUE,3313 - WET TISSUE,MEDICINE & BABY CARE,1.27,1.22,-0.0394,581.0,242.67,-0.5823,1.28,1.24,-0.0313,18685.0,17905.0,-0.0417,23917.0,22202.0,-0.0717,911.0,588.0,-0.3546
MAMY POKO,3313A - WET TISSUE,3313 - WET TISSUE,MEDICINE & BABY CARE,1.39,1.31,-0.0576,150.5,38.0,-0.7475,1.46,1.56,0.0685,29929.0,28101.0,-0.0611,43696.0,43838.0,0.0032,206.0,73.0,-0.6456
MITU,3313A - WET TISSUE,3313 - WET TISSUE,MEDICINE & BABY CARE,1.16,1.2,0.0345,237.5,115.67,-0.513,1.19,1.12,-0.0588,16244.0,16828.0,0.036,19330.0,18847.0,-0.025,400.0,310.0,-0.225
MY BABY,3313A - WET TISSUE,3313 - WET TISSUE,MEDICINE & BABY CARE,1.15,1.17,0.0174,110.5,15.67,-0.8582,1.21,1.38,0.1405,22253.0,20479.0,-0.0797,26926.0,28261.0,0.0496,182.0,34.0,-0.8132
PASEO,3313A - WET TISSUE,3313 - WET TISSUE,MEDICINE & BABY CARE,1.18,1.02,-0.1356,212.0,16.33,-0.923,1.23,1.07,-0.1301,15212.0,13190.0,-0.1329,18711.0,14113.0,-0.2457,345.0,46.0,-0.8667
WETKINS,3313A - WET TISSUE,3313 - WET TISSUE,MEDICINE & BABY CARE,1.5,,,1.0,,,1.0,,,19050.0,,,19050.0,,,2.0,,
YUNIKON,3313A - WET TISSUE,3313 - WET TISSUE,MEDICINE & BABY CARE,1.19,1.1,-0.0756,177.0,57.67,-0.6742,1.3,1.17,-0.1,14142.0,13069.0,-0.0759,18385.0,15291.0,-0.1683,272.0,148.0,-0.4559
ALFAMART,3333A - BABY COTTON REF,3333 - BABY COTTON,MEDICINE & BABY CARE,1.16,1.15,-0.0086,363.5,188.33,-0.4819,1.05,1.08,0.0286,7612.0,7442.0,-0.0223,7993.0,8037.0,0.0055,693.0,523.0,-0.2453
CHARMI,3333A - BABY COTTON REF,3333 - BABY COTTON,MEDICINE & BABY CARE,1.33,,,1.5,,,1.0,,,20067.0,,,20067.0,,,3.0,,
ALFAMART,3333B - BABY COTTON BUD POT,3333 - BABY COTTON,MEDICINE & BABY CARE,1.02,1.0,-0.0196,49.5,29.33,-0.4075,1.0,1.01,0.01,10410.0,10078.0,-0.0319,10410.0,10179.0,-0.0222,99.0,87.0,-0.1212
ALFAMART,3334A - REGULER COTTON BUD REF,3334 - REGULER COTTON BUD,MEDICINE & BABY CARE,1.19,1.16,-0.0252,295.0,154.33,-0.4768,1.04,1.07,0.0288,7566.0,7408.0,-0.0209,7869.0,7927.0,0.0074,569.0,433.0,-0.239
CHARMI,3334A - REGULER COTTON BUD REF,3334 - REGULER COTTON BUD,MEDICINE & BABY CARE,1.0,,,0.5,,,1.0,,,8900.0,,,8900.0,,,1.0,,
SELECTION,3334B - REGULER COTTON BUD POT,3334 - REGULER COTTON BUD,MEDICINE & BABY CARE,1.02,1.06,0.0392,64.5,31.67,-0.509,1.04,1.01,-0.0288,14107.0,14649.0,0.0384,14671.0,14795.0,0.0085,124.0,94.0,-0.2419
BIRTH BEYOND,3411A - BABY SHAMPOO 50-100ML,3411 - BABY SHAMPOO,MEDICINE & BABY CARE,1.0,,,0.5,,,1.0,,,30900.0,,,30900.0,,,1.0,,
JOHNSONS,3411A - BABY SHAMPOO 50-100ML,3411 - BABY SHAMPOO,MEDICINE & BABY CARE,1.02,1.0,-0.0196,24.0,8.0,-0.6667,1.09,1.14,0.0459,17873.0,17513.0,-0.0201,19482.0,19965.0,0.0248,44.0,21.0,-0.5227
MY BABY,3411A - BABY SHAMPOO 50-100ML,3411 - BABY SHAMPOO,MEDICINE & BABY CARE,1.0,1.27,0.27,24.5,14.67,-0.4012,1.17,1.13,-0.0342,11294.0,14286.0,0.2649,13214.0,16143.0,0.2217,42.0,39.0,-0.0714
ZWITSAL,3411A - BABY SHAMPOO 50-100ML,3411 - BABY SHAMPOO,MEDICINE & BABY CARE,1.02,1.0,-0.0196,29.0,13.0,-0.5517,1.05,1.03,-0.019,18472.0,18303.0,-0.0091,19396.0,18852.0,-0.028,55.0,38.0,-0.3091
MOELL,3411B - BABY SHAMPOO 125-200ML,3411 - BABY SHAMPOO,MEDICINE & BABY CARE,1.0,,,0.5,,,1.0,,,75800.0,,,75800.0,,,1.0,,
ZWITSAL,3411C - BABY SHAMPOO 250-750ML,3411 - BABY SHAMPOO,MEDICINE & BABY CARE,9.2,,,5.0,,,2.5,,,304820.0,,,762050.0,,,4.0,,
CUSSONS,3412A - BABY BAR SOAP,3412 - BABY BAR SOAP,MEDICINE & BABY CARE,1.46,1.43,-0.0205,28.0,16.33,-0.4168,1.12,1.14,0.0179,8850.0,8549.0,-0.034,9912.0,9746.0,-0.0167,50.0,43.0,-0.14
MY BABY,3412A - BABY BAR SOAP,3412 - BABY BAR SOAP,MEDICINE & BABY CARE,1.65,1.68,0.0182,46.5,19.0,-0.5914,1.15,1.06,-0.0783,8822.0,8639.0,-0.0207,10145.0,9157.0,-0.0974,81.0,54.0,-0.3333
ZWITSAL,3412A - BABY BAR SOAP,3412 - BABY BAR SOAP,MEDICINE & BABY CARE,1.34,1.44,0.0746,56.5,41.33,-0.2685,1.1,1.14,0.0364,6739.0,7229.0,0.0727,7413.0,8241.0,0.1117,103.0,109.0,0.0583
CUSSONS,3413A - BABY COLOGNE 100-150ML,3413 - BABY COLOGNE,MEDICINE & BABY CARE,1.06,1.07,0.0094,25.5,15.0,-0.4118,1.11,1.1,-0.009,28869.0,29060.0,0.0066,32045.0,31966.0,-0.0025,46.0,41.0,-0.1087
GENTLY,3413A - BABY COLOGNE 100-150ML,3413 - BABY COLOGNE,MEDICINE & BABY CARE,1.0,,,1.5,,,1.0,,,35567.0,,,35567.0,,,3.0,,
JOHNSONS,3413A - BABY COLOGNE 100-150ML,3413 - BABY COLOGNE,MEDICINE & BABY CARE,1.07,1.04,-0.028,67.5,31.0,-0.5407,1.07,1.13,0.0561,30700.0,30219.0,-0.0157,32849.0,34147.0,0.0395,126.0,82.0,-0.3492
ZWITSAL,3413A - BABY COLOGNE 100-150ML,3413 - BABY COLOGNE,MEDICINE & BABY CARE,14.0,,,6.0,,,4.0,,,348600.0,,,1394400.0,,,3.0,,
CALADINE,3414A - BABY TALCUM POWDER 75-200G,3414 - BABY TALCUM POWDER,MEDICINE & BABY CARE,1.0,,,0.5,,,1.0,,,47900.0,,,47900.0,,,1.0,,
CUSSONS,3414A - BABY TALCUM POWDER 75-200G,3414 - BABY TALCUM POWDER,MEDICINE & BABY CARE,1.09,1.06,-0.0275,49.0,17.0,-0.6531,1.02,1.02,0.0,11292.0,11608.0,0.028,11518.0,11840.0,0.028,96.0,50.0,-0.4792
KONICARE,3414A - BABY TALCUM POWDER 75-200G,3414 - BABY TALCUM POWDER,MEDICINE & BABY CARE,1.33,,,1.5,,,1.0,,,20000.0,,,20000.0,,,3.0,,
MY BABY,3414A - BABY TALCUM POWDER 75-200G,3414 - BABY TALCUM POWDER,MEDICINE & BABY CARE,1.09,1.01,-0.0734,117.5,54.33,-0.5376,1.05,1.07,0.019,11428.0,10318.0,-0.0971,11999.0,11040.0,-0.0799,224.0,153.0,-0.317
MY BABY,3414B - BABY TALCUM POWDER 300-350G,3414 - BABY TALCUM POWDER,MEDICINE & BABY CARE,1.13,1.05,-0.0708,44.5,22.0,-0.5056,1.02,1.02,0.0,19949.0,18441.0,-0.0756,20348.0,18810.0,-0.0756,87.0,65.0,-0.2529
JOHNSONS,3415A - BABY LOTION,"3415 - BABY LOTION, OIL & CREAM",MEDICINE & BABY CARE,1.03,1.02,-0.0097,36.5,14.67,-0.5981,1.18,1.02,-0.1356,28422.0,23389.0,-0.1771,33538.0,23857.0,-0.2887,62.0,43.0,-0.3065
LOLUNA,3415A - BABY LOTION,"3415 - BABY LOTION, OIL & CREAM",MEDICINE & BABY CARE,1.0,,,2.5,,,1.0,,,59580.0,,,59580.0,,,5.0,,
MOELL,3415A - BABY LOTION,"3415 - BABY LOTION, OIL & CREAM",MEDICINE & BABY CARE,1.0,,,1.0,,,1.0,,,75800.0,,,75800.0,,,2.0,,
ZWITSAL,3415A - BABY LOTION,"3415 - BABY LOTION, OIL & CREAM",MEDICINE & BABY CARE,7.27,,,7.5,,,1.36,,,300113.0,,,408154.0,,,11.0,,
CUSSONS,3415B - BABY OIL,"3415 - BABY LOTION, OIL & CREAM",MEDICINE & BABY CARE,1.01,1.06,0.0495,53.5,15.67,-0.7071,1.04,1.04,0.0,16415.0,17534.0,0.0682,17072.0,18235.0,0.0681,103.0,45.0,-0.5631
JOHNSONS,3415B - BABY OIL,"3415 - BABY LOTION, OIL & CREAM",MEDICINE & BABY CARE,1.04,1.02,-0.0192,35.0,19.67,-0.438,1.01,1.04,0.0297,14970.0,20369.0,0.3607,15120.0,21184.0,0.4011,69.0,57.0,-0.1739
MY BABY,3415B - BABY OIL,"3415 - BABY LOTION, OIL & CREAM",MEDICINE & BABY CARE,1.0,1.0,0.0,4.5,4.67,0.0378,1.0,1.0,0.0,19900.0,19900.0,0.0,19900.0,19900.0,0.0,9.0,14.0,0.5556
ZWITSAL,3415B - BABY OIL,"3415 - BABY LOTION, OIL & CREAM",MEDICINE & BABY CARE,5.13,,,7.5,,,2.5,,,123713.0,,,309282.0,,,6.0,,
BEPANTHEN,3415C - BABY CREAM,"3415 - BABY LOTION, OIL & CREAM",MEDICINE & BABY CARE,1.0,,,0.5,,,1.0,,,75000.0,,,75000.0,,,1.0,,
CETAPHIL,3415C - BABY CREAM,"3415 - BABY LOTION, OIL & CREAM",MEDICINE & BABY CARE,1.0,,,0.5,,,1.0,,,100300.0,,,100300.0,,,1.0,,
CUSSONS,3415C - BABY CREAM,"3415 - BABY LOTION, OIL & CREAM",MEDICINE & BABY CARE,1.08,1.04,-0.037,61.5,23.0,-0.626,1.08,1.05,-0.0278,22534.0,20041.0,-0.1106,24337.0,21043.0,-0.1353,114.0,66.0,-0.4211
EXPERT CARE,3415C - BABY CREAM,"3415 - BABY LOTION, OIL & CREAM",MEDICINE & BABY CARE,1.0,,,2.0,,,1.0,,,109400.0,,,109400.0,,,4.0,,
JOHNSONS,3415C - BABY CREAM,"3415 - BABY LOTION, OIL & CREAM",MEDICINE & BABY CARE,1.08,,,6.0,,,1.09,,,26333.0,,,28703.0,,,11.0,,
LOLUNA,3415C - BABY CREAM,"3415 - BABY LOTION, OIL & CREAM",MEDICINE & BABY CARE,1.0,,,1.0,,,1.0,,,52000.0,,,52000.0,,,2.0,,
MOELL,3415C - BABY CREAM,"3415 - BABY LOTION, OIL & CREAM",MEDICINE & BABY CARE,1.0,,,0.5,,,1.0,,,75800.0,,,75800.0,,,1.0,,
MY BABY,3415C - BABY CREAM,"3415 - BABY LOTION, OIL & CREAM",MEDICINE & BABY CARE,1.06,1.01,-0.0472,48.5,25.67,-0.4707,1.09,1.12,0.0275,18182.0,18149.0,-0.0018,19818.0,20327.0,0.0257,89.0,69.0,-0.2247
NUBIKO,3415C - BABY CREAM,"3415 - BABY LOTION, OIL & CREAM",MEDICINE & BABY CARE,1.8,,,2.5,,,1.25,,,144660.0,,,180825.0,,,4.0,,
PURE BABY,3415C - BABY CREAM,"3415 - BABY LOTION, OIL & CREAM",MEDICINE & BABY CARE,1.0,,,0.5,,,1.0,,,39500.0,,,39500.0,,,1.0,,
ZWITSAL,3415C - BABY CREAM,"3415 - BABY LOTION, OIL & CREAM",MEDICINE & BABY CARE,1.06,1.13,0.066,63.0,25.67,-0.5925,1.12,1.22,0.0893,22936.0,24529.0,0.0695,25688.0,29925.0,0.1649,112.0,63.0,-0.4375
CUSSONS,3415D - BABY HAIR LOTION,"3415 - BABY LOTION, OIL & CREAM",MEDICINE & BABY CARE,1.02,1.05,0.0294,69.5,32.0,-0.5396,1.07,1.08,0.0093,21599.0,26390.0,0.2218,23111.0,28501.0,0.2332,130.0,89.0,-0.3154
MOELL,3415D - BABY HAIR LOTION,"3415 - BABY LOTION, OIL & CREAM",MEDICINE & BABY CARE,1.0,,,1.5,,,1.5,,,70300.0,,,105450.0,,,2.0,,
MOTHERLOVE,3415D - BABY HAIR LOTION,"3415 - BABY LOTION, OIL & CREAM",MEDICINE & BABY CARE,1.0,,,0.5,,,1.0,,,79000.0,,,79000.0,,,1.0,,
MY BABY,3415D - BABY HAIR LOTION,"3415 - BABY LOTION, OIL & CREAM",MEDICINE & BABY CARE,1.11,1.04,-0.0631,36.0,8.0,-0.7778,1.12,1.14,0.0179,26585.0,24962.0,-0.061,29775.0,28457.0,-0.0443,64.0,21.0,-0.6719
TROPEE BEBE,3415D - BABY HAIR LOTION,"3415 - BABY LOTION, OIL & CREAM",MEDICINE & BABY CARE,1.17,,,3.0,,,1.0,,,61717.0,,,61717.0,,,6.0,,
ZWITSAL,3415D - BABY HAIR LOTION,"3415 - BABY LOTION, OIL & CREAM",MEDICINE & BABY CARE,1.09,1.05,-0.0367,62.0,39.67,-0.3602,1.13,1.1,-0.0265,34016.0,32752.0,-0.0372,38438.0,36027.0,-0.0627,110.0,108.0,-0.0182
CETAPHIL,3416A - BABY LIQUID SOAP 100-300ML,3416 - BABY LIQUID SOAP,MEDICINE & BABY CARE,1.0,,,0.5,,,1.0,,,120900.0,,,120900.0,,,1.0,,
CUSSONS,3416A - BABY LIQUID SOAP 100-300ML,3416 - BABY LIQUID SOAP,MEDICINE & BABY CARE,1.06,1.03,-0.0283,51.0,11.67,-0.7712,1.11,1.09,-0.018,31773.0,30757.0,-0.032,35268.0,33525.0,-0.0494,92.0,32.0,-0.6522
EXPERT CARE,3416A - BABY LIQUID SOAP 100-300ML,3416 - BABY LIQUID SOAP,MEDICINE & BABY CARE,1.0,,,0.5,,,1.0,,,85900.0,,,85900.0,,,1.0,,
GENTLY,3416A - BABY LIQUID SOAP 100-300ML,3416 - BABY LIQUID SOAP,MEDICINE & BABY CARE,1.0,,,0.5,,,1.0,,,74000.0,,,74000.0,,,1.0,,
JOHNSONS,3416A - BABY LIQUID SOAP 100-300ML,3416 - BABY LIQUID SOAP,MEDICINE & BABY CARE,1.0,1.0,0.0,29.0,18.0,-0.3793,1.04,1.02,-0.0192,25457.0,24396.0,-0.0417,26475.0,24884.0,-0.0601,56.0,53.0,-0.0536
LACTACYD,3416A - BABY LIQUID SOAP 100-300ML,3416 - BABY LIQUID SOAP,MEDICINE & BABY CARE,1.1,1.14,0.0364,20.5,12.33,-0.3985,1.24,1.12,-0.0968,45556.0,44230.0,-0.0291,56489.0,49538.0,-0.1231,33.0,33.0,0.0
LOLUNA,3416A - BABY LIQUID SOAP 100-300ML,3416 - BABY LIQUID SOAP,MEDICINE & BABY CARE,1.0,,,1.5,,,1.0,,,50633.0,,,50633.0,,,3.0,,
MOELL,3416A - BABY LIQUID SOAP 100-300ML,3416 - BABY LIQUID SOAP,MEDICINE & BABY CARE,1.0,,,1.5,,,1.0,,,70300.0,,,70300.0,,,3.0,,
MY BABY,3416A - BABY LIQUID SOAP 100-300ML,3416 - BABY LIQUID SOAP,MEDICINE & BABY CARE,1.05,1.04,-0.0095,52.5,28.0,-0.4667,1.12,1.02,-0.0893,25920.0,27279.0,0.0524,29030.0,27825.0,-0.0415,94.0,82.0,-0.1277
PROBABY,3416A - BABY LIQUID SOAP 100-300ML,3416 - BABY LIQUID SOAP,MEDICINE & BABY CARE,1.0,,,0.5,,,1.0,,,15600.0,,,15600.0,,,1.0,,
SLEEK,3416A - BABY LIQUID SOAP 100-300ML,3416 - BABY LIQUID SOAP,MEDICINE & BABY CARE,1.0,,,0.5,,,1.0,,,26900.0,,,26900.0,,,1.0,,
ZWITSAL,3416A - BABY LIQUID SOAP 100-300ML,3416 - BABY LIQUID SOAP,MEDICINE & BABY CARE,1.5,1.03,-0.3133,92.0,35.33,-0.616,1.12,1.05,-0.0625,49863.0,34668.0,-0.3047,55847.0,36401.0,-0.3482,165.0,101.0,-0.3879
BABY-DEE,3416B - BABY LIQUID SOAP 400-600ML,3416 - BABY LIQUID SOAP,MEDICINE & BABY CARE,1.2,,,2.5,,,1.25,,,50280.0,,,62850.0,,,4.0,,
CUSSONS,3416B - BABY LIQUID SOAP 400-600ML,3416 - BABY LIQUID SOAP,MEDICINE & BABY CARE,1.1,1.04,-0.0545,33.5,23.33,-0.3036,1.06,1.11,0.0472,33084.0,32736.0,-0.0105,35069.0,36337.0,0.0362,63.0,63.0,0.0
JOHNSONS,3416B - BABY LIQUID SOAP 400-600ML,3416 - BABY LIQUID SOAP,MEDICINE & BABY CARE,1.06,1.11,0.0472,60.0,11.67,-0.8055,1.17,1.03,-0.1197,40178.0,41623.0,0.036,47008.0,42872.0,-0.088,103.0,34.0,-0.6699
KODOMO,3416B - BABY LIQUID SOAP 400-600ML,3416 - BABY LIQUID SOAP,MEDICINE & BABY CARE,1.05,1.04,-0.0095,147.0,65.33,-0.5556,1.13,1.13,0.0,29902.0,28966.0,-0.0313,33789.0,32732.0,-0.0313,260.0,174.0,-0.3308
LOLUNA,3416B - BABY LIQUID SOAP 400-600ML,3416 - BABY LIQUID SOAP,MEDICINE & BABY CARE,1.0,,,3.0,,,1.5,,,58833.0,,,88250.0,,,4.0,,
MY BABY,3416B - BABY LIQUID SOAP 400-600ML,3416 - BABY LIQUID SOAP,MEDICINE & BABY CARE,1.12,1.12,0.0,142.5,45.33,-0.6819,1.19,1.11,-0.0672,31300.0,30253.0,-0.0335,37247.0,33581.0,-0.0984,240.0,122.0,-0.4917
PURE BABY,3416B - BABY LIQUID SOAP 400-600ML,3416 - BABY LIQUID SOAP,MEDICINE & BABY CARE,1.0,,,2.0,,,1.0,,,47100.0,,,47100.0,,,4.0,,
YUNIKON,3416B - BABY LIQUID SOAP 400-600ML,3416 - BABY LIQUID SOAP,MEDICINE & BABY CARE,1.0,,,24.0,,,1.07,,,23900.0,,,25573.0,,,45.0,,
ZWITSAL,3416B - BABY LIQUID SOAP 400-600ML,3416 - BABY LIQUID SOAP,MEDICINE & BABY CARE,1.31,1.1,-0.1603,83.0,32.67,-0.6064,1.14,1.23,0.0789,50253.0,42953.0,-0.1453,57288.0,52832.0,-0.0778,146.0,80.0,-0.4521
HAVE BABY,3417A - BABY LIQUID DET,3417 - BABY LIQUID DET & SOFTENER,MEDICINE & BABY CARE,1.0,,,1.0,,,1.0,,,50000.0,,,50000.0,,,2.0,,
MY BABY,3417A - BABY LIQUID DET,3417 - BABY LIQUID DET & SOFTENER,MEDICINE & BABY CARE,4.75,,,2.0,,,1.33,,,87875.0,,,116874.0,,,3.0,,
PIGEON,3417A - BABY LIQUID DET,3417 - BABY LIQUID DET & SOFTENER,MEDICINE & BABY CARE,1.0,,,0.5,,,1.0,,,50500.0,,,50500.0,,,1.0,,
SLEEK,3417A - BABY LIQUID DET,3417 - BABY LIQUID DET & SOFTENER,MEDICINE & BABY CARE,1.1,1.05,-0.0455,45.0,6.33,-0.8593,1.3,1.19,-0.0846,37386.0,29689.0,-0.2059,48602.0,35330.0,-0.2731,69.0,16.0,-0.7681
CUSSONS,3417B - BABY FABRIC SOFTENER,3417 - BABY LIQUID DET & SOFTENER,MEDICINE & BABY CARE,2.0,,,0.5,,,1.0,,,41800.0,,,41800.0,,,1.0,,
MY BABY,3417B - BABY FABRIC SOFTENER,3417 - BABY LIQUID DET & SOFTENER,MEDICINE & BABY CARE,2.18,,,5.5,,,1.22,,,56091.0,,,68431.0,,,9.0,,
SLEEK,3417B - BABY FABRIC SOFTENER,3417 - BABY LIQUID DET & SOFTENER,MEDICINE & BABY CARE,,1.0,,,2.33,,,1.0,,,27929.0,,,27929.0,,,7.0,
YURI,3417B - BABY FABRIC SOFTENER,3417 - BABY LIQUID DET & SOFTENER,MEDICINE & BABY CARE,1.2,,,2.5,,,1.25,,,78600.0,,,98250.0,,,4.0,,
DEE - DEE,3421B - KIDS SHAMPOO 125-200ML,3421 - KIDS SHAMPOO,MEDICINE & BABY CARE,2.11,,,4.5,,,1.12,,,25300.0,,,28336.0,,,8.0,,
JOHNSONS,3421B - KIDS SHAMPOO 125-200ML,3421 - KIDS SHAMPOO,MEDICINE & BABY CARE,1.0,,,0.5,,,1.0,,,25900.0,,,25900.0,,,1.0,,
KODOMO,3421B - KIDS SHAMPOO 125-200ML,3421 - KIDS SHAMPOO,MEDICINE & BABY CARE,1.14,1.07,-0.0614,81.5,61.0,-0.2515,1.06,1.09,0.0283,20523.0,19520.0,-0.0489,21754.0,21277.0,-0.0219,154.0,168.0,0.0909
MASTER,3421B - KIDS SHAMPOO 125-200ML,3421 - KIDS SHAMPOO,MEDICINE & BABY CARE,2.0,,,2.0,,,1.0,,,30550.0,,,30550.0,,,4.0,,
MY BABY,3421B - KIDS SHAMPOO 125-200ML,3421 - KIDS SHAMPOO,MEDICINE & BABY CARE,1.08,1.03,-0.0463,120.0,36.33,-0.6972,1.08,1.09,0.0093,17501.0,15182.0,-0.1325,18901.0,16548.0,-0.1245,223.0,100.0,-0.5516
DEE - DEE,3421C - KIDS SHAMPOO 250-750ML,3421 - KIDS SHAMPOO,MEDICINE & BABY CARE,1.5,,,1.0,,,1.0,,,34350.0,,,34350.0,,,2.0,,
CUSSONS,3422A - KIDS COLOGNE,3422 - KIDS COLOGNE,MEDICINE & BABY CARE,1.04,1.0,-0.0385,23.0,9.0,-0.6087,1.02,1.08,0.0588,21107.0,20493.0,-0.0291,21529.0,22132.0,0.028,45.0,25.0,-0.4444
DOREMI,3422A - KIDS COLOGNE,3422 - KIDS COLOGNE,MEDICINE & BABY CARE,1.0,1.0,0.0,18.0,11.67,-0.3517,1.06,1.03,-0.0283,21306.0,21223.0,-0.0039,22584.0,21860.0,-0.0321,34.0,34.0,0.0
MASTER,3422A - KIDS COLOGNE,3422 - KIDS COLOGNE,MEDICINE & BABY CARE,1.04,1.03,-0.0096,13.5,12.0,-0.1111,1.0,1.0,0.0,19507.0,20239.0,0.0375,19507.0,20239.0,0.0375,27.0,36.0,0.3333
MY BABY,3422A - KIDS COLOGNE,3422 - KIDS COLOGNE,MEDICINE & BABY CARE,1.05,1.05,0.0,119.0,59.33,-0.5014,1.11,1.07,-0.036,16655.0,16763.0,0.0065,18487.0,17936.0,-0.0298,215.0,167.0,-0.2233
PIGEON,3422A - KIDS COLOGNE,3422 - KIDS COLOGNE,MEDICINE & BABY CARE,1.0,,,1.0,,,1.0,,,35050.0,,,35050.0,,,2.0,,
PURE KIDS,3422A - KIDS COLOGNE,3422 - KIDS COLOGNE,MEDICINE & BABY CARE,1.0,,,1.0,,,1.0,,,45400.0,,,45400.0,,,2.0,,
DOREMI,3423A - KIDS LIQUID SOAP,3423 - KIDS LIQUID SOAP,MEDICINE & BABY CARE,1.04,1.0,-0.0385,12.0,11.67,-0.0275,1.04,1.13,0.0865,22667.0,22180.0,-0.0215,23574.0,25063.0,0.0632,23.0,31.0,0.3478
KODOMO,3423A - KIDS LIQUID SOAP,3423 - KIDS LIQUID SOAP,MEDICINE & BABY CARE,1.14,1.03,-0.0965,85.5,36.67,-0.5711,1.09,1.07,-0.0183,26063.0,23503.0,-0.0982,28409.0,25148.0,-0.1148,157.0,103.0,-0.3439
MY BABY,3423A - KIDS LIQUID SOAP,3423 - KIDS LIQUID SOAP,MEDICINE & BABY CARE,1.13,1.13,0.0,70.5,21.0,-0.7021,1.18,1.12,-0.0508,19409.0,19013.0,-0.0204,22903.0,21295.0,-0.0702,120.0,56.0,-0.5333
ZWITSAL,3423A - KIDS LIQUID SOAP,3423 - KIDS LIQUID SOAP,MEDICINE & BABY CARE,2.22,1.08,-0.5135,83.0,17.33,-0.7912,1.19,1.11,-0.0672,52822.0,27781.0,-0.4741,62858.0,30837.0,-0.5094,139.0,47.0,-0.6619
COLGATE,3424A - TOOTH PASTE KIDS 45-60G,3424 - TOOTH PASTE KIDS,MEDICINE & BABY CARE,1.07,1.11,0.0374,14.5,12.33,-0.1497,1.07,1.16,0.0841,17983.0,18727.0,0.0414,19242.0,21723.0,0.1289,27.0,32.0,0.1852
DARLIE,3424A - TOOTH PASTE KIDS 45-60G,3424 - TOOTH PASTE KIDS,MEDICINE & BABY CARE,1.2,,,2.5,,,1.0,,,22200.0,,,22200.0,,,5.0,,
DEE - DEE,3424A - TOOTH PASTE KIDS 45-60G,3424 - TOOTH PASTE KIDS,MEDICINE & BABY CARE,2.4,,,2.5,,,1.0,,,15700.0,,,15700.0,,,5.0,,
ENZIM,3424A - TOOTH PASTE KIDS 45-60G,3424 - TOOTH PASTE KIDS,MEDICINE & BABY CARE,1.04,1.04,0.0,56.0,24.67,-0.5595,1.1,1.1,0.0,18167.0,18404.0,0.013,19984.0,20244.0,0.013,102.0,67.0,-0.3431
JORDAN,3424A - TOOTH PASTE KIDS 45-60G,3424 - TOOTH PASTE KIDS,MEDICINE & BABY CARE,1.13,,,7.5,,,1.07,,,36533.0,,,39090.0,,,14.0,,
KODOMO,3424A - TOOTH PASTE KIDS 45-60G,3424 - TOOTH PASTE KIDS,MEDICINE & BABY CARE,1.15,1.12,-0.0261,256.5,119.33,-0.5348,1.12,1.13,0.0089,8873.0,8742.0,-0.0148,9938.0,9878.0,-0.006,459.0,316.0,-0.3115
MY BABY,3424A - TOOTH PASTE KIDS 45-60G,3424 - TOOTH PASTE KIDS,MEDICINE & BABY CARE,1.54,1.49,-0.0325,79.5,25.33,-0.6814,1.05,1.04,-0.0095,10640.0,10355.0,-0.0268,11172.0,10769.0,-0.0361,152.0,73.0,-0.5197
PEPSODENT,3424A - TOOTH PASTE KIDS 45-60G,3424 - TOOTH PASTE KIDS,MEDICINE & BABY CARE,1.13,1.07,-0.0531,93.5,32.67,-0.6506,1.03,1.1,0.068,9929.0,10079.0,0.0151,10227.0,11087.0,0.0841,182.0,89.0,-0.511
PURE KIDS,3424A - TOOTH PASTE KIDS 45-60G,3424 - TOOTH PASTE KIDS,MEDICINE & BABY CARE,1.4,,,2.5,,,1.25,,,54180.0,,,67725.0,,,4.0,,
COLGATE,3425A - TOOTH BRUSH KIDS,3425 - TOOTH BRUSH KIDS,MEDICINE & BABY CARE,1.09,1.19,0.0917,5.5,5.33,-0.0309,1.0,1.0,0.0,31264.0,34550.0,0.1051,31264.0,34550.0,0.1051,11.0,16.0,0.4545
FORMULA,3425A - TOOTH BRUSH KIDS,3425 - TOOTH BRUSH KIDS,MEDICINE & BABY CARE,1.09,1.09,0.0,44.0,48.33,0.0984,1.01,1.01,0.0,13475.0,13486.0,0.0008,13610.0,13621.0,0.0008,87.0,144.0,0.6552
JORDAN,3425A - TOOTH BRUSH KIDS,3425 - TOOTH BRUSH KIDS,MEDICINE & BABY CARE,1.1,,,5.0,,,1.25,,,27310.0,,,34138.0,,,8.0,,
KODOMO,3425A - TOOTH BRUSH KIDS,3425 - TOOTH BRUSH KIDS,MEDICINE & BABY CARE,1.13,1.15,0.0177,226.5,114.0,-0.4967,1.07,1.08,0.0093,13445.0,13783.0,0.0251,14386.0,14886.0,0.0348,425.0,318.0,-0.2518
ORAL-B,3425A - TOOTH BRUSH KIDS,3425 - TOOTH BRUSH KIDS,MEDICINE & BABY CARE,1.11,1.26,0.1351,44.5,14.33,-0.678,1.03,1.0,-0.0291,14238.0,16074.0,0.129,14665.0,16074.0,0.0961,86.0,43.0,-0.5
PEPSODENT,3425A - TOOTH BRUSH KIDS,3425 - TOOTH BRUSH KIDS,MEDICINE & BABY CARE,1.11,1.05,-0.0541,50.0,13.67,-0.7266,1.04,1.02,-0.0192,15180.0,14202.0,-0.0644,15787.0,14486.0,-0.0824,96.0,40.0,-0.5833
BELLAGIO,3426A - KIDS HAIR VITAMIN,3426 - KIDS HAIR VITAMIN,MEDICINE & BABY CARE,1.0,1.09,0.09,18.0,7.33,-0.5928,1.03,1.22,0.1845,15578.0,16936.0,0.0872,16045.0,20662.0,0.2878,35.0,18.0,-0.4857
HUKI,"3443A - NURSING,BOTTLE,PACIFIER DOT","3443 - NURSING, BOTTLE & PACIFIER",MEDICINE & BABY CARE,1.02,1.0,-0.0196,20.0,8.33,-0.5835,1.11,1.04,-0.0631,35177.0,31552.0,-0.1031,39046.0,32814.0,-0.1596,36.0,24.0,-0.3333
PHILIPS AVENT,"3443A - NURSING,BOTTLE,PACIFIER DOT","3443 - NURSING, BOTTLE & PACIFIER",MEDICINE & BABY CARE,1.0,1.0,0.0,3.5,3.33,-0.0486,1.0,1.0,0.0,75129.0,75010.0,-0.0016,75129.0,75010.0,-0.0016,7.0,10.0,0.4286
PIGEON,"3443A - NURSING,BOTTLE,PACIFIER DOT","3443 - NURSING, BOTTLE & PACIFIER",MEDICINE & BABY CARE,1.02,1.07,0.049,24.0,14.67,-0.3888,1.02,1.1,0.0784,52565.0,52075.0,-0.0093,53616.0,57283.0,0.0684,47.0,40.0,-0.1489
HUKI,"3443B - NURSING,BOTTLE,PACIFIER BTL","3443 - NURSING, BOTTLE & PACIFIER",MEDICINE & BABY CARE,1.05,1.17,0.1143,10.0,9.67,-0.033,1.0,1.0,0.0,39160.0,42217.0,0.0781,39160.0,42217.0,0.0781,20.0,29.0,0.45
PHILIPS AVENT,"3443B - NURSING,BOTTLE,PACIFIER BTL","3443 - NURSING, BOTTLE & PACIFIER",MEDICINE & BABY CARE,1.09,1.05,-0.0367,16.0,14.0,-0.125,1.0,1.11,0.11,53866.0,52557.0,-0.0243,53866.0,58338.0,0.083,32.0,38.0,0.1875
PIGEON,"3443B - NURSING,BOTTLE,PACIFIER BTL","3443 - NURSING, BOTTLE & PACIFIER",MEDICINE & BABY CARE,1.12,1.07,-0.0446,25.5,14.67,-0.4247,1.04,1.05,0.0096,54739.0,53157.0,-0.0289,56929.0,55815.0,-0.0196,49.0,42.0,-0.1429
CUSSONS,3444A - BABY EQUIPMENT,3444 - BABY EQUIPMENT,MEDICINE & BABY CARE,1.0,,,5.5,,,1.0,,,69591.0,,,69591.0,,,11.0,,
MOELL,3444A - BABY EQUIPMENT,3444 - BABY EQUIPMENT,MEDICINE & BABY CARE,1.0,,,0.5,,,1.0,,,210900.0,,,210900.0,,,1.0,,
MOMAMI,3444A - BABY EQUIPMENT,3444 - BABY EQUIPMENT,MEDICINE & BABY CARE,1.0,,,1.0,,,1.0,,,50350.0,,,50350.0,,,2.0,,
PIGEON,3444A - BABY EQUIPMENT,3444 - BABY EQUIPMENT,MEDICINE & BABY CARE,1.0,1.0,0.0,7.0,3.33,-0.5243,1.0,1.0,0.0,42464.0,43070.0,0.0143,42464.0,43070.0,0.0143,14.0,10.0,-0.2857
ZWITSAL,3444A - BABY EQUIPMENT,3444 - BABY EQUIPMENT,MEDICINE & BABY CARE,10.4,,,2.5,,,2.5,,,293280.0,,,733200.0,,,2.0,,
CUSSONS,3446A - BABY LIQUID CLEANSER,3446 - BABY LIQUID CLEANSER,MEDICINE & BABY CARE,1.15,1.09,-0.0522,44.5,28.33,-0.3634,1.17,1.13,-0.0342,24596.0,23120.0,-0.06,28777.0,26126.0,-0.0921,76.0,75.0,-0.0132
MY BABY,3446A - BABY LIQUID CLEANSER,3446 - BABY LIQUID CLEANSER,MEDICINE & BABY CARE,1.2,1.25,0.0417,71.0,1.33,-0.9813,1.28,1.0,-0.2188,22037.0,18525.0,-0.1594,28207.0,18525.0,-0.3432,111.0,4.0,-0.964
PIGEON,3446A - BABY LIQUID CLEANSER,3446 - BABY LIQUID CLEANSER,MEDICINE & BABY CARE,1.0,,,0.5,,,1.0,,,51900.0,,,51900.0,,,1.0,,
PROBABY,3446A - BABY LIQUID CLEANSER,3446 - BABY LIQUID CLEANSER,MEDICINE & BABY CARE,1.12,1.07,-0.0446,56.0,20.33,-0.637,1.44,1.11,-0.2292,22211.0,23366.0,0.052,31984.0,25936.0,-0.1891,78.0,55.0,-0.2949
SLEEK,3446A - BABY LIQUID CLEANSER,3446 - BABY LIQUID CLEANSER,MEDICINE & BABY CARE,1.03,1.03,0.0,112.0,30.33,-0.7292,1.25,1.17,-0.064,27695.0,25342.0,-0.085,34619.0,29650.0,-0.1435,179.0,78.0,-0.5642
DANCOW,2011A - FAMILY MILK 200-400G,2011 - FAMILY MILK,MILK & DIAPERS,1.03,1.04,0.0097,171.5,88.67,-0.483,1.2,1.25,0.0417,44240.0,47554.0,0.0749,53088.0,59442.0,0.1197,286.0,212.0,-0.2587
DANCOW,2011B - FAMILY MILK  600-800G,2011 - FAMILY MILK,MILK & DIAPERS,1.12,1.27,0.1339,142.5,67.33,-0.5275,1.44,1.32,-0.0833,111666.0,127503.0,0.1418,160799.0,168304.0,0.0467,198.0,153.0,-0.2273
FRISIAN FLAG,2011B - FAMILY MILK  600-800G,2011 - FAMILY MILK,MILK & DIAPERS,1.07,1.09,0.0187,48.5,18.33,-0.6221,1.39,1.15,-0.1727,93335.0,97131.0,0.0407,129736.0,111701.0,-0.139,70.0,48.0,-0.3143
INDOMILK,2011B - FAMILY MILK  600-800G,2011 - FAMILY MILK,MILK & DIAPERS,1.0,,,2.0,,,1.0,,,85975.0,,,85975.0,,,4.0,,
DANCOW,2011C - FAMILY MILK  PACK,2011 - FAMILY MILK,MILK & DIAPERS,1.22,,,31.5,,,1.43,,,136703.0,,,195485.0,,,44.0,,
BONEETO,2012A - TEENS MILK  200-400G,2012 - TEENS MILK,MILK & DIAPERS,1.22,1.0,-0.1803,13.5,8.67,-0.3578,1.23,1.18,-0.0407,56563.0,46200.0,-0.1832,69572.0,54516.0,-0.2164,22.0,22.0,0.0
HILO,2012A - TEENS MILK  200-400G,2012 - TEENS MILK,MILK & DIAPERS,1.03,1.09,0.0583,60.5,32.33,-0.4656,1.29,1.39,0.0775,49374.0,51636.0,0.0458,63692.0,71774.0,0.1269,94.0,70.0,-0.2553
ZEE,2012A - TEENS MILK  200-400G,2012 - TEENS MILK,MILK & DIAPERS,1.14,1.13,-0.0088,114.5,38.33,-0.6652,1.47,1.35,-0.0816,57587.0,56893.0,-0.0121,84653.0,76806.0,-0.0927,156.0,85.0,-0.4551
BONEETO,2012B - TEENS MILK  500-800G,2012 - TEENS MILK,MILK & DIAPERS,1.0,1.02,0.02,10.5,13.67,0.3019,1.31,1.24,-0.0534,82500.0,84529.0,0.0246,108075.0,104816.0,-0.0302,16.0,33.0,1.0625
MILO,2012B - TEENS MILK  500-800G,2012 - TEENS MILK,MILK & DIAPERS,1.06,1.11,0.0472,40.0,6.33,-0.8418,1.19,1.06,-0.1092,92230.0,105047.0,0.139,109754.0,111350.0,0.0145,67.0,18.0,-0.7313
ZEE,2012B - TEENS MILK  500-800G,2012 - TEENS MILK,MILK & DIAPERS,1.09,1.09,0.0,49.0,22.33,-0.5443,1.29,1.4,0.0853,86146.0,85966.0,-0.0021,111128.0,120352.0,0.083,76.0,48.0,-0.3684
HILO,2012C - TEENS MILK  850-1000G,2012 - TEENS MILK,MILK & DIAPERS,1.1,,,10.5,,,1.31,,,168610.0,,,220879.0,,,16.0,,
MILO,2012C - TEENS MILK  850-1000G,2012 - TEENS MILK,MILK & DIAPERS,1.12,,,12.0,,,1.33,,,110854.0,,,147436.0,,,18.0,,
CHAMPION,2012D - TEENS MILK PACK,2012 - TEENS MILK,MILK & DIAPERS,1.21,1.3,0.0744,84.5,3.33,-0.9606,1.32,1.25,-0.053,37846.0,40560.0,0.0717,49957.0,50700.0,0.0149,128.0,8.0,-0.9375
MILO,2012D - TEENS MILK PACK,2012 - TEENS MILK,MILK & DIAPERS,1.11,1.11,0.0,22.0,12.33,-0.4395,1.13,1.09,-0.0354,80320.0,80116.0,-0.0025,90762.0,87326.0,-0.0379,39.0,34.0,-0.1282
OVALTINE,2012D - TEENS MILK PACK,2012 - TEENS MILK,MILK & DIAPERS,1.0,,,1.0,,,1.0,,,47900.0,,,47900.0,,,2.0,,
ZEE,2012D - TEENS MILK PACK,2012 - TEENS MILK,MILK & DIAPERS,1.08,1.0,-0.0741,6.5,1.0,-0.8462,1.3,1.0,-0.2308,51815.0,47900.0,-0.0756,67360.0,47900.0,-0.2889,10.0,3.0,-0.7
AMH,2013A - HI-CAL MILK  150-350G,2013 - HI-CALCIUM MILK,MILK & DIAPERS,1.2,,,2.5,,,1.25,,,27480.0,,,34350.0,,,4.0,,
ANLENE,2013A - HI-CAL MILK  150-350G,2013 - HI-CALCIUM MILK,MILK & DIAPERS,1.05,1.17,0.1143,80.0,51.67,-0.3541,1.31,1.24,-0.0534,44063.0,51889.0,0.1776,57723.0,64342.0,0.1147,122.0,125.0,0.0246
ENTRASOL,2013A - HI-CAL MILK  150-350G,2013 - HI-CALCIUM MILK,MILK & DIAPERS,1.05,1.0,-0.0476,22.0,7.0,-0.6818,1.13,1.17,0.0354,42848.0,40952.0,-0.0442,48418.0,47914.0,-0.0104,39.0,18.0,-0.5385
ETAWALIN,2013A - HI-CAL MILK  150-350G,2013 - HI-CALCIUM MILK,MILK & DIAPERS,1.33,1.07,-0.1955,1.5,5.0,2.3333,1.0,1.15,0.15,131500.0,101333.0,-0.2294,131500.0,116533.0,-0.1138,3.0,13.0,3.3333
HILO,2013A - HI-CAL MILK  150-350G,2013 - HI-CALCIUM MILK,MILK & DIAPERS,1.0,,,1.0,,,1.0,,,133500.0,,,133500.0,,,2.0,,
ANLENE,2013B - HI-CAL MILK  400-650G,2013 - HI-CALCIUM MILK,MILK & DIAPERS,1.06,1.07,0.0094,52.5,24.33,-0.5366,1.17,1.26,0.0769,110526.0,111011.0,0.0044,129315.0,139874.0,0.0817,90.0,58.0,-0.3556
ENSURE,2013B - HI-CAL MILK  400-650G,2013 - HI-CALCIUM MILK,MILK & DIAPERS,1.03,1.04,0.0097,16.5,8.67,-0.4745,1.03,1.62,0.5728,160958.0,174277.0,0.0827,165787.0,282329.0,0.703,32.0,16.0,-0.5
ENTRASOL,2013B - HI-CAL MILK  400-650G,2013 - HI-CALCIUM MILK,MILK & DIAPERS,1.08,1.02,-0.0556,26.0,14.33,-0.4488,1.08,1.19,0.1019,125665.0,118884.0,-0.054,135718.0,141472.0,0.0424,48.0,36.0,-0.25
HILO,2013B - HI-CAL MILK  400-650G,2013 - HI-CALCIUM MILK,MILK & DIAPERS,1.33,1.3,-0.0226,33.0,3.33,-0.8991,1.27,1.43,0.126,138417.0,135200.0,-0.0232,175790.0,193336.0,0.0998,52.0,7.0,-0.8654
ANLENE,2013C - HI-CAL MILK 700-1000G,2013 - HI-CALCIUM MILK,MILK & DIAPERS,1.08,1.06,-0.0185,31.0,22.33,-0.2797,1.13,1.2,0.0619,161502.0,158425.0,-0.0191,182497.0,190110.0,0.0417,55.0,56.0,0.0182
ENSURE,2013C - HI-CAL MILK 700-1000G,2013 - HI-CALCIUM MILK,MILK & DIAPERS,1.0,1.09,0.09,7.0,3.67,-0.4757,1.08,1.22,0.1296,315671.0,344127.0,0.0901,340925.0,419835.0,0.2315,13.0,9.0,-0.3077
ENTRASOL,2013C - HI-CAL MILK 700-1000G,2013 - HI-CALCIUM MILK,MILK & DIAPERS,1.0,1.0,0.0,4.0,0.67,-0.8325,1.6,1.0,-0.375,249000.0,249000.0,0.0,398400.0,249000.0,-0.375,5.0,2.0,-0.6
MILO,2014A - TONIC MILK,2014 - TONIC MILK,MILK & DIAPERS,1.07,1.11,0.0374,66.0,30.33,-0.5405,1.18,1.14,-0.0339,64631.0,59152.0,-0.0848,76265.0,67433.0,-0.1158,112.0,80.0,-0.2857
MILO,2014B - TONIC MILK PACK,2014 - TONIC MILK,MILK & DIAPERS,1.08,,,18.5,,,1.12,,,32681.0,,,36603.0,,,33.0,,
L-MEN,2015A - DIETATIC MILK,2015 - DIETATIC MILK,MILK & DIAPERS,1.11,1.89,0.7027,9.5,3.0,-0.6842,1.12,1.12,0.0,92289.0,171511.0,0.8584,103364.0,192092.0,0.8584,17.0,8.0,-0.5294
WRP,2015A - DIETATIC MILK,2015 - DIETATIC MILK,MILK & DIAPERS,2.17,,,3.0,,,1.2,,,281750.0,,,338100.0,,,5.0,,
DIABETACARE,2016A - DIABETIC MILK,2016 - DIABETIC MILK,MILK & DIAPERS,1.0,,,4.0,,,1.0,,,35900.0,,,35900.0,,,8.0,,
DIABETASOL,2016A - DIABETIC MILK,2016 - DIABETIC MILK,MILK & DIAPERS,1.16,1.18,0.0172,44.0,16.67,-0.6211,1.47,1.09,-0.2585,149386.0,122868.0,-0.1775,219597.0,133926.0,-0.3901,60.0,46.0,-0.2333
DANCOW,2111A - INFANT MILK MAINSTREAM BOX 150-200G,2111 - INFANT MILK MAINSTREAM,MILK & DIAPERS,1.42,1.28,-0.0986,12.0,10.67,-0.1108,1.6,2.0,0.25,17708.0,16016.0,-0.0956,28333.0,32032.0,0.1306,15.0,16.0,0.0667
SGM,2111A - INFANT MILK MAINSTREAM BOX 150-200G,2111 - INFANT MILK MAINSTREAM,MILK & DIAPERS,1.3,1.23,-0.0538,48.5,31.33,-0.354,1.47,1.42,-0.034,20594.0,19498.0,-0.0532,30273.0,27687.0,-0.0854,66.0,66.0,0.0
FRISIAN BABY,2111B - INFANT MILK MAINSTREAM BOX 400-600G,2111 - INFANT MILK MAINSTREAM,MILK & DIAPERS,1.0,1.0,0.0,6.0,1.67,-0.7217,1.5,1.67,0.1133,45933.0,42460.0,-0.0756,68900.0,70908.0,0.0291,8.0,3.0,-0.625
SGM,2111B - INFANT MILK MAINSTREAM BOX 400-600G,2111 - INFANT MILK MAINSTREAM,MILK & DIAPERS,1.21,1.03,-0.1488,52.5,23.0,-0.5619,1.75,1.33,-0.24,62565.0,49422.0,-0.2101,109489.0,65731.0,-0.3997,60.0,52.0,-0.1333
VIDORAN,2111B - INFANT MILK MAINSTREAM BOX 400-600G,2111 - INFANT MILK MAINSTREAM,MILK & DIAPERS,1.0,1.25,0.25,6.5,1.33,-0.7954,2.17,1.0,-0.5392,52500.0,64925.0,0.2367,113925.0,64925.0,-0.4301,6.0,4.0,-0.3333
FRISIAN BABY,2111C - INFANT MILK MAINSTREAM BOX 750-1000G,2111 - INFANT MILK MAINSTREAM,MILK & DIAPERS,1.0,1.0,0.0,1.0,2.67,1.67,1.0,1.33,0.33,92900.0,78462.0,-0.1554,92900.0,104354.0,0.1233,2.0,6.0,2.0
SGM,2111C - INFANT MILK MAINSTREAM BOX 750-1000G,2111 - INFANT MILK MAINSTREAM,MILK & DIAPERS,1.07,1.16,0.0841,33.5,21.33,-0.3633,1.49,1.25,-0.1611,101404.0,108056.0,0.0656,151092.0,135070.0,-0.106,45.0,51.0,0.1333
SGM,2111D - INFANT SPECIALITY MILK MAINSTREAM,2111 - INFANT MILK MAINSTREAM,MILK & DIAPERS,1.18,1.04,-0.1186,16.5,8.33,-0.4952,2.06,1.79,-0.1311,37379.0,32512.0,-0.1302,77001.0,58196.0,-0.2442,16.0,14.0,-0.125
BEBELOVE,2112A - INFANT MILK PREMIUM BOX 150-200G,2112 - INFANT MILK PREMIUM,MILK & DIAPERS,1.35,1.04,-0.2296,67.0,18.33,-0.7264,1.89,1.41,-0.254,50225.0,36158.0,-0.2801,94925.0,50983.0,-0.4629,71.0,39.0,-0.4507
LACTOGEN,2112A - INFANT MILK PREMIUM BOX 150-200G,2112 - INFANT MILK PREMIUM,MILK & DIAPERS,1.0,1.07,0.07,7.5,5.0,-0.3333,1.07,1.0,-0.0654,33793.0,35960.0,0.0641,36159.0,35960.0,-0.0055,14.0,15.0,0.0714
BEBELOVE,2112B - INFANT MILK PREMIUM BOX 350-750G,2112 - INFANT MILK PREMIUM,MILK & DIAPERS,1.15,1.27,0.1043,44.0,18.67,-0.5757,1.76,1.47,-0.1648,118706.0,124152.0,0.0459,208923.0,182503.0,-0.1265,50.0,38.0,-0.24
BMT,2112B - INFANT MILK PREMIUM BOX 350-750G,2112 - INFANT MILK PREMIUM,MILK & DIAPERS,1.02,1.07,0.049,31.5,10.0,-0.6825,2.03,1.25,-0.3842,101116.0,106327.0,0.0515,205265.0,132909.0,-0.3525,31.0,24.0,-0.2258
LACTOGEN,2112B - INFANT MILK PREMIUM BOX 350-750G,2112 - INFANT MILK PREMIUM,MILK & DIAPERS,1.07,1.22,0.1402,22.5,17.0,-0.2444,1.55,2.22,0.4323,105578.0,103869.0,-0.0162,163646.0,230589.0,0.4091,29.0,23.0,-0.2069
BEBELOVE,2112C - INFANT MILK PREMIUM CAN,2112 - INFANT MILK PREMIUM,MILK & DIAPERS,1.05,1.31,0.2476,41.0,9.67,-0.7641,1.61,1.16,-0.2795,155615.0,195307.0,0.2551,250540.0,226556.0,-0.0957,51.0,25.0,-0.5098
NUTRIBABY,2113A - INFANT MILK SUPER PREMUM BOX 400G,2113 - INFANT MILK SUPER PREMIUM,MILK & DIAPERS,1.28,1.55,0.2109,18.0,6.67,-0.6294,1.71,2.0,0.1696,164428.0,200905.0,0.2218,281172.0,401810.0,0.4291,21.0,10.0,-0.5238
BMT,2113B - INFANT MILK SUPER PREMIUM CAN 400G,2113 - INFANT MILK SUPER PREMIUM,MILK & DIAPERS,1.17,1.0,-0.1453,3.0,1.67,-0.4433,1.5,1.25,-0.1667,201250.0,172540.0,-0.1427,301875.0,215675.0,-0.2855,4.0,4.0,0.0
S-26,2113B - INFANT MILK SUPER PREMIUM CAN 400G,2113 - INFANT MILK SUPER PREMIUM,MILK & DIAPERS,1.0,1.0,0.0,13.0,2.67,-0.7946,1.3,1.6,0.2308,177208.0,177500.0,0.0016,230370.0,284000.0,0.2328,20.0,5.0,-0.75
CHIL-GO,2114A - FOLLOW ON MILK MAINSTREAM BOX 150-200G,2114 - FOLLOW ON MILK MAINSTREAM,MILK & DIAPERS,1.3,1.0,-0.2308,10.0,2.67,-0.733,1.82,1.6,-0.1209,47970.0,36900.0,-0.2308,87305.0,59040.0,-0.3238,11.0,5.0,-0.5455
DANCOW,2114A - FOLLOW ON MILK MAINSTREAM BOX 150-200G,2114 - FOLLOW ON MILK MAINSTREAM,MILK & DIAPERS,1.1,1.12,0.0182,15.0,16.33,0.0887,1.3,1.36,0.0462,13750.0,14031.0,0.0204,17875.0,19082.0,0.0675,23.0,36.0,0.5652
SGM,2114A - FOLLOW ON MILK MAINSTREAM BOX 150-200G,2114 - FOLLOW ON MILK MAINSTREAM,MILK & DIAPERS,1.2,1.08,-0.1,45.5,37.33,-0.1796,1.49,2.07,0.3893,19051.0,17104.0,-0.1022,28386.0,35405.0,0.2473,61.0,54.0,-0.1148
DANCOW,2114B - FOLLOW ON MILK MAINSTREAM BOX 350-600G,2114 - FOLLOW ON MILK MAINSTREAM,MILK & DIAPERS,1.11,1.04,-0.0631,38.0,19.0,-0.5,2.62,2.38,-0.0916,58800.0,55067.0,-0.0635,154056.0,131059.0,-0.1493,29.0,24.0,-0.1724
FRISIAN BABY,2114B - FOLLOW ON MILK MAINSTREAM BOX 350-600G,2114 - FOLLOW ON MILK MAINSTREAM,MILK & DIAPERS,1.0,1.08,0.08,10.0,4.0,-0.6,1.67,1.71,0.024,46185.0,49308.0,0.0676,77129.0,84317.0,0.0932,12.0,7.0,-0.4167
SGM,2114B - FOLLOW ON MILK MAINSTREAM BOX 350-600G,2114 - FOLLOW ON MILK MAINSTREAM,MILK & DIAPERS,1.35,1.01,-0.2519,60.0,27.0,-0.55,1.52,1.84,0.2105,75352.0,50514.0,-0.3296,114535.0,92946.0,-0.1885,79.0,44.0,-0.443
VIDORAN,2114B - FOLLOW ON MILK MAINSTREAM BOX 350-600G,2114 - FOLLOW ON MILK MAINSTREAM,MILK & DIAPERS,1.24,1.43,0.1532,24.5,4.67,-0.8094,2.23,1.17,-0.4753,64073.0,72229.0,0.1273,142883.0,84508.0,-0.4086,22.0,12.0,-0.4545
FRISIAN BABY,2114C - FOLLOW ON MILK MAINSTREAM BOX 700-1000G,2114 - FOLLOW ON MILK MAINSTREAM,MILK & DIAPERS,1.0,1.18,0.18,11.5,11.33,-0.0148,3.29,1.89,-0.4255,93057.0,101785.0,0.0938,306158.0,192374.0,-0.3717,7.0,18.0,1.5714
SGM,2114C - FOLLOW ON MILK MAINSTREAM BOX 700-1000G,2114 - FOLLOW ON MILK MAINSTREAM,MILK & DIAPERS,1.09,1.26,0.156,55.5,25.67,-0.5375,1.68,1.67,-0.006,102885.0,117869.0,0.1456,172847.0,196841.0,0.1388,66.0,46.0,-0.303
SGM,2114D - FOLLOW ON SPECIALITY MILK MAINSTREAM,2114 - FOLLOW ON MILK MAINSTREAM,MILK & DIAPERS,1.16,1.42,0.2241,16.0,13.33,-0.1669,1.52,3.64,1.3947,72934.0,85695.0,0.175,110860.0,311930.0,1.8137,21.0,11.0,-0.4762
BEBELOVE,2115A - FOLLOW ON MILK PREMIUM BOX 150-200G,2115 - FOLLOW ON MILK PREMIUM,MILK & DIAPERS,1.24,1.21,-0.0242,65.5,12.67,-0.8066,1.93,1.41,-0.2694,46391.0,42368.0,-0.0867,89535.0,59739.0,-0.3328,68.0,27.0,-0.6029
CHIL-MIL,2115A - FOLLOW ON MILK PREMIUM BOX 150-200G,2115 - FOLLOW ON MILK PREMIUM,MILK & DIAPERS,1.18,1.43,0.2119,24.5,7.0,-0.7143,1.75,1.24,-0.2914,58576.0,70857.0,0.2097,102508.0,87863.0,-0.1429,28.0,17.0,-0.3929
BEBELOVE,2115B - FOLLOW ON MILK PREMIUM BOX 300-1000G,2115 - FOLLOW ON MILK PREMIUM,MILK & DIAPERS,1.1,1.09,-0.0091,64.0,25.33,-0.6042,2.37,1.77,-0.2532,111173.0,98246.0,-0.1163,263480.0,173895.0,-0.34,54.0,43.0,-0.2037
CHIL-MIL,2115B - FOLLOW ON MILK PREMIUM BOX 300-1000G,2115 - FOLLOW ON MILK PREMIUM,MILK & DIAPERS,2.0,,,2.5,,,1.67,,,392400.0,,,655308.0,,,3.0,,
LACTOGEN,2115B - FOLLOW ON MILK PREMIUM BOX 300-1000G,2115 - FOLLOW ON MILK PREMIUM,MILK & DIAPERS,1.1,1.18,0.0727,38.5,13.33,-0.6538,1.67,1.43,-0.1437,102600.0,95078.0,-0.0733,171342.0,135962.0,-0.2065,46.0,28.0,-0.3913
BEBELOVE,2115C - FOLLOW ON MILK PREMIUM CAN 800-900G,2115 - FOLLOW ON MILK PREMIUM,MILK & DIAPERS,1.11,1.06,-0.045,58.5,11.67,-0.8005,1.83,1.35,-0.2623,164892.0,157197.0,-0.0467,301752.0,212216.0,-0.2967,64.0,26.0,-0.5938
NUTRIBABY,2116A - FOLLOW ON MILK SUPER PREMIUM BOX 350-600G,2116 - FOLLOW ON MILK SUPER PREMIUM,MILK & DIAPERS,1.0,1.13,0.13,16.0,13.0,-0.1875,1.68,2.17,0.2917,128206.0,145992.0,0.1387,215386.0,316803.0,0.4709,19.0,18.0,-0.0526
S-26,2116A - FOLLOW ON MILK SUPER PREMIUM BOX 350-600G,2116 - FOLLOW ON MILK SUPER PREMIUM,MILK & DIAPERS,1.0,1.1,0.1,2.5,3.33,0.332,1.67,1.25,-0.2515,115400.0,127000.0,0.1005,192718.0,158750.0,-0.1763,3.0,8.0,1.6667
CHIL-MIL,2116B - FOLLOW ON MILK SUPER PREMIUM CAN 400G,2116 - FOLLOW ON MILK SUPER PREMIUM,MILK & DIAPERS,1.11,1.09,-0.018,4.5,3.67,-0.1844,1.12,1.38,0.2321,185444.0,182164.0,-0.0177,207697.0,251386.0,0.2103,8.0,8.0,0.0
S-26,2116B - FOLLOW ON MILK SUPER PREMIUM CAN 400G,2116 - FOLLOW ON MILK SUPER PREMIUM,MILK & DIAPERS,1.0,1.0,0.0,9.5,2.33,-0.7547,1.36,1.4,0.0294,198500.0,176629.0,-0.1102,269960.0,247281.0,-0.084,14.0,5.0,-0.6429
DANCOW,2117A - GROWING UP MILK MAINSTREAM BOX 120-200G,2117 - GROWING UP MILK MAINSTREAM,MILK & DIAPERS,1.06,1.1,0.0377,94.5,41.33,-0.5626,1.59,1.61,0.0126,14865.0,15373.0,0.0342,23635.0,24751.0,0.0472,119.0,77.0,-0.3529
SGM,2117A - GROWING UP MILK MAINSTREAM BOX 120-200G,2117 - GROWING UP MILK MAINSTREAM,MILK & DIAPERS,1.41,1.06,-0.2482,257.0,179.33,-0.3022,2.06,2.37,0.1505,22311.0,16822.0,-0.246,45961.0,39868.0,-0.1326,250.0,227.0,-0.092
CHIL-GO,2117B - GROWING UP MILK MAINSTREAM BOX 350-600G,2117 - GROWING UP MILK MAINSTREAM,MILK & DIAPERS,1.4,,,2.5,,,1.0,,,49080.0,,,49080.0,,,5.0,,
DANCOW,2117B - GROWING UP MILK MAINSTREAM BOX 350-600G,2117 - GROWING UP MILK MAINSTREAM,MILK & DIAPERS,1.13,1.15,0.0177,183.5,128.33,-0.3007,1.52,1.55,0.0197,48274.0,53659.0,0.1116,73376.0,83171.0,0.1335,241.0,249.0,0.0332
FRISIAN FLAG,2117B - GROWING UP MILK MAINSTREAM BOX 350-600G,2117 - GROWING UP MILK MAINSTREAM,MILK & DIAPERS,1.13,1.17,0.0354,58.0,11.67,-0.7988,1.78,1.52,-0.1461,56366.0,58494.0,0.0378,100331.0,88911.0,-0.1138,65.0,23.0,-0.6462
SGM,2117B - GROWING UP MILK MAINSTREAM BOX 350-600G,2117 - GROWING UP MILK MAINSTREAM,MILK & DIAPERS,1.16,1.04,-0.1034,436.5,172.0,-0.606,1.87,1.7,-0.0909,59054.0,52823.0,-0.1055,110431.0,89799.0,-0.1868,467.0,304.0,-0.349
VIDORAN,2117B - GROWING UP MILK MAINSTREAM BOX 350-600G,2117 - GROWING UP MILK MAINSTREAM,MILK & DIAPERS,1.03,1.03,0.0,149.0,86.0,-0.4228,1.51,1.47,-0.0265,31465.0,30582.0,-0.0281,47512.0,44956.0,-0.0538,197.0,175.0,-0.1117
BATITA,2117C - GROWING UP MILK MAINSTREAM BOX 700-1000G,2117 - GROWING UP MILK MAINSTREAM,MILK & DIAPERS,1.38,1.09,-0.2101,57.0,15.0,-0.7368,2.07,2.05,-0.0097,97957.0,77369.0,-0.2102,202771.0,158606.0,-0.2178,55.0,22.0,-0.6
CHIL-GO,2117C - GROWING UP MILK MAINSTREAM BOX 700-1000G,2117 - GROWING UP MILK MAINSTREAM,MILK & DIAPERS,1.28,1.18,-0.0781,181.5,51.33,-0.7172,2.19,1.6,-0.2694,100572.0,93039.0,-0.0749,220253.0,148862.0,-0.3241,166.0,96.0,-0.4217
DANCOW,2117C - GROWING UP MILK MAINSTREAM BOX 700-1000G,2117 - GROWING UP MILK MAINSTREAM,MILK & DIAPERS,1.16,1.15,-0.0086,308.5,114.67,-0.6283,1.89,1.59,-0.1587,99651.0,100982.0,0.0134,188340.0,160561.0,-0.1475,327.0,217.0,-0.3364
FRISIAN FLAG,2117C - GROWING UP MILK MAINSTREAM BOX 700-1000G,2117 - GROWING UP MILK MAINSTREAM,MILK & DIAPERS,1.17,1.09,-0.0684,111.5,43.0,-0.6143,1.8,1.95,0.0833,111214.0,103515.0,-0.0692,200185.0,201854.0,0.0083,124.0,66.0,-0.4677
SGM,2117C - GROWING UP MILK MAINSTREAM BOX 700-1000G,2117 - GROWING UP MILK MAINSTREAM,MILK & DIAPERS,1.36,1.37,0.0074,759.0,296.33,-0.6096,1.98,1.85,-0.0657,111545.0,113036.0,0.0134,220859.0,209117.0,-0.0532,766.0,481.0,-0.3721
VIDORAN,2117C - GROWING UP MILK MAINSTREAM BOX 700-1000G,2117 - GROWING UP MILK MAINSTREAM,MILK & DIAPERS,1.27,1.24,-0.0236,494.0,185.67,-0.6241,2.0,1.89,-0.055,82478.0,81300.0,-0.0143,164956.0,153657.0,-0.0685,495.0,295.0,-0.404
SGM,2117D - GROWING UP SPECIALITY MILK MAINSTREAM,2117 - GROWING UP MILK MAINSTREAM,MILK & DIAPERS,1.33,1.26,-0.0526,131.5,32.0,-0.7567,2.07,1.68,-0.1884,120781.0,107669.0,-0.1086,250017.0,180884.0,-0.2765,127.0,57.0,-0.5512
FRISIAN FLAG,2117E - GROWING UP MILK MAINSTREAM >1000G,2117 - GROWING UP MILK MAINSTREAM,MILK & DIAPERS,1.0,,,1.0,,,1.0,,,226700.0,,,226700.0,,,2.0,,
SGM,2117E - GROWING UP MILK MAINSTREAM >1000G,2117 - GROWING UP MILK MAINSTREAM,MILK & DIAPERS,1.0,,,2.0,,,1.0,,,262800.0,,,262800.0,,,4.0,,
BEBELAC,2118A - GROWING UP MILK PREMIUM BOX 150-200G,2118 - GROWING UP MILK PREMIUM,MILK & DIAPERS,1.17,1.17,0.0,134.5,45.33,-0.663,2.17,2.12,-0.023,42441.0,39757.0,-0.0632,92097.0,84285.0,-0.0848,124.0,64.0,-0.4839
CHIL-KID,2118A - GROWING UP MILK PREMIUM BOX 150-200G,2118 - GROWING UP MILK PREMIUM,MILK & DIAPERS,1.11,1.07,-0.036,116.5,22.33,-0.8083,1.94,1.6,-0.1753,49796.0,48300.0,-0.03,96604.0,77280.0,-0.2,120.0,42.0,-0.65
LACTOGROW,2118A - GROWING UP MILK PREMIUM BOX 150-200G,2118 - GROWING UP MILK PREMIUM,MILK & DIAPERS,1.26,,,11.5,,,1.28,,,30178.0,,,38628.0,,,18.0,,
BEBELAC,2118B - GROWING UP MILK PREMIUM BOX 300-600G,2118 - GROWING UP MILK PREMIUM,MILK & DIAPERS,1.11,1.14,0.027,258.0,84.0,-0.6744,1.82,1.49,-0.1813,87424.0,89495.0,0.0237,159112.0,133348.0,-0.1619,284.0,169.0,-0.4049
CHIL-SCHOOL,2118B - GROWING UP MILK PREMIUM BOX 300-600G,2118 - GROWING UP MILK PREMIUM,MILK & DIAPERS,1.09,1.08,-0.0092,11.5,4.33,-0.6235,1.15,1.08,-0.0609,87348.0,98923.0,0.1325,100450.0,106837.0,0.0636,20.0,12.0,-0.4
HEALTHYWAY KIDS,2118B - GROWING UP MILK PREMIUM BOX 300-600G,2118 - GROWING UP MILK PREMIUM,MILK & DIAPERS,1.0,,,4.0,,,1.14,,,46250.0,,,52725.0,,,7.0,,
LACTOGROW,2118B - GROWING UP MILK PREMIUM BOX 300-600G,2118 - GROWING UP MILK PREMIUM,MILK & DIAPERS,1.07,1.1,0.028,75.5,23.67,-0.6865,2.19,1.73,-0.21,64426.0,65963.0,0.0239,141093.0,114116.0,-0.1912,69.0,41.0,-0.4058
BEBELAC,2118C - GROWING UP MILK PREMIUM BOX 700-1000G,2118 - GROWING UP MILK PREMIUM,MILK & DIAPERS,1.34,1.19,-0.1119,267.0,69.0,-0.7416,1.86,1.49,-0.1989,221869.0,203282.0,-0.0838,412676.0,302890.0,-0.266,287.0,139.0,-0.5157
CHIL-KID,2118C - GROWING UP MILK PREMIUM BOX 700-1000G,2118 - GROWING UP MILK PREMIUM,MILK & DIAPERS,1.08,1.17,0.0833,100.0,44.0,-0.56,1.69,2.06,0.2189,190211.0,209167.0,0.0997,321457.0,430884.0,0.3404,118.0,64.0,-0.4576
CHIL-SCHOOL,2118C - GROWING UP MILK PREMIUM BOX 700-1000G,2118 - GROWING UP MILK PREMIUM,MILK & DIAPERS,1.09,1.16,0.0642,49.0,22.33,-0.5443,1.78,1.76,-0.0112,177312.0,180681.0,0.019,315615.0,317999.0,0.0076,55.0,38.0,-0.3091
HEALTHYWAY KIDS,2118C - GROWING UP MILK PREMIUM BOX 700-1000G,2118 - GROWING UP MILK PREMIUM,MILK & DIAPERS,2.28,,,9.0,,,1.64,,,194261.0,,,318588.0,,,11.0,,
LACTOGROW,2118C - GROWING UP MILK PREMIUM BOX 700-1000G,2118 - GROWING UP MILK PREMIUM,MILK & DIAPERS,1.25,1.11,-0.112,81.5,29.0,-0.6442,1.66,1.55,-0.0663,162512.0,146474.0,-0.0987,269770.0,227035.0,-0.1584,98.0,56.0,-0.4286
BEBELAC,2118D - GROWING UP MILK PREMIUM CAN 700-900G,2118 - GROWING UP MILK PREMIUM,MILK & DIAPERS,1.32,1.1,-0.1667,212.5,57.33,-0.7302,1.9,1.67,-0.1211,188546.0,156096.0,-0.1721,358237.0,260680.0,-0.2723,224.0,103.0,-0.5402
BEBELAC,2118F - GROWING UP SPECIALITY MILK PREMIUM,2118 - GROWING UP MILK PREMIUM,MILK & DIAPERS,1.52,1.68,0.1053,29.0,6.33,-0.7817,1.81,1.46,-0.1934,228952.0,253979.0,0.1093,414403.0,370809.0,-0.1052,32.0,13.0,-0.5938
CHIL-KID,2118F - GROWING UP SPECIALITY MILK PREMIUM,2118 - GROWING UP MILK PREMIUM,MILK & DIAPERS,1.15,1.19,0.0348,34.0,10.67,-0.6862,1.94,1.52,-0.2165,163671.0,170928.0,0.0443,317522.0,259811.0,-0.1818,35.0,21.0,-0.4
CHIL-SCHOOL,2118F - GROWING UP SPECIALITY MILK PREMIUM,2118 - GROWING UP MILK PREMIUM,MILK & DIAPERS,1.05,1.11,0.0571,21.5,6.33,-0.7056,1.95,1.27,-0.3487,140653.0,148679.0,0.0571,274273.0,188822.0,-0.3116,22.0,15.0,-0.3182
BEBELAC,2118G - GROWING UP MILK PREMIUM >1000G,2118 - GROWING UP MILK PREMIUM,MILK & DIAPERS,1.29,,,14.0,,,1.56,,,422625.0,,,659295.0,,,18.0,,
CHIL-KID,2118G - GROWING UP MILK PREMIUM >1000G,2118 - GROWING UP MILK PREMIUM,MILK & DIAPERS,1.0,,,3.5,,,1.0,,,333286.0,,,333286.0,,,7.0,,
CHIL-SCHOOL,2118G - GROWING UP MILK PREMIUM >1000G,2118 - GROWING UP MILK PREMIUM,MILK & DIAPERS,1.0,,,5.5,,,1.38,,,296727.0,,,409483.0,,,8.0,,
ENFAGROW,2119A - GROWING UP MILK SUPER PREMIUM BOX 200-700G,2119 - GROWING UP MILK SUPER PREMIUM,MILK & DIAPERS,1.35,1.69,0.2519,53.0,18.33,-0.6542,1.66,2.39,0.4398,169310.0,157971.0,-0.067,281055.0,377551.0,0.3433,64.0,23.0,-0.6406
MORIGRO,2119A - GROWING UP MILK SUPER PREMIUM BOX 200-700G,2119 - GROWING UP MILK SUPER PREMIUM,MILK & DIAPERS,1.15,,,6.5,,,1.3,,,130646.0,,,169840.0,,,10.0,,
NUTRILON,2119A - GROWING UP MILK SUPER PREMIUM BOX 200-700G,2119 - GROWING UP MILK SUPER PREMIUM,MILK & DIAPERS,1.06,1.06,0.0,63.5,17.33,-0.7271,1.84,1.44,-0.2174,115038.0,114869.0,-0.0015,211670.0,165411.0,-0.2185,69.0,36.0,-0.4783
PEDIASURE,2119A - GROWING UP MILK SUPER PREMIUM BOX 200-700G,2119 - GROWING UP MILK SUPER PREMIUM,MILK & DIAPERS,1.04,1.0,-0.0385,28.5,6.33,-0.7779,1.27,1.36,0.0709,106660.0,106205.0,-0.0043,135458.0,144439.0,0.0663,45.0,14.0,-0.6889
S-26,2119A - GROWING UP MILK SUPER PREMIUM BOX 200-700G,2119 - GROWING UP MILK SUPER PREMIUM,MILK & DIAPERS,1.12,1.18,0.0536,82.0,25.33,-0.6911,2.78,1.77,-0.3633,127882.0,133751.0,0.0459,355512.0,236739.0,-0.3341,59.0,43.0,-0.2712
CHIL-KID,2119B - GROWING UP MILK SUPER PREMIUM CAN 400G,2119 - GROWING UP MILK SUPER PREMIUM,MILK & DIAPERS,1.05,,,21.0,,,1.31,,,166107.0,,,217600.0,,,32.0,,
NUTREN,2119B - GROWING UP MILK SUPER PREMIUM CAN 400G,2119 - GROWING UP MILK SUPER PREMIUM,MILK & DIAPERS,1.5,,,1.0,,,1.0,,,259350.0,,,259350.0,,,2.0,,
PEDIASURE,2119B - GROWING UP MILK SUPER PREMIUM CAN 400G,2119 - GROWING UP MILK SUPER PREMIUM,MILK & DIAPERS,1.15,1.03,-0.1043,24.0,10.0,-0.5833,1.33,1.3,-0.0226,220283.0,201680.0,-0.0845,292976.0,262184.0,-0.1051,36.0,23.0,-0.3611
S-26,2119B - GROWING UP MILK SUPER PREMIUM CAN 400G,2119 - GROWING UP MILK SUPER PREMIUM,MILK & DIAPERS,1.03,1.14,0.1068,19.0,4.67,-0.7542,1.81,1.27,-0.2983,164005.0,182821.0,0.1147,296849.0,232183.0,-0.2178,21.0,11.0,-0.4762
CHIL-KID,2119C - GROWING UP MILK SUPER PREMIUM CAN 700-1000G,2119 - GROWING UP MILK SUPER PREMIUM,MILK & DIAPERS,1.05,1.0,-0.0476,30.5,7.33,-0.7597,2.9,7.33,1.5276,316543.0,302041.0,-0.0458,917975.0,2213961.0,1.4118,21.0,3.0,-0.8571
ENFAGROW,2119C - GROWING UP MILK SUPER PREMIUM CAN 700-1000G,2119 - GROWING UP MILK SUPER PREMIUM,MILK & DIAPERS,1.2,1.0,-0.1667,2.5,0.67,-0.732,1.25,1.0,-0.2,518000.0,409100.0,-0.2102,647500.0,409100.0,-0.3682,4.0,2.0,-0.5
MORIGRO,2119C - GROWING UP MILK SUPER PREMIUM CAN 700-1000G,2119 - GROWING UP MILK SUPER PREMIUM,MILK & DIAPERS,1.12,,,8.5,,,2.12,,,331959.0,,,703753.0,,,8.0,,
NUTRILON,2119C - GROWING UP MILK SUPER PREMIUM CAN 700-1000G,2119 - GROWING UP MILK SUPER PREMIUM,MILK & DIAPERS,1.23,1.03,-0.1626,36.5,11.0,-0.6986,1.66,1.5,-0.0964,264114.0,223618.0,-0.1533,438429.0,335427.0,-0.2349,44.0,22.0,-0.5
PEDIASURE,2119C - GROWING UP MILK SUPER PREMIUM CAN 700-1000G,2119 - GROWING UP MILK SUPER PREMIUM,MILK & DIAPERS,1.05,1.05,0.0,39.0,13.67,-0.6495,1.42,1.41,-0.007,392859.0,392139.0,-0.0018,557860.0,552916.0,-0.0089,55.0,29.0,-0.4727
S-26,2119C - GROWING UP MILK SUPER PREMIUM CAN 700-1000G,2119 - GROWING UP MILK SUPER PREMIUM,MILK & DIAPERS,1.05,1.25,0.1905,21.5,4.0,-0.814,2.15,1.33,-0.3814,363477.0,434875.0,0.1964,781476.0,578384.0,-0.2599,20.0,9.0,-0.55
ENFAGROW,2119D - GROWING UP MILK SUPER PREMIUM >1000G,2119 - GROWING UP MILK SUPER PREMIUM,MILK & DIAPERS,1.0,,,1.0,,,1.0,,,425500.0,,,425500.0,,,2.0,,
NUTRILON,2119D - GROWING UP MILK SUPER PREMIUM >1000G,2119 - GROWING UP MILK SUPER PREMIUM,MILK & DIAPERS,1.67,,,4.5,,,3.0,,,755800.0,,,2267400.0,,,3.0,,
S-26,2119D - GROWING UP MILK SUPER PREMIUM >1000G,2119 - GROWING UP MILK SUPER PREMIUM,MILK & DIAPERS,1.18,,,8.5,,,1.7,,,419500.0,,,713150.0,,,10.0,,
CERELAC,2121A - BABY CEREAL BOX 100G,2121 - BABY CEREAL,MILK & DIAPERS,1.0,,,1.5,,,1.0,,,23900.0,,,23900.0,,,3.0,,
PROMINA,2121A - BABY CEREAL BOX 100G,2121 - BABY CEREAL,MILK & DIAPERS,1.43,1.11,-0.2238,143.5,49.33,-0.6562,1.44,1.21,-0.1597,28409.0,22366.0,-0.2127,40909.0,27063.0,-0.3385,199.0,122.0,-0.3869
SUN,2121A - BABY CEREAL BOX 100G,2121 - BABY CEREAL,MILK & DIAPERS,1.0,,,3.0,,,1.0,,,15500.0,,,15500.0,,,6.0,,
CERELAC,2121B - BABY CEREAL BOX 120G,2121 - BABY CEREAL,MILK & DIAPERS,1.54,1.2,-0.2208,218.5,49.33,-0.7742,1.48,1.32,-0.1081,22856.0,17027.0,-0.255,33827.0,22476.0,-0.3356,296.0,112.0,-0.6216
MILNA,2121B - BABY CEREAL BOX 120G,2121 - BABY CEREAL,MILK & DIAPERS,1.24,1.23,-0.0081,61.0,33.33,-0.4536,1.34,1.32,-0.0149,27824.0,31394.0,0.1283,37284.0,41440.0,0.1115,91.0,76.0,-0.1648
PROMINA,2121B - BABY CEREAL BOX 120G,2121 - BABY CEREAL,MILK & DIAPERS,1.29,1.14,-0.1163,87.5,27.0,-0.6914,1.32,1.27,-0.0379,22869.0,20793.0,-0.0908,30187.0,26407.0,-0.1252,133.0,64.0,-0.5188
SUN,2121B - BABY CEREAL BOX 120G,2121 - BABY CEREAL,MILK & DIAPERS,1.37,1.19,-0.1314,84.5,33.33,-0.6056,1.32,1.14,-0.1364,15092.0,13382.0,-0.1133,19921.0,15255.0,-0.2342,128.0,88.0,-0.3125
GROUU,2121C - BABY CEREAL BAG,2121 - BABY CEREAL,MILK & DIAPERS,2.0,,,4.0,,,1.6,,,61850.0,,,98960.0,,,5.0,,
SUN,2121C - BABY CEREAL BAG,2121 - BABY CEREAL,MILK & DIAPERS,1.71,1.48,-0.1345,199.0,105.33,-0.4707,1.41,1.39,-0.0142,14687.0,12736.0,-0.1328,20709.0,17703.0,-0.1452,283.0,228.0,-0.1943
ALAMII,2122A - BABY BISCUIT,2122 - BABY BISCUIT & SNACK,MILK & DIAPERS,1.25,,,4.0,,,1.0,,,20850.0,,,20850.0,,,8.0,,
MILNA,2122A - BABY BISCUIT,2122 - BABY BISCUIT & SNACK,MILK & DIAPERS,1.18,1.26,0.0678,89.5,30.33,-0.6611,1.36,1.15,-0.1544,21641.0,24220.0,0.1192,29432.0,27853.0,-0.0536,132.0,79.0,-0.4015
MONDE,2122A - BABY BISCUIT,2122 - BABY BISCUIT & SNACK,MILK & DIAPERS,2.5,,,6.0,,,1.2,,,37250.0,,,44700.0,,,10.0,,
PROMINA,2122A - BABY BISCUIT,2122 - BABY BISCUIT & SNACK,MILK & DIAPERS,1.07,1.1,0.028,66.5,22.33,-0.6642,1.27,1.03,-0.189,19962.0,20615.0,0.0327,25352.0,21233.0,-0.1625,105.0,65.0,-0.381
SUN,2122A - BABY BISCUIT,2122 - BABY BISCUIT & SNACK,MILK & DIAPERS,1.08,1.08,0.0,140.5,51.67,-0.6322,1.25,1.2,-0.04,12675.0,12665.0,-0.0008,15844.0,15198.0,-0.0408,224.0,129.0,-0.4241
ALAMII,2122B - BABY SNACK,2122 - BABY BISCUIT & SNACK,MILK & DIAPERS,1.28,1.55,0.2109,161.5,57.67,-0.6429,1.37,1.3,-0.0511,12875.0,15610.0,0.2124,17639.0,20293.0,0.1505,236.0,133.0,-0.4364
GRANDVILLE,2122B - BABY SNACK,2122 - BABY BISCUIT & SNACK,MILK & DIAPERS,1.14,,,3.5,,,1.0,,,34857.0,,,34857.0,,,7.0,,
GROUU,2122B - BABY SNACK,2122 - BABY BISCUIT & SNACK,MILK & DIAPERS,1.12,,,8.5,,,1.13,,,34418.0,,,38892.0,,,15.0,,
HAPPY BITES,2122B - BABY SNACK,2122 - BABY BISCUIT & SNACK,MILK & DIAPERS,1.33,,,1.5,,,1.0,,,37067.0,,,37067.0,,,3.0,,
LITTLE JOY,2122B - BABY SNACK,2122 - BABY BISCUIT & SNACK,MILK & DIAPERS,1.25,,,4.0,,,1.0,,,54850.0,,,54850.0,,,8.0,,
MILNA,2122B - BABY SNACK,2122 - BABY BISCUIT & SNACK,MILK & DIAPERS,1.41,1.41,0.0,274.0,124.0,-0.5474,1.29,1.27,-0.0155,12580.0,13170.0,0.0469,16228.0,16726.0,0.0307,424.0,294.0,-0.3066
OMO,2122B - BABY SNACK,2122 - BABY BISCUIT & SNACK,MILK & DIAPERS,2.85,,,6.5,,,1.18,,,20115.0,,,23736.0,,,11.0,,
POIPOI,2122B - BABY SNACK,2122 - BABY BISCUIT & SNACK,MILK & DIAPERS,1.5,,,1.0,,,1.0,,,30800.0,,,30800.0,,,2.0,,
PROMINA,2122B - BABY SNACK,2122 - BABY BISCUIT & SNACK,MILK & DIAPERS,1.98,1.72,-0.1313,1385.0,560.33,-0.5954,1.57,1.43,-0.0892,19681.0,16916.0,-0.1405,30899.0,24190.0,-0.2171,1765.0,1176.0,-0.3337
PUREATS,2122B - BABY SNACK,2122 - BABY BISCUIT & SNACK,MILK & DIAPERS,1.0,,,0.5,,,1.0,,,34700.0,,,34700.0,,,1.0,,
SUNKRISPS,2122B - BABY SNACK,2122 - BABY BISCUIT & SNACK,MILK & DIAPERS,1.33,,,3.0,,,1.2,,,35333.0,,,42400.0,,,5.0,,
YUMMY BITES,2122B - BABY SNACK,2122 - BABY BISCUIT & SNACK,MILK & DIAPERS,1.15,1.03,-0.1043,94.5,19.33,-0.7954,1.25,1.07,-0.144,21713.0,19333.0,-0.1096,27141.0,20686.0,-0.2378,151.0,54.0,-0.6424
PRENAGEN,2131A - PREGNANT MILK 150-250G,2131 - PREGNANT MILK,MILK & DIAPERS,1.04,1.17,0.125,58.0,19.33,-0.6667,1.23,1.14,-0.0732,47983.0,58645.0,0.2222,59019.0,66855.0,0.1328,94.0,51.0,-0.4574
ANMUM,2131B - PREGNANT MILK 300-400G,2131 - PREGNANT MILK,MILK & DIAPERS,1.0,1.03,0.03,15.5,10.33,-0.3335,1.41,1.48,0.0496,92332.0,95439.0,0.0337,130188.0,141250.0,0.085,22.0,21.0,-0.0455
PRENAGEN,2131B - PREGNANT MILK 300-400G,2131 - PREGNANT MILK,MILK & DIAPERS,1.07,1.06,-0.0093,27.0,11.0,-0.5926,1.32,1.27,-0.0379,92239.0,91227.0,-0.011,121755.0,115858.0,-0.0484,41.0,26.0,-0.3659
SGM,2131B - PREGNANT MILK 300-400G,2131 - PREGNANT MILK,MILK & DIAPERS,1.38,,,6.5,,,1.08,,,63277.0,,,68339.0,,,12.0,,
MAKUKU,3431A - REGULAR DIAPERS SIZE-S,3431 - REGULAR DIAPERS,MILK & DIAPERS,1.31,1.0,-0.2366,19.5,3.67,-0.8118,1.62,1.38,-0.1481,77249.0,56900.0,-0.2634,125143.0,78522.0,-0.3725,24.0,8.0,-0.6667
MAMY POKO,3431A - REGULAR DIAPERS SIZE-S,3431 - REGULAR DIAPERS,MILK & DIAPERS,1.11,1.11,0.0,71.5,28.33,-0.6038,1.28,1.1,-0.1406,73192.0,68566.0,-0.0632,93686.0,75423.0,-0.1949,112.0,77.0,-0.3125
SWEETY,3431A - REGULAR DIAPERS SIZE-S,3431 - REGULAR DIAPERS,MILK & DIAPERS,1.09,1.08,-0.0092,70.0,25.33,-0.6381,1.41,1.19,-0.156,63224.0,62128.0,-0.0173,89146.0,73932.0,-0.1707,99.0,64.0,-0.3535
MAMY POKO,3431B - REGULAR DIAPERS SIZE-M,3431 - REGULAR DIAPERS,MILK & DIAPERS,1.2,1.0,-0.1667,5.0,0.33,-0.934,1.43,1.0,-0.3007,54960.0,45800.0,-0.1667,78593.0,45800.0,-0.4173,7.0,1.0,-0.8571
MAMY POKO,3432A - PANTS DIAPERS SIZE-S 18-22S,3432 - PANTS DIAPERS,MILK & DIAPERS,1.0,,,1.0,,,1.0,,,43500.0,,,43500.0,,,2.0,,
MERRIES,3432A - PANTS DIAPERS SIZE-S 18-22S,3432 - PANTS DIAPERS,MILK & DIAPERS,1.07,1.17,0.0935,22.0,4.0,-0.8182,1.26,1.2,-0.0476,77870.0,82583.0,0.0605,98116.0,99100.0,0.01,35.0,10.0,-0.7143
BABY HAPPY,3432B - PANTS DIAPERS SIZE-S 24-38S,3432 - PANTS DIAPERS,MILK & DIAPERS,1.1,1.12,0.0182,46.5,14.0,-0.6989,1.39,1.27,-0.0863,62320.0,68864.0,0.105,86625.0,87457.0,0.0096,67.0,33.0,-0.5075
FITTI,3432B - PANTS DIAPERS SIZE-S 24-38S,3432 - PANTS DIAPERS,MILK & DIAPERS,1.08,1.12,0.037,12.0,2.67,-0.7775,1.5,1.0,-0.3333,60558.0,62888.0,0.0385,90837.0,62888.0,-0.3077,16.0,8.0,-0.5
SWEETY,3432B - PANTS DIAPERS SIZE-S 24-38S,3432 - PANTS DIAPERS,MILK & DIAPERS,1.16,1.11,-0.0431,100.0,44.33,-0.5567,1.41,1.58,0.1206,73739.0,64326.0,-0.1277,103972.0,101635.0,-0.0225,142.0,84.0,-0.4085
MAMY POKO,3432C - PANTS DIAPERS SIZE-M 18-22S,3432 - PANTS DIAPERS,MILK & DIAPERS,1.0,1.0,0.0,6.5,10.0,0.5385,1.0,1.15,0.15,44000.0,44000.0,0.0,44000.0,50600.0,0.15,13.0,26.0,1.0
MERRIES,3432C - PANTS DIAPERS SIZE-M 18-22S,3432 - PANTS DIAPERS,MILK & DIAPERS,1.17,,,3.0,,,1.5,,,57050.0,,,85575.0,,,4.0,,
BABY HAPPY,3432D - PANTS DIAPERS SIZE-M 24-38S,3432 - PANTS DIAPERS,MILK & DIAPERS,1.08,1.08,0.0,168.5,38.0,-0.7745,1.6,1.3,-0.1875,63448.0,63204.0,-0.0038,101517.0,82165.0,-0.1906,210.0,88.0,-0.581
FITTI,3432D - PANTS DIAPERS SIZE-M 24-38S,3432 - PANTS DIAPERS,MILK & DIAPERS,1.0,1.0,0.0,10.0,1.67,-0.833,1.05,1.25,0.1905,55900.0,55900.0,0.0,58695.0,69875.0,0.1905,19.0,4.0,-0.7895
HAPPY NAPPY,3432D - PANTS DIAPERS SIZE-M 24-38S,3432 - PANTS DIAPERS,MILK & DIAPERS,1.14,1.02,-0.1053,56.0,29.33,-0.4762,1.37,1.54,0.1241,51888.0,45917.0,-0.1151,71087.0,70712.0,-0.0053,82.0,57.0,-0.3049
MAKUKU,3432D - PANTS DIAPERS SIZE-M 24-38S,3432 - PANTS DIAPERS,MILK & DIAPERS,1.18,1.09,-0.0763,66.0,7.67,-0.8838,1.81,1.35,-0.2541,69355.0,63270.0,-0.0877,125533.0,85414.0,-0.3196,73.0,17.0,-0.7671
MAMY POKO,3432D - PANTS DIAPERS SIZE-M 24-38S,3432 - PANTS DIAPERS,MILK & DIAPERS,1.13,1.06,-0.0619,129.0,55.0,-0.5736,1.72,1.4,-0.186,78347.0,72404.0,-0.0759,134757.0,101366.0,-0.2478,150.0,118.0,-0.2133
MERRIES,3432D - PANTS DIAPERS SIZE-M 24-38S,3432 - PANTS DIAPERS,MILK & DIAPERS,1.2,1.1,-0.0833,70.0,9.67,-0.8619,1.73,1.32,-0.237,93139.0,83238.0,-0.1063,161130.0,109874.0,-0.3181,81.0,22.0,-0.7284
MIU,3432D - PANTS DIAPERS SIZE-M 24-38S,3432 - PANTS DIAPERS,MILK & DIAPERS,1.0,,,2.0,,,1.0,,,59500.0,,,59500.0,,,4.0,,
POKANA,3432D - PANTS DIAPERS SIZE-M 24-38S,3432 - PANTS DIAPERS,MILK & DIAPERS,1.0,1.0,0.0,2.0,1.67,-0.165,1.0,1.0,0.0,57900.0,57800.0,-0.0017,57900.0,57800.0,-0.0017,4.0,5.0,0.25
SWEETY,3432D - PANTS DIAPERS SIZE-M 24-38S,3432 - PANTS DIAPERS,MILK & DIAPERS,1.15,1.12,-0.0261,161.5,69.33,-0.5707,1.4,1.48,0.0571,66115.0,63617.0,-0.0378,92561.0,94153.0,0.0172,230.0,141.0,-0.387
BABY HAPPY,3432E - PANTS DIAPERS SIZE-L 18-22S,3432 - PANTS DIAPERS,MILK & DIAPERS,1.07,1.0,-0.0654,14.5,3.67,-0.7469,1.26,1.38,0.0952,42652.0,39900.0,-0.0645,53742.0,55062.0,0.0246,23.0,8.0,-0.6522
MAMY POKO,3432E - PANTS DIAPERS SIZE-L 18-22S,3432 - PANTS DIAPERS,MILK & DIAPERS,1.0,1.0,0.0,16.5,7.0,-0.5758,1.27,1.17,-0.0787,48900.0,48900.0,0.0,62103.0,57213.0,-0.0787,26.0,18.0,-0.3077
MERRIES,3432E - PANTS DIAPERS SIZE-L 18-22S,3432 - PANTS DIAPERS,MILK & DIAPERS,1.12,1.18,0.0536,8.0,3.67,-0.5412,1.07,1.1,0.028,60675.0,65391.0,0.0777,64922.0,71930.0,0.1079,15.0,10.0,-0.3333
POKANA,3432E - PANTS DIAPERS SIZE-L 18-22S,3432 - PANTS DIAPERS,MILK & DIAPERS,1.06,1.0,-0.0566,16.0,2.33,-0.8544,2.0,1.0,-0.5,61519.0,58043.0,-0.0565,123038.0,58043.0,-0.5283,16.0,7.0,-0.5625
BABY HAPPY,3432F - PANTS DIAPERS SIZE-L 24-32S,3432 - PANTS DIAPERS,MILK & DIAPERS,1.09,1.07,-0.0183,254.0,69.0,-0.7283,1.75,1.59,-0.0914,63864.0,63531.0,-0.0052,111762.0,101014.0,-0.0962,291.0,130.0,-0.5533
FITTI,3432F - PANTS DIAPERS SIZE-L 24-32S,3432 - PANTS DIAPERS,MILK & DIAPERS,1.04,1.0,-0.0385,23.0,4.0,-0.8261,1.31,1.09,-0.1679,58330.0,55900.0,-0.0417,76412.0,60931.0,-0.2026,35.0,11.0,-0.6857
HAPPY NAPPY,3432F - PANTS DIAPERS SIZE-L 24-32S,3432 - PANTS DIAPERS,MILK & DIAPERS,1.21,1.0,-0.1736,59.5,23.67,-0.6022,1.42,1.29,-0.0915,54938.0,44956.0,-0.1817,78012.0,57993.0,-0.2566,84.0,55.0,-0.3452
MAKUKU,3432F - PANTS DIAPERS SIZE-L 24-32S,3432 - PANTS DIAPERS,MILK & DIAPERS,1.12,1.08,-0.0357,236.0,35.67,-0.8489,1.64,1.32,-0.1951,62654.0,61357.0,-0.0207,102753.0,80991.0,-0.2118,288.0,81.0,-0.7188
MAMY POKO,3432F - PANTS DIAPERS SIZE-L 24-32S,3432 - PANTS DIAPERS,MILK & DIAPERS,1.24,1.13,-0.0887,215.5,82.0,-0.6195,1.66,1.58,-0.0482,85721.0,76738.0,-0.1048,142297.0,121246.0,-0.1479,259.0,156.0,-0.3977
MERRIES,3432F - PANTS DIAPERS SIZE-L 24-32S,3432 - PANTS DIAPERS,MILK & DIAPERS,1.18,1.05,-0.1102,93.5,13.0,-0.861,1.58,1.34,-0.1519,91737.0,78974.0,-0.1391,144944.0,105825.0,-0.2699,118.0,29.0,-0.7542
MIU,3432F - PANTS DIAPERS SIZE-L 24-32S,3432 - PANTS DIAPERS,MILK & DIAPERS,1.05,2.0,0.9048,11.0,1.0,-0.9091,1.57,1.0,-0.3631,62205.0,119000.0,0.913,97662.0,119000.0,0.2185,14.0,3.0,-0.7857
SWEETY,3432F - PANTS DIAPERS SIZE-L 24-32S,3432 - PANTS DIAPERS,MILK & DIAPERS,1.2,1.1,-0.0833,174.0,45.0,-0.7414,1.55,1.35,-0.129,68548.0,63044.0,-0.0803,106249.0,85109.0,-0.199,224.0,100.0,-0.5536
MAMY POKO,3432G - PANTS DIAPERS SIZE-XL 16-22S,3432 - PANTS DIAPERS,MILK & DIAPERS,1.33,1.07,-0.1955,85.5,33.33,-0.6102,1.63,1.52,-0.0675,86096.0,65950.0,-0.234,140336.0,100244.0,-0.2857,105.0,66.0,-0.3714
MERRIES,3432G - PANTS DIAPERS SIZE-XL 16-22S,3432 - PANTS DIAPERS,MILK & DIAPERS,1.0,1.0,0.0,11.0,2.67,-0.7573,1.16,1.0,-0.1379,54827.0,53975.0,-0.0155,63599.0,53975.0,-0.1513,19.0,8.0,-0.5789
POKANA,3432G - PANTS DIAPERS SIZE-XL 16-22S,3432 - PANTS DIAPERS,MILK & DIAPERS,1.1,1.0,-0.0909,5.0,0.33,-0.934,2.0,1.0,-0.5,69190.0,62900.0,-0.0909,138380.0,62900.0,-0.5455,5.0,1.0,-0.8
BABY HAPPY,3432H - PANTS DIAPERS SIZE-XL 24-32S,3432 - PANTS DIAPERS,MILK & DIAPERS,1.13,1.08,-0.0442,270.0,50.67,-0.8123,1.67,1.33,-0.2036,70006.0,68187.0,-0.026,116910.0,90689.0,-0.2243,324.0,114.0,-0.6481
FITTI,3432H - PANTS DIAPERS SIZE-XL 24-32S,3432 - PANTS DIAPERS,MILK & DIAPERS,1.07,1.13,0.0561,43.5,7.67,-0.8237,1.47,1.92,0.3061,66813.0,70652.0,0.0575,98215.0,135652.0,0.3812,59.0,12.0,-0.7966
HAPPY NAPPY,3432H - PANTS DIAPERS SIZE-XL 24-32S,3432 - PANTS DIAPERS,MILK & DIAPERS,1.09,1.04,-0.0459,49.0,29.67,-0.3945,1.53,1.51,-0.0131,49569.0,47022.0,-0.0514,75841.0,71003.0,-0.0638,64.0,59.0,-0.0781
MAKUKU,3432H - PANTS DIAPERS SIZE-XL 24-32S,3432 - PANTS DIAPERS,MILK & DIAPERS,1.18,1.16,-0.0169,215.0,31.67,-0.8527,1.65,1.46,-0.1152,72772.0,76683.0,0.0537,120074.0,111957.0,-0.0676,260.0,65.0,-0.75
MAMY POKO,3432H - PANTS DIAPERS SIZE-XL 24-32S,3432 - PANTS DIAPERS,MILK & DIAPERS,1.2,1.13,-0.0583,138.5,37.0,-0.7329,1.64,1.37,-0.1646,91135.0,85904.0,-0.0574,149461.0,117688.0,-0.2126,169.0,81.0,-0.5207
MERRIES,3432H - PANTS DIAPERS SIZE-XL 24-32S,3432 - PANTS DIAPERS,MILK & DIAPERS,1.15,1.33,0.1565,112.0,13.0,-0.8839,1.76,1.26,-0.2841,89462.0,100626.0,0.1248,157453.0,126789.0,-0.1948,127.0,31.0,-0.7559
MIU,3432H - PANTS DIAPERS SIZE-XL 24-32S,3432 - PANTS DIAPERS,MILK & DIAPERS,1.1,,,5.0,,,1.0,,,72050.0,,,72050.0,,,10.0,,
SWEETY,3432H - PANTS DIAPERS SIZE-XL 24-32S,3432 - PANTS DIAPERS,MILK & DIAPERS,1.19,1.2,0.0084,223.5,55.0,-0.7539,1.73,1.51,-0.1272,70420.0,70279.0,-0.002,121827.0,106121.0,-0.1289,258.0,109.0,-0.5775
MAKUKU,3432I - PANTS DIAPERS SIZE-XXL 18-22S,3432 - PANTS DIAPERS,MILK & DIAPERS,2.0,,,0.5,,,1.0,,,130000.0,,,130000.0,,,1.0,,
MAMY POKO,3432I - PANTS DIAPERS SIZE-XXL 18-22S,3432 - PANTS DIAPERS,MILK & DIAPERS,1.0,1.0,0.0,20.0,6.0,-0.7,1.29,1.0,-0.2248,62287.0,61500.0,-0.0126,80350.0,61500.0,-0.2346,31.0,18.0,-0.4194
MERRIES,3432I - PANTS DIAPERS SIZE-XXL 18-22S,3432 - PANTS DIAPERS,MILK & DIAPERS,1.13,1.06,-0.0619,27.0,5.33,-0.8026,1.69,1.23,-0.2722,76735.0,72206.0,-0.059,129682.0,88813.0,-0.3151,32.0,13.0,-0.5938
SWEETY,3432I - PANTS DIAPERS SIZE-XXL 18-22S,3432 - PANTS DIAPERS,MILK & DIAPERS,1.1,1.07,-0.0273,150.0,38.33,-0.7445,1.82,1.39,-0.2363,63505.0,62963.0,-0.0085,115579.0,87519.0,-0.2428,165.0,83.0,-0.497
BABY HAPPY,3432J - PANTS DIAPERS SIZE-XXL 24-30S,3432 - PANTS DIAPERS,MILK & DIAPERS,1.16,1.08,-0.069,132.5,42.0,-0.683,1.77,1.45,-0.1808,71667.0,66578.0,-0.071,126851.0,96538.0,-0.239,150.0,87.0,-0.42
FITTI,3432J - PANTS DIAPERS SIZE-XXL 24-30S,3432 - PANTS DIAPERS,MILK & DIAPERS,1.04,1.0,-0.0385,28.5,4.33,-0.8481,1.46,1.18,-0.1918,67177.0,64900.0,-0.0339,98078.0,76582.0,-0.2192,39.0,11.0,-0.7179
MAMY POKO,3432J - PANTS DIAPERS SIZE-XXL 24-30S,3432 - PANTS DIAPERS,MILK & DIAPERS,1.11,1.07,-0.036,130.5,28.67,-0.7803,2.06,1.39,-0.3252,87249.0,83471.0,-0.0433,179733.0,116025.0,-0.3545,127.0,62.0,-0.5118
MERRIES,3432J - PANTS DIAPERS SIZE-XXL 24-30S,3432 - PANTS DIAPERS,MILK & DIAPERS,2.0,,,0.5,,,1.0,,,189000.0,,,189000.0,,,1.0,,
MAMY POKO,3432K - PANTS DIAPERS 5-10S,3432 - PANTS DIAPERS,MILK & DIAPERS,1.01,1.03,0.0198,181.5,77.33,-0.5739,1.54,1.31,-0.1494,18199.0,18617.0,0.023,28026.0,24388.0,-0.1298,236.0,177.0,-0.25
BABY HAPPY,3432L - PANTS DIAPERS 36-70S,3432 - PANTS DIAPERS,MILK & DIAPERS,1.0,,,2.0,,,1.0,,,79250.0,,,79250.0,,,4.0,,
MAKUKU,3432L - PANTS DIAPERS 36-70S,3432 - PANTS DIAPERS,MILK & DIAPERS,1.57,,,11.5,,,1.35,,,146722.0,,,198075.0,,,17.0,,
MAMY POKO,3432L - PANTS DIAPERS 36-70S,3432 - PANTS DIAPERS,MILK & DIAPERS,1.19,1.14,-0.042,54.5,24.67,-0.5473,1.42,1.45,0.0211,112576.0,94688.0,-0.1589,159858.0,137298.0,-0.1411,77.0,51.0,-0.3377
MERRIES,3432L - PANTS DIAPERS 36-70S,3432 - PANTS DIAPERS,MILK & DIAPERS,1.5,1.0,-0.3333,1.0,1.33,0.33,1.0,1.0,0.0,200850.0,92900.0,-0.5375,200850.0,92900.0,-0.5375,2.0,4.0,1.0
POKANA,3432L - PANTS DIAPERS 36-70S,3432 - PANTS DIAPERS,MILK & DIAPERS,1.5,,,1.0,,,1.0,,,168500.0,,,168500.0,,,2.0,,
SWEETY,3432L - PANTS DIAPERS 36-70S,3432 - PANTS DIAPERS,MILK & DIAPERS,1.08,1.05,-0.0278,38.0,6.33,-0.8334,1.21,1.36,0.124,91245.0,87684.0,-0.039,110406.0,119250.0,0.0801,63.0,14.0,-0.7778
SWEETY,3432M - PANTS DIAPERS CARTON,3432 - PANTS DIAPERS,MILK & DIAPERS,1.1,,,10.5,,,1.17,,,217495.0,,,254469.0,,,18.0,,
KIWI,3515A - SHOES CLEANER PASTE,3515 - SHOES CLEANER,MISC & STATIONARY,1.0,1.04,0.04,15.5,17.0,0.0968,1.0,1.02,0.02,28932.0,33767.0,0.1671,28932.0,34442.0,0.1904,31.0,50.0,0.6129
KIWI,3515B - SHOES CLEANER LIQUID,3515 - SHOES CLEANER,MISC & STATIONARY,1.0,1.0,0.0,9.0,6.67,-0.2589,1.0,1.0,0.0,48317.0,53515.0,0.1076,48317.0,53515.0,0.1076,18.0,20.0,0.1111
ALFAMART,4121A - BULBS,4121 - BULBS,MISC & STATIONARY,1.14,1.2,0.0526,18.5,14.67,-0.207,1.09,1.05,-0.0367,20108.0,21302.0,0.0594,21918.0,22367.0,0.0205,34.0,42.0,0.2353
ECOLINK,4121A - BULBS,4121 - BULBS,MISC & STATIONARY,1.15,1.12,-0.0261,66.5,26.67,-0.5989,1.06,1.01,-0.0472,24086.0,23561.0,-0.0218,25531.0,23797.0,-0.0679,126.0,79.0,-0.373
HANNOCHS,4121A - BULBS,4121 - BULBS,MISC & STATIONARY,1.22,,,11.5,,,1.0,,,53587.0,,,53587.0,,,23.0,,
PHILIPS,4121A - BULBS,4121 - BULBS,MISC & STATIONARY,1.1,1.18,0.0727,34.5,16.67,-0.5168,1.01,1.04,0.0297,82197.0,85844.0,0.0444,83019.0,89278.0,0.0754,68.0,48.0,-0.2941
SHAMU,4121A - BULBS,4121 - BULBS,MISC & STATIONARY,1.04,1.13,0.0865,47.5,15.33,-0.6773,1.06,1.02,-0.0377,24469.0,29089.0,0.1888,25937.0,29671.0,0.144,90.0,45.0,-0.5
ALFAMART,4123A - TORCHES & EMERGENCY,4123 - TORCHES & EMERGENCY LAMP,MISC & STATIONARY,1.5,1.0,-0.3333,1.0,0.33,-0.67,1.0,1.0,0.0,49350.0,38500.0,-0.2199,49350.0,38500.0,-0.2199,2.0,1.0,-0.5
EVEREADY,4123A - TORCHES & EMERGENCY,4123 - TORCHES & EMERGENCY LAMP,MISC & STATIONARY,1.14,1.0,-0.1228,3.5,2.67,-0.2371,1.0,1.0,0.0,68457.0,59900.0,-0.125,68457.0,59900.0,-0.125,7.0,8.0,0.1429
ALFAMART,4131A - ELECTRICAL & INSTALLATION SUPPORT,4131 - ELECTRICAL & INSTALLATION SUPPORT,MISC & STATIONARY,1.0,1.0,0.0,5.5,3.0,-0.4545,1.0,1.0,0.0,61300.0,58578.0,-0.0444,61300.0,58578.0,-0.0444,11.0,9.0,-0.1818
KENMASTER,4131A - ELECTRICAL & INSTALLATION SUPPORT,4131 - ELECTRICAL & INSTALLATION SUPPORT,MISC & STATIONARY,1.04,1.02,-0.0192,25.5,14.33,-0.438,1.0,1.05,0.05,34814.0,35272.0,0.0132,34814.0,37036.0,0.0638,51.0,41.0,-0.1961
KENMASTER,4142A - HAND TOOLS,4142 - HAND TOOLS,MISC & STATIONARY,1.0,,,3.5,,,1.0,,,8500.0,,,8500.0,,,7.0,,
KENMASTER,4161A - BUILDING HARDWARE,4161 - BUILDING HARDWARE,MISC & STATIONARY,1.0,1.0,0.0,11.5,3.33,-0.7104,1.0,1.0,0.0,30926.0,30840.0,-0.0028,30926.0,30840.0,-0.0028,23.0,10.0,-0.5652
XANDER,4161A - BUILDING HARDWARE,4161 - BUILDING HARDWARE,MISC & STATIONARY,1.06,1.0,-0.0566,8.5,3.33,-0.6082,1.0,1.0,0.0,41959.0,39580.0,-0.0567,41959.0,39580.0,-0.0567,17.0,10.0,-0.4118
AICA AIBON,4162A - GLUE ADHESIVE,4162 - ADHESIVE TAPE & GLUE,MISC & STATIONARY,1.08,1.08,0.0,6.5,4.0,-0.3846,1.0,1.0,0.0,23008.0,22792.0,-0.0094,23008.0,22792.0,-0.0094,13.0,12.0,-0.0769
ALFAMART,4162A - GLUE ADHESIVE,4162 - ADHESIVE TAPE & GLUE,MISC & STATIONARY,1.01,1.04,0.0297,36.5,17.67,-0.5159,1.0,1.02,0.02,9077.0,9406.0,0.0362,9077.0,9594.0,0.057,73.0,52.0,-0.2877
ALTECO,4162A - GLUE ADHESIVE,4162 - ADHESIVE TAPE & GLUE,MISC & STATIONARY,1.09,1.0,-0.0826,11.0,6.0,-0.4545,1.0,1.0,0.0,11345.0,10100.0,-0.1097,11345.0,10100.0,-0.1097,22.0,18.0,-0.1818
DEXTONE,4162A - GLUE ADHESIVE,4162 - ADHESIVE TAPE & GLUE,MISC & STATIONARY,1.0,,,3.5,,,1.0,,,18429.0,,,18429.0,,,7.0,,
KENKO,4162A - GLUE ADHESIVE,4162 - ADHESIVE TAPE & GLUE,MISC & STATIONARY,1.07,1.05,-0.0187,15.0,6.33,-0.578,1.0,1.0,0.0,10367.0,10258.0,-0.0105,10367.0,10258.0,-0.0105,30.0,19.0,-0.3667
UHU,4162A - GLUE ADHESIVE,4162 - ADHESIVE TAPE & GLUE,MISC & STATIONARY,1.03,1.06,0.0291,17.5,5.33,-0.6954,1.06,1.0,-0.0566,19411.0,20075.0,0.0342,20576.0,20075.0,-0.0243,33.0,16.0,-0.5152
A,4224A - PARTY ACCESSORIES ASSORT,4224 - PARTY ACCESSORIES,MISC & STATIONARY,1.16,1.08,-0.069,9.5,4.0,-0.5789,1.0,1.09,0.09,11663.0,10908.0,-0.0647,11663.0,11890.0,0.0195,19.0,11.0,-0.4211
ALFAMART,4224A - PARTY ACCESSORIES ASSORT,4224 - PARTY ACCESSORIES,MISC & STATIONARY,1.08,1.07,-0.0093,131.5,45.67,-0.6527,1.09,1.06,-0.0275,13386.0,13758.0,0.0278,14591.0,14583.0,-0.0005,241.0,129.0,-0.4647
ALFA,4224B - PARTY ACCESSORIES,4224 - PARTY ACCESSORIES,MISC & STATIONARY,1.24,1.0,-0.1935,12.5,0.33,-0.9736,1.0,1.0,0.0,7408.0,10000.0,0.3499,7408.0,10000.0,0.3499,25.0,1.0,-0.96
ALFAMART,4224B - PARTY ACCESSORIES,4224 - PARTY ACCESSORIES,MISC & STATIONARY,1.21,1.23,0.0165,43.0,26.67,-0.3798,1.04,1.04,0.0,10917.0,11344.0,0.0391,11354.0,11798.0,0.0391,83.0,77.0,-0.0723
ALFAMART,4241A - KITCHEN ARRANGEMENT,4241 - KITCHEN ARRANGEMENT,MISC & STATIONARY,1.07,1.03,-0.0374,87.0,39.0,-0.5517,1.03,1.04,0.0097,10425.0,10178.0,-0.0237,10738.0,10585.0,-0.0142,169.0,113.0,-0.3314
BAGUS,4241A - KITCHEN ARRANGEMENT,4241 - KITCHEN ARRANGEMENT,MISC & STATIONARY,1.45,,,10.0,,,1.05,,,45445.0,,,47717.0,,,19.0,,
COOGER,4241A - KITCHEN ARRANGEMENT,4241 - KITCHEN ARRANGEMENT,MISC & STATIONARY,1.0,,,0.5,,,1.0,,,29900.0,,,29900.0,,,1.0,,
DISNEY,4241A - KITCHEN ARRANGEMENT,4241 - KITCHEN ARRANGEMENT,MISC & STATIONARY,1.0,,,0.5,,,1.0,,,33200.0,,,33200.0,,,1.0,,
ECENTIO,4241A - KITCHEN ARRANGEMENT,4241 - KITCHEN ARRANGEMENT,MISC & STATIONARY,1.0,1.0,0.0,3.0,1.67,-0.4433,1.0,1.25,0.25,31567.0,30900.0,-0.0211,31567.0,38625.0,0.2236,6.0,4.0,-0.3333
FLIPPER,4241A - KITCHEN ARRANGEMENT,4241 - KITCHEN ARRANGEMENT,MISC & STATIONARY,1.0,,,0.5,,,1.0,,,5900.0,,,5900.0,,,1.0,,
FREEMIR,4241A - KITCHEN ARRANGEMENT,4241 - KITCHEN ARRANGEMENT,MISC & STATIONARY,1.0,,,0.5,,,1.0,,,34900.0,,,34900.0,,,1.0,,
FROZEN,4241A - KITCHEN ARRANGEMENT,4241 - KITCHEN ARRANGEMENT,MISC & STATIONARY,1.0,,,1.0,,,1.0,,,53500.0,,,53500.0,,,2.0,,
BRIGHT GAS,4244A - GAS STOVE ARRANGEMENT,4244 - GAS STOVE ARRANGEMENT,MISC & STATIONARY,1.06,1.05,-0.0094,117.5,20.33,-0.827,1.21,1.11,-0.0826,193596.0,172377.0,-0.1096,234251.0,191338.0,-0.1832,195.0,55.0,-0.7179
GEMA COLLECTIONS,4244A - GAS STOVE ARRANGEMENT,4244 - GAS STOVE ARRANGEMENT,MISC & STATIONARY,1.07,1.16,0.0841,36.5,32.33,-0.1142,1.09,1.1,0.0092,31000.0,33688.0,0.0867,33790.0,37057.0,0.0967,67.0,88.0,0.3134
HI-COOK,4244A - GAS STOVE ARRANGEMENT,4244 - GAS STOVE ARRANGEMENT,MISC & STATIONARY,1.23,1.24,0.0081,96.5,49.67,-0.4853,1.11,1.06,-0.045,34841.0,35013.0,0.0049,38674.0,37114.0,-0.0403,174.0,141.0,-0.1897
KENMASTER,4244A - GAS STOVE ARRANGEMENT,4244 - GAS STOVE ARRANGEMENT,MISC & STATIONARY,1.0,,,1.0,,,2.0,,,20500.0,,,41000.0,,,1.0,,
OIKOS,4244A - GAS STOVE ARRANGEMENT,4244 - GAS STOVE ARRANGEMENT,MISC & STATIONARY,1.5,,,1.0,,,1.0,,,41850.0,,,41850.0,,,2.0,,
WONDER,4244A - GAS STOVE ARRANGEMENT,4244 - GAS STOVE ARRANGEMENT,MISC & STATIONARY,1.1,1.21,0.1,44.0,25.33,-0.4243,1.09,1.01,-0.0734,33399.0,36679.0,0.0982,36405.0,37046.0,0.0176,81.0,75.0,-0.0741
BAGUS,4252A - CLEANING ACCESSORIES,4252 - CLEANING ACCESSORIES,MISC & STATIONARY,1.33,,,3.0,,,1.2,,,37767.0,,,45320.0,,,5.0,,
KLIN PAK,4252A - CLEANING ACCESSORIES,4252 - CLEANING ACCESSORIES,MISC & STATIONARY,1.12,,,8.0,,,1.07,,,28219.0,,,30194.0,,,15.0,,
ALFA,4311A - CAT FOODS WET,4311 - PET FOODS & ACCESSORIES,MISC & STATIONARY,3.47,3.22,-0.072,166.5,129.67,-0.2212,1.47,1.54,0.0476,19026.0,19209.0,0.0096,27968.0,29582.0,0.0577,226.0,252.0,0.115
BIO,4311A - CAT FOODS WET,4311 - PET FOODS & ACCESSORIES,MISC & STATIONARY,1.5,,,1.0,,,2.0,,,21000.0,,,42000.0,,,1.0,,
CAT CHOIZE,4311A - CAT FOODS WET,4311 - PET FOODS & ACCESSORIES,MISC & STATIONARY,1.33,,,1.5,,,1.5,,,9867.0,,,14800.0,,,2.0,,
FELIX,4311A - CAT FOODS WET,4311 - PET FOODS & ACCESSORIES,MISC & STATIONARY,,2.67,,,48.0,,,1.33,,,22933.0,,,30501.0,,,108.0,
KITEKAT,4311A - CAT FOODS WET,4311 - PET FOODS & ACCESSORIES,MISC & STATIONARY,1.64,2.0,0.2195,32.0,4.33,-0.8647,1.28,1.08,-0.1562,11391.0,14046.0,0.2331,14580.0,15170.0,0.0405,50.0,12.0,-0.76
LIFE CAT,4311A - CAT FOODS WET,4311 - PET FOODS & ACCESSORIES,MISC & STATIONARY,1.12,1.22,0.0893,28.5,16.33,-0.427,1.06,1.11,0.0472,19575.0,19367.0,-0.0106,20750.0,21497.0,0.036,54.0,44.0,-0.1852
MARKOTOPS,4311A - CAT FOODS WET,4311 - PET FOODS & ACCESSORIES,MISC & STATIONARY,2.5,,,1.0,,,1.0,,,42250.0,,,42250.0,,,2.0,,
MAXI,4311A - CAT FOODS WET,4311 - PET FOODS & ACCESSORIES,MISC & STATIONARY,1.5,,,1.0,,,1.0,,,26250.0,,,26250.0,,,2.0,,
ME-O,4311A - CAT FOODS WET,4311 - PET FOODS & ACCESSORIES,MISC & STATIONARY,1.96,3.18,0.6224,218.5,219.33,0.0038,1.44,1.79,0.2431,18612.0,27385.0,0.4714,26801.0,49019.0,0.829,303.0,368.0,0.2145
SUPERCAT,4311A - CAT FOODS WET,4311 - PET FOODS & ACCESSORIES,MISC & STATIONARY,2.0,,,0.5,,,1.0,,,19000.0,,,19000.0,,,1.0,,
WHISKAS,4311A - CAT FOODS WET,4311 - PET FOODS & ACCESSORIES,MISC & STATIONARY,2.6,3.09,0.1885,265.0,162.0,-0.3887,1.67,1.5,-0.1018,23767.0,25606.0,0.0774,39691.0,38409.0,-0.0323,317.0,324.0,0.0221
CESAR,4311B - DOG FOODS,4311 - PET FOODS & ACCESSORIES,MISC & STATIONARY,2.0,,,0.5,,,1.0,,,20000.0,,,20000.0,,,1.0,,
PEDIGREE,4311B - DOG FOODS,4311 - PET FOODS & ACCESSORIES,MISC & STATIONARY,4.53,,,9.5,,,1.58,,,108884.0,,,172037.0,,,12.0,,
ALFAMART,4311C - PET ACCESSORIES,4311 - PET FOODS & ACCESSORIES,MISC & STATIONARY,,1.0,,,2.33,,,1.75,,,28757.0,,,50325.0,,,4.0,
CAT COMFY,4311C - PET ACCESSORIES,4311 - PET FOODS & ACCESSORIES,MISC & STATIONARY,1.0,1.0,0.0,18.0,7.33,-0.5928,1.38,2.0,0.4493,41639.0,41995.0,0.0085,57462.0,83990.0,0.4617,26.0,11.0,-0.5769
ALFAMART,4311E - CAT FOODS DRY,4311 - PET FOODS & ACCESSORIES,MISC & STATIONARY,1.15,1.12,-0.0261,206.0,74.67,-0.6375,1.45,1.39,-0.0414,33434.0,36200.0,0.0827,48479.0,50318.0,0.0379,285.0,161.0,-0.4351
CAT CHOIZE,4311E - CAT FOODS DRY,4311 - PET FOODS & ACCESSORIES,MISC & STATIONARY,1.21,1.15,-0.0496,121.0,62.67,-0.4821,1.25,1.21,-0.032,35752.0,34271.0,-0.0414,44690.0,41468.0,-0.0721,193.0,155.0,-0.1969
KITEKAT,4311E - CAT FOODS DRY,4311 - PET FOODS & ACCESSORIES,MISC & STATIONARY,1.17,,,14.5,,,1.07,,,22324.0,,,23887.0,,,27.0,,
KITTIE BITTIE,4311E - CAT FOODS DRY,4311 - PET FOODS & ACCESSORIES,MISC & STATIONARY,1.55,1.13,-0.271,51.0,50.33,-0.0131,1.46,1.78,0.2192,11042.0,8046.0,-0.2713,16121.0,14322.0,-0.1116,70.0,85.0,0.2143
ME-O,4311E - CAT FOODS DRY,4311 - PET FOODS & ACCESSORIES,MISC & STATIONARY,1.14,1.16,0.0175,84.0,52.67,-0.373,1.28,1.2,-0.0625,19046.0,17881.0,-0.0612,24379.0,21457.0,-0.1199,131.0,132.0,0.0076
SMARTHEART,4311E - CAT FOODS DRY,4311 - PET FOODS & ACCESSORIES,MISC & STATIONARY,1.0,,,0.5,,,1.0,,,28900.0,,,28900.0,,,1.0,,
WHISKAS,4311E - CAT FOODS DRY,4311 - PET FOODS & ACCESSORIES,MISC & STATIONARY,1.15,1.14,-0.0087,92.0,41.67,-0.5471,1.36,1.25,-0.0809,28091.0,20116.0,-0.2839,38204.0,25145.0,-0.3418,135.0,100.0,-0.2593
ALFAMART,4311F - CAT FOODS SNACK,4311 - PET FOODS & ACCESSORIES,MISC & STATIONARY,1.5,1.48,-0.0133,37.0,21.0,-0.4324,1.37,1.5,0.0949,22841.0,25306.0,0.1079,31292.0,37959.0,0.2131,54.0,42.0,-0.2222
BIO,4311F - CAT FOODS SNACK,4311 - PET FOODS & ACCESSORIES,MISC & STATIONARY,1.27,1.0,-0.2126,13.0,0.33,-0.9746,1.13,1.0,-0.115,23965.0,19100.0,-0.203,27080.0,19100.0,-0.2947,23.0,1.0,-0.9565
DELI-JOY,4311F - CAT FOODS SNACK,4311 - PET FOODS & ACCESSORIES,MISC & STATIONARY,1.21,,,12.0,,,1.2,,,28879.0,,,34655.0,,,20.0,,
KITTIE BITTIE,4311F - CAT FOODS SNACK,4311 - PET FOODS & ACCESSORIES,MISC & STATIONARY,7.67,,,1.5,,,1.0,,,44467.0,,,44467.0,,,3.0,,
ME-O,4311F - CAT FOODS SNACK,4311 - PET FOODS & ACCESSORIES,MISC & STATIONARY,1.49,1.22,-0.1812,40.5,31.0,-0.2346,1.35,1.21,-0.1037,33122.0,36351.0,0.0975,44715.0,43985.0,-0.0163,60.0,77.0,0.2833
SUPERCAT,4311F - CAT FOODS SNACK,4311 - PET FOODS & ACCESSORIES,MISC & STATIONARY,2.0,,,0.5,,,1.0,,,19000.0,,,19000.0,,,1.0,,
ALFA,4511B - OFFICE SUPPLY,4511 - OFFICE SUPPLY,MISC & STATIONARY,1.07,1.04,-0.028,7.5,8.33,0.1107,1.0,1.0,0.0,32187.0,31740.0,-0.0139,32187.0,31740.0,-0.0139,15.0,25.0,0.6667
ALFAMART,4511B - OFFICE SUPPLY,4511 - OFFICE SUPPLY,MISC & STATIONARY,1.2,1.17,-0.025,101.0,49.67,-0.5082,1.06,1.03,-0.0283,13541.0,12631.0,-0.0672,14353.0,13010.0,-0.0936,190.0,144.0,-0.2421
KENKO,4511B - OFFICE SUPPLY,4511 - OFFICE SUPPLY,MISC & STATIONARY,1.1,1.11,0.0091,41.5,29.67,-0.2851,1.01,1.09,0.0792,17383.0,18225.0,0.0484,17557.0,19865.0,0.1315,82.0,82.0,0.0
KENMASTER,4511B - OFFICE SUPPLY,4511 - OFFICE SUPPLY,MISC & STATIONARY,1.05,1.0,-0.0476,10.5,7.33,-0.3019,1.0,1.0,0.0,21114.0,20300.0,-0.0386,21114.0,20300.0,-0.0386,21.0,22.0,0.0476
WIGGLE,4511B - OFFICE SUPPLY,4511 - OFFICE SUPPLY,MISC & STATIONARY,1.0,,,8.5,,,1.0,,,9935.0,,,9935.0,,,17.0,,
ADINATA,4512A - PAPER PRODUCT OFFICE,4512 - PAPER PRODUCT,MISC & STATIONARY,1.11,1.0,-0.0991,4.5,2.67,-0.4067,1.0,1.0,0.0,40689.0,36400.0,-0.1054,40689.0,36400.0,-0.1054,9.0,8.0,-0.1111
KENKO,4512A - PAPER PRODUCT OFFICE,4512 - PAPER PRODUCT,MISC & STATIONARY,1.06,1.0,-0.0566,8.5,2.0,-0.7647,1.0,1.0,0.0,12576.0,11933.0,-0.0511,12576.0,11933.0,-0.0511,17.0,6.0,-0.6471
KIKY,4512A - PAPER PRODUCT OFFICE,4512 - PAPER PRODUCT,MISC & STATIONARY,1.14,1.0,-0.1228,18.0,4.67,-0.7406,1.0,1.0,0.0,12378.0,8914.0,-0.2799,12378.0,8914.0,-0.2799,36.0,14.0,-0.6111
KIKY,4512B - PAPER PRODUCT,4512 - PAPER PRODUCT,MISC & STATIONARY,1.0,,,6.5,,,1.08,,,26538.0,,,28661.0,,,12.0,,
ADINATA,4513A - STATIONARY ACCESSORIES,4513 - STATIONARY,MISC & STATIONARY,1.0,1.0,0.0,5.0,8.33,0.666,1.0,1.09,0.09,31400.0,33116.0,0.0546,31400.0,36096.0,0.1496,10.0,23.0,1.3
ALFAMART,4513A - STATIONARY ACCESSORIES,4513 - STATIONARY,MISC & STATIONARY,1.12,1.0,-0.1071,8.0,3.0,-0.625,1.0,1.0,0.0,5512.0,4933.0,-0.105,5512.0,4933.0,-0.105,16.0,9.0,-0.4375
CRAYOLA,4513A - STATIONARY ACCESSORIES,4513 - STATIONARY,MISC & STATIONARY,1.33,1.0,-0.2481,1.5,0.33,-0.78,1.0,1.0,0.0,66533.0,49900.0,-0.25,66533.0,49900.0,-0.25,3.0,1.0,-0.6667
DISNEY STICKER,4513A - STATIONARY ACCESSORIES,4513 - STATIONARY,MISC & STATIONARY,1.0,,,0.5,,,1.0,,,14500.0,,,14500.0,,,1.0,,
EMCO,4513A - STATIONARY ACCESSORIES,4513 - STATIONARY,MISC & STATIONARY,1.0,,,0.5,,,1.0,,,49900.0,,,49900.0,,,1.0,,
FABER-CASTELL,4513A - STATIONARY ACCESSORIES,4513 - STATIONARY,MISC & STATIONARY,1.0,1.08,0.08,5.5,4.0,-0.2727,1.0,1.0,0.0,22682.0,20333.0,-0.1036,22682.0,20333.0,-0.1036,11.0,12.0,0.0909
KENKO,4513A - STATIONARY ACCESSORIES,4513 - STATIONARY,MISC & STATIONARY,1.03,1.03,0.0,14.5,10.67,-0.2641,1.0,1.0,0.0,13424.0,14025.0,0.0448,13424.0,14025.0,0.0448,29.0,32.0,0.1034
KIKY,4513A - STATIONARY ACCESSORIES,4513 - STATIONARY,MISC & STATIONARY,1.0,,,1.0,,,1.0,,,20600.0,,,20600.0,,,2.0,,
SANREGO,4513A - STATIONARY ACCESSORIES,4513 - STATIONARY,MISC & STATIONARY,1.0,,,2.0,,,1.0,,,29900.0,,,29900.0,,,4.0,,
SANRIO,4513A - STATIONARY ACCESSORIES,4513 - STATIONARY,MISC & STATIONARY,1.0,1.0,0.0,1.0,0.33,-0.67,1.0,1.0,0.0,15900.0,15900.0,0.0,15900.0,15900.0,0.0,2.0,1.0,-0.5
WIGGLE,4513A - STATIONARY ACCESSORIES,4513 - STATIONARY,MISC & STATIONARY,1.61,1.47,-0.087,33.0,15.67,-0.5252,1.05,1.04,-0.0095,15270.0,14536.0,-0.0481,16034.0,15117.0,-0.0572,63.0,45.0,-0.2857
ALFAMART,4513B - STATIONARY BALLPOINT,4513 - STATIONARY,MISC & STATIONARY,1.0,1.09,0.09,6.0,3.67,-0.3883,1.0,1.0,0.0,7500.0,8182.0,0.0909,7500.0,8182.0,0.0909,12.0,11.0,-0.0833
FABER-CASTELL,4513B - STATIONARY BALLPOINT,4513 - STATIONARY,MISC & STATIONARY,1.0,1.05,0.05,10.0,12.33,0.233,1.05,1.0,-0.0476,22105.0,27573.0,0.2474,23210.0,27573.0,0.188,19.0,37.0,0.9474
FASTER,4513B - STATIONARY BALLPOINT,4513 - STATIONARY,MISC & STATIONARY,1.0,1.1,0.1,4.5,3.33,-0.26,1.0,1.0,0.0,14678.0,16030.0,0.0921,14678.0,16030.0,0.0921,9.0,10.0,0.1111
KENKO,4513B - STATIONARY BALLPOINT,4513 - STATIONARY,MISC & STATIONARY,1.04,1.07,0.0288,41.0,32.33,-0.2115,1.04,1.07,0.0288,13770.0,15512.0,0.1265,14321.0,16598.0,0.159,79.0,91.0,0.1519
PILOT,4513B - STATIONARY BALLPOINT,4513 - STATIONARY,MISC & STATIONARY,1.0,1.0,0.0,9.5,7.33,-0.2284,1.0,1.0,0.0,8984.0,9268.0,0.0316,8984.0,9268.0,0.0316,19.0,22.0,0.1579
SNOWMAN,4513B - STATIONARY BALLPOINT,4513 - STATIONARY,MISC & STATIONARY,1.06,1.09,0.0283,25.5,17.67,-0.3071,1.02,1.04,0.0196,15227.0,18440.0,0.211,15532.0,19178.0,0.2347,50.0,51.0,0.02
STANDARD,4513B - STATIONARY BALLPOINT,4513 - STATIONARY,MISC & STATIONARY,1.0,1.0,0.0,0.5,2.67,4.34,1.0,1.0,0.0,17100.0,15675.0,-0.0833,17100.0,15675.0,-0.0833,1.0,8.0,7.0
KIKY,4514A - WRITING BOOK,4514 - WRITING BOOK,MISC & STATIONARY,1.07,1.04,-0.028,13.5,9.33,-0.3089,1.12,1.04,-0.0714,9733.0,10239.0,0.052,10901.0,10649.0,-0.0231,24.0,27.0,0.125
SPIDERMAN,4514A - WRITING BOOK,4514 - WRITING BOOK,MISC & STATIONARY,1.0,,,0.5,,,1.0,,,26500.0,,,26500.0,,,1.0,,
ADINATA,4515A - COLOURING BOOK,4515 - COLOURING BOOK,MISC & STATIONARY,1.0,1.06,0.06,2.5,6.0,1.4,1.0,1.0,0.0,24040.0,25211.0,0.0487,24040.0,25211.0,0.0487,5.0,18.0,2.6
CRAYOLA,4515A - COLOURING BOOK,4515 - COLOURING BOOK,MISC & STATIONARY,1.0,,,0.5,,,1.0,,,16900.0,,,16900.0,,,1.0,,
KIKY,4516A - DRAWING BOOK,4516 - DRAWING BOOK,MISC & STATIONARY,1.17,1.2,0.0256,6.0,3.33,-0.445,1.09,1.0,-0.0826,10400.0,11080.0,0.0654,11336.0,11080.0,-0.0226,11.0,10.0,-0.0909
POS INDONESIA,4521A - MAIL MATERIAL,4521 - MAIL MATERIAL,MISC & STATIONARY,2.9,3.01,0.0379,247.0,159.33,-0.3549,1.17,1.15,-0.0171,33547.0,34668.0,0.0334,39250.0,39868.0,0.0157,424.0,414.0,-0.0236
ALFAMART,4521B - MAIL MATERIAL AMPLOP,4521 - MAIL MATERIAL,MISC & STATIONARY,1.07,1.23,0.1495,37.5,34.33,-0.0845,1.0,1.01,0.01,5941.0,7886.0,0.3274,5941.0,7965.0,0.3407,75.0,102.0,0.36
CARRERA,4721A - CLEANING KIT SPON,4721 - CLEANING KIT,MISC & STATIONARY,2.0,,,3.0,,,1.0,,,18000.0,,,18000.0,,,6.0,,
KENMASTER,4721A - CLEANING KIT SPON,4721 - CLEANING KIT,MISC & STATIONARY,1.0,,,2.0,,,1.0,,,48675.0,,,48675.0,,,4.0,,
UNIK,4721A - CLEANING KIT SPON,4721 - CLEANING KIT,MISC & STATIONARY,1.0,1.0,0.0,10.0,6.0,-0.4,1.0,1.0,0.0,14235.0,14500.0,0.0186,14235.0,14500.0,0.0186,20.0,18.0,-0.1
CARRERA,4721C - CLEANING KIT CAIR,4721 - CLEANING KIT,MISC & STATIONARY,1.83,,,6.0,,,1.2,,,23800.0,,,28560.0,,,10.0,,
GLO,4721C - CLEANING KIT CAIR,4721 - CLEANING KIT,MISC & STATIONARY,1.0,1.23,0.23,9.0,7.33,-0.1856,1.0,1.0,0.0,17361.0,23195.0,0.336,17361.0,23195.0,0.336,18.0,22.0,0.2222
KIT,4721C - CLEANING KIT CAIR,4721 - CLEANING KIT,MISC & STATIONARY,1.28,1.28,0.0,66.0,39.33,-0.4041,1.06,1.09,0.0283,23799.0,22753.0,-0.044,25227.0,24801.0,-0.0169,125.0,108.0,-0.136
MEGACOOLS,4731A - LUBRICANT - UPKEEP,4731 - LUBRICANT & UPKEEP,MISC & STATIONARY,1.0,1.0,0.0,4.5,5.33,0.1844,1.0,1.0,0.0,35622.0,36900.0,0.0359,35622.0,36900.0,0.0359,9.0,16.0,0.7778
PERTAMINA,4731A - LUBRICANT - UPKEEP,4731 - LUBRICANT & UPKEEP,MISC & STATIONARY,9.0,,,0.5,,,1.0,,,757800.0,,,757800.0,,,1.0,,
KENMASTER,4751A - MOTORCYCLE ACCESSORIES,4751 - MOTORCYCLE ACCESSORIES,MISC & STATIONARY,1.0,,,0.5,,,1.0,,,39000.0,,,39000.0,,,1.0,,
ALFAMART,4751B - RAIN COAT,4751 - MOTORCYCLE ACCESSORIES,MISC & STATIONARY,1.24,1.24,0.0,96.5,113.33,0.1744,1.07,1.05,-0.0187,22698.0,22945.0,0.0109,24287.0,24092.0,-0.008,180.0,325.0,0.8056
ELMONDO,4751B - RAIN COAT,4751 - MOTORCYCLE ACCESSORIES,MISC & STATIONARY,1.0,1.05,0.05,5.5,14.33,1.6055,1.0,1.0,0.0,50464.0,52430.0,0.039,50464.0,52430.0,0.039,11.0,43.0,2.9091
SCORLINES,4751B - RAIN COAT,4751 - MOTORCYCLE ACCESSORIES,MISC & STATIONARY,1.15,1.23,0.0696,85.5,107.0,0.2515,1.04,1.02,-0.0192,18405.0,19629.0,0.0665,19141.0,20022.0,0.046,164.0,316.0,0.9268
TUGAS NEGARA BOS,4751B - RAIN COAT,4751 - MOTORCYCLE ACCESSORIES,MISC & STATIONARY,1.07,1.07,0.0,14.5,25.33,0.7469,1.04,1.06,0.0192,107334.0,107233.0,-0.0009,111627.0,113667.0,0.0183,28.0,72.0,1.5714
ALFA,4753A - NON SURGICAL MASK,4753 - MASK,MISC & STATIONARY,1.0,1.0,0.0,4.0,1.33,-0.6675,1.14,1.0,-0.1228,14088.0,15525.0,0.102,16060.0,15525.0,-0.0333,7.0,4.0,-0.4286
ALFAMART,4753A - NON SURGICAL MASK,4753 - MASK,MISC & STATIONARY,1.15,1.09,-0.0522,54.5,39.67,-0.2721,1.14,1.13,-0.0088,14256.0,15172.0,0.0643,16252.0,17144.0,0.0549,96.0,105.0,0.0938
NEXCARE,4753A - NON SURGICAL MASK,4753 - MASK,MISC & STATIONARY,1.06,1.38,0.3019,48.0,22.67,-0.5277,1.2,1.06,-0.1167,10552.0,13688.0,0.2972,12662.0,14509.0,0.1459,80.0,64.0,-0.2
SKRINEER,4753A - NON SURGICAL MASK,4753 - MASK,MISC & STATIONARY,1.16,1.09,-0.0603,57.0,34.33,-0.3977,1.14,1.08,-0.0526,14418.0,17528.0,0.2157,16437.0,18930.0,0.1517,100.0,95.0,-0.05
THANKFUL,4753A - NON SURGICAL MASK,4753 - MASK,MISC & STATIONARY,1.22,1.14,-0.0656,37.0,44.67,0.2073,1.16,1.09,-0.0603,11419.0,10747.0,-0.0588,13246.0,11714.0,-0.1157,64.0,123.0,0.9219
ALFA,4753B - SURGICAL MASK,4753 - MASK,MISC & STATIONARY,,1.33,,,2.0,,,1.0,,,23867.0,,,23867.0,,,6.0,
ALFAMART,4753B - SURGICAL MASK,4753 - MASK,MISC & STATIONARY,1.13,1.12,-0.0088,115.0,69.67,-0.3942,1.02,1.04,0.0196,15103.0,15954.0,0.0563,15405.0,16592.0,0.0771,226.0,201.0,-0.1106
ANYTIME,4753B - SURGICAL MASK,4753 - MASK,MISC & STATIONARY,1.0,1.19,0.19,10.0,5.33,-0.467,1.05,1.0,-0.0476,16110.0,19294.0,0.1976,16916.0,19294.0,0.1406,19.0,16.0,-0.1579
POKANA,4753B - SURGICAL MASK,4753 - MASK,MISC & STATIONARY,1.11,1.1,-0.009,23.5,16.0,-0.3191,1.42,1.17,-0.1761,12851.0,12467.0,-0.0299,18248.0,14586.0,-0.2007,33.0,41.0,0.2424
SENSI,4753B - SURGICAL MASK,4753 - MASK,MISC & STATIONARY,1.12,1.07,-0.0446,79.5,55.33,-0.304,1.16,1.14,-0.0172,26618.0,25410.0,-0.0454,30877.0,28967.0,-0.0619,137.0,145.0,0.0584
SKRINEER,4753B - SURGICAL MASK,4753 - MASK,MISC & STATIONARY,1.06,1.08,0.0189,35.5,39.0,0.0986,1.06,1.16,0.0943,23920.0,24645.0,0.0303,25355.0,28588.0,0.1275,67.0,101.0,0.5075
SOFTIES,4753B - SURGICAL MASK,4753 - MASK,MISC & STATIONARY,1.15,1.14,-0.0087,147.0,65.33,-0.5556,1.21,1.14,-0.0579,17937.0,17851.0,-0.0048,21704.0,20350.0,-0.0624,243.0,172.0,-0.2922
THANKFUL,4753B - SURGICAL MASK,4753 - MASK,MISC & STATIONARY,1.0,1.27,0.27,1.5,3.67,1.4467,1.0,1.0,0.0,9567.0,12091.0,0.2638,9567.0,12091.0,0.2638,3.0,11.0,2.6667
WINGSCARE,4753B - SURGICAL MASK,4753 - MASK,MISC & STATIONARY,1.14,,,7.0,,,1.0,,,10614.0,,,10614.0,,,14.0,,
ALFAMART,4753C - REUSABLE MASK,4753 - MASK,MISC & STATIONARY,,1.0,,,0.67,,,1.0,,,14900.0,,,14900.0,,,2.0,
DISNEY,4753C - REUSABLE MASK,4753 - MASK,MISC & STATIONARY,1.0,,,1.0,,,1.0,,,14900.0,,,14900.0,,,2.0,,
MASKER,4753C - REUSABLE MASK,4753 - MASK,MISC & STATIONARY,1.0,1.0,0.0,0.5,0.67,0.34,1.0,1.0,0.0,5900.0,8200.0,0.3898,5900.0,8200.0,0.3898,1.0,2.0,1.0
SCORLINES,4753C - REUSABLE MASK,4753 - MASK,MISC & STATIONARY,1.0,1.0,0.0,1.0,0.67,-0.33,1.0,1.0,0.0,5500.0,14900.0,1.7091,5500.0,14900.0,1.7091,2.0,2.0,0.0
ALFAMART,4753D - KIDS MASK,4753 - MASK,MISC & STATIONARY,1.0,1.0,0.0,3.0,0.33,-0.89,1.0,1.0,0.0,8233.0,15200.0,0.8462,8233.0,15200.0,0.8462,6.0,1.0,-0.8333
SCORLINES,4753D - KIDS MASK,4753 - MASK,MISC & STATIONARY,1.0,1.0,0.0,1.0,0.67,-0.33,1.0,1.0,0.0,14900.0,14900.0,0.0,14900.0,14900.0,0.0,2.0,2.0,0.0
SENSI,4753D - KIDS MASK,4753 - MASK,MISC & STATIONARY,1.26,1.19,-0.0556,23.0,20.67,-0.1013,1.1,1.05,-0.0455,20137.0,19198.0,-0.0466,22151.0,20158.0,-0.09,42.0,59.0,0.4048
ALFAMART,4753F - BOX MASK,4753 - MASK,MISC & STATIONARY,1.0,1.0,0.0,12.5,5.33,-0.5736,1.09,1.0,-0.0826,32768.0,35119.0,0.0717,35717.0,35119.0,-0.0167,23.0,16.0,-0.3043
SOS,4753F - BOX MASK,4753 - MASK,MISC & STATIONARY,1.0,,,1.5,,,1.5,,,42900.0,,,64350.0,,,2.0,,
THANKFUL,4753F - BOX MASK,4753 - MASK,MISC & STATIONARY,1.0,1.0,0.0,1.5,0.33,-0.78,1.0,1.0,0.0,54967.0,48500.0,-0.1177,54967.0,48500.0,-0.1177,3.0,1.0,-0.6667
WINGSCARE,4753F - BOX MASK,4753 - MASK,MISC & STATIONARY,1.0,,,2.0,,,1.0,,,85025.0,,,85025.0,,,4.0,,
ALFA,5442A - WOMEN SANDALS,5442 - LADIES SANDALS,MISC & STATIONARY,1.0,1.11,0.11,7.0,6.0,-0.1429,1.0,1.0,0.0,30343.0,33339.0,0.0987,30343.0,33339.0,0.0987,14.0,18.0,0.2857
ALFA,5443A - MEN SANDALS,5443 - MEN SANDALS,MISC & STATIONARY,1.06,1.05,-0.0094,17.5,20.33,0.1617,1.0,1.02,0.02,28637.0,28415.0,-0.0078,28637.0,28983.0,0.0121,35.0,60.0,0.7143
ALFAMART,5443A - MEN SANDALS,5443 - MEN SANDALS,MISC & STATIONARY,1.0,1.0,0.0,13.5,8.33,-0.383,1.0,1.0,0.0,38359.0,36292.0,-0.0539,38359.0,36292.0,-0.0539,27.0,25.0,-0.0741
SCORLINES,5821A - UMBRELLA,5821 - UMBRELLA,MISC & STATIONARY,1.0,1.0,0.0,4.0,5.33,0.3325,1.0,1.0,0.0,64525.0,64650.0,0.0019,64525.0,64650.0,0.0019,8.0,16.0,1.0
BURUNG LAYANG,1911A - INSTANT FRIED NOODLE 65-100G,1911 - INSTANT NOODLE BAG,NOODLE,1.0,,,1.5,,,1.0,,,4900.0,,,4900.0,,,3.0,,
GAGA,1911A - INSTANT FRIED NOODLE 65-100G,1911 - INSTANT NOODLE BAG,NOODLE,2.72,1.87,-0.3125,498.5,124.33,-0.7506,1.12,1.11,-0.0089,9428.0,6765.0,-0.2825,10559.0,7509.0,-0.2889,887.0,335.0,-0.6223
INDOMIE,1911A - INSTANT FRIED NOODLE 65-100G,1911 - INSTANT NOODLE BAG,NOODLE,3.43,3.16,-0.0787,5281.0,1707.67,-0.6766,1.45,1.41,-0.0276,11449.0,10293.0,-0.101,16601.0,14513.0,-0.1258,7290.0,3624.0,-0.5029
MIE OVEN,1911A - INSTANT FRIED NOODLE 65-100G,1911 - INSTANT NOODLE BAG,NOODLE,1.45,,,5.5,,,1.0,,,4709.0,,,4709.0,,,11.0,,
RICHEESE,1911A - INSTANT FRIED NOODLE 65-100G,1911 - INSTANT NOODLE BAG,NOODLE,1.44,,,4.5,,,1.0,,,5156.0,,,5156.0,,,9.0,,
SEDAAP,1911A - INSTANT FRIED NOODLE 65-100G,1911 - INSTANT NOODLE BAG,NOODLE,2.27,2.24,-0.0132,2367.0,787.67,-0.6672,1.28,1.26,-0.0156,7400.0,7279.0,-0.0164,9472.0,9172.0,-0.0317,3693.0,1877.0,-0.4917
BURUNG LAYANG,1911B - INSTANT BOILED NOODLE 50-99G,1911 - INSTANT NOODLE BAG,NOODLE,2.0,,,1.0,,,1.0,,,11800.0,,,11800.0,,,2.0,,
GAGA,1911B - INSTANT BOILED NOODLE 50-99G,1911 - INSTANT NOODLE BAG,NOODLE,3.02,1.65,-0.4536,288.0,71.67,-0.7511,1.1,1.19,0.0818,8945.0,6012.0,-0.3279,9840.0,7154.0,-0.273,522.0,181.0,-0.6533
INDOMIE,1911B - INSTANT BOILED NOODLE 50-99G,1911 - INSTANT NOODLE BAG,NOODLE,3.72,3.32,-0.1075,5512.0,2107.33,-0.6177,1.47,1.48,0.0068,12193.0,10668.0,-0.1251,17924.0,15789.0,-0.1191,7524.0,4283.0,-0.4308
MIE OVEN,1911B - INSTANT BOILED NOODLE 50-99G,1911 - INSTANT NOODLE BAG,NOODLE,1.4,,,2.5,,,1.0,,,4760.0,,,4760.0,,,5.0,,
SEDAAP,1911B - INSTANT BOILED NOODLE 50-99G,1911 - INSTANT NOODLE BAG,NOODLE,2.77,2.28,-0.1769,2222.5,818.67,-0.6316,1.33,1.31,-0.015,8793.0,7317.0,-0.1679,11695.0,9585.0,-0.1804,3331.0,1870.0,-0.4386
ARIRANG,1911D - PREMIUM INSTANT BOILED NOODLE,1911 - INSTANT NOODLE BAG,NOODLE,2.0,,,3.5,,,1.0,,,30086.0,,,30086.0,,,7.0,,
GEKIKARA,1911D - PREMIUM INSTANT BOILED NOODLE,1911 - INSTANT NOODLE BAG,NOODLE,1.33,1.41,0.0602,87.5,47.67,-0.4552,1.11,1.13,0.018,10819.0,11703.0,0.0817,12009.0,13224.0,0.1012,157.0,127.0,-0.1911
INDOMIE,1911D - PREMIUM INSTANT BOILED NOODLE,1911 - INSTANT NOODLE BAG,NOODLE,1.59,1.6,0.0063,580.5,245.67,-0.5768,1.24,1.2,-0.0323,9825.0,9842.0,0.0017,12183.0,11810.0,-0.0306,940.0,614.0,-0.3468
KOBE,1911D - PREMIUM INSTANT BOILED NOODLE,1911 - INSTANT NOODLE BAG,NOODLE,1.34,1.12,-0.1642,40.0,8.67,-0.7832,1.03,1.08,0.0485,7805.0,6581.0,-0.1568,8039.0,7107.0,-0.1159,78.0,24.0,-0.6923
LEMONILO,1911D - PREMIUM INSTANT BOILED NOODLE,1911 - INSTANT NOODLE BAG,NOODLE,1.39,1.0,-0.2806,37.5,0.33,-0.9912,1.03,1.0,-0.0291,9799.0,7100.0,-0.2754,10093.0,7100.0,-0.2965,73.0,1.0,-0.9863
MUJIGAE,1911D - PREMIUM INSTANT BOILED NOODLE,1911 - INSTANT NOODLE BAG,NOODLE,1.02,1.03,0.0098,23.0,10.33,-0.5509,1.02,1.03,0.0098,20209.0,20468.0,0.0128,20613.0,21082.0,0.0228,45.0,30.0,-0.3333
NISSIN,1911D - PREMIUM INSTANT BOILED NOODLE,1911 - INSTANT NOODLE BAG,NOODLE,1.34,1.31,-0.0224,28.0,38.0,0.3571,1.06,1.07,0.0094,10696.0,14402.0,0.3465,11338.0,15410.0,0.3591,53.0,107.0,1.0189
NONG SHIM,1911D - PREMIUM INSTANT BOILED NOODLE,1911 - INSTANT NOODLE BAG,NOODLE,1.43,1.46,0.021,125.5,52.33,-0.583,1.13,1.18,0.0442,22797.0,24139.0,0.0589,25761.0,28484.0,0.1057,223.0,133.0,-0.4036
OMOIDE,1911D - PREMIUM INSTANT BOILED NOODLE,1911 - INSTANT NOODLE BAG,NOODLE,1.2,1.24,0.0333,57.5,28.33,-0.5073,1.08,1.12,0.037,19564.0,20541.0,0.0499,21129.0,23006.0,0.0888,106.0,76.0,-0.283
PALDO,1911D - PREMIUM INSTANT BOILED NOODLE,1911 - INSTANT NOODLE BAG,NOODLE,1.02,1.22,0.1961,262.5,16.67,-0.9365,1.19,1.04,-0.1261,20851.0,25010.0,0.1995,24813.0,26010.0,0.0482,443.0,48.0,-0.8916
SAMYANG,1911D - PREMIUM INSTANT BOILED NOODLE,1911 - INSTANT NOODLE BAG,NOODLE,1.16,1.12,-0.0345,50.5,25.33,-0.4984,1.07,1.04,-0.028,28268.0,24496.0,-0.1334,30247.0,25476.0,-0.1577,94.0,73.0,-0.2234
WONHAE,1911D - PREMIUM INSTANT BOILED NOODLE,1911 - INSTANT NOODLE BAG,NOODLE,1.07,1.04,-0.028,29.0,18.0,-0.3793,1.07,1.08,0.0093,14936.0,14461.0,-0.0318,15982.0,15618.0,-0.0228,54.0,50.0,-0.0741
INDOMIE,1911E - INSTANT NOODLE BANDED,1911 - INSTANT NOODLE BAG,NOODLE,,1.24,,,101.33,,,1.07,,,20030.0,,,21432.0,,,285.0,
MIGELAS,1911E - INSTANT NOODLE BANDED,1911 - INSTANT NOODLE BAG,NOODLE,1.14,1.0,-0.1228,77.0,0.33,-0.9957,1.08,1.0,-0.0741,13328.0,11700.0,-0.1221,14394.0,11700.0,-0.1872,143.0,1.0,-0.993
SEDAAP,1911E - INSTANT NOODLE BANDED,1911 - INSTANT NOODLE BAG,NOODLE,1.32,1.83,0.3864,1201.5,865.67,-0.2795,1.29,1.39,0.0775,21441.0,28938.0,0.3497,27659.0,40224.0,0.4543,1861.0,1868.0,0.0038
INDOMIE,1911F - INSTANT FRIED NOODLE >100G,1911 - INSTANT NOODLE BAG,NOODLE,2.59,2.07,-0.2008,1862.0,712.33,-0.6174,1.3,1.3,0.0,11153.0,8953.0,-0.1973,14499.0,11639.0,-0.1973,2871.0,1649.0,-0.4256
SARIMI,1911F - INSTANT FRIED NOODLE >100G,1911 - INSTANT NOODLE BAG,NOODLE,1.95,1.5,-0.2308,126.0,51.33,-0.5926,1.15,1.14,-0.0087,8431.0,6473.0,-0.2322,9696.0,7379.0,-0.239,219.0,135.0,-0.3836
SUKSES,1911F - INSTANT FRIED NOODLE >100G,1911 - INSTANT NOODLE BAG,NOODLE,2.29,1.82,-0.2052,342.5,215.33,-0.3713,1.26,1.18,-0.0635,9924.0,7899.0,-0.2041,12504.0,9321.0,-0.2546,545.0,547.0,0.0037
GEKIKARA,1911G - PREMIUM INSTANT FRIED NOODLE,1911 - INSTANT NOODLE BAG,NOODLE,1.36,1.46,0.0735,252.0,114.0,-0.5476,1.12,1.13,0.0089,11030.0,12164.0,0.1028,12354.0,13745.0,0.1126,448.0,302.0,-0.3259
INDOMIE,1911G - PREMIUM INSTANT FRIED NOODLE,1911 - INSTANT NOODLE BAG,NOODLE,1.49,1.3,-0.1275,195.0,61.0,-0.6872,1.09,1.05,-0.0367,8971.0,7821.0,-0.1282,9778.0,8212.0,-0.1602,359.0,174.0,-0.5153
KOBE,1911G - PREMIUM INSTANT FRIED NOODLE,1911 - INSTANT NOODLE BAG,NOODLE,1.25,1.0,-0.2,35.5,5.0,-0.8592,1.01,1.0,-0.0099,7318.0,5853.0,-0.2002,7391.0,5853.0,-0.2081,70.0,15.0,-0.7857
LEMONILO,1911G - PREMIUM INSTANT FRIED NOODLE,1911 - INSTANT NOODLE BAG,NOODLE,1.85,1.56,-0.1568,214.5,91.0,-0.5758,1.16,1.11,-0.0431,12835.0,10911.0,-0.1499,14889.0,12111.0,-0.1866,369.0,245.0,-0.336
MUJIGAE,1911G - PREMIUM INSTANT FRIED NOODLE,1911 - INSTANT NOODLE BAG,NOODLE,1.06,1.21,0.1415,17.5,30.33,0.7331,1.06,1.06,0.0,22786.0,12414.0,-0.4552,24153.0,13159.0,-0.4552,33.0,86.0,1.6061
NISSIN,1911G - PREMIUM INSTANT FRIED NOODLE,1911 - INSTANT NOODLE BAG,NOODLE,1.4,1.32,-0.0571,64.5,33.67,-0.478,1.07,1.05,-0.0187,19622.0,18485.0,-0.0579,20996.0,19409.0,-0.0756,121.0,96.0,-0.2066
NONG SHIM,1911G - PREMIUM INSTANT FRIED NOODLE,1911 - INSTANT NOODLE BAG,NOODLE,1.03,1.28,0.2427,15.5,12.0,-0.2258,1.0,1.03,0.03,20171.0,22828.0,0.1317,20171.0,23513.0,0.1657,31.0,35.0,0.129
PALDO,1911G - PREMIUM INSTANT FRIED NOODLE,1911 - INSTANT NOODLE BAG,NOODLE,1.0,1.24,0.24,242.0,11.33,-0.9532,1.21,1.0,-0.1736,26700.0,31994.0,0.1983,32307.0,31994.0,-0.0097,400.0,34.0,-0.915
SAMYANG,1911G - PREMIUM INSTANT FRIED NOODLE,1911 - INSTANT NOODLE BAG,NOODLE,1.37,1.42,0.0365,429.0,178.33,-0.5843,1.22,1.18,-0.0328,34215.0,35809.0,0.0466,41742.0,42255.0,0.0123,705.0,455.0,-0.3546
TASTY,1911G - PREMIUM INSTANT FRIED NOODLE,1911 - INSTANT NOODLE BAG,NOODLE,1.81,1.73,-0.0442,196.0,81.67,-0.5833,1.22,1.19,-0.0246,11160.0,10567.0,-0.0531,13615.0,12575.0,-0.0764,322.0,206.0,-0.3602
WONHAE,1911G - PREMIUM INSTANT FRIED NOODLE,1911 - INSTANT NOODLE BAG,NOODLE,1.04,1.21,0.1635,23.5,9.33,-0.603,1.09,1.0,-0.0826,14983.0,17107.0,0.1418,16331.0,17107.0,0.0475,43.0,28.0,-0.3488
POP MIE,1912A - INSTANT FRIED NOODLE CUP,1912 - INSTANT NOODLE CUP,NOODLE,1.57,1.47,-0.0637,494.0,153.33,-0.6896,1.16,1.08,-0.069,9820.0,8319.0,-0.1529,11391.0,8985.0,-0.2112,855.0,427.0,-0.5006
SEDAAP,1912A - INSTANT FRIED NOODLE CUP,1912 - INSTANT NOODLE CUP,NOODLE,1.65,1.55,-0.0606,273.0,117.0,-0.5714,1.16,1.14,-0.0172,9820.0,9026.0,-0.0809,11391.0,10290.0,-0.0967,472.0,308.0,-0.3475
GAGA,1912B - INSTANT BOILED NOODLE CUP 35-75G,1912 - INSTANT NOODLE CUP,NOODLE,1.46,1.21,-0.1712,149.5,27.33,-0.8172,1.12,1.17,0.0446,8607.0,8033.0,-0.0667,9640.0,9399.0,-0.025,267.0,70.0,-0.7378
POP MIE,1912B - INSTANT BOILED NOODLE CUP 35-75G,1912 - INSTANT NOODLE CUP,NOODLE,1.95,1.73,-0.1128,1399.0,519.0,-0.629,1.25,1.22,-0.024,12277.0,9711.0,-0.209,15346.0,11847.0,-0.228,2240.0,1279.0,-0.429
RASA JUARA,1912B - INSTANT BOILED NOODLE CUP 35-75G,1912 - INSTANT NOODLE CUP,NOODLE,1.0,,,7.0,,,1.08,,,16986.0,,,18345.0,,,13.0,,
SAMI RAOS,1912B - INSTANT BOILED NOODLE CUP 35-75G,1912 - INSTANT NOODLE CUP,NOODLE,1.0,,,0.5,,,1.0,,,20100.0,,,20100.0,,,1.0,,
SEDAAP,1912B - INSTANT BOILED NOODLE CUP 35-75G,1912 - INSTANT NOODLE CUP,NOODLE,1.45,1.31,-0.0966,235.0,92.67,-0.6057,1.18,1.16,-0.0169,8090.0,7287.0,-0.0993,9546.0,8453.0,-0.1145,398.0,239.0,-0.3995
POP MIE,1912C - INSTANT BOILED NOODLE CUP 77-100G,1912 - INSTANT NOODLE CUP,NOODLE,,1.19,,,63.67,,,1.1,,,7089.0,,,7798.0,,,173.0,
RASA JUARA,1912C - INSTANT BOILED NOODLE CUP 77-100G,1912 - INSTANT NOODLE CUP,NOODLE,2.0,,,0.5,,,1.0,,,39800.0,,,39800.0,,,1.0,,
SEDAAP,1912C - INSTANT BOILED NOODLE CUP 77-100G,1912 - INSTANT NOODLE CUP,NOODLE,1.69,1.59,-0.0592,385.0,248.33,-0.355,1.18,1.18,0.0,9384.0,8822.0,-0.0599,11073.0,10410.0,-0.0599,653.0,630.0,-0.0352
ALFA,1912D - PREMIUM INSTANT NOODLE CUP,1912 - INSTANT NOODLE CUP,NOODLE,1.23,1.21,-0.0163,84.0,37.67,-0.5515,1.04,1.1,0.0577,16401.0,13641.0,-0.1683,17057.0,15005.0,-0.1203,162.0,103.0,-0.3642
ARIRANG,1912D - PREMIUM INSTANT NOODLE CUP,1912 - INSTANT NOODLE CUP,NOODLE,1.0,,,0.5,,,1.0,,,59000.0,,,59000.0,,,1.0,,
GEKIKARA,1912D - PREMIUM INSTANT NOODLE CUP,1912 - INSTANT NOODLE CUP,NOODLE,1.12,1.29,0.1518,41.5,29.67,-0.2851,1.06,1.09,0.0283,17267.0,20020.0,0.1594,18303.0,21822.0,0.1923,78.0,82.0,0.0513
NISSIN,1912D - PREMIUM INSTANT NOODLE CUP,1912 - INSTANT NOODLE CUP,NOODLE,1.21,1.29,0.0661,14.5,8.0,-0.4483,1.12,1.14,0.0179,10121.0,11400.0,0.1264,11336.0,12996.0,0.1464,26.0,21.0,-0.1923
NONG SHIM,1912D - PREMIUM INSTANT NOODLE CUP,1912 - INSTANT NOODLE CUP,NOODLE,1.0,,,0.5,,,1.0,,,22500.0,,,22500.0,,,1.0,,
ARIRANG,1913A - INSTANT RICE NOODLE,1913 - INSTANT RICE NOODLE,NOODLE,2.88,,,4.0,,,1.0,,,31325.0,,,31325.0,,,8.0,,
BIHUNKU,1913A - INSTANT RICE NOODLE,1913 - INSTANT RICE NOODLE,NOODLE,2.37,3.1,0.308,669.5,318.67,-0.524,1.27,1.22,-0.0394,9462.0,11643.0,0.2305,12017.0,14204.0,0.182,1058.0,784.0,-0.259
FINNA,1913A - INSTANT RICE NOODLE,1913 - INSTANT RICE NOODLE,NOODLE,3.0,,,7.0,,,1.0,,,7200.0,,,7200.0,,,14.0,,
SUPER BIHUN,1913A - INSTANT RICE NOODLE,1913 - INSTANT RICE NOODLE,NOODLE,2.09,2.22,0.0622,112.5,54.67,-0.514,1.21,1.14,-0.0579,12567.0,13115.0,0.0436,15206.0,14951.0,-0.0168,186.0,144.0,-0.2258
3 AYAM,1914A - EGG NOODLE,1914 - PREPARED NOODLE,NOODLE,1.47,1.61,0.0952,185.5,49.0,-0.7358,1.12,1.09,-0.0268,8511.0,9117.0,0.0712,9532.0,9938.0,0.0426,332.0,135.0,-0.5934
BURUNG LAYANG,1914A - EGG NOODLE,1914 - PREPARED NOODLE,NOODLE,1.84,1.95,0.0598,68.5,38.33,-0.4404,1.13,1.32,0.1681,11748.0,12159.0,0.035,13275.0,16050.0,0.209,121.0,87.0,-0.281
SAU TAO,1914A - EGG NOODLE,1914 - PREPARED NOODLE,NOODLE,1.0,,,0.5,,,1.0,,,36000.0,,,36000.0,,,1.0,,
NARAYA,1914B - RICE NOODLE,1914 - PREPARED NOODLE,NOODLE,1.0,,,0.5,,,1.0,,,17500.0,,,17500.0,,,1.0,,
ROSE BRAND,1914B - RICE NOODLE,1914 - PREPARED NOODLE,NOODLE,1.0,,,0.5,,,1.0,,,10000.0,,,10000.0,,,1.0,,
TANAM JAGUNG,1914B - RICE NOODLE,1914 - PREPARED NOODLE,NOODLE,1.13,1.11,-0.0177,94.5,24.67,-0.7389,1.15,1.0,-0.1304,13262.0,12965.0,-0.0224,15251.0,12965.0,-0.1499,164.0,74.0,-0.5488
CRYSTAL,1923A - INSTANT PORRIDGE,1923 - INSTANT PORRIDGE,NOODLE,1.0,,,0.5,,,1.0,,,43500.0,,,43500.0,,,1.0,,
KIMBO,1923A - INSTANT PORRIDGE,1923 - INSTANT PORRIDGE,NOODLE,1.25,1.8,0.44,24.0,6.67,-0.7221,1.33,1.18,-0.1128,13410.0,19350.0,0.443,17835.0,22833.0,0.2802,36.0,17.0,-0.5278
SUPER BUBUR,1923A - INSTANT PORRIDGE,1923 - INSTANT PORRIDGE,NOODLE,2.61,2.32,-0.1111,274.5,95.67,-0.6515,1.2,1.18,-0.0167,10643.0,9723.0,-0.0864,12772.0,11473.0,-0.1017,457.0,244.0,-0.4661
CLEAR,3211B - SHAMPOO 70-100ML,3211 - SHAMPOO,PERSONAL CARE,1.0,1.0,0.0,17.0,13.33,-0.2159,1.06,1.05,-0.0094,16600.0,16958.0,0.0216,17596.0,17806.0,0.0119,32.0,38.0,0.1875
ELLIPS,3211B - SHAMPOO 70-100ML,3211 - SHAMPOO,PERSONAL CARE,1.0,,,1.5,,,1.0,,,36233.0,,,36233.0,,,3.0,,
HEAD & SHOULDER,3211B - SHAMPOO 70-100ML,3211 - SHAMPOO,PERSONAL CARE,1.08,1.02,-0.0556,44.0,39.0,-0.1136,1.09,1.02,-0.0642,27952.0,24577.0,-0.1207,30468.0,25069.0,-0.1772,81.0,115.0,0.4198
LIFEBUOY,3211B - SHAMPOO 70-100ML,3211 - SHAMPOO,PERSONAL CARE,1.0,1.0,0.0,16.5,1.0,-0.9394,1.0,1.0,0.0,15176.0,14500.0,-0.0445,15176.0,14500.0,-0.0445,33.0,3.0,-0.9091
PANTENE,3211B - SHAMPOO 70-100ML,3211 - SHAMPOO,PERSONAL CARE,1.04,1.03,-0.0096,48.5,48.67,0.0035,1.03,1.07,0.0388,24656.0,25046.0,0.0158,25396.0,26799.0,0.0552,94.0,137.0,0.4574
SUNSILK,3211B - SHAMPOO 70-100ML,3211 - SHAMPOO,PERSONAL CARE,1.03,1.0,-0.0291,19.0,13.67,-0.2805,1.03,1.02,-0.0097,13626.0,18366.0,0.3479,14035.0,18733.0,0.3347,37.0,40.0,0.0811
CBD,3211C - SHAMPOO 130-250ML,3211 - SHAMPOO,PERSONAL CARE,1.0,,,3.0,,,1.0,,,41633.0,,,41633.0,,,6.0,,
CLEAR,3211C - SHAMPOO 130-250ML,3211 - SHAMPOO,PERSONAL CARE,1.59,1.29,-0.1887,170.0,71.0,-0.5824,1.15,1.18,0.0261,57374.0,47459.0,-0.1728,65980.0,56002.0,-0.1512,296.0,180.0,-0.3919
DOVE,3211C - SHAMPOO 130-250ML,3211 - SHAMPOO,PERSONAL CARE,1.07,1.0,-0.0654,51.5,1.33,-0.9742,1.16,1.0,-0.1379,29796.0,26850.0,-0.0989,34563.0,26850.0,-0.2232,89.0,4.0,-0.9551
EMERON,3211C - SHAMPOO 130-250ML,3211 - SHAMPOO,PERSONAL CARE,1.27,1.3,0.0236,266.0,148.33,-0.4424,1.21,1.26,0.0413,27910.0,28658.0,0.0268,33771.0,36109.0,0.0692,440.0,353.0,-0.1977
HEAD & SHOULDER,3211C - SHAMPOO 130-250ML,3211 - SHAMPOO,PERSONAL CARE,1.28,1.33,0.0391,366.5,213.33,-0.4179,1.15,1.24,0.0783,47581.0,50008.0,0.051,54718.0,62010.0,0.1333,639.0,515.0,-0.1941
INTENSE,3211C - SHAMPOO 130-250ML,3211 - SHAMPOO,PERSONAL CARE,3.17,,,3.0,,,2.0,,,447850.0,,,895700.0,,,3.0,,
LIFEBUOY,3211C - SHAMPOO 130-250ML,3211 - SHAMPOO,PERSONAL CARE,1.19,1.14,-0.042,130.0,46.67,-0.641,1.1,1.14,0.0364,32063.0,31254.0,-0.0252,35269.0,35630.0,0.0102,236.0,123.0,-0.4788
LOREAL,3211C - SHAMPOO 130-250ML,3211 - SHAMPOO,PERSONAL CARE,,1.0,,,38.67,,,1.07,,,35162.0,,,37623.0,,,108.0,
MAKARIZO,3211C - SHAMPOO 130-250ML,3211 - SHAMPOO,PERSONAL CARE,1.03,1.04,0.0097,126.0,95.33,-0.2434,1.11,1.16,0.045,28505.0,30781.0,0.0798,31641.0,35706.0,0.1285,228.0,246.0,0.0789
MUSTIKA RATU,3211C - SHAMPOO 130-250ML,3211 - SHAMPOO,PERSONAL CARE,1.0,,,1.5,,,1.0,,,26900.0,,,26900.0,,,3.0,,
NATUR,3211C - SHAMPOO 130-250ML,3211 - SHAMPOO,PERSONAL CARE,1.02,1.05,0.0294,27.0,13.33,-0.5063,1.15,1.08,-0.0609,35744.0,37398.0,0.0463,41106.0,40390.0,-0.0174,47.0,37.0,-0.2128
PALMOLIVE,3211C - SHAMPOO 130-250ML,3211 - SHAMPOO,PERSONAL CARE,1.05,,,32.0,,,1.21,,,27270.0,,,32997.0,,,53.0,,
PANTENE,3211C - SHAMPOO 130-250ML,3211 - SHAMPOO,PERSONAL CARE,1.1,1.17,0.0636,330.0,168.0,-0.4909,1.16,1.18,0.0172,34727.0,36974.0,0.0647,40283.0,43629.0,0.0831,571.0,426.0,-0.2539
REJOICE,3211C - SHAMPOO 130-250ML,3211 - SHAMPOO,PERSONAL CARE,1.08,1.06,-0.0185,132.0,81.0,-0.3864,1.16,1.14,-0.0172,31847.0,31685.0,-0.0051,36943.0,36121.0,-0.0223,228.0,213.0,-0.0658
SELSUN,3211C - SHAMPOO 130-250ML,3211 - SHAMPOO,PERSONAL CARE,1.1,,,5.0,,,1.11,,,50790.0,,,56377.0,,,9.0,,
SERASOFT,3211C - SHAMPOO 130-250ML,3211 - SHAMPOO,PERSONAL CARE,1.09,1.1,0.0092,238.0,125.33,-0.4734,1.17,1.13,-0.0342,25853.0,26332.0,0.0185,30248.0,29755.0,-0.0163,408.0,332.0,-0.1863
SUNSILK,3211C - SHAMPOO 130-250ML,3211 - SHAMPOO,PERSONAL CARE,1.13,1.46,0.292,213.5,108.0,-0.4941,1.13,1.14,0.0088,29642.0,43189.0,0.457,33495.0,49235.0,0.4699,379.0,284.0,-0.2507
TRESEMME,3211C - SHAMPOO 130-250ML,3211 - SHAMPOO,PERSONAL CARE,1.01,1.06,0.0495,41.0,29.0,-0.2927,1.08,1.1,0.0185,42422.0,46820.0,0.1037,45816.0,51502.0,0.1241,76.0,79.0,0.0395
WONDERLUX,3211C - SHAMPOO 130-250ML,3211 - SHAMPOO,PERSONAL CARE,1.0,,,0.5,,,1.0,,,90000.0,,,90000.0,,,1.0,,
ZINC,3211C - SHAMPOO 130-250ML,3211 - SHAMPOO,PERSONAL CARE,1.17,1.15,-0.0171,316.5,224.67,-0.2901,1.16,1.17,0.0086,29917.0,29726.0,-0.0064,34704.0,34779.0,0.0022,548.0,574.0,0.0474
CLEAR,3211D - SHAMPOO 270-450ML,3211 - SHAMPOO,PERSONAL CARE,1.11,1.13,0.018,31.0,25.33,-0.1829,1.05,1.13,0.0762,67376.0,70941.0,0.0529,70745.0,80163.0,0.1331,59.0,67.0,0.1356
DOVE,3211D - SHAMPOO 270-450ML,3211 - SHAMPOO,PERSONAL CARE,1.0,,,0.5,,,1.0,,,59500.0,,,59500.0,,,1.0,,
EMERON,3211D - SHAMPOO 270-450ML,3211 - SHAMPOO,PERSONAL CARE,2.0,,,2.5,,,1.25,,,76400.0,,,95500.0,,,4.0,,
ERHAIR,3211D - SHAMPOO 270-450ML,3211 - SHAMPOO,PERSONAL CARE,1.0,,,1.0,,,1.0,,,185200.0,,,185200.0,,,2.0,,
HEAD & SHOULDER,3211D - SHAMPOO 270-450ML,3211 - SHAMPOO,PERSONAL CARE,1.04,1.08,0.0385,68.5,56.33,-0.1777,1.13,1.18,0.0442,67549.0,70613.0,0.0454,76330.0,83323.0,0.0916,121.0,143.0,0.1818
HERBAL ESSENCES,3211D - SHAMPOO 270-450ML,3211 - SHAMPOO,PERSONAL CARE,1.0,,,1.0,,,2.0,,,89900.0,,,179800.0,,,1.0,,
LAB ON HAIR,3211D - SHAMPOO 270-450ML,3211 - SHAMPOO,PERSONAL CARE,1.0,,,0.5,,,1.0,,,125900.0,,,125900.0,,,1.0,,
LIFEBUOY,3211D - SHAMPOO 270-450ML,3211 - SHAMPOO,PERSONAL CARE,1.07,1.0,-0.0654,20.5,3.67,-0.821,1.02,1.0,-0.0196,48759.0,46900.0,-0.0381,49734.0,46900.0,-0.057,40.0,11.0,-0.725
LOREAL,3211D - SHAMPOO 270-450ML,3211 - SHAMPOO,PERSONAL CARE,1.0,,,0.5,,,1.0,,,73000.0,,,73000.0,,,1.0,,
MAKARIZO,3211D - SHAMPOO 270-450ML,3211 - SHAMPOO,PERSONAL CARE,1.0,1.0,0.0,23.0,11.67,-0.4926,1.05,1.13,0.0762,48226.0,49400.0,0.0243,50637.0,55822.0,0.1024,44.0,31.0,-0.2955
NATUR,3211D - SHAMPOO 270-450ML,3211 - SHAMPOO,PERSONAL CARE,1.0,,,0.5,,,1.0,,,49000.0,,,49000.0,,,1.0,,
PANTENE,3211D - SHAMPOO 270-450ML,3211 - SHAMPOO,PERSONAL CARE,1.07,1.04,-0.028,50.0,45.67,-0.0866,1.12,1.14,0.0179,71292.0,69777.0,-0.0213,79847.0,79546.0,-0.0038,89.0,120.0,0.3483
REJOICE,3211D - SHAMPOO 270-450ML,3211 - SHAMPOO,PERSONAL CARE,1.16,1.08,-0.069,40.5,29.0,-0.284,1.08,1.19,0.1019,64988.0,61793.0,-0.0492,70187.0,73534.0,0.0477,75.0,73.0,-0.0267
SERASOFT,3211D - SHAMPOO 270-450ML,3211 - SHAMPOO,PERSONAL CARE,1.08,1.06,-0.0185,49.0,38.33,-0.2178,1.08,1.17,0.0833,50824.0,49766.0,-0.0208,54890.0,58226.0,0.0608,91.0,98.0,0.0769
SUNSILK,3211D - SHAMPOO 270-450ML,3211 - SHAMPOO,PERSONAL CARE,1.06,1.25,0.1792,122.0,60.33,-0.5055,1.1,1.17,0.0636,49902.0,67403.0,0.3507,54892.0,78862.0,0.4367,222.0,155.0,-0.3018
ZINC,3211D - SHAMPOO 270-450ML,3211 - SHAMPOO,PERSONAL CARE,1.09,1.04,-0.0459,115.0,75.0,-0.3478,1.13,1.17,0.0354,47163.0,45490.0,-0.0355,53294.0,53223.0,-0.0013,204.0,193.0,-0.0539
CLEAR,3211E - SHAMPOO 450-700ML,3211 - SHAMPOO,PERSONAL CARE,1.0,,,5.5,,,1.0,,,130136.0,,,130136.0,,,11.0,,
DOVE,3211E - SHAMPOO 450-700ML,3211 - SHAMPOO,PERSONAL CARE,1.0,,,6.5,,,1.0,,,109600.0,,,109600.0,,,13.0,,
HEAD & SHOULDER,3211E - SHAMPOO 450-700ML,3211 - SHAMPOO,PERSONAL CARE,1.0,,,1.5,,,1.0,,,111833.0,,,111833.0,,,3.0,,
LIFEBUOY,3211E - SHAMPOO 450-700ML,3211 - SHAMPOO,PERSONAL CARE,1.42,,,12.0,,,1.09,,,103383.0,,,112687.0,,,22.0,,
MUSTIKA RATU,3211E - SHAMPOO 450-700ML,3211 - SHAMPOO,PERSONAL CARE,1.0,,,1.0,,,1.0,,,105900.0,,,105900.0,,,2.0,,
PANTENE,3211E - SHAMPOO 450-700ML,3211 - SHAMPOO,PERSONAL CARE,1.0,,,4.0,,,1.0,,,130012.0,,,130012.0,,,8.0,,
REJOICE,3211E - SHAMPOO 450-700ML,3211 - SHAMPOO,PERSONAL CARE,1.0,,,2.0,,,1.0,,,76175.0,,,76175.0,,,4.0,,
SUNSILK,3211E - SHAMPOO 450-700ML,3211 - SHAMPOO,PERSONAL CARE,1.38,,,8.0,,,1.0,,,120038.0,,,120038.0,,,16.0,,
TRESEMME,3211E - SHAMPOO 450-700ML,3211 - SHAMPOO,PERSONAL CARE,1.38,,,6.5,,,1.86,,,159777.0,,,297185.0,,,7.0,,
ZINC,3211E - SHAMPOO 450-700ML,3211 - SHAMPOO,PERSONAL CARE,1.0,,,2.0,,,1.0,,,62400.0,,,62400.0,,,4.0,,
PANTENE,3213A - CONDITIONER LEAVE ON 30-70ML,3213 - CONDITIONER,PERSONAL CARE,1.31,1.0,-0.2366,34.0,8.67,-0.745,1.1,1.18,0.0727,23951.0,18300.0,-0.2359,26346.0,21594.0,-0.1804,62.0,22.0,-0.6452
PANTENE,3213B - CONDITIONER 70-100ML,3213 - CONDITIONER,PERSONAL CARE,1.03,1.01,-0.0194,117.5,49.0,-0.583,1.1,1.12,0.0182,20493.0,22206.0,0.0836,22542.0,24871.0,0.1033,214.0,131.0,-0.3879
CBD,3213C - CONDITIONER 135-250ML,3213 - CONDITIONER,PERSONAL CARE,1.0,,,2.0,,,1.33,,,40950.0,,,54464.0,,,3.0,,
DOVE,3213C - CONDITIONER 135-250ML,3213 - CONDITIONER,PERSONAL CARE,1.0,,,9.0,,,1.0,,,30994.0,,,30994.0,,,18.0,,
LOREAL,3213C - CONDITIONER 135-250ML,3213 - CONDITIONER,PERSONAL CARE,,1.0,,,10.0,,,1.0,,,35207.0,,,35207.0,,,30.0,
NATUR,3213C - CONDITIONER 135-250ML,3213 - CONDITIONER,PERSONAL CARE,1.0,,,1.5,,,1.0,,,31500.0,,,31500.0,,,3.0,,
PANTENE,3213C - CONDITIONER 135-250ML,3213 - CONDITIONER,PERSONAL CARE,1.08,1.05,-0.0278,107.5,71.0,-0.3395,1.11,1.16,0.045,35687.0,36952.0,0.0354,39613.0,42864.0,0.0821,193.0,183.0,-0.0518
REJOICE,3213C - CONDITIONER 135-250ML,3213 - CONDITIONER,PERSONAL CARE,1.05,1.06,0.0095,75.0,39.67,-0.4711,1.09,1.11,0.0183,31081.0,31235.0,0.005,33878.0,34671.0,0.0234,138.0,107.0,-0.2246
SUNSILK,3213C - CONDITIONER 135-250ML,3213 - CONDITIONER,PERSONAL CARE,1.14,1.08,-0.0526,40.5,8.0,-0.8025,1.12,1.04,-0.0714,36454.0,38875.0,0.0664,40828.0,40430.0,-0.0097,72.0,23.0,-0.6806
TRESEMME,3213C - CONDITIONER 135-250ML,3213 - CONDITIONER,PERSONAL CARE,1.05,1.0,-0.0476,9.5,4.67,-0.5084,1.0,1.0,0.0,47579.0,47914.0,0.007,47579.0,47914.0,0.007,19.0,14.0,-0.2632
DOVE,3213D - CONDITIONER 260-500ML,3213 - CONDITIONER,PERSONAL CARE,1.5,,,2.0,,,1.0,,,102600.0,,,102600.0,,,4.0,,
HERBAL ESSENCES,3213D - CONDITIONER 260-500ML,3213 - CONDITIONER,PERSONAL CARE,1.0,,,1.0,,,2.0,,,89900.0,,,179800.0,,,1.0,,
LOREAL,3213D - CONDITIONER 260-500ML,3213 - CONDITIONER,PERSONAL CARE,1.0,,,0.5,,,1.0,,,79900.0,,,79900.0,,,1.0,,
PANTENE,3213D - CONDITIONER 260-500ML,3213 - CONDITIONER,PERSONAL CARE,1.0,,,2.0,,,1.0,,,62400.0,,,62400.0,,,4.0,,
MAKARIZO,3214A - HAIR TONIC,3214 - HAIR TONIC,PERSONAL CARE,1.04,1.0,-0.0385,14.0,11.33,-0.1907,1.04,1.06,0.0192,37721.0,34785.0,-0.0778,39230.0,36872.0,-0.0601,27.0,32.0,0.1852
MUSTIKA RATU,3214A - HAIR TONIC,3214 - HAIR TONIC,PERSONAL CARE,1.12,1.05,-0.0625,17.0,6.33,-0.6276,1.0,1.06,0.06,45700.0,46421.0,0.0158,45700.0,49206.0,0.0767,34.0,18.0,-0.4706
NATUR,3214A - HAIR TONIC,3214 - HAIR TONIC,PERSONAL CARE,1.0,,,3.0,,,1.0,,,36617.0,,,36617.0,,,6.0,,
BELLAGIO,3215A - HAIR STYLING CREAM,3215 - HAIR STYLING,PERSONAL CARE,1.03,1.05,0.0194,15.5,19.33,0.2471,1.03,1.12,0.0874,33442.0,35967.0,0.0755,34445.0,40283.0,0.1695,30.0,52.0,0.7333
GATSBY,3215A - HAIR STYLING CREAM,3215 - HAIR STYLING,PERSONAL CARE,1.0,1.01,0.01,74.0,70.0,-0.0541,1.07,1.08,0.0093,30959.0,31248.0,0.0093,33126.0,33748.0,0.0188,138.0,195.0,0.413
KAHF,3215A - HAIR STYLING CREAM,3215 - HAIR STYLING,PERSONAL CARE,1.0,1.0,0.0,8.5,4.0,-0.5294,1.0,1.0,0.0,44500.0,44933.0,0.0097,44500.0,44933.0,0.0097,17.0,12.0,-0.2941
MORRIS,3215A - HAIR STYLING CREAM,3215 - HAIR STYLING,PERSONAL CARE,1.0,1.0,0.0,12.0,9.33,-0.2225,1.0,1.08,0.08,37350.0,38271.0,0.0247,37350.0,41333.0,0.1066,24.0,26.0,0.0833
SHANTOS,3215A - HAIR STYLING CREAM,3215 - HAIR STYLING,PERSONAL CARE,1.0,1.0,0.0,4.0,6.33,0.5825,1.0,1.0,0.0,35500.0,35547.0,0.0013,35500.0,35547.0,0.0013,8.0,19.0,1.375
GATSBY,3215B - HAIR STYLING WAX,3215 - HAIR STYLING,PERSONAL CARE,1.0,1.0,0.0,11.5,10.33,-0.1017,1.05,1.0,-0.0476,35635.0,36852.0,0.0342,37417.0,36852.0,-0.0151,22.0,31.0,0.4091
TRESEMME,3215B - HAIR STYLING WAX,3215 - HAIR STYLING,PERSONAL CARE,1.11,,,4.5,,,3.0,,,155778.0,,,467334.0,,,3.0,,
GATSBY,3215C - HAIR STYLING GEL,3215 - HAIR STYLING,PERSONAL CARE,1.04,1.02,-0.0192,51.0,41.0,-0.1961,1.04,1.06,0.0192,17311.0,16737.0,-0.0332,18003.0,17741.0,-0.0146,98.0,116.0,0.1837
GATSBY,3215D - HAIR STYLING SPRAY,3215 - HAIR STYLING,PERSONAL CARE,1.0,1.0,0.0,3.5,4.0,0.1429,1.0,1.09,0.09,36557.0,36500.0,-0.0016,36557.0,39785.0,0.0883,7.0,11.0,0.5714
WONDERLUX,3215D - HAIR STYLING SPRAY,3215 - HAIR STYLING,PERSONAL CARE,2.0,,,0.5,,,1.0,,,137600.0,,,137600.0,,,1.0,,
TANCHO,3216A - HAIR COLOUR POWDER,3216 - HAIR COLOUR,PERSONAL CARE,1.0,1.0,0.0,10.0,5.67,-0.433,1.11,1.06,-0.045,23765.0,23765.0,0.0,26379.0,25191.0,-0.045,18.0,16.0,-0.1111
CULTUSIA,3216B - HAIR COLOUR PASTA,3216 - HAIR COLOUR,PERSONAL CARE,1.62,2.03,0.2531,12.0,10.67,-0.1108,1.26,1.33,0.0556,20475.0,25594.0,0.25,25798.0,34040.0,0.3195,19.0,24.0,0.2632
EXCELLO,3216B - HAIR COLOUR PASTA,3216 - HAIR COLOUR,PERSONAL CARE,1.29,1.2,-0.0698,8.5,13.67,0.6082,1.06,1.08,0.0189,14906.0,13088.0,-0.122,15800.0,14135.0,-0.1054,16.0,38.0,1.375
GARNIER,3216B - HAIR COLOUR PASTA,3216 - HAIR COLOUR,PERSONAL CARE,1.78,1.45,-0.1854,192.5,126.0,-0.3455,1.14,1.2,0.0526,39902.0,33036.0,-0.1721,45488.0,39643.0,-0.1285,337.0,314.0,-0.0682
MAKARIZO,3216B - HAIR COLOUR PASTA,3216 - HAIR COLOUR,PERSONAL CARE,1.72,1.61,-0.064,32.5,14.67,-0.5486,1.08,1.02,-0.0556,20131.0,18914.0,-0.0605,21741.0,19292.0,-0.1126,60.0,43.0,-0.2833
MIRANDA,3216B - HAIR COLOUR PASTA,3216 - HAIR COLOUR,PERSONAL CARE,1.21,1.21,0.0,38.5,36.67,-0.0475,1.13,1.22,0.0796,21431.0,21870.0,0.0205,24217.0,26681.0,0.1017,68.0,90.0,0.3235
NYU,3216B - HAIR COLOUR PASTA,3216 - HAIR COLOUR,PERSONAL CARE,1.2,1.11,-0.075,20.0,15.33,-0.2335,1.11,1.12,0.009,26188.0,25096.0,-0.0417,29069.0,28108.0,-0.0331,36.0,41.0,0.1389
SASHA,3216B - HAIR COLOUR PASTA,3216 - HAIR COLOUR,PERSONAL CARE,1.54,1.52,-0.013,6.5,7.0,0.0769,1.0,1.0,0.0,24708.0,24362.0,-0.014,24708.0,24362.0,-0.014,13.0,21.0,0.6154
FELICE,3216C - HAIR COLOUR SHAMPOO,3216 - HAIR COLOUR,PERSONAL CARE,1.0,1.4,0.4,2.0,1.67,-0.165,1.0,1.25,0.25,10000.0,14180.0,0.418,10000.0,17725.0,0.7725,4.0,4.0,0.0
GARNIER,3216C - HAIR COLOUR SHAMPOO,3216 - HAIR COLOUR,PERSONAL CARE,1.21,1.1,-0.0909,28.5,23.33,-0.1814,1.1,1.23,0.1182,25442.0,23191.0,-0.0885,27986.0,28525.0,0.0193,52.0,57.0,0.0962
NONI MAGIC,3216C - HAIR COLOUR SHAMPOO,3216 - HAIR COLOUR,PERSONAL CARE,1.05,1.04,-0.0095,10.0,7.67,-0.233,1.0,1.05,0.05,27195.0,27135.0,-0.0022,27195.0,28492.0,0.0477,20.0,22.0,0.1
NYU,3216C - HAIR COLOUR SHAMPOO,3216 - HAIR COLOUR,PERSONAL CARE,1.29,1.24,-0.0388,125.0,80.33,-0.3574,1.14,1.24,0.0877,16667.0,17085.0,0.0251,19000.0,21185.0,0.115,220.0,195.0,-0.1136
CBD,3217A - HAIR MASK,3217 - HAIR MASK,PERSONAL CARE,1.33,1.2,-0.0977,57.5,30.0,-0.4783,1.11,1.08,-0.027,13983.0,12622.0,-0.0973,15521.0,13632.0,-0.1217,104.0,83.0,-0.2019
ELLIPS,3217A - HAIR MASK,3217 - HAIR MASK,PERSONAL CARE,1.34,,,19.0,,,1.23,,,13579.0,,,16702.0,,,31.0,,
MAKARIZO,3217A - HAIR MASK,3217 - HAIR MASK,PERSONAL CARE,1.25,1.24,-0.008,149.0,58.0,-0.6107,1.25,1.13,-0.096,12891.0,14140.0,0.0969,16114.0,15978.0,-0.0084,239.0,154.0,-0.3556
SUNSILK,3217A - HAIR MASK,3217 - HAIR MASK,PERSONAL CARE,1.11,1.61,0.4505,17.5,17.0,-0.0286,1.03,1.13,0.0971,9917.0,14310.0,0.443,10215.0,16170.0,0.583,34.0,45.0,0.3235
TRESEMME,3217A - HAIR MASK,3217 - HAIR MASK,PERSONAL CARE,,1.35,,,21.0,,,1.05,,,13357.0,,,14025.0,,,60.0,
ELLIPS,3218A - HAIR VITAMIN BLISTER,3218 - HAIR VITAMIN,PERSONAL CARE,1.17,1.17,0.0,81.0,44.67,-0.4485,1.12,1.08,-0.0357,20528.0,19978.0,-0.0268,22991.0,21576.0,-0.0615,144.0,124.0,-0.1389
EMERON,3218A - HAIR VITAMIN BLISTER,3218 - HAIR VITAMIN,PERSONAL CARE,1.12,1.09,-0.0268,81.0,25.0,-0.6914,1.11,1.04,-0.0631,11856.0,11917.0,0.0051,13160.0,12394.0,-0.0582,146.0,72.0,-0.5068
MAKARIZO,3218A - HAIR VITAMIN BLISTER,3218 - HAIR VITAMIN,PERSONAL CARE,1.09,1.03,-0.055,56.0,31.0,-0.4464,1.15,1.09,-0.0522,15411.0,14853.0,-0.0362,17723.0,16190.0,-0.0865,97.0,85.0,-0.1237
CBD,3218B - HAIR VITAMIN BOTTLE,3218 - HAIR VITAMIN,PERSONAL CARE,1.0,,,1.0,,,1.0,,,30300.0,,,30300.0,,,2.0,,
ELLIPS,3218B - HAIR VITAMIN BOTTLE,3218 - HAIR VITAMIN,PERSONAL CARE,1.0,1.04,0.04,22.5,16.67,-0.2591,1.02,1.04,0.0196,30587.0,34034.0,0.1127,31199.0,35395.0,0.1345,44.0,48.0,0.0909
HAIR ENERGY,3218B - HAIR VITAMIN BOTTLE,3218 - HAIR VITAMIN,PERSONAL CARE,1.0,,,0.5,,,1.0,,,43000.0,,,43000.0,,,1.0,,
LOREAL,3218B - HAIR VITAMIN BOTTLE,3218 - HAIR VITAMIN,PERSONAL CARE,1.1,1.0,-0.0909,5.0,1.0,-0.8,1.0,1.0,0.0,62300.0,57633.0,-0.0749,62300.0,57633.0,-0.0749,10.0,3.0,-0.7
MAKARIZO,3218B - HAIR VITAMIN BOTTLE,3218 - HAIR VITAMIN,PERSONAL CARE,1.01,1.02,0.0099,45.0,46.67,0.0371,1.05,1.06,0.0095,32209.0,32277.0,0.0021,33819.0,34214.0,0.0117,86.0,132.0,0.5349
ONYX,3218B - HAIR VITAMIN BOTTLE,3218 - HAIR VITAMIN,PERSONAL CARE,1.1,1.0,-0.0909,10.0,9.33,-0.067,1.0,1.04,0.04,42040.0,47664.0,0.1338,42040.0,49571.0,0.1791,20.0,27.0,0.35
PINKBERRY,3218B - HAIR VITAMIN BOTTLE,3218 - HAIR VITAMIN,PERSONAL CARE,1.0,1.04,0.04,11.0,19.0,0.7273,1.0,1.1,0.1,26673.0,27905.0,0.0462,26673.0,30696.0,0.1508,22.0,52.0,1.3636
SUNSILK,3218B - HAIR VITAMIN BOTTLE,3218 - HAIR VITAMIN,PERSONAL CARE,1.0,1.0,0.0,27.5,9.0,-0.6727,1.0,1.04,0.04,36200.0,36215.0,0.0004,36200.0,37664.0,0.0404,55.0,26.0,-0.5273
TRESEMME,3218B - HAIR VITAMIN BOTTLE,3218 - HAIR VITAMIN,PERSONAL CARE,1.0,,,0.5,,,1.0,,,160000.0,,,160000.0,,,1.0,,
BEE BRAND,3221A - BEAUTY BAR SOAP,3221 - BAR SOAP,PERSONAL CARE,2.5,,,1.0,,,1.0,,,25750.0,,,25750.0,,,2.0,,
HARMONY,3221A - BEAUTY BAR SOAP,3221 - BAR SOAP,PERSONAL CARE,2.16,2.03,-0.0602,291.0,133.33,-0.5418,1.23,1.18,-0.0407,7092.0,7407.0,0.0444,8723.0,8740.0,0.0019,473.0,340.0,-0.2812
KOJIE SAN,3221A - BEAUTY BAR SOAP,3221 - BAR SOAP,PERSONAL CARE,4.0,,,0.5,,,1.0,,,159600.0,,,159600.0,,,1.0,,
SHINZU'I,3221A - BEAUTY BAR SOAP,3221 - BAR SOAP,PERSONAL CARE,1.35,1.27,-0.0593,100.5,80.0,-0.204,1.12,1.13,0.0089,8463.0,7959.0,-0.0596,9479.0,8994.0,-0.0512,179.0,213.0,0.1899
ASEPSO,3221B - HEALTHY BAR SOAP,3221 - BAR SOAP,PERSONAL CARE,1.26,1.32,0.0476,41.0,22.0,-0.4634,1.15,1.08,-0.0609,15138.0,16398.0,0.0832,17409.0,17710.0,0.0173,71.0,61.0,-0.1408
DETTOL,3221B - HEALTHY BAR SOAP,3221 - BAR SOAP,PERSONAL CARE,1.44,1.49,0.0347,50.0,52.67,0.0534,1.03,1.06,0.0291,15105.0,15265.0,0.0106,15558.0,16181.0,0.04,97.0,149.0,0.5361
JF SULFUR,3221B - HEALTHY BAR SOAP,3221 - BAR SOAP,PERSONAL CARE,1.1,1.18,0.0727,52.5,29.0,-0.4476,1.18,1.14,-0.0339,20522.0,22485.0,0.0957,24216.0,25633.0,0.0585,89.0,76.0,-0.1461
LIFEBUOY,3221B - HEALTHY BAR SOAP,3221 - BAR SOAP,PERSONAL CARE,1.5,1.26,-0.16,87.0,20.33,-0.7663,1.1,1.13,0.0273,11948.0,10115.0,-0.1534,13143.0,11430.0,-0.1303,158.0,54.0,-0.6582
OILUM,3221B - HEALTHY BAR SOAP,3221 - BAR SOAP,PERSONAL CARE,1.25,,,2.0,,,1.0,,,33125.0,,,33125.0,,,4.0,,
GIV,3221D - BEAUTY BAR SOAP BANDED,3221 - BAR SOAP,PERSONAL CARE,1.15,1.08,-0.0609,244.0,131.67,-0.4604,1.14,1.25,0.0965,15501.0,13944.0,-0.1004,17671.0,17430.0,-0.0136,427.0,317.0,-0.2576
LUX,3221D - BEAUTY BAR SOAP BANDED,3221 - BAR SOAP,PERSONAL CARE,1.21,1.14,-0.0579,79.0,44.33,-0.4389,1.14,1.2,0.0526,22563.0,20679.0,-0.0835,25722.0,24815.0,-0.0353,139.0,111.0,-0.2014
SHINZU'I,3221D - BEAUTY BAR SOAP BANDED,3221 - BAR SOAP,PERSONAL CARE,1.05,1.08,0.0286,82.5,59.67,-0.2767,1.14,1.24,0.0877,20713.0,20747.0,0.0016,23613.0,25726.0,0.0895,145.0,144.0,-0.0069
ASEPSO,3221E - HEALTHY BAR SOAP BANDED,3221 - BAR SOAP,PERSONAL CARE,1.0,,,5.0,,,1.0,,,27850.0,,,27850.0,,,10.0,,
DETTOL,3221E - HEALTHY BAR SOAP BANDED,3221 - BAR SOAP,PERSONAL CARE,1.11,1.1,-0.009,73.5,60.67,-0.1746,1.13,1.21,0.0708,29737.0,29538.0,-0.0067,33603.0,35741.0,0.0636,130.0,151.0,0.1615
LIFEBUOY,3221E - HEALTHY BAR SOAP BANDED,3221 - BAR SOAP,PERSONAL CARE,1.09,1.1,0.0092,200.5,127.0,-0.3666,1.14,1.15,0.0088,23162.0,23771.0,0.0263,26405.0,27337.0,0.0353,352.0,330.0,-0.0625
NUVO,3221E - HEALTHY BAR SOAP BANDED,3221 - BAR SOAP,PERSONAL CARE,1.1,1.13,0.0273,199.5,194.33,-0.0259,1.12,1.16,0.0357,21932.0,21516.0,-0.019,24564.0,24959.0,0.0161,356.0,502.0,0.4101
ZEN,3221E - HEALTHY BAR SOAP BANDED,3221 - BAR SOAP,PERSONAL CARE,1.16,1.12,-0.0345,224.5,114.67,-0.4892,1.13,1.15,0.0177,17950.0,17584.0,-0.0204,20283.0,20222.0,-0.003,397.0,299.0,-0.2469
BIORE,3222B - BEAUTY LIQUID SOAP BTL 100-250ML,3222 - BEAUTY LIQUID SOAP,PERSONAL CARE,1.02,1.02,0.0,58.0,45.67,-0.2126,1.01,1.05,0.0396,14703.0,15157.0,0.0309,14850.0,15915.0,0.0717,115.0,131.0,0.1391
EARTH LOVE LIFE,3222B - BEAUTY LIQUID SOAP BTL 100-250ML,3222 - BEAUTY LIQUID SOAP,PERSONAL CARE,1.33,,,1.5,,,1.0,,,96667.0,,,96667.0,,,3.0,,
LERVIA,3222B - BEAUTY LIQUID SOAP BTL 100-250ML,3222 - BEAUTY LIQUID SOAP,PERSONAL CARE,1.03,1.08,0.0485,60.0,36.0,-0.4,1.05,1.03,-0.019,24791.0,25928.0,0.0459,26031.0,26706.0,0.0259,114.0,105.0,-0.0789
LUX,3222B - BEAUTY LIQUID SOAP BTL 100-250ML,3222 - BEAUTY LIQUID SOAP,PERSONAL CARE,1.0,1.0,0.0,18.0,0.33,-0.9817,1.03,1.0,-0.0291,18475.0,18300.0,-0.0095,19029.0,18300.0,-0.0383,35.0,1.0,-0.9714
BIORE,3222D - BEAUTY LIQUID SOAP 300-600ML,3222 - BEAUTY LIQUID SOAP,PERSONAL CARE,1.29,1.2,-0.0698,160.0,108.0,-0.325,1.07,1.1,0.028,33789.0,31071.0,-0.0804,36154.0,34178.0,-0.0547,300.0,295.0,-0.0167
DOVE,3222D - BEAUTY LIQUID SOAP 300-600ML,3222 - BEAUTY LIQUID SOAP,PERSONAL CARE,1.12,1.15,0.0268,33.5,36.33,0.0845,1.1,1.16,0.0545,42976.0,40684.0,-0.0533,47274.0,47193.0,-0.0017,61.0,94.0,0.541
FRES & NATURAL,3222D - BEAUTY LIQUID SOAP 300-600ML,3222 - BEAUTY LIQUID SOAP,PERSONAL CARE,1.43,1.32,-0.0769,388.5,200.33,-0.4844,1.18,1.21,0.0254,31233.0,26481.0,-0.1521,36855.0,32042.0,-0.1306,656.0,497.0,-0.2424
GIV,3222D - BEAUTY LIQUID SOAP 300-600ML,3222 - BEAUTY LIQUID SOAP,PERSONAL CARE,1.3,1.37,0.0538,557.0,367.0,-0.3411,1.16,1.21,0.0431,28371.0,27416.0,-0.0337,32910.0,33173.0,0.008,963.0,912.0,-0.053
GLOW&LOVELY,3222D - BEAUTY LIQUID SOAP 300-600ML,3222 - BEAUTY LIQUID SOAP,PERSONAL CARE,1.24,,,29.5,,,1.16,,,26971.0,,,31286.0,,,51.0,,
K NATURAL,3222D - BEAUTY LIQUID SOAP 300-600ML,3222 - BEAUTY LIQUID SOAP,PERSONAL CARE,1.22,1.27,0.041,253.0,99.0,-0.6087,1.13,1.12,-0.0088,28521.0,29548.0,0.036,32229.0,33094.0,0.0268,449.0,266.0,-0.4076
LERVIA,3222D - BEAUTY LIQUID SOAP 300-600ML,3222 - BEAUTY LIQUID SOAP,PERSONAL CARE,1.25,1.14,-0.088,134.5,106.67,-0.2069,1.08,1.15,0.0648,31430.0,28890.0,-0.0808,33944.0,33224.0,-0.0212,248.0,278.0,0.121
LUX,3222D - BEAUTY LIQUID SOAP 300-600ML,3222 - BEAUTY LIQUID SOAP,PERSONAL CARE,1.12,1.18,0.0536,129.0,51.33,-0.6021,1.16,1.05,-0.0948,31349.0,30938.0,-0.0131,36365.0,32485.0,-0.1067,222.0,147.0,-0.3378
MUTOUCH,3222D - BEAUTY LIQUID SOAP 300-600ML,3222 - BEAUTY LIQUID SOAP,PERSONAL CARE,1.0,,,0.5,,,1.0,,,50000.0,,,50000.0,,,1.0,,
NAEEM,3222D - BEAUTY LIQUID SOAP 300-600ML,3222 - BEAUTY LIQUID SOAP,PERSONAL CARE,1.25,1.18,-0.056,146.0,57.0,-0.6096,1.19,1.21,0.0168,30478.0,21223.0,-0.3037,36269.0,25680.0,-0.292,246.0,141.0,-0.4268
PALMOLIVE,3222D - BEAUTY LIQUID SOAP 300-600ML,3222 - BEAUTY LIQUID SOAP,PERSONAL CARE,3.0,,,0.5,,,1.0,,,102000.0,,,102000.0,,,1.0,,
SHINZU'I,3222D - BEAUTY LIQUID SOAP 300-600ML,3222 - BEAUTY LIQUID SOAP,PERSONAL CARE,1.36,1.82,0.3382,161.0,108.0,-0.3292,1.12,1.14,0.0179,37448.0,50014.0,0.3356,41942.0,57016.0,0.3594,287.0,284.0,-0.0105
WHITE GARDEN,3222D - BEAUTY LIQUID SOAP 300-600ML,3222 - BEAUTY LIQUID SOAP,PERSONAL CARE,1.0,,,1.0,,,1.0,,,65000.0,,,65000.0,,,2.0,,
BIORE,3222E - BEAUTY LIQUID SOAP 700 - 1000ML,3222 - BEAUTY LIQUID SOAP,PERSONAL CARE,1.35,1.14,-0.1556,30.0,59.67,0.989,1.02,1.15,0.1275,60728.0,49902.0,-0.1783,61943.0,57387.0,-0.0736,59.0,156.0,1.6441
GIV,3222E - BEAUTY LIQUID SOAP 700 - 1000ML,3222 - BEAUTY LIQUID SOAP,PERSONAL CARE,1.2,1.1,-0.0833,59.5,68.0,0.1429,1.05,1.15,0.0952,49160.0,44933.0,-0.086,51618.0,51673.0,0.0011,113.0,177.0,0.5664
GLOW&LOVELY,3222E - BEAUTY LIQUID SOAP 700 - 1000ML,3222 - BEAUTY LIQUID SOAP,PERSONAL CARE,1.25,,,2.0,,,1.0,,,50375.0,,,50375.0,,,4.0,,
LUX,3222E - BEAUTY LIQUID SOAP 700 - 1000ML,3222 - BEAUTY LIQUID SOAP,PERSONAL CARE,1.11,1.13,0.018,31.5,34.0,0.0794,1.11,1.13,0.018,54206.0,55119.0,0.0168,60169.0,62284.0,0.0352,57.0,90.0,0.5789
SHINZU'I,3222E - BEAUTY LIQUID SOAP 700 - 1000ML,3222 - BEAUTY LIQUID SOAP,PERSONAL CARE,1.4,1.12,-0.2,41.0,39.0,-0.0488,1.09,1.07,-0.0183,64200.0,52521.0,-0.1819,69978.0,56197.0,-0.1969,75.0,109.0,0.4533
BIORE,3222F - BEAUTY LIQUID SOAP PUMP,3222 - BEAUTY LIQUID SOAP,PERSONAL CARE,1.0,,,0.5,,,1.0,,,77000.0,,,77000.0,,,1.0,,
DOVE,3222F - BEAUTY LIQUID SOAP PUMP,3222 - BEAUTY LIQUID SOAP,PERSONAL CARE,1.0,,,1.5,,,1.0,,,97033.0,,,97033.0,,,3.0,,
GLOW&LOVELY,3222F - BEAUTY LIQUID SOAP PUMP,3222 - BEAUTY LIQUID SOAP,PERSONAL CARE,1.67,,,1.5,,,1.0,,,71833.0,,,71833.0,,,3.0,,
PALMOLIVE,3222F - BEAUTY LIQUID SOAP PUMP,3222 - BEAUTY LIQUID SOAP,PERSONAL CARE,2.0,,,1.0,,,1.0,,,201800.0,,,201800.0,,,2.0,,
SHINZU'I,3222F - BEAUTY LIQUID SOAP PUMP,3222 - BEAUTY LIQUID SOAP,PERSONAL CARE,1.0,1.2,0.2,15.0,11.67,-0.222,1.0,1.0,0.0,55663.0,73486.0,0.3202,55663.0,73486.0,0.3202,30.0,35.0,0.1667
BIORE,3223B - HEALTHY LIQUID SOAP BTL 100-250ML,3223 - HEALTHY LIQUID SOAP,PERSONAL CARE,1.03,1.02,-0.0097,43.5,28.0,-0.3563,1.02,1.01,-0.0098,14978.0,14875.0,-0.0069,15278.0,15024.0,-0.0166,85.0,83.0,-0.0235
LIFEBUOY,3223B - HEALTHY LIQUID SOAP BTL 100-250ML,3223 - HEALTHY LIQUID SOAP,PERSONAL CARE,1.08,1.03,-0.0463,48.0,22.0,-0.5417,1.02,1.0,-0.0196,19466.0,19285.0,-0.0093,19855.0,19285.0,-0.0287,94.0,66.0,-0.2979
BIORE,3223C - HEALTHY LIQUID SOAP REF 200-250ML,3223 - HEALTHY LIQUID SOAP,PERSONAL CARE,1.0,,,0.5,,,1.0,,,34000.0,,,34000.0,,,1.0,,
ALFAMART,3223D - HEALTHY LIQUID SOAP 300-600ML,3223 - HEALTHY LIQUID SOAP,PERSONAL CARE,1.3,1.31,0.0077,201.5,91.67,-0.5451,1.14,1.19,0.0439,16473.0,16369.0,-0.0063,18779.0,19479.0,0.0373,353.0,231.0,-0.3456
BIORE,3223D - HEALTHY LIQUID SOAP 300-600ML,3223 - HEALTHY LIQUID SOAP,PERSONAL CARE,1.19,1.18,-0.0084,85.0,40.0,-0.5294,1.13,1.22,0.0796,31518.0,30694.0,-0.0261,35615.0,37447.0,0.0514,150.0,98.0,-0.3467
DETTOL,3223D - HEALTHY LIQUID SOAP 300-600ML,3223 - HEALTHY LIQUID SOAP,PERSONAL CARE,1.19,1.16,-0.0252,103.0,20.33,-0.8026,1.21,1.05,-0.1322,38838.0,39434.0,0.0153,46994.0,41406.0,-0.1189,170.0,58.0,-0.6588
LIFEBUOY,3223D - HEALTHY LIQUID SOAP 300-600ML,3223 - HEALTHY LIQUID SOAP,PERSONAL CARE,1.55,1.82,0.1742,416.0,227.33,-0.4535,1.2,1.2,0.0,43652.0,47231.0,0.082,52382.0,56677.0,0.082,691.0,570.0,-0.1751
NUVO,3223D - HEALTHY LIQUID SOAP 300-600ML,3223 - HEALTHY LIQUID SOAP,PERSONAL CARE,1.41,1.33,-0.0567,832.0,373.33,-0.5513,1.26,1.27,0.0079,30754.0,26608.0,-0.1348,38750.0,33792.0,-0.1279,1318.0,885.0,-0.3285
PROGUARD,3223D - HEALTHY LIQUID SOAP 300-600ML,3223 - HEALTHY LIQUID SOAP,PERSONAL CARE,1.43,,,45.5,,,1.1,,,35101.0,,,38611.0,,,83.0,,
ZEN,3223D - HEALTHY LIQUID SOAP 300-600ML,3223 - HEALTHY LIQUID SOAP,PERSONAL CARE,1.2,1.21,0.0083,149.0,57.33,-0.6152,1.17,1.19,0.0171,29507.0,29586.0,0.0027,34523.0,35207.0,0.0198,255.0,145.0,-0.4314
BETADINE,3223E - ANTISEPTIC LIQUID,3223 - HEALTHY LIQUID SOAP,PERSONAL CARE,1.5,,,1.0,,,1.0,,,64350.0,,,64350.0,,,2.0,,
DETTOL,3223E - ANTISEPTIC LIQUID,3223 - HEALTHY LIQUID SOAP,PERSONAL CARE,1.01,1.0,-0.0099,35.0,19.0,-0.4571,1.04,1.04,0.0,41586.0,40807.0,-0.0187,43249.0,42439.0,-0.0187,67.0,55.0,-0.1791
DETTOL,3223F - HEALTHY LIQUID SOAP PUMP,3223 - HEALTHY LIQUID SOAP,PERSONAL CARE,1.0,,,0.5,,,1.0,,,71000.0,,,71000.0,,,1.0,,
LIFEBUOY,3223F - HEALTHY LIQUID SOAP PUMP,3223 - HEALTHY LIQUID SOAP,PERSONAL CARE,1.0,1.03,0.03,10.5,12.0,0.1429,1.0,1.03,0.03,59000.0,56806.0,-0.0372,59000.0,58510.0,-0.0083,21.0,35.0,0.6667
BIORE,3223G - HEALTHY LIQUID SOAP 700 - 1000ML,3223 - HEALTHY LIQUID SOAP,PERSONAL CARE,1.35,1.09,-0.1926,34.5,37.0,0.0725,1.15,1.1,-0.0435,59010.0,47745.0,-0.1909,67862.0,52520.0,-0.2261,60.0,101.0,0.6833
LIFEBUOY,3223G - HEALTHY LIQUID SOAP 700 - 1000ML,3223 - HEALTHY LIQUID SOAP,PERSONAL CARE,1.11,1.17,0.0541,117.0,67.33,-0.4245,1.12,1.17,0.0446,54201.0,57496.0,0.0608,60705.0,67270.0,0.1081,208.0,172.0,-0.1731
NUVO,3223G - HEALTHY LIQUID SOAP 700 - 1000ML,3223 - HEALTHY LIQUID SOAP,PERSONAL CARE,1.12,1.14,0.0179,271.0,156.67,-0.4219,1.18,1.19,0.0085,45649.0,46927.0,0.028,53866.0,55843.0,0.0367,461.0,396.0,-0.141
ZEN,3223G - HEALTHY LIQUID SOAP 700 - 1000ML,3223 - HEALTHY LIQUID SOAP,PERSONAL CARE,1.14,1.06,-0.0702,3.5,16.0,3.5714,1.0,1.09,0.09,44286.0,49831.0,0.1252,44286.0,54316.0,0.2265,7.0,44.0,5.2857
BETADINE,3224A - FEMININ HYGIENE SOAP,3224 - FEMININ HYGIENE,PERSONAL CARE,1.17,,,3.0,,,1.2,,,29433.0,,,35320.0,,,5.0,,
LACTACYD,3224A - FEMININ HYGIENE SOAP,3224 - FEMININ HYGIENE,PERSONAL CARE,1.0,1.06,0.06,14.5,6.0,-0.5862,1.04,1.12,0.0769,36914.0,39244.0,0.0631,38391.0,43953.0,0.1449,28.0,16.0,-0.4286
PURBASARI,3224A - FEMININ HYGIENE SOAP,3224 - FEMININ HYGIENE,PERSONAL CARE,1.02,1.04,0.0196,40.0,24.0,-0.4,1.04,1.06,0.0192,9846.0,13496.0,0.3707,10240.0,14306.0,0.3971,77.0,68.0,-0.1169
RESIK-V,3224A - FEMININ HYGIENE SOAP,3224 - FEMININ HYGIENE,PERSONAL CARE,1.04,1.05,0.0096,48.5,38.0,-0.2165,1.05,1.06,0.0095,18929.0,19854.0,0.0489,19875.0,21045.0,0.0589,92.0,108.0,0.1739
SECRET CLEAN,3224A - FEMININ HYGIENE SOAP,3224 - FEMININ HYGIENE,PERSONAL CARE,1.0,1.0,0.0,17.5,9.67,-0.4474,1.13,1.04,-0.0796,23974.0,24634.0,0.0275,27091.0,25619.0,-0.0543,31.0,28.0,-0.0968
SUMBER AYU,3224A - FEMININ HYGIENE SOAP,3224 - FEMININ HYGIENE,PERSONAL CARE,1.03,1.02,-0.0097,30.5,43.33,0.4207,1.05,1.07,0.019,28010.0,22961.0,-0.1803,29410.0,24568.0,-0.1646,58.0,121.0,1.0862
ALFAMART,3225A - HAND SOAP BOTTLE,3225 - HAND SOAP,PERSONAL CARE,1.12,1.14,0.0179,12.0,9.67,-0.1942,1.0,1.0,0.0,20479.0,19014.0,-0.0715,20479.0,19014.0,-0.0715,24.0,29.0,0.2083
BIODEF,3225A - HAND SOAP BOTTLE,3225 - HAND SOAP,PERSONAL CARE,1.0,,,0.5,,,1.0,,,21000.0,,,21000.0,,,1.0,,
LIFEBUOY,3225A - HAND SOAP BOTTLE,3225 - HAND SOAP,PERSONAL CARE,1.0,1.0,0.0,4.5,8.0,0.7778,1.12,1.0,-0.1071,23678.0,23808.0,0.0055,26519.0,23808.0,-0.1022,8.0,24.0,2.0
SOUJI,3225A - HAND SOAP BOTTLE,3225 - HAND SOAP,PERSONAL CARE,1.23,1.27,0.0325,11.0,3.67,-0.6664,1.05,1.1,0.0476,26423.0,27509.0,0.0411,27744.0,30260.0,0.0907,21.0,10.0,-0.5238
YURI,3225A - HAND SOAP BOTTLE,3225 - HAND SOAP,PERSONAL CARE,1.0,,,0.5,,,1.0,,,30800.0,,,30800.0,,,1.0,,
ALFAMART,3225B - HAND SOAP REFFIL,3225 - HAND SOAP,PERSONAL CARE,1.3,1.25,-0.0385,151.5,63.67,-0.5797,1.21,1.19,-0.0165,11240.0,10650.0,-0.0525,13600.0,12674.0,-0.0681,251.0,161.0,-0.3586
BAGUS,3225B - HAND SOAP REFFIL,3225 - HAND SOAP,PERSONAL CARE,1.4,,,17.5,,,1.13,,,21109.0,,,23853.0,,,31.0,,
BIORE,3225B - HAND SOAP REFFIL,3225 - HAND SOAP,PERSONAL CARE,2.0,,,0.5,,,1.0,,,39200.0,,,39200.0,,,1.0,,
LIFEBUOY,3225B - HAND SOAP REFFIL,3225 - HAND SOAP,PERSONAL CARE,1.0,,,1.0,,,1.0,,,15500.0,,,15500.0,,,2.0,,
PROKLEEN,3225B - HAND SOAP REFFIL,3225 - HAND SOAP,PERSONAL CARE,1.78,,,4.5,,,1.29,,,35822.0,,,46210.0,,,7.0,,
SOUJI,3225B - HAND SOAP REFFIL,3225 - HAND SOAP,PERSONAL CARE,1.42,1.12,-0.2113,48.5,27.67,-0.4295,1.1,1.11,0.0091,16579.0,13298.0,-0.1979,18237.0,14761.0,-0.1906,88.0,75.0,-0.1477
SPUME,3225B - HAND SOAP REFFIL,3225 - HAND SOAP,PERSONAL CARE,1.0,,,0.5,,,1.0,,,58000.0,,,58000.0,,,1.0,,
YURI,3225B - HAND SOAP REFFIL,3225 - HAND SOAP,PERSONAL CARE,1.81,1.29,-0.2873,13.5,8.0,-0.4074,1.08,1.14,0.0556,99319.0,28504.0,-0.713,107265.0,32495.0,-0.6971,25.0,21.0,-0.16
KAHF,3226A - MEN SOAP BOTTLE,3226 - MEN SOAP,PERSONAL CARE,2.0,,,0.5,,,1.0,,,51800.0,,,51800.0,,,1.0,,
CASABLANCA,3231A - WOMEN DEO ROLL ON,3231 - WOMEN DEO,PERSONAL CARE,1.11,1.09,-0.018,74.0,78.33,0.0585,1.15,1.19,0.0348,17651.0,17138.0,-0.0291,20299.0,20394.0,0.0047,129.0,197.0,0.5271
DOVE,3231A - WOMEN DEO ROLL ON,3231 - WOMEN DEO,PERSONAL CARE,1.01,1.04,0.0297,58.0,35.33,-0.3909,1.04,1.09,0.0481,28286.0,28998.0,0.0252,29417.0,31608.0,0.0745,112.0,97.0,-0.1339
EVANGELINE,3231A - WOMEN DEO ROLL ON,3231 - WOMEN DEO,PERSONAL CARE,1.11,,,36.5,,,1.03,,,16808.0,,,17312.0,,,71.0,,
NIVEA,3231A - WOMEN DEO ROLL ON,3231 - WOMEN DEO,PERSONAL CARE,1.08,1.11,0.0278,225.5,102.67,-0.5447,1.08,1.06,-0.0185,30231.0,32018.0,0.0591,32649.0,33939.0,0.0395,416.0,290.0,-0.3029
POSH,3231A - WOMEN DEO ROLL ON,3231 - WOMEN DEO,PERSONAL CARE,1.31,1.19,-0.0916,357.5,220.33,-0.3837,1.11,1.16,0.045,22330.0,20244.0,-0.0934,24786.0,23483.0,-0.0526,646.0,569.0,-0.1192
REXONA,3231A - WOMEN DEO ROLL ON,3231 - WOMEN DEO,PERSONAL CARE,1.14,1.1,-0.0351,363.5,235.67,-0.3517,1.09,1.15,0.055,23498.0,22996.0,-0.0214,25613.0,26445.0,0.0325,668.0,617.0,-0.0763
LADY SPEED,3231B - WOMEN DEO STICK,3231 - WOMEN DEO,PERSONAL CARE,1.0,,,2.5,,,1.25,,,40560.0,,,50700.0,,,4.0,,
PIXY,3231B - WOMEN DEO STICK,3231 - WOMEN DEO,PERSONAL CARE,1.06,,,8.0,,,1.0,,,15075.0,,,15075.0,,,16.0,,
REXONA,3231B - WOMEN DEO STICK,3231 - WOMEN DEO,PERSONAL CARE,,1.0,,,1.67,,,1.0,,,29500.0,,,29500.0,,,5.0,
BELLAGIO,3232A - WOMEN PARFUME & EDT,3232 - WOMEN PARFUME & EDT,PERSONAL CARE,,1.0,,,3.33,,,1.11,,,36620.0,,,40648.0,,,9.0,
BIZARRE,3232A - WOMEN PARFUME & EDT,3232 - WOMEN PARFUME & EDT,PERSONAL CARE,1.0,1.0,0.0,14.0,11.33,-0.1907,1.04,1.03,-0.0096,39921.0,39974.0,0.0013,41518.0,41173.0,-0.0083,27.0,33.0,0.2222
BONAVIE,3232A - WOMEN PARFUME & EDT,3232 - WOMEN PARFUME & EDT,PERSONAL CARE,1.0,,,0.5,,,1.0,,,58400.0,,,58400.0,,,1.0,,
CASABLANCA,3232A - WOMEN PARFUME & EDT,3232 - WOMEN PARFUME & EDT,PERSONAL CARE,1.08,1.04,-0.037,20.0,28.0,0.4,1.05,1.04,-0.0095,30755.0,28863.0,-0.0615,32293.0,30018.0,-0.0704,38.0,81.0,1.1316
ESKULIN,3232A - WOMEN PARFUME & EDT,3232 - WOMEN PARFUME & EDT,PERSONAL CARE,,1.04,,,22.33,,,1.0,,,32773.0,,,32773.0,,,67.0,
EVANGELINE,3232A - WOMEN PARFUME & EDT,3232 - WOMEN PARFUME & EDT,PERSONAL CARE,1.03,1.02,-0.0097,96.5,58.67,-0.392,1.04,1.09,0.0481,42607.0,42443.0,-0.0038,44311.0,46263.0,0.0441,185.0,162.0,-0.1243
EVERSENSE,3232A - WOMEN PARFUME & EDT,3232 - WOMEN PARFUME & EDT,PERSONAL CARE,1.0,1.02,0.02,26.0,27.33,0.0512,1.02,1.21,0.1863,47585.0,50390.0,0.0589,48537.0,60972.0,0.2562,51.0,68.0,0.3333
FRES & NATURAL,3232A - WOMEN PARFUME & EDT,3232 - WOMEN PARFUME & EDT,PERSONAL CARE,1.0,1.04,0.04,9.0,8.67,-0.0367,1.0,1.04,0.04,30878.0,31819.0,0.0305,30878.0,33092.0,0.0717,18.0,25.0,0.3889
LILITH&EVE,3232A - WOMEN PARFUME & EDT,3232 - WOMEN PARFUME & EDT,PERSONAL CARE,1.0,,,0.5,,,1.0,,,75000.0,,,75000.0,,,1.0,,
MARINA,3232A - WOMEN PARFUME & EDT,3232 - WOMEN PARFUME & EDT,PERSONAL CARE,1.01,1.0,-0.0099,57.0,16.0,-0.7193,1.05,1.07,0.019,28858.0,26525.0,-0.0808,30301.0,28382.0,-0.0633,109.0,45.0,-0.5872
MORRIS,3232A - WOMEN PARFUME & EDT,3232 - WOMEN PARFUME & EDT,PERSONAL CARE,1.01,1.0,-0.0099,37.0,40.67,0.0992,1.03,1.05,0.0194,43562.0,42813.0,-0.0172,44869.0,44954.0,0.0019,72.0,116.0,0.6111
NCO,3232A - WOMEN PARFUME & EDT,3232 - WOMEN PARFUME & EDT,PERSONAL CARE,,1.01,,,30.33,,,1.06,,,39934.0,,,42330.0,,,86.0,
PINKBERRY,3232A - WOMEN PARFUME & EDT,3232 - WOMEN PARFUME & EDT,PERSONAL CARE,1.0,1.05,0.05,29.0,34.33,0.1838,1.05,1.14,0.0857,41626.0,41836.0,0.005,43707.0,47693.0,0.0912,55.0,90.0,0.6364
PUCELLE,3232A - WOMEN PARFUME & EDT,3232 - WOMEN PARFUME & EDT,PERSONAL CARE,1.02,1.02,0.0,61.5,38.67,-0.3712,1.03,1.12,0.0874,38502.0,38402.0,-0.0026,39657.0,43010.0,0.0846,119.0,104.0,-0.1261
REGAZZA,3232A - WOMEN PARFUME & EDT,3232 - WOMEN PARFUME & EDT,PERSONAL CARE,1.01,1.01,0.0,53.0,47.0,-0.1132,1.05,1.07,0.019,32849.0,31840.0,-0.0307,34491.0,34069.0,-0.0122,101.0,132.0,0.3069
SCARLETT,3232A - WOMEN PARFUME & EDT,3232 - WOMEN PARFUME & EDT,PERSONAL CARE,1.06,1.09,0.0283,108.0,115.67,0.071,1.09,1.25,0.1468,63575.0,66397.0,0.0444,69297.0,82996.0,0.1977,198.0,278.0,0.404
VITALIS,3232A - WOMEN PARFUME & EDT,3232 - WOMEN PARFUME & EDT,PERSONAL CARE,1.0,1.07,0.07,26.0,20.33,-0.2181,1.06,1.02,-0.0377,44671.0,42415.0,-0.0505,47351.0,43263.0,-0.0863,49.0,60.0,0.2245
VIVELLE,3232A - WOMEN PARFUME & EDT,3232 - WOMEN PARFUME & EDT,PERSONAL CARE,1.0,,,4.0,,,1.0,,,32750.0,,,32750.0,,,8.0,,
MARINA,3233A - WOMEN BODY SPRAY,3233 - WOMEN BODY SPRAY,PERSONAL CARE,1.03,1.07,0.0388,38.0,20.33,-0.465,1.17,1.24,0.0598,24534.0,25497.0,0.0393,28705.0,31616.0,0.1014,65.0,49.0,-0.2462
POSH,3233A - WOMEN BODY SPRAY,3233 - WOMEN BODY SPRAY,PERSONAL CARE,1.08,1.08,0.0,73.5,52.67,-0.2834,1.06,1.09,0.0283,26341.0,26111.0,-0.0087,27921.0,28461.0,0.0193,139.0,145.0,0.0432
CASABLANCA,3234A - WOMEN COLOGNE 50-100ML,3234 - WOMEN COLOGNE,PERSONAL CARE,1.0,1.06,0.06,13.0,31.67,1.4362,1.08,1.08,0.0,18131.0,19031.0,0.0496,19581.0,20553.0,0.0496,24.0,88.0,2.6667
FRES & NATURAL,3234A - WOMEN COLOGNE 50-100ML,3234 - WOMEN COLOGNE,PERSONAL CARE,1.14,1.13,-0.0088,234.0,191.0,-0.1838,1.12,1.16,0.0357,16395.0,16289.0,-0.0065,18362.0,18895.0,0.029,416.0,496.0,0.1923
ZWITSAL,3234A - WOMEN COLOGNE 50-100ML,3234 - WOMEN COLOGNE,PERSONAL CARE,1.0,1.07,0.07,6.5,10.0,0.5385,1.08,1.0,-0.0741,39000.0,41697.0,0.0692,42120.0,41697.0,-0.01,12.0,30.0,1.5
VITALIS,3234B - WOMEN COLOGNE 120-200ML,3234 - WOMEN COLOGNE,PERSONAL CARE,1.02,1.0,-0.0196,40.5,13.67,-0.6625,1.03,1.02,-0.0097,28669.0,28707.0,0.0013,29529.0,29281.0,-0.0084,79.0,40.0,-0.4937
CASABLANCA,3235A - MEN DEO ROLL ON,3235 - MEN DEO ROLL ON,PERSONAL CARE,1.15,1.11,-0.0348,81.0,81.33,0.0041,1.09,1.11,0.0183,18259.0,17573.0,-0.0376,19902.0,19506.0,-0.0199,148.0,220.0,0.4865
KAHF,3235A - MEN DEO ROLL ON,3235 - MEN DEO ROLL ON,PERSONAL CARE,1.06,1.03,-0.0283,72.5,43.67,-0.3977,1.07,1.07,0.0,27623.0,27200.0,-0.0153,29557.0,29104.0,-0.0153,135.0,123.0,-0.0889
NIVEA,3235A - MEN DEO ROLL ON,3235 - MEN DEO ROLL ON,PERSONAL CARE,1.1,1.1,0.0,151.5,83.0,-0.4521,1.07,1.1,0.028,27706.0,27988.0,0.0102,29645.0,30787.0,0.0385,283.0,226.0,-0.2014
POSH,3235A - MEN DEO ROLL ON,3235 - MEN DEO ROLL ON,PERSONAL CARE,1.31,1.15,-0.1221,170.5,100.0,-0.4135,1.08,1.12,0.037,22237.0,19554.0,-0.1207,24016.0,21900.0,-0.0881,317.0,268.0,-0.1546
REXONA,3235A - MEN DEO ROLL ON,3235 - MEN DEO ROLL ON,PERSONAL CARE,1.11,1.08,-0.027,212.5,100.67,-0.5263,1.07,1.07,0.0,25160.0,25620.0,0.0183,26921.0,27413.0,0.0183,396.0,282.0,-0.2879
AXE,3237A - MEN BODY SPRAY,3237 - MEN BODY SPRAY,PERSONAL CARE,1.0,1.0,0.0,23.0,16.67,-0.2752,1.05,1.11,0.0571,41022.0,41136.0,0.0028,43073.0,45661.0,0.0601,44.0,45.0,0.0227
POSH,3237A - MEN BODY SPRAY,3237 - MEN BODY SPRAY,PERSONAL CARE,1.06,1.07,0.0094,78.5,55.33,-0.2952,1.14,1.11,-0.0263,25792.0,25967.0,0.0068,29403.0,28823.0,-0.0197,138.0,149.0,0.0797
AXE,3238A - MEN COLOGNE 50-100ML,3238 - MEN COLOGNE,PERSONAL CARE,1.21,,,12.0,,,1.09,,,18475.0,,,20138.0,,,22.0,,
CASABLANCA,3238A - MEN COLOGNE 50-100ML,3238 - MEN COLOGNE,PERSONAL CARE,1.0,1.11,0.11,19.5,30.0,0.5385,1.08,1.14,0.0556,18656.0,19858.0,0.0644,20148.0,22638.0,0.1236,36.0,79.0,1.1944
BELLAGIO,3239A - MEN PARFUME & EDT,3239 - MEN PARFUME & EDT,PERSONAL CARE,1.04,1.04,0.0,51.5,36.33,-0.2946,1.07,1.09,0.0187,42262.0,39617.0,-0.0626,45220.0,43183.0,-0.045,96.0,100.0,0.0417
BRAVEN,3239A - MEN PARFUME & EDT,3239 - MEN PARFUME & EDT,PERSONAL CARE,1.04,1.02,-0.0192,28.0,31.67,0.1311,1.12,1.09,-0.0268,47125.0,54218.0,0.1505,52780.0,59098.0,0.1197,50.0,87.0,0.74
CASABLANCA,3239A - MEN PARFUME & EDT,3239 - MEN PARFUME & EDT,PERSONAL CARE,1.0,1.03,0.03,9.0,21.0,1.3333,1.0,1.12,0.12,28117.0,28748.0,0.0224,28117.0,32198.0,0.1451,18.0,56.0,2.1111
GATSBY,3239A - MEN PARFUME & EDT,3239 - MEN PARFUME & EDT,PERSONAL CARE,1.01,1.04,0.0297,35.5,30.33,-0.1456,1.08,1.06,-0.0185,36068.0,37641.0,0.0436,38953.0,39899.0,0.0243,66.0,86.0,0.303
HOSE,3239A - MEN PARFUME & EDT,3239 - MEN PARFUME & EDT,PERSONAL CARE,1.0,1.02,0.02,13.0,15.0,0.1538,1.04,1.02,-0.0192,44569.0,45718.0,0.0258,46352.0,46632.0,0.006,25.0,44.0,0.76
KAHF,3239A - MEN PARFUME & EDT,3239 - MEN PARFUME & EDT,PERSONAL CARE,1.0,,,1.0,,,1.0,,,75000.0,,,75000.0,,,2.0,,
MORRIS,3239A - MEN PARFUME & EDT,3239 - MEN PARFUME & EDT,PERSONAL CARE,1.05,1.0,-0.0476,32.0,30.33,-0.0522,1.0,1.06,0.06,48564.0,46510.0,-0.0423,48564.0,49301.0,0.0152,64.0,86.0,0.3438
NAPOLEON,3239A - MEN PARFUME & EDT,3239 - MEN PARFUME & EDT,PERSONAL CARE,1.0,1.03,0.03,21.0,20.67,-0.0157,1.0,1.13,0.13,52538.0,56377.0,0.0731,52538.0,63706.0,0.2126,42.0,55.0,0.3095
POSH,3239A - MEN PARFUME & EDT,3239 - MEN PARFUME & EDT,PERSONAL CARE,1.06,1.02,-0.0377,16.5,14.0,-0.1515,1.0,1.0,0.0,31864.0,30848.0,-0.0319,31864.0,30848.0,-0.0319,33.0,42.0,0.2727
ROMANO,3239A - MEN PARFUME & EDT,3239 - MEN PARFUME & EDT,PERSONAL CARE,1.06,1.14,0.0755,44.5,32.0,-0.2809,1.09,1.09,0.0,24090.0,28341.0,0.1765,26258.0,30892.0,0.1765,82.0,88.0,0.0732
VITALIS,3239A - MEN PARFUME & EDT,3239 - MEN PARFUME & EDT,PERSONAL CARE,1.0,1.0,0.0,5.5,3.67,-0.3327,1.1,1.0,-0.0909,41464.0,41491.0,0.0007,45610.0,41491.0,-0.0903,10.0,11.0,0.1
XCHANGE,3239A - MEN PARFUME & EDT,3239 - MEN PARFUME & EDT,PERSONAL CARE,,1.05,,,6.67,,,1.0,,,52295.0,,,52295.0,,,20.0,
AMATERASUN,3240A - FACE SUNSCREEN,3240 - SUNSCREEN,PERSONAL CARE,1.08,1.0,-0.0741,13.0,13.0,0.0,1.04,1.05,0.0096,48923.0,46695.0,-0.0455,50880.0,49030.0,-0.0364,25.0,37.0,0.48
AZARINE,3240A - FACE SUNSCREEN,3240 - SUNSCREEN,PERSONAL CARE,1.01,1.0,-0.0099,52.0,26.0,-0.5,1.05,1.08,0.0286,41029.0,39581.0,-0.0353,43080.0,42747.0,-0.0077,99.0,72.0,-0.2727
AZZURA,3240A - FACE SUNSCREEN,3240 - SUNSCREEN,PERSONAL CARE,,1.0,,,4.0,,,1.0,,,39500.0,,,39500.0,,,12.0,
BIORE,3240A - FACE SUNSCREEN,3240 - SUNSCREEN,PERSONAL CARE,1.02,1.07,0.049,23.0,14.67,-0.3622,1.05,1.07,0.019,40572.0,42632.0,0.0508,42601.0,45616.0,0.0708,44.0,41.0,-0.0682
CLEAN FACE,3240A - FACE SUNSCREEN,3240 - SUNSCREEN,PERSONAL CARE,1.25,,,4.0,,,1.0,,,41200.0,,,41200.0,,,8.0,,
DERMIES,3240A - FACE SUNSCREEN,3240 - SUNSCREEN,PERSONAL CARE,1.0,,,7.5,,,1.25,,,35000.0,,,43750.0,,,12.0,,
EMINA,3240A - FACE SUNSCREEN,3240 - SUNSCREEN,PERSONAL CARE,1.0,1.0,0.0,20.0,16.0,-0.2,1.0,1.07,0.07,34695.0,38073.0,0.0974,34695.0,40738.0,0.1742,40.0,45.0,0.125
ERHA,3240A - FACE SUNSCREEN,3240 - SUNSCREEN,PERSONAL CARE,1.0,,,0.5,,,1.0,,,130000.0,,,130000.0,,,1.0,,
FACETOLOGY,3240A - FACE SUNSCREEN,3240 - SUNSCREEN,PERSONAL CARE,1.0,1.0,0.0,7.0,14.67,1.0957,1.0,1.05,0.05,89929.0,89952.0,0.0003,89929.0,94450.0,0.0503,14.0,42.0,2.0
FYNE,3240A - FACE SUNSCREEN,3240 - SUNSCREEN,PERSONAL CARE,,1.0,,,0.67,,,1.0,,,40900.0,,,40900.0,,,2.0,
GARNIER,3240A - FACE SUNSCREEN,3240 - SUNSCREEN,PERSONAL CARE,1.0,1.0,0.0,6.5,1.67,-0.7431,1.0,1.25,0.25,42000.0,42000.0,0.0,42000.0,52500.0,0.25,13.0,4.0,-0.6923
GLOW&LOVELY,3240A - FACE SUNSCREEN,3240 - SUNSCREEN,PERSONAL CARE,1.26,1.0,-0.2063,25.0,9.0,-0.64,1.02,1.08,0.0588,49460.0,40289.0,-0.1854,50449.0,43512.0,-0.1375,49.0,25.0,-0.4898
HANASUI,3240A - FACE SUNSCREEN,3240 - SUNSCREEN,PERSONAL CARE,1.03,1.04,0.0097,53.0,45.67,-0.1383,1.05,1.11,0.0571,33322.0,37531.0,0.1263,34988.0,41659.0,0.1907,101.0,123.0,0.2178
HOSE,3240A - FACE SUNSCREEN,3240 - SUNSCREEN,PERSONAL CARE,1.0,1.0,0.0,1.0,1.0,0.0,1.0,1.0,0.0,45900.0,36300.0,-0.2092,45900.0,36300.0,-0.2092,2.0,3.0,0.5
IMPLORA,3240A - FACE SUNSCREEN,3240 - SUNSCREEN,PERSONAL CARE,1.0,1.0,0.0,10.5,5.67,-0.46,1.0,1.13,0.13,43933.0,44300.0,0.0084,43933.0,50059.0,0.1394,21.0,15.0,-0.2857
KAHF,3240A - FACE SUNSCREEN,3240 - SUNSCREEN,PERSONAL CARE,1.05,1.0,-0.0476,9.5,4.33,-0.5442,1.06,1.0,-0.0566,49368.0,48038.0,-0.0269,52330.0,48038.0,-0.082,18.0,13.0,-0.2778
NIVEA,3240A - FACE SUNSCREEN,3240 - SUNSCREEN,PERSONAL CARE,1.5,,,1.0,,,1.0,,,87550.0,,,87550.0,,,2.0,,
PIGEON,3240A - FACE SUNSCREEN,3240 - SUNSCREEN,PERSONAL CARE,1.0,1.0,0.0,11.5,9.33,-0.1887,1.0,1.0,0.0,42900.0,43286.0,0.009,42900.0,43286.0,0.009,23.0,28.0,0.2174
PINKBERRY,3240A - FACE SUNSCREEN,3240 - SUNSCREEN,PERSONAL CARE,1.0,1.0,0.0,1.0,1.0,0.0,1.0,1.0,0.0,49900.0,45233.0,-0.0935,49900.0,45233.0,-0.0935,2.0,3.0,0.5
POND'S,3240A - FACE SUNSCREEN,3240 - SUNSCREEN,PERSONAL CARE,1.31,1.0,-0.2366,21.0,6.67,-0.6824,1.02,1.11,0.0882,55017.0,38900.0,-0.2929,56117.0,43179.0,-0.2306,41.0,18.0,-0.561
SCARLETT,3240A - FACE SUNSCREEN,3240 - SUNSCREEN,PERSONAL CARE,1.09,1.03,-0.055,23.0,10.0,-0.5652,1.15,1.07,-0.0696,43389.0,41030.0,-0.0544,49897.0,43902.0,-0.1201,40.0,28.0,-0.3
SHINZU'I,3240A - FACE SUNSCREEN,3240 - SUNSCREEN,PERSONAL CARE,1.14,1.05,-0.0789,3.5,6.33,0.8086,1.0,1.0,0.0,44571.0,41105.0,-0.0778,44571.0,41105.0,-0.0778,7.0,19.0,1.7143
SKIN AQUA,3240A - FACE SUNSCREEN,3240 - SUNSCREEN,PERSONAL CARE,1.0,1.0,0.0,10.0,10.67,0.067,1.0,1.03,0.03,66330.0,66019.0,-0.0047,66330.0,68000.0,0.0252,20.0,31.0,0.55
SKINTIFIC,3240A - FACE SUNSCREEN,3240 - SUNSCREEN,PERSONAL CARE,1.0,,,2.0,,,1.0,,,96200.0,,,96200.0,,,4.0,,
THE ORIGINOTE,3240A - FACE SUNSCREEN,3240 - SUNSCREEN,PERSONAL CARE,1.08,1.0,-0.0741,6.5,7.33,0.1277,1.0,1.05,0.05,51808.0,48491.0,-0.064,51808.0,50916.0,-0.0172,13.0,21.0,0.6154
WARDAH,3240A - FACE SUNSCREEN,3240 - SUNSCREEN,PERSONAL CARE,1.07,1.09,0.0187,87.5,42.33,-0.5162,1.07,1.14,0.0654,45289.0,52369.0,0.1563,48459.0,59701.0,0.232,163.0,111.0,-0.319
ACNES,3241A - FACIAL WASH SOAP WOMEN 20-60G,3241 - FACIAL WASH SOAP,PERSONAL CARE,1.02,1.02,0.0,71.0,54.33,-0.2348,1.15,1.14,-0.0087,20870.0,20775.0,-0.0046,24000.0,23683.0,-0.0132,124.0,143.0,0.1532
CETAPHIL,3241A - FACIAL WASH SOAP WOMEN 20-60G,3241 - FACIAL WASH SOAP,PERSONAL CARE,1.0,1.0,0.0,11.5,11.0,-0.0435,1.1,1.06,-0.0364,56448.0,56548.0,0.0018,62093.0,59941.0,-0.0347,21.0,31.0,0.4762
DERMIES,3241A - FACIAL WASH SOAP WOMEN 20-60G,3241 - FACIAL WASH SOAP,PERSONAL CARE,1.03,,,15.5,,,1.07,,,36129.0,,,38658.0,,,29.0,,
EMINA,3241A - FACIAL WASH SOAP WOMEN 20-60G,3241 - FACIAL WASH SOAP,PERSONAL CARE,1.02,1.0,-0.0196,46.5,15.67,-0.663,1.04,1.09,0.0481,23169.0,23532.0,0.0157,24096.0,25650.0,0.0645,89.0,43.0,-0.5169
GARNIER,3241A - FACIAL WASH SOAP WOMEN 20-60G,3241 - FACIAL WASH SOAP,PERSONAL CARE,1.0,1.0,0.0,10.0,8.0,-0.2,1.18,1.09,-0.0763,26610.0,26604.0,-0.0002,31400.0,28998.0,-0.0765,17.0,22.0,0.2941
GLOW&LOVELY,3241A - FACIAL WASH SOAP WOMEN 20-60G,3241 - FACIAL WASH SOAP,PERSONAL CARE,1.0,1.0,0.0,11.0,17.0,0.5455,1.0,1.06,0.06,20532.0,21273.0,0.0361,20532.0,22549.0,0.0982,22.0,48.0,1.1818
HADA LABO,3241A - FACIAL WASH SOAP WOMEN 20-60G,3241 - FACIAL WASH SOAP,PERSONAL CARE,1.03,1.05,0.0194,85.0,88.0,0.0353,1.1,1.15,0.0455,29766.0,30228.0,0.0155,32743.0,34762.0,0.0617,154.0,230.0,0.4935
HIMALAYA,3241A - FACIAL WASH SOAP WOMEN 20-60G,3241 - FACIAL WASH SOAP,PERSONAL CARE,1.06,1.0,-0.0566,8.0,2.33,-0.7088,1.0,1.0,0.0,32269.0,23500.0,-0.2717,32269.0,23500.0,-0.2717,16.0,7.0,-0.5625
KOJIE SAN,3241A - FACIAL WASH SOAP WOMEN 20-60G,3241 - FACIAL WASH SOAP,PERSONAL CARE,,1.0,,,4.67,,,1.0,,,44900.0,,,44900.0,,,14.0,
LOREAL,3241A - FACIAL WASH SOAP WOMEN 20-60G,3241 - FACIAL WASH SOAP,PERSONAL CARE,1.0,,,1.0,,,1.0,,,34600.0,,,34600.0,,,2.0,,
POND'S,3241A - FACIAL WASH SOAP WOMEN 20-60G,3241 - FACIAL WASH SOAP,PERSONAL CARE,1.0,1.0,0.0,17.5,11.0,-0.3714,1.03,1.06,0.0291,26780.0,27476.0,0.026,27583.0,29125.0,0.0559,34.0,31.0,-0.0882
SAFI,3241A - FACIAL WASH SOAP WOMEN 20-60G,3241 - FACIAL WASH SOAP,PERSONAL CARE,1.0,,,2.5,,,1.0,,,15900.0,,,15900.0,,,5.0,,
SENKA,3241A - FACIAL WASH SOAP WOMEN 20-60G,3241 - FACIAL WASH SOAP,PERSONAL CARE,1.04,1.04,0.0,11.5,9.33,-0.1887,1.05,1.12,0.0667,40174.0,39875.0,-0.0074,42183.0,44660.0,0.0587,22.0,25.0,0.1364
SOMETHINC,3241A - FACIAL WASH SOAP WOMEN 20-60G,3241 - FACIAL WASH SOAP,PERSONAL CARE,1.0,1.0,0.0,9.5,4.67,-0.5084,1.0,1.0,0.0,43000.0,49486.0,0.1508,43000.0,49486.0,0.1508,19.0,14.0,-0.2632
WARDAH,3241A - FACIAL WASH SOAP WOMEN 20-60G,3241 - FACIAL WASH SOAP,PERSONAL CARE,1.0,,,6.0,,,1.0,,,28817.0,,,28817.0,,,12.0,,
ACNES,3241B - FACIAL WASH SOAP WOMEN 70-125G,3241 - FACIAL WASH SOAP,PERSONAL CARE,1.0,,,5.0,,,1.11,,,30270.0,,,33600.0,,,9.0,,
BDL,3241B - FACIAL WASH SOAP WOMEN 70-125G,3241 - FACIAL WASH SOAP,PERSONAL CARE,1.03,1.02,-0.0097,18.0,15.67,-0.1294,1.03,1.12,0.0874,27236.0,27326.0,0.0033,28053.0,30605.0,0.091,35.0,42.0,0.2
CETAPHIL,3241B - FACIAL WASH SOAP WOMEN 70-125G,3241 - FACIAL WASH SOAP,PERSONAL CARE,1.0,1.04,0.04,15.0,7.67,-0.4887,1.07,1.05,-0.0187,91900.0,97991.0,0.0663,98333.0,102891.0,0.0464,28.0,22.0,-0.2143
CLEAN&CLEAR,3241B - FACIAL WASH SOAP WOMEN 70-125G,3241 - FACIAL WASH SOAP,PERSONAL CARE,1.07,1.1,0.028,67.5,36.0,-0.4667,1.12,1.12,0.0,31559.0,34445.0,0.0914,35346.0,38578.0,0.0914,121.0,96.0,-0.2066
EMINA,3241B - FACIAL WASH SOAP WOMEN 70-125G,3241 - FACIAL WASH SOAP,PERSONAL CARE,,1.0,,,5.33,,,1.0,,,35525.0,,,35525.0,,,16.0,
GARNIER,3241B - FACIAL WASH SOAP WOMEN 70-125G,3241 - FACIAL WASH SOAP,PERSONAL CARE,1.12,1.28,0.1429,111.0,118.67,0.0691,1.12,1.33,0.1875,47019.0,54003.0,0.1485,52661.0,71824.0,0.3639,198.0,267.0,0.3485
GINZA,3241B - FACIAL WASH SOAP WOMEN 70-125G,3241 - FACIAL WASH SOAP,PERSONAL CARE,1.0,1.03,0.03,23.5,10.67,-0.546,1.02,1.07,0.049,39500.0,40734.0,0.0312,40290.0,43585.0,0.0818,46.0,30.0,-0.3478
GLAD2GLOW,3241B - FACIAL WASH SOAP WOMEN 70-125G,3241 - FACIAL WASH SOAP,PERSONAL CARE,1.02,1.03,0.0098,63.0,67.0,0.0635,1.09,1.27,0.1651,43321.0,43922.0,0.0139,47220.0,55781.0,0.1813,116.0,158.0,0.3621
GLOW&LOVELY,3241B - FACIAL WASH SOAP WOMEN 70-125G,3241 - FACIAL WASH SOAP,PERSONAL CARE,2.0,1.57,-0.215,125.0,91.33,-0.2694,1.16,1.15,-0.0086,68894.0,54377.0,-0.2107,79917.0,62534.0,-0.2175,216.0,238.0,0.1019
HIMALAYA,3241B - FACIAL WASH SOAP WOMEN 70-125G,3241 - FACIAL WASH SOAP,PERSONAL CARE,1.07,1.09,0.0187,30.0,21.67,-0.2777,1.07,1.14,0.0654,40063.0,37423.0,-0.0659,42867.0,42662.0,-0.0048,56.0,57.0,0.0179
JF SULFUR,3241B - FACIAL WASH SOAP WOMEN 70-125G,3241 - FACIAL WASH SOAP,PERSONAL CARE,1.0,1.07,0.07,17.5,14.67,-0.1617,1.21,1.22,0.0083,25923.0,29375.0,0.1332,31367.0,35838.0,0.1425,29.0,36.0,0.2414
LOREAL,3241B - FACIAL WASH SOAP WOMEN 70-125G,3241 - FACIAL WASH SOAP,PERSONAL CARE,1.0,,,1.5,,,1.0,,,62367.0,,,62367.0,,,3.0,,
NIVEA,3241B - FACIAL WASH SOAP WOMEN 70-125G,3241 - FACIAL WASH SOAP,PERSONAL CARE,1.0,1.11,0.11,19.0,6.33,-0.6668,1.06,1.12,0.0566,37568.0,42432.0,0.1295,39822.0,47524.0,0.1934,36.0,17.0,-0.5278
PIGEON,3241B - FACIAL WASH SOAP WOMEN 70-125G,3241 - FACIAL WASH SOAP,PERSONAL CARE,1.12,1.05,-0.0625,42.5,24.33,-0.4275,1.1,1.12,0.0182,29648.0,27359.0,-0.0772,32613.0,30642.0,-0.0604,77.0,65.0,-0.1558
PINKBERRY,3241B - FACIAL WASH SOAP WOMEN 70-125G,3241 - FACIAL WASH SOAP,PERSONAL CARE,1.0,1.0,0.0,9.0,6.0,-0.3333,1.0,1.0,0.0,29900.0,29900.0,0.0,29900.0,29900.0,0.0,18.0,18.0,0.0
POISE,3241B - FACIAL WASH SOAP WOMEN 70-125G,3241 - FACIAL WASH SOAP,PERSONAL CARE,1.05,1.08,0.0286,152.0,82.33,-0.4584,1.07,1.14,0.0654,29253.0,31453.0,0.0752,31301.0,35856.0,0.1455,283.0,216.0,-0.2367
POND'S,3241B - FACIAL WASH SOAP WOMEN 70-125G,3241 - FACIAL WASH SOAP,PERSONAL CARE,1.59,1.79,0.1258,196.5,87.67,-0.5538,1.2,1.19,-0.0083,66419.0,75870.0,0.1423,79703.0,90285.0,0.1328,328.0,221.0,-0.3262
SAFI,3241B - FACIAL WASH SOAP WOMEN 70-125G,3241 - FACIAL WASH SOAP,PERSONAL CARE,1.0,,,5.5,,,1.0,,,37918.0,,,37918.0,,,11.0,,
SARIAYU,3241B - FACIAL WASH SOAP WOMEN 70-125G,3241 - FACIAL WASH SOAP,PERSONAL CARE,1.02,1.04,0.0196,20.5,8.67,-0.5771,1.14,1.08,-0.0526,29300.0,32608.0,0.1129,33402.0,35217.0,0.0543,36.0,24.0,-0.3333
SCARLETT,3241B - FACIAL WASH SOAP WOMEN 70-125G,3241 - FACIAL WASH SOAP,PERSONAL CARE,1.07,1.09,0.0187,13.5,14.67,0.0867,1.12,1.13,0.0089,53596.0,54523.0,0.0173,60028.0,61611.0,0.0264,24.0,39.0,0.625
SCORA,3241B - FACIAL WASH SOAP WOMEN 70-125G,3241 - FACIAL WASH SOAP,PERSONAL CARE,1.0,1.04,0.04,42.5,33.0,-0.2235,1.12,1.16,0.0357,38899.0,40498.0,0.0411,43567.0,46978.0,0.0783,76.0,85.0,0.1184
SENKA,3241B - FACIAL WASH SOAP WOMEN 70-125G,3241 - FACIAL WASH SOAP,PERSONAL CARE,1.0,1.08,0.08,9.5,4.33,-0.5442,1.0,1.0,0.0,67184.0,88492.0,0.3172,67184.0,88492.0,0.3172,19.0,13.0,-0.3158
SHINZU'I,3241B - FACIAL WASH SOAP WOMEN 70-125G,3241 - FACIAL WASH SOAP,PERSONAL CARE,1.05,1.04,-0.0095,68.0,45.67,-0.3284,1.02,1.07,0.049,32487.0,32061.0,-0.0131,33137.0,34305.0,0.0352,133.0,128.0,-0.0376
SKINTIFIC,3241B - FACIAL WASH SOAP WOMEN 70-125G,3241 - FACIAL WASH SOAP,PERSONAL CARE,1.0,,,0.5,,,1.0,,,114100.0,,,114100.0,,,1.0,,
WARDAH,3241B - FACIAL WASH SOAP WOMEN 70-125G,3241 - FACIAL WASH SOAP,PERSONAL CARE,1.04,1.03,-0.0096,133.5,70.67,-0.4706,1.03,1.08,0.0485,37995.0,39296.0,0.0342,39135.0,42440.0,0.0845,258.0,197.0,-0.2364
YOU,3241B - FACIAL WASH SOAP WOMEN 70-125G,3241 - FACIAL WASH SOAP,PERSONAL CARE,1.02,1.04,0.0196,26.5,17.33,-0.346,1.06,1.08,0.0189,31498.0,30658.0,-0.0267,33388.0,33111.0,-0.0083,50.0,48.0,-0.04
CETAPHIL,3241C - FACIAL WASH SOAP WOMEN 150-250G,3241 - FACIAL WASH SOAP,PERSONAL CARE,1.0,1.0,0.0,6.5,5.33,-0.18,1.0,1.0,0.0,120938.0,123125.0,0.0181,120938.0,123125.0,0.0181,13.0,16.0,0.2308
HIMALAYA,3241C - FACIAL WASH SOAP WOMEN 150-250G,3241 - FACIAL WASH SOAP,PERSONAL CARE,1.0,,,0.5,,,1.0,,,50600.0,,,50600.0,,,1.0,,
SAFI,3241C - FACIAL WASH SOAP WOMEN 150-250G,3241 - FACIAL WASH SOAP,PERSONAL CARE,1.0,1.06,0.06,9.0,12.0,0.3333,1.0,1.09,0.09,42883.0,45300.0,0.0564,42883.0,49377.0,0.1514,18.0,33.0,0.8333
THE ORIGINOTE,3241C - FACIAL WASH SOAP WOMEN 150-250G,3241 - FACIAL WASH SOAP,PERSONAL CARE,1.0,1.05,0.05,4.0,6.33,0.5825,1.0,1.06,0.06,48500.0,51068.0,0.0529,48500.0,54132.0,0.1161,8.0,18.0,1.25
BIORE,3241D - FACIAL CLEANSER PAPER,3241 - FACIAL WASH SOAP,PERSONAL CARE,1.0,1.05,0.05,19.0,7.0,-0.6316,1.0,1.0,0.0,15068.0,15986.0,0.0609,15068.0,15986.0,0.0609,38.0,21.0,-0.4474
CLEAN&CLEAR,3241D - FACIAL CLEANSER PAPER,3241 - FACIAL WASH SOAP,PERSONAL CARE,1.07,1.0,-0.0654,7.0,4.0,-0.4286,1.17,1.2,0.0256,39464.0,40975.0,0.0383,46173.0,49170.0,0.0649,12.0,10.0,-0.1667
DREAM,3241E - FACIAL BAR SOAP,3241 - FACIAL WASH SOAP,PERSONAL CARE,1.02,1.0,-0.0196,31.5,10.67,-0.6613,1.11,1.03,-0.0721,17989.0,19266.0,0.071,19968.0,19844.0,-0.0062,57.0,31.0,-0.4561
KOJIC,3241E - FACIAL BAR SOAP,3241 - FACIAL WASH SOAP,PERSONAL CARE,1.0,1.0,0.0,17.5,12.33,-0.2954,1.03,1.16,0.1262,29026.0,29211.0,0.0064,29897.0,33885.0,0.1334,34.0,32.0,-0.0588
KOJIE SAN,3241E - FACIAL BAR SOAP,3241 - FACIAL WASH SOAP,PERSONAL CARE,1.17,1.17,0.0,187.5,107.33,-0.4276,1.28,1.26,-0.0156,22953.0,23740.0,0.0343,29380.0,29912.0,0.0181,293.0,255.0,-0.1297
RDL,3241E - FACIAL BAR SOAP,3241 - FACIAL WASH SOAP,PERSONAL CARE,1.05,1.0,-0.0476,11.0,10.33,-0.0609,1.1,1.07,-0.0273,39309.0,37629.0,-0.0427,43240.0,40263.0,-0.0688,20.0,29.0,0.45
POND'S,3242A - FACIAL CLEANSER MILK,3242 - FACIAL CLEANSER MILK,PERSONAL CARE,1.0,1.0,0.0,1.5,0.33,-0.78,1.0,1.0,0.0,29167.0,33500.0,0.1486,29167.0,33500.0,0.1486,3.0,1.0,-0.6667
VIVA,3242A - FACIAL CLEANSER MILK,3242 - FACIAL CLEANSER MILK,PERSONAL CARE,1.03,1.02,-0.0097,74.0,43.67,-0.4099,1.04,1.05,0.0096,17192.0,16871.0,-0.0187,17880.0,17715.0,-0.0092,142.0,125.0,-0.1197
WARDAH,3242A - FACIAL CLEANSER MILK,3242 - FACIAL CLEANSER MILK,PERSONAL CARE,1.0,1.0,0.0,6.0,1.0,-0.8333,1.0,1.0,0.0,23900.0,23900.0,0.0,23900.0,23900.0,0.0,12.0,3.0,-0.75
DERMIES,3243A - FACIAL CLEANSER TONIC,3243 - FACIAL CLEANSER TONIC,PERSONAL CARE,1.0,,,8.0,,,1.0,,,28000.0,,,28000.0,,,16.0,,
EMINA,3243A - FACIAL CLEANSER TONIC,3243 - FACIAL CLEANSER TONIC,PERSONAL CARE,1.0,,,3.5,,,1.0,,,34500.0,,,34500.0,,,7.0,,
OVALE,3243A - FACIAL CLEANSER TONIC,3243 - FACIAL CLEANSER TONIC,PERSONAL CARE,1.04,1.0,-0.0385,25.5,22.0,-0.1373,1.06,1.12,0.0566,36994.0,35474.0,-0.0411,39214.0,39731.0,0.0132,48.0,59.0,0.2292
SAFI,3243A - FACIAL CLEANSER TONIC,3243 - FACIAL CLEANSER TONIC,PERSONAL CARE,1.0,,,0.5,,,1.0,,,51200.0,,,51200.0,,,1.0,,
VIVA,3243A - FACIAL CLEANSER TONIC,3243 - FACIAL CLEANSER TONIC,PERSONAL CARE,1.06,1.03,-0.0283,88.5,72.33,-0.1827,1.04,1.07,0.0288,15327.0,14757.0,-0.0372,15940.0,15790.0,-0.0094,170.0,202.0,0.1882
WARDAH,3243A - FACIAL CLEANSER TONIC,3243 - FACIAL CLEANSER TONIC,PERSONAL CARE,1.24,,,12.5,,,1.09,,,39140.0,,,42663.0,,,23.0,,
EMINA,3244B - MICELLAR WATER,3244 - CLEANSER,PERSONAL CARE,1.0,1.0,0.0,2.0,4.33,1.165,1.0,1.0,0.0,49900.0,49715.0,-0.0037,49900.0,49715.0,-0.0037,4.0,13.0,2.25
FACETOLOGY,3244B - MICELLAR WATER,3244 - CLEANSER,PERSONAL CARE,1.02,1.0,-0.0196,30.5,17.33,-0.4318,1.03,1.06,0.0291,48607.0,45187.0,-0.0704,50065.0,47898.0,-0.0433,59.0,49.0,-0.1695
GARNIER,3244B - MICELLAR WATER,3244 - CLEANSER,PERSONAL CARE,1.03,1.11,0.0777,124.5,106.67,-0.1432,1.06,1.17,0.1038,44265.0,47992.0,0.0842,46921.0,56151.0,0.1967,234.0,274.0,0.1709
GLAD2GLOW,3244B - MICELLAR WATER,3244 - CLEANSER,PERSONAL CARE,1.01,1.02,0.0099,95.0,50.67,-0.4666,1.04,1.1,0.0577,35652.0,40651.0,0.1402,37078.0,44716.0,0.206,182.0,138.0,-0.2418
HANASUI,3244B - MICELLAR WATER,3244 - CLEANSER,PERSONAL CARE,,1.04,,,9.33,,,1.0,,,55554.0,,,55554.0,,,28.0,
NIVEA,3244B - MICELLAR WATER,3244 - CLEANSER,PERSONAL CARE,1.04,1.0,-0.0385,13.0,2.0,-0.8462,1.08,1.2,0.1111,40500.0,35383.0,-0.1263,43740.0,42460.0,-0.0293,24.0,5.0,-0.7917
NPURE,3244B - MICELLAR WATER,3244 - CLEANSER,PERSONAL CARE,,1.0,,,1.33,,,1.0,,,52350.0,,,52350.0,,,4.0,
PIGEON,3244B - MICELLAR WATER,3244 - CLEANSER,PERSONAL CARE,1.29,,,3.5,,,1.75,,,36286.0,,,63500.0,,,4.0,,
POISE,3244B - MICELLAR WATER,3244 - CLEANSER,PERSONAL CARE,1.09,1.0,-0.0826,27.0,16.33,-0.3952,1.06,1.14,0.0755,28231.0,26500.0,-0.0613,29925.0,30210.0,0.0095,51.0,43.0,-0.1569
POND'S,3244B - MICELLAR WATER,3244 - CLEANSER,PERSONAL CARE,1.13,1.07,-0.0531,27.0,14.33,-0.4693,1.1,1.16,0.0545,33485.0,37258.0,0.1127,36834.0,43219.0,0.1733,49.0,37.0,-0.2449
THE ORIGINOTE,3244B - MICELLAR WATER,3244 - CLEANSER,PERSONAL CARE,1.0,1.0,0.0,5.0,8.0,0.6,1.0,1.04,0.04,54120.0,55517.0,0.0258,54120.0,57738.0,0.0669,10.0,23.0,1.3
WARDAH,3244B - MICELLAR WATER,3244 - CLEANSER,PERSONAL CARE,1.0,1.0,0.0,18.0,8.0,-0.5556,1.03,1.04,0.0097,34014.0,34000.0,-0.0004,35034.0,35360.0,0.0093,35.0,23.0,-0.3429
DERMIES,3245A - MOISTURIZER 10-25G,3245 - MOISTURIZER,PERSONAL CARE,1.0,,,4.0,,,1.0,,,28000.0,,,28000.0,,,8.0,,
EMINA,3245A - MOISTURIZER 10-25G,3245 - MOISTURIZER,PERSONAL CARE,1.0,1.0,0.0,16.0,4.0,-0.75,1.07,1.0,-0.0654,29122.0,29817.0,0.0239,31161.0,29817.0,-0.0431,30.0,12.0,-0.6
GARNIER,3245A - MOISTURIZER 10-25G,3245 - MOISTURIZER,PERSONAL CARE,1.0,1.0,0.0,9.5,4.67,-0.5084,1.0,1.0,0.0,42995.0,43207.0,0.0049,42995.0,43207.0,0.0049,19.0,14.0,-0.2632
GLOW&LOVELY,3245A - MOISTURIZER 10-25G,3245 - MOISTURIZER,PERSONAL CARE,1.19,1.05,-0.1176,31.5,12.33,-0.6086,1.11,1.03,-0.0721,30932.0,28981.0,-0.0631,34335.0,29850.0,-0.1306,57.0,36.0,-0.3684
OLAY,3245A - MOISTURIZER 10-25G,3245 - MOISTURIZER,PERSONAL CARE,1.31,1.0,-0.2366,6.5,0.33,-0.9492,1.3,1.0,-0.2308,32531.0,19600.0,-0.3975,42290.0,19600.0,-0.5365,10.0,1.0,-0.9
OMG,3245A - MOISTURIZER 10-25G,3245 - MOISTURIZER,PERSONAL CARE,1.14,,,3.5,,,1.0,,,20114.0,,,20114.0,,,7.0,,
POND'S,3245A - MOISTURIZER 10-25G,3245 - MOISTURIZER,PERSONAL CARE,1.25,1.27,0.016,50.0,25.67,-0.4866,1.14,1.12,-0.0175,52629.0,52497.0,-0.0025,59997.0,58797.0,-0.02,88.0,69.0,-0.2159
WARDAH,3245A - MOISTURIZER 10-25G,3245 - MOISTURIZER,PERSONAL CARE,1.0,1.0,0.0,7.0,2.33,-0.6671,1.0,1.0,0.0,36929.0,36843.0,-0.0023,36929.0,36843.0,-0.0023,14.0,7.0,-0.5
AZARINE,3245B - MOISTURIZER 30-60G,3245 - MOISTURIZER,PERSONAL CARE,1.0,,,1.5,,,1.0,,,50300.0,,,50300.0,,,3.0,,
BDL,3245B - MOISTURIZER 30-60G,3245 - MOISTURIZER,PERSONAL CARE,,1.0,,,2.67,,,1.14,,,40925.0,,,46654.0,,,7.0,
CITRA,3245B - MOISTURIZER 30-60G,3245 - MOISTURIZER,PERSONAL CARE,1.0,1.0,0.0,8.0,5.33,-0.3338,1.0,1.0,0.0,55638.0,55500.0,-0.0025,55638.0,55500.0,-0.0025,16.0,16.0,0.0
EMINA,3245B - MOISTURIZER 30-60G,3245 - MOISTURIZER,PERSONAL CARE,,1.0,,,10.67,,,1.07,,,43956.0,,,47033.0,,,30.0,
GARNIER,3245B - MOISTURIZER 30-60G,3245 - MOISTURIZER,PERSONAL CARE,,1.1,,,3.33,,,1.0,,,54890.0,,,54890.0,,,10.0,
GINZA,3245B - MOISTURIZER 30-60G,3245 - MOISTURIZER,PERSONAL CARE,1.25,1.0,-0.2,4.0,1.0,-0.75,1.0,1.0,0.0,46250.0,37000.0,-0.2,46250.0,37000.0,-0.2,8.0,3.0,-0.625
GLAD2GLOW,3245B - MOISTURIZER 30-60G,3245 - MOISTURIZER,PERSONAL CARE,1.03,1.08,0.0485,86.5,56.0,-0.3526,1.11,1.23,0.1081,47434.0,53362.0,0.125,52652.0,65635.0,0.2466,156.0,137.0,-0.1218
GLOW&LOVELY,3245B - MOISTURIZER 30-60G,3245 - MOISTURIZER,PERSONAL CARE,1.12,1.46,0.3036,20.0,13.67,-0.3165,1.0,1.08,0.08,51303.0,64449.0,0.2562,51303.0,69605.0,0.3567,40.0,38.0,-0.05
HANASUI,3245B - MOISTURIZER 30-60G,3245 - MOISTURIZER,PERSONAL CARE,1.0,1.02,0.02,17.5,20.0,0.1429,1.03,1.11,0.0777,44391.0,47668.0,0.0738,45723.0,52911.0,0.1572,34.0,54.0,0.5882
IMPLORA,3245B - MOISTURIZER 30-60G,3245 - MOISTURIZER,PERSONAL CARE,1.0,,,0.5,,,1.0,,,29900.0,,,29900.0,,,1.0,,
KOJIE SAN,3245B - MOISTURIZER 30-60G,3245 - MOISTURIZER,PERSONAL CARE,1.0,1.11,0.11,6.0,3.0,-0.5,1.09,1.0,-0.0826,50900.0,60767.0,0.1939,55481.0,60767.0,0.0953,11.0,9.0,-0.1818
MS GLOW MEN,3245B - MOISTURIZER 30-60G,3245 - MOISTURIZER,PERSONAL CARE,1.0,1.0,0.0,1.0,4.33,3.33,1.0,1.08,0.08,60000.0,60000.0,0.0,60000.0,64800.0,0.08,2.0,12.0,5.0
NIVEA,3245B - MOISTURIZER 30-60G,3245 - MOISTURIZER,PERSONAL CARE,1.15,1.14,-0.0087,13.0,2.33,-0.8208,1.04,1.0,-0.0385,24923.0,24657.0,-0.0107,25920.0,24657.0,-0.0487,25.0,7.0,-0.72
OLAY,3245B - MOISTURIZER 30-60G,3245 - MOISTURIZER,PERSONAL CARE,1.0,,,1.0,,,1.0,,,263500.0,,,263500.0,,,2.0,,
PIGEON,3245B - MOISTURIZER 30-60G,3245 - MOISTURIZER,PERSONAL CARE,1.0,,,0.5,,,1.0,,,39500.0,,,39500.0,,,1.0,,
PINKBERRY,3245B - MOISTURIZER 30-60G,3245 - MOISTURIZER,PERSONAL CARE,1.0,,,2.5,,,1.0,,,29900.0,,,29900.0,,,5.0,,
POND'S,3245B - MOISTURIZER 30-60G,3245 - MOISTURIZER,PERSONAL CARE,1.0,,,1.0,,,1.0,,,148950.0,,,148950.0,,,2.0,,
SCARLETT,3245B - MOISTURIZER 30-60G,3245 - MOISTURIZER,PERSONAL CARE,1.1,1.0,-0.0909,10.5,0.67,-0.9362,1.05,1.0,-0.0476,46933.0,33900.0,-0.2777,49280.0,33900.0,-0.3121,20.0,2.0,-0.9
SCORA,3245B - MOISTURIZER 30-60G,3245 - MOISTURIZER,PERSONAL CARE,1.03,1.0,-0.0291,17.5,17.0,-0.0286,1.09,1.04,-0.0459,41057.0,39906.0,-0.028,44752.0,41502.0,-0.0726,32.0,49.0,0.5312
SHINZU'I,3245B - MOISTURIZER 30-60G,3245 - MOISTURIZER,PERSONAL CARE,1.0,1.0,0.0,4.0,3.67,-0.0825,1.0,1.1,0.1,51900.0,50955.0,-0.0182,51900.0,56051.0,0.08,8.0,10.0,0.25
THE ORIGINOTE,3245B - MOISTURIZER 30-60G,3245 - MOISTURIZER,PERSONAL CARE,1.0,1.04,0.04,12.0,9.0,-0.25,1.09,1.04,-0.0459,50487.0,58237.0,0.1535,55031.0,60566.0,0.1006,22.0,26.0,0.1818
WARDAH,3245B - MOISTURIZER 30-60G,3245 - MOISTURIZER,PERSONAL CARE,1.02,1.0,-0.0196,45.5,11.0,-0.7582,1.06,1.03,-0.0283,50547.0,49082.0,-0.029,53580.0,50554.0,-0.0565,86.0,32.0,-0.6279
HERBORIST,3245C - MOISTURIZER 75-100G,3245 - MOISTURIZER,PERSONAL CARE,1.0,1.0,0.0,9.5,0.67,-0.9295,1.0,1.0,0.0,36842.0,39500.0,0.0721,36842.0,39500.0,0.0721,19.0,2.0,-0.8947
DERMA ANGEL,3246A - PEEL MASK,3246 - FACE MASK,PERSONAL CARE,,1.0,,,1.0,,,1.0,,,47500.0,,,47500.0,,,3.0,
FREEMAN,3246A - PEEL MASK,3246 - FACE MASK,PERSONAL CARE,1.0,,,4.5,,,1.0,,,92189.0,,,92189.0,,,9.0,,
GLAD2GLOW,3246A - PEEL MASK,3246 - FACE MASK,PERSONAL CARE,1.0,1.0,0.0,7.0,8.67,0.2386,1.0,1.13,0.13,43671.0,47404.0,0.0855,43671.0,53567.0,0.2266,14.0,23.0,0.6429
HIMALAYA,3246A - PEEL MASK,3246 - FACE MASK,PERSONAL CARE,1.0,1.0,0.0,16.5,4.67,-0.717,1.0,1.0,0.0,33673.0,36279.0,0.0774,33673.0,36279.0,0.0774,33.0,14.0,-0.5758
OVALE,3246A - PEEL MASK,3246 - FACE MASK,PERSONAL CARE,1.0,1.0,0.0,9.5,0.33,-0.9653,1.0,1.0,0.0,29374.0,29500.0,0.0043,29374.0,29500.0,0.0043,19.0,1.0,-0.9474
PIGEON,3246A - PEEL MASK,3246 - FACE MASK,PERSONAL CARE,1.5,,,1.0,,,1.0,,,54000.0,,,54000.0,,,2.0,,
THE ORIGINOTE,3246A - PEEL MASK,3246 - FACE MASK,PERSONAL CARE,1.0,1.0,0.0,9.5,2.67,-0.7189,1.0,1.14,0.14,43900.0,43900.0,0.0,43900.0,50046.0,0.14,19.0,7.0,-0.6316
VIENNA,3246A - PEEL MASK,3246 - FACE MASK,PERSONAL CARE,1.0,,,7.0,,,1.17,,,13614.0,,,15928.0,,,12.0,,
BIOAQUA,3246B - SHEET MASK,3246 - FACE MASK,PERSONAL CARE,4.0,,,0.5,,,1.0,,,14000.0,,,14000.0,,,1.0,,
IMPLORA,3246B - SHEET MASK,3246 - FACE MASK,PERSONAL CARE,8.0,,,0.5,,,1.0,,,28000.0,,,28000.0,,,1.0,,
YOU,3246B - SHEET MASK,3246 - FACE MASK,PERSONAL CARE,1.0,,,0.5,,,1.0,,,35000.0,,,35000.0,,,1.0,,
ACNES,3247A - ANTI ACNE,3247 - ANTI ACNE,PERSONAL CARE,1.0,,,0.5,,,1.0,,,19100.0,,,19100.0,,,1.0,,
YOU,3247A - ANTI ACNE,3247 - ANTI ACNE,PERSONAL CARE,1.0,1.06,0.06,6.0,5.33,-0.1117,1.0,1.23,0.23,41875.0,40906.0,-0.0231,41875.0,50314.0,0.2015,12.0,13.0,0.0833
DERMA ANGEL,3247B - ANTI ACNE PLESTER,3247 - ANTI ACNE,PERSONAL CARE,1.36,1.14,-0.1618,81.5,44.33,-0.4561,1.27,1.21,-0.0472,25658.0,21808.0,-0.1501,32586.0,26388.0,-0.1902,128.0,110.0,-0.1406
KYE,3247B - ANTI ACNE PLESTER,3247 - ANTI ACNE,PERSONAL CARE,2.0,,,0.5,,,1.0,,,61800.0,,,61800.0,,,1.0,,
NOURISH,3247B - ANTI ACNE PLESTER,3247 - ANTI ACNE,PERSONAL CARE,1.03,1.0,-0.0291,19.5,7.67,-0.6067,1.15,1.1,-0.0435,19733.0,19500.0,-0.0118,22693.0,21450.0,-0.0548,34.0,21.0,-0.3824
VIO,3247B - ANTI ACNE PLESTER,3247 - ANTI ACNE,PERSONAL CARE,1.0,1.0,0.0,8.5,4.67,-0.4506,1.0,1.0,0.0,37571.0,38586.0,0.027,37571.0,38586.0,0.027,17.0,14.0,-0.1765
GARNIER,3248A - MEN FACIAL WASH SOAP 40-90G,3248 - MEN FACIAL FOAM SOAP,PERSONAL CARE,1.25,1.02,-0.184,24.0,13.67,-0.4304,1.07,1.0,-0.0654,36000.0,31924.0,-0.1132,38520.0,31924.0,-0.1712,45.0,41.0,-0.0889
NIVEA,3248A - MEN FACIAL WASH SOAP 40-90G,3248 - MEN FACIAL FOAM SOAP,PERSONAL CARE,1.0,1.0,0.0,8.5,3.0,-0.6471,1.0,1.0,0.0,30306.0,30233.0,-0.0024,30306.0,30233.0,-0.0024,17.0,9.0,-0.4706
BARBER DAILY,3248B - MEN FACIAL WASH SOAP 100-150G,3248 - MEN FACIAL FOAM SOAP,PERSONAL CARE,1.07,1.04,-0.028,53.5,60.0,0.1215,1.2,1.17,-0.025,39413.0,38699.0,-0.0181,47296.0,45278.0,-0.0427,89.0,154.0,0.7303
BIORE,3248B - MEN FACIAL WASH SOAP 100-150G,3248 - MEN FACIAL FOAM SOAP,PERSONAL CARE,1.05,1.05,0.0,84.0,66.67,-0.2063,1.11,1.14,0.027,38308.0,38572.0,0.0069,42522.0,43972.0,0.0341,152.0,175.0,0.1513
FYNE,3248B - MEN FACIAL WASH SOAP 100-150G,3248 - MEN FACIAL FOAM SOAP,PERSONAL CARE,,1.07,,,4.67,,,1.08,,,42750.0,,,46170.0,,,13.0,
GARNIER,3248B - MEN FACIAL WASH SOAP 100-150G,3248 - MEN FACIAL FOAM SOAP,PERSONAL CARE,1.06,1.15,0.0849,94.0,58.33,-0.3795,1.04,1.13,0.0865,46659.0,51194.0,0.0972,48525.0,57849.0,0.1921,180.0,155.0,-0.1389
HIMALAYA,3248B - MEN FACIAL WASH SOAP 100-150G,3248 - MEN FACIAL FOAM SOAP,PERSONAL CARE,1.5,,,1.0,,,1.0,,,44550.0,,,44550.0,,,2.0,,
HOSE,3248B - MEN FACIAL WASH SOAP 100-150G,3248 - MEN FACIAL FOAM SOAP,PERSONAL CARE,1.0,1.0,0.0,8.0,10.0,0.25,1.0,1.03,0.03,29863.0,27677.0,-0.0732,29863.0,28507.0,-0.0454,16.0,29.0,0.8125
KAHF,3248B - MEN FACIAL WASH SOAP 100-150G,3248 - MEN FACIAL FOAM SOAP,PERSONAL CARE,1.07,1.04,-0.028,149.5,96.33,-0.3557,1.14,1.17,0.0263,49768.0,48918.0,-0.0171,56736.0,57234.0,0.0088,263.0,247.0,-0.0608
MORRIS,3248B - MEN FACIAL WASH SOAP 100-150G,3248 - MEN FACIAL FOAM SOAP,PERSONAL CARE,1.0,1.1,0.1,21.0,7.0,-0.6667,1.0,1.11,0.11,36433.0,37433.0,0.0274,36433.0,41551.0,0.1405,42.0,19.0,-0.5476
MS GLOW,3248B - MEN FACIAL WASH SOAP 100-150G,3248 - MEN FACIAL FOAM SOAP,PERSONAL CARE,1.0,1.03,0.03,18.0,21.67,0.2039,1.06,1.12,0.0566,44900.0,46282.0,0.0308,47594.0,51836.0,0.0891,34.0,58.0,0.7059
NIVEA,3248B - MEN FACIAL WASH SOAP 100-150G,3248 - MEN FACIAL FOAM SOAP,PERSONAL CARE,1.02,1.09,0.0686,30.0,15.0,-0.5,1.07,1.05,-0.0187,45062.0,50618.0,0.1233,48216.0,53149.0,0.1023,56.0,43.0,-0.2321
POND'S,3248B - MEN FACIAL WASH SOAP 100-150G,3248 - MEN FACIAL FOAM SOAP,PERSONAL CARE,1.07,1.04,-0.028,51.5,31.33,-0.3917,1.1,1.01,-0.0818,44927.0,45540.0,0.0136,49420.0,45995.0,-0.0693,94.0,93.0,-0.0106
TOTAL CARE,3248B - MEN FACIAL WASH SOAP 100-150G,3248 - MEN FACIAL FOAM SOAP,PERSONAL CARE,,1.05,,,14.67,,,1.07,,,33455.0,,,35797.0,,,41.0,
AZARINE,3249A - SERUM ESSENCE,3249 - SERUM ESSENCE,PERSONAL CARE,1.0,,,1.0,,,2.0,,,52850.0,,,105700.0,,,1.0,,
EMINA,3249A - SERUM ESSENCE,3249 - SERUM ESSENCE,PERSONAL CARE,1.0,1.0,0.0,1.0,1.33,0.33,1.0,1.33,0.33,60950.0,60900.0,-0.0008,60950.0,80997.0,0.3289,2.0,3.0,0.5
GARNIER,3249A - SERUM ESSENCE,3249 - SERUM ESSENCE,PERSONAL CARE,1.33,1.0,-0.2481,1.5,2.0,0.3333,1.0,1.0,0.0,112533.0,31500.0,-0.7201,112533.0,31500.0,-0.7201,3.0,6.0,1.0
GLAD2GLOW,3249A - SERUM ESSENCE,3249 - SERUM ESSENCE,PERSONAL CARE,,1.06,,,17.67,,,1.13,,,46906.0,,,53004.0,,,47.0,
HANASUI,3249A - SERUM ESSENCE,3249 - SERUM ESSENCE,PERSONAL CARE,1.11,1.08,-0.027,63.5,32.67,-0.4855,1.14,1.13,-0.0088,32862.0,34299.0,0.0437,37463.0,38758.0,0.0346,111.0,87.0,-0.2162
HIMALAYA,3249A - SERUM ESSENCE,3249 - SERUM ESSENCE,PERSONAL CARE,1.0,1.0,0.0,1.0,4.0,3.0,1.0,1.5,0.5,44300.0,49500.0,0.1174,44300.0,74250.0,0.6761,2.0,8.0,3.0
IMPLORA,3249A - SERUM ESSENCE,3249 - SERUM ESSENCE,PERSONAL CARE,1.0,1.0,0.0,5.5,0.33,-0.94,1.0,1.0,0.0,37900.0,37900.0,0.0,37900.0,37900.0,0.0,11.0,1.0,-0.9091
PIGEON,3249A - SERUM ESSENCE,3249 - SERUM ESSENCE,PERSONAL CARE,1.0,,,3.0,,,1.0,,,39100.0,,,39100.0,,,6.0,,
PINKBERRY,3249A - SERUM ESSENCE,3249 - SERUM ESSENCE,PERSONAL CARE,1.25,,,2.0,,,1.0,,,34375.0,,,34375.0,,,4.0,,
POND'S,3249A - SERUM ESSENCE,3249 - SERUM ESSENCE,PERSONAL CARE,1.06,1.16,0.0943,8.0,8.33,0.0413,1.33,1.14,-0.1429,34056.0,39148.0,0.1495,45294.0,44629.0,-0.0147,12.0,22.0,0.8333
SKINTIFIC,3249A - SERUM ESSENCE,3249 - SERUM ESSENCE,PERSONAL CARE,1.0,,,0.5,,,1.0,,,220700.0,,,220700.0,,,1.0,,
VIVA,3249A - SERUM ESSENCE,3249 - SERUM ESSENCE,PERSONAL CARE,1.0,1.0,0.0,1.5,9.33,5.22,1.0,1.04,0.04,25900.0,25900.0,0.0,25900.0,26936.0,0.04,3.0,27.0,8.0
WARDAH,3249A - SERUM ESSENCE,3249 - SERUM ESSENCE,PERSONAL CARE,1.0,,,1.0,,,1.0,,,95650.0,,,95650.0,,,2.0,,
YOU,3249A - SERUM ESSENCE,3249 - SERUM ESSENCE,PERSONAL CARE,1.0,,,0.5,,,1.0,,,78800.0,,,78800.0,,,1.0,,
MUSTIKA RATU,3251A - BODY LOTION 100-150ML,3251 - BODY LOTION,PERSONAL CARE,,1.0,,,1.33,,,1.0,,,35500.0,,,35500.0,,,4.0,
PIGEON,3251A - BODY LOTION 100-150ML,3251 - BODY LOTION,PERSONAL CARE,1.0,,,4.5,,,1.0,,,35878.0,,,35878.0,,,9.0,,
VASELINE,3251A - BODY LOTION 100-150ML,3251 - BODY LOTION,PERSONAL CARE,1.0,1.0,0.0,17.0,20.67,0.2159,1.06,1.05,-0.0094,23394.0,20750.0,-0.113,24798.0,21788.0,-0.1214,32.0,59.0,0.8438
CITRA,3251B - BODY LOTION 180-250ML,3251 - BODY LOTION,PERSONAL CARE,1.07,1.15,0.0748,73.5,31.67,-0.5691,1.07,1.07,0.0,28191.0,29565.0,0.0487,30164.0,31635.0,0.0488,137.0,89.0,-0.3504
EMERON,3251B - BODY LOTION 180-250ML,3251 - BODY LOTION,PERSONAL CARE,1.6,,,2.5,,,1.0,,,13760.0,,,13760.0,,,5.0,,
GLAD2GLOW,3251B - BODY LOTION 180-250ML,3251 - BODY LOTION,PERSONAL CARE,,1.0,,,2.33,,,1.4,,,40929.0,,,57301.0,,,5.0,
HANASUI,3251B - BODY LOTION 180-250ML,3251 - BODY LOTION,PERSONAL CARE,1.0,,,5.5,,,1.0,,,29636.0,,,29636.0,,,11.0,,
HERBORIST,3251B - BODY LOTION 180-250ML,3251 - BODY LOTION,PERSONAL CARE,1.0,,,2.0,,,1.0,,,25925.0,,,25925.0,,,4.0,,
MARINA,3251B - BODY LOTION 180-250ML,3251 - BODY LOTION,PERSONAL CARE,1.12,1.11,-0.0089,292.0,174.33,-0.403,1.09,1.14,0.0459,12522.0,12211.0,-0.0248,13649.0,13921.0,0.0199,534.0,458.0,-0.1423
NATUR-E,3251B - BODY LOTION 180-250ML,3251 - BODY LOTION,PERSONAL CARE,1.0,1.02,0.02,27.5,30.0,0.0909,1.06,1.1,0.0377,32460.0,33458.0,0.0307,34408.0,36804.0,0.0696,52.0,82.0,0.5769
NATURALLY SPEAKING,3251B - BODY LOTION 180-250ML,3251 - BODY LOTION,PERSONAL CARE,1.14,,,33.0,,,1.18,,,51023.0,,,60207.0,,,56.0,,
NIVEA,3251B - BODY LOTION 180-250ML,3251 - BODY LOTION,PERSONAL CARE,1.12,1.0,-0.1071,16.5,6.0,-0.6364,1.03,1.0,-0.0291,44858.0,39328.0,-0.1233,46204.0,39328.0,-0.1488,32.0,18.0,-0.4375
PURBASARI,3251B - BODY LOTION 180-250ML,3251 - BODY LOTION,PERSONAL CARE,1.63,1.03,-0.3681,20.5,23.0,0.122,1.05,1.15,0.0952,38746.0,19529.0,-0.496,40683.0,22458.0,-0.448,39.0,60.0,0.5385
SARIAYU,3251B - BODY LOTION 180-250ML,3251 - BODY LOTION,PERSONAL CARE,1.0,,,0.5,,,1.0,,,37900.0,,,37900.0,,,1.0,,
SCARLETT,3251B - BODY LOTION 180-250ML,3251 - BODY LOTION,PERSONAL CARE,1.35,1.02,-0.2444,21.5,21.67,0.0079,1.1,1.07,-0.0273,58028.0,39955.0,-0.3115,63831.0,42752.0,-0.3302,39.0,61.0,0.5641
SHINZU'I,3251B - BODY LOTION 180-250ML,3251 - BODY LOTION,PERSONAL CARE,1.03,1.03,0.0,19.5,19.33,-0.0087,1.08,1.09,0.0093,29938.0,30072.0,0.0045,32333.0,32778.0,0.0138,36.0,53.0,0.4722
SLAVINA,3251B - BODY LOTION 180-250ML,3251 - BODY LOTION,PERSONAL CARE,1.06,1.05,-0.0094,9.0,12.33,0.37,1.12,1.06,-0.0536,52250.0,52176.0,-0.0014,58520.0,55307.0,-0.0549,16.0,35.0,1.1875
VASELINE,3251B - BODY LOTION 180-250ML,3251 - BODY LOTION,PERSONAL CARE,1.08,1.23,0.1389,86.5,62.67,-0.2755,1.05,1.07,0.019,35913.0,42552.0,0.1849,37709.0,45531.0,0.2074,164.0,176.0,0.0732
WHITE INC,3251B - BODY LOTION 180-250ML,3251 - BODY LOTION,PERSONAL CARE,,1.0,,,11.67,,,1.06,,,29911.0,,,31706.0,,,33.0,
CITRA,3251C - BODY LOTION 300-600ML,3251 - BODY LOTION,PERSONAL CARE,1.0,,,1.0,,,1.0,,,45050.0,,,45050.0,,,2.0,,
EMERON,3251C - BODY LOTION 300-600ML,3251 - BODY LOTION,PERSONAL CARE,1.24,1.04,-0.1613,135.0,67.0,-0.5037,1.04,1.03,-0.0096,20120.0,19096.0,-0.0509,20925.0,19669.0,-0.06,259.0,195.0,-0.2471
MARINA,3251C - BODY LOTION 300-600ML,3251 - BODY LOTION,PERSONAL CARE,1.29,1.05,-0.186,105.5,65.33,-0.3808,1.07,1.07,0.0,25056.0,20268.0,-0.1911,26810.0,21687.0,-0.1911,198.0,183.0,-0.0758
NIVEA,3251C - BODY LOTION 300-600ML,3251 - BODY LOTION,PERSONAL CARE,1.0,,,0.5,,,1.0,,,74000.0,,,74000.0,,,1.0,,
SCARLETT,3251C - BODY LOTION 300-600ML,3251 - BODY LOTION,PERSONAL CARE,1.67,,,1.5,,,1.0,,,115000.0,,,115000.0,,,3.0,,
VASELINE,3251C - BODY LOTION 300-600ML,3251 - BODY LOTION,PERSONAL CARE,1.0,,,3.5,,,1.0,,,70857.0,,,70857.0,,,7.0,,
FRESH LIVING,3251E - BODY MASSAGE,3251 - BODY LOTION,PERSONAL CARE,1.0,1.1,0.1,25.5,28.0,0.098,1.0,1.09,0.09,13959.0,15307.0,0.0966,13959.0,16685.0,0.1953,51.0,77.0,0.5098
HERBORIST,3251E - BODY MASSAGE,3251 - BODY LOTION,PERSONAL CARE,1.0,1.06,0.06,3.5,6.0,0.7143,1.0,1.0,0.0,41343.0,43589.0,0.0543,41343.0,43589.0,0.0543,7.0,18.0,1.5714
MUSTIKA RATU,3251E - BODY MASSAGE,3251 - BODY LOTION,PERSONAL CARE,1.0,1.02,0.02,18.0,16.67,-0.0739,1.0,1.0,0.0,31717.0,36058.0,0.1369,31717.0,36058.0,0.1369,36.0,50.0,0.3889
PURBASARI,3251E - BODY MASSAGE,3251 - BODY LOTION,PERSONAL CARE,1.02,1.05,0.0294,52.0,25.33,-0.5129,1.05,1.01,-0.0381,28529.0,29632.0,0.0387,29955.0,29928.0,-0.0009,99.0,75.0,-0.2424
VASELINE,3251F - BODY TREATMENT,3251 - BODY LOTION,PERSONAL CARE,1.06,1.09,0.0283,17.0,14.33,-0.1571,1.0,1.0,0.0,41221.0,40944.0,-0.0067,41221.0,40944.0,-0.0067,34.0,43.0,0.2647
VEET,3251F - BODY TREATMENT,3251 - BODY LOTION,PERSONAL CARE,1.04,1.0,-0.0385,13.5,6.33,-0.5311,1.0,1.0,0.0,62770.0,63563.0,0.0126,62770.0,63563.0,0.0126,27.0,19.0,-0.2963
SCARLETT,3252A - BODY SERUM 100-150ML,3252 - BODY SERUM,PERSONAL CARE,1.0,1.11,0.11,5.0,6.0,0.2,1.0,1.06,0.06,39900.0,44333.0,0.1111,39900.0,46993.0,0.1778,10.0,17.0,0.7
VASELINE,3252A - BODY SERUM 100-150ML,3252 - BODY SERUM,PERSONAL CARE,1.05,1.14,0.0857,29.5,7.0,-0.7627,1.05,1.05,0.0,34763.0,37629.0,0.0824,36501.0,39510.0,0.0824,56.0,20.0,-0.6429
CITRA,3252B - BODY SERUM 180-250ML,3252 - BODY SERUM,PERSONAL CARE,1.03,1.05,0.0194,29.5,13.0,-0.5593,1.05,1.15,0.0952,30249.0,30962.0,0.0236,31761.0,35606.0,0.1211,56.0,34.0,-0.3929
GLAD2GLOW,3252B - BODY SERUM 180-250ML,3252 - BODY SERUM,PERSONAL CARE,1.0,1.03,0.03,4.0,13.0,2.25,1.0,1.26,0.26,52462.0,42072.0,-0.198,52462.0,53011.0,0.0105,8.0,31.0,2.875
HANASUI,3252B - BODY SERUM 180-250ML,3252 - BODY SERUM,PERSONAL CARE,1.0,,,7.0,,,1.0,,,33929.0,,,33929.0,,,14.0,,
HERBORIST,3252B - BODY SERUM 180-250ML,3252 - BODY SERUM,PERSONAL CARE,1.0,1.0,0.0,5.5,7.33,0.3327,1.1,1.0,-0.0909,39064.0,35373.0,-0.0945,42970.0,35373.0,-0.1768,10.0,22.0,1.2
LAVOJOY,3252B - BODY SERUM 180-250ML,3252 - BODY SERUM,PERSONAL CARE,1.06,1.02,-0.0377,17.5,13.33,-0.2383,1.0,1.18,0.18,44929.0,43135.0,-0.0399,44929.0,50899.0,0.1329,35.0,34.0,-0.0286
NATUR-E,3252B - BODY SERUM 180-250ML,3252 - BODY SERUM,PERSONAL CARE,,1.0,,,6.33,,,1.12,,,46900.0,,,52528.0,,,17.0,
NIVEA,3252B - BODY SERUM 180-250ML,3252 - BODY SERUM,PERSONAL CARE,1.12,1.22,0.0893,40.0,41.0,0.025,1.04,1.04,0.0,54715.0,57774.0,0.0559,56904.0,60085.0,0.0559,77.0,118.0,0.5325
PINKBERRY,3252B - BODY SERUM 180-250ML,3252 - BODY SERUM,PERSONAL CARE,1.0,1.0,0.0,4.5,1.67,-0.6289,1.29,1.25,-0.031,39522.0,40060.0,0.0136,50983.0,50075.0,-0.0178,7.0,4.0,-0.4286
PURBASARI,3252B - BODY SERUM 180-250ML,3252 - BODY SERUM,PERSONAL CARE,1.0,1.02,0.02,37.0,53.67,0.4505,1.04,1.02,-0.0192,28905.0,29629.0,0.025,30061.0,30222.0,0.0054,71.0,158.0,1.2254
SCARLETT,3252B - BODY SERUM 180-250ML,3252 - BODY SERUM,PERSONAL CARE,,1.15,,,13.33,,,1.11,,,51595.0,,,57270.0,,,36.0,
VASELINE,3252B - BODY SERUM 180-250ML,3252 - BODY SERUM,PERSONAL CARE,1.12,1.2,0.0714,104.0,85.0,-0.1827,1.08,1.09,0.0093,55541.0,54538.0,-0.0181,59984.0,59446.0,-0.009,192.0,234.0,0.2188
GRACE AND GLOW,3252C - BODY SERUM 300-600ML,3252 - BODY SERUM,PERSONAL CARE,1.0,,,0.5,,,1.0,,,65500.0,,,65500.0,,,1.0,,
HANASUI,3253A - BODY SCRUB,3253 - BODY SCRUB,PERSONAL CARE,1.04,1.0,-0.0385,13.0,2.33,-0.8208,1.04,1.0,-0.0385,16096.0,13686.0,-0.1497,16740.0,13686.0,-0.1824,25.0,7.0,-0.72
HERBORIST,3253A - BODY SCRUB,3253 - BODY SCRUB,PERSONAL CARE,1.12,1.07,-0.0446,29.5,23.67,-0.1976,1.05,1.08,0.0286,24007.0,24410.0,0.0168,25207.0,26363.0,0.0459,56.0,66.0,0.1786
PURBASARI,3253A - BODY SCRUB,3253 - BODY SCRUB,PERSONAL CARE,1.04,1.02,-0.0192,113.0,62.67,-0.4454,1.22,1.06,-0.1311,20808.0,22789.0,0.0952,25386.0,24156.0,-0.0485,186.0,178.0,-0.043
SHINZU'I,3253A - BODY SCRUB,3253 - BODY SCRUB,PERSONAL CARE,1.03,1.07,0.0388,98.5,54.0,-0.4518,1.05,1.07,0.019,19362.0,20406.0,0.0539,20330.0,21834.0,0.074,188.0,151.0,-0.1968
VIENNA,3253A - BODY SCRUB,3253 - BODY SCRUB,PERSONAL CARE,1.0,,,6.0,,,1.0,,,28167.0,,,28167.0,,,12.0,,
AZARINE,3257A - SUNBLOCK,3257 - SUNBLOCK,PERSONAL CARE,1.0,,,0.5,,,1.0,,,53900.0,,,53900.0,,,1.0,,
AZZURA,3261A - FOUNDATION,3261 - FOUNDATION,PERSONAL CARE,1.0,,,0.5,,,1.0,,,123000.0,,,123000.0,,,1.0,,
MAYBELLINE,3261A - FOUNDATION,3261 - FOUNDATION,PERSONAL CARE,1.0,1.0,0.0,5.0,2.33,-0.534,1.11,1.17,0.0541,38600.0,38529.0,-0.0018,42846.0,45079.0,0.0521,9.0,6.0,-0.3333
PIXY,3261A - FOUNDATION,3261 - FOUNDATION,PERSONAL CARE,1.0,1.0,0.0,2.5,1.33,-0.468,1.0,1.0,0.0,46200.0,46200.0,0.0,46200.0,46200.0,0.0,5.0,4.0,-0.2
SKINTIFIC,3261A - FOUNDATION,3261 - FOUNDATION,PERSONAL CARE,1.0,,,0.5,,,1.0,,,180400.0,,,180400.0,,,1.0,,
WARDAH,3261A - FOUNDATION,3261 - FOUNDATION,PERSONAL CARE,1.0,1.09,0.09,10.0,3.67,-0.633,1.0,1.1,0.1,45665.0,51982.0,0.1383,45665.0,57180.0,0.2522,20.0,10.0,-0.5
AZZURA,3262A - COMPACT POWDER,3262 - COMPACT POWDER,PERSONAL CARE,1.28,,,9.0,,,1.06,,,46472.0,,,49260.0,,,17.0,,
MARCKS,3262A - COMPACT POWDER,3262 - COMPACT POWDER,PERSONAL CARE,1.0,,,1.0,,,1.0,,,31200.0,,,31200.0,,,2.0,,
MARINA,3262A - COMPACT POWDER,3262 - COMPACT POWDER,PERSONAL CARE,1.13,1.0,-0.115,19.0,10.0,-0.4737,1.09,1.07,-0.0183,13805.0,12227.0,-0.1143,15047.0,13083.0,-0.1305,35.0,28.0,-0.2
PIGEON,3262A - COMPACT POWDER,3262 - COMPACT POWDER,PERSONAL CARE,1.0,,,2.0,,,1.0,,,42500.0,,,42500.0,,,4.0,,
PIXY,3262A - COMPACT POWDER,3262 - COMPACT POWDER,PERSONAL CARE,1.0,1.0,0.0,2.5,0.67,-0.732,1.0,1.0,0.0,53240.0,53300.0,0.0011,53240.0,53300.0,0.0011,5.0,2.0,-0.6
SKINTIFIC,3262A - COMPACT POWDER,3262 - COMPACT POWDER,PERSONAL CARE,1.0,,,0.5,,,1.0,,,179000.0,,,179000.0,,,1.0,,
WARDAH,3262A - COMPACT POWDER,3262 - COMPACT POWDER,PERSONAL CARE,1.0,1.0,0.0,3.5,0.33,-0.9057,1.0,1.0,0.0,62471.0,63900.0,0.0229,62471.0,63900.0,0.0229,7.0,1.0,-0.8571
PIXY,3262B - REFFIL COMPACT POWDER,3262 - COMPACT POWDER,PERSONAL CARE,1.04,1.06,0.0192,11.5,5.67,-0.507,1.05,1.0,-0.0476,33787.0,34300.0,0.0152,35476.0,34300.0,-0.0331,22.0,17.0,-0.2273
WARDAH,3262B - REFFIL COMPACT POWDER,3262 - COMPACT POWDER,PERSONAL CARE,1.0,1.08,0.08,7.5,4.33,-0.4227,1.0,1.0,0.0,42487.0,46892.0,0.1037,42487.0,46892.0,0.1037,15.0,13.0,-0.1333
AZZURA,3262C - LOOSE POWDER,3262 - COMPACT POWDER,PERSONAL CARE,1.38,,,6.5,,,1.0,,,47592.0,,,47592.0,,,13.0,,
EMINA,3262C - LOOSE POWDER,3262 - COMPACT POWDER,PERSONAL CARE,1.0,1.0,0.0,2.0,0.67,-0.665,1.0,1.0,0.0,30900.0,32400.0,0.0485,30900.0,32400.0,0.0485,4.0,2.0,-0.5
MARCKS,3262C - LOOSE POWDER,3262 - COMPACT POWDER,PERSONAL CARE,1.06,1.0,-0.0566,8.5,0.33,-0.9612,1.0,1.0,0.0,29347.0,36900.0,0.2574,29347.0,36900.0,0.2574,17.0,1.0,-0.9412
POND'S,3262C - LOOSE POWDER,3262 - COMPACT POWDER,PERSONAL CARE,1.0,,,1.5,,,1.0,,,28600.0,,,28600.0,,,3.0,,
WARDAH,3262C - LOOSE POWDER,3262 - COMPACT POWDER,PERSONAL CARE,1.0,,,1.5,,,1.0,,,44500.0,,,44500.0,,,3.0,,
HANASUI,3264A - EYE,3264 - EYE,PERSONAL CARE,1.0,,,1.0,,,1.0,,,31650.0,,,31650.0,,,2.0,,
IMPLORA,3264A - EYE,3264 - EYE,PERSONAL CARE,1.0,,,1.5,,,1.0,,,19200.0,,,19200.0,,,3.0,,
MAYBELLINE,3264A - EYE,3264 - EYE,PERSONAL CARE,1.06,1.22,0.1509,8.5,3.0,-0.6471,1.0,1.12,0.12,116065.0,113544.0,-0.0217,116065.0,127169.0,0.0957,17.0,8.0,-0.5294
MOKO MOKO,3264A - EYE,3264 - EYE,PERSONAL CARE,1.0,1.67,0.67,1.5,1.0,-0.3333,1.0,1.0,0.0,28533.0,47500.0,0.6647,28533.0,47500.0,0.6647,3.0,3.0,0.0
PINKBERRY,3264A - EYE,3264 - EYE,PERSONAL CARE,1.0,1.0,0.0,2.5,1.67,-0.332,1.0,1.0,0.0,30900.0,21020.0,-0.3197,30900.0,21020.0,-0.3197,5.0,5.0,0.0
VIVA,3264A - EYE,3264 - EYE,PERSONAL CARE,1.04,1.0,-0.0385,14.0,7.33,-0.4764,1.17,1.0,-0.1453,46700.0,44945.0,-0.0376,54639.0,44945.0,-0.1774,24.0,22.0,-0.0833
WARDAH,3264A - EYE,3264 - EYE,PERSONAL CARE,1.0,,,2.0,,,1.0,,,64800.0,,,64800.0,,,4.0,,
AZARINE,3265A - LIPS,3265 - LIPS,PERSONAL CARE,1.0,,,0.5,,,1.0,,,41500.0,,,41500.0,,,1.0,,
AZZURA,3265A - LIPS,3265 - LIPS,PERSONAL CARE,1.06,,,8.5,,,1.0,,,47559.0,,,47559.0,,,17.0,,
BARENBLISS,3265A - LIPS,3265 - LIPS,PERSONAL CARE,1.0,,,1.0,,,1.0,,,62900.0,,,62900.0,,,2.0,,
EMINA,3265A - LIPS,3265 - LIPS,PERSONAL CARE,1.0,1.0,0.0,4.0,2.0,-0.5,1.0,1.0,0.0,51425.0,50900.0,-0.0102,51425.0,50900.0,-0.0102,8.0,6.0,-0.25
HANASUI,3265A - LIPS,3265 - LIPS,PERSONAL CARE,1.25,,,2.0,,,1.0,,,31850.0,,,31850.0,,,4.0,,
IMPLORA,3265A - LIPS,3265 - LIPS,PERSONAL CARE,1.5,,,2.0,,,1.0,,,35250.0,,,35250.0,,,4.0,,
MOKO MOKO,3265A - LIPS,3265 - LIPS,PERSONAL CARE,1.0,1.14,0.14,3.5,2.33,-0.3343,1.0,1.0,0.0,28614.0,31771.0,0.1103,28614.0,31771.0,0.1103,7.0,7.0,0.0
OMG,3265A - LIPS,3265 - LIPS,PERSONAL CARE,1.5,,,1.0,,,1.0,,,40500.0,,,40500.0,,,2.0,,
PINKBERRY,3265A - LIPS,3265 - LIPS,PERSONAL CARE,1.0,,,0.5,,,1.0,,,48000.0,,,48000.0,,,1.0,,
WARDAH,3265A - LIPS,3265 - LIPS,PERSONAL CARE,1.0,1.0,0.0,9.5,4.33,-0.5442,1.0,1.0,0.0,66232.0,70746.0,0.0682,66232.0,70746.0,0.0682,19.0,13.0,-0.3158
HIMALAYA,3265B - LIP BALM,3265 - LIPS,PERSONAL CARE,1.0,,,0.5,,,1.0,,,20900.0,,,20900.0,,,1.0,,
LIP ICE,3265B - LIP BALM,3265 - LIPS,PERSONAL CARE,1.12,1.0,-0.1071,24.0,15.0,-0.375,1.07,1.05,-0.0187,34675.0,30958.0,-0.1072,37102.0,32506.0,-0.1239,45.0,43.0,-0.0444
NIVEA,3265B - LIP BALM,3265 - LIPS,PERSONAL CARE,1.0,1.07,0.07,18.0,9.67,-0.4628,1.0,1.12,0.12,38500.0,41155.0,0.069,38500.0,46094.0,0.1972,36.0,26.0,-0.2778
VASELINE,3265B - LIP BALM,3265 - LIPS,PERSONAL CARE,1.0,1.0,0.0,26.0,27.67,0.0642,1.0,1.08,0.08,33594.0,43459.0,0.2937,33594.0,46936.0,0.3972,52.0,77.0,0.4808
WARDAH,3265B - LIP BALM,3265 - LIPS,PERSONAL CARE,1.0,1.0,0.0,13.0,6.67,-0.4869,1.0,1.0,0.0,35012.0,34015.0,-0.0285,35012.0,34015.0,-0.0285,26.0,20.0,-0.2308
IMPLORA,3266A - NAIL,3266 - NAIL,PERSONAL CARE,3.0,,,0.5,,,1.0,,,91500.0,,,91500.0,,,1.0,,
GILLETTE,3281A - RAZOR,3281 - RAZOR,PERSONAL CARE,1.0,1.0,0.0,15.5,9.0,-0.4194,1.0,1.0,0.0,26603.0,29622.0,0.1135,26603.0,29622.0,0.1135,31.0,27.0,-0.129
VENUS,3281A - RAZOR,3281 - RAZOR,PERSONAL CARE,1.0,,,0.5,,,1.0,,,95000.0,,,95000.0,,,1.0,,
ALFAMART,3282A - DISPOSABLE RAZOR,3282 - DISPOSABLE RAZOR,PERSONAL CARE,1.05,1.01,-0.0381,54.0,46.33,-0.142,1.03,1.01,-0.0194,9819.0,12083.0,0.2306,10114.0,12204.0,0.2066,105.0,137.0,0.3048
GILLETTE,3282A - DISPOSABLE RAZOR,3282 - DISPOSABLE RAZOR,PERSONAL CARE,1.05,1.05,0.0,327.5,205.67,-0.372,1.06,1.09,0.0283,20767.0,21124.0,0.0172,22013.0,23025.0,0.046,617.0,568.0,-0.0794
SCHICK,3282A - DISPOSABLE RAZOR,3282 - DISPOSABLE RAZOR,PERSONAL CARE,1.0,,,1.5,,,1.0,,,19467.0,,,19467.0,,,3.0,,
GILLETTE,3283A - REFILL RAZOR,3283 - REFILL RAZOR,PERSONAL CARE,1.06,1.04,-0.0189,26.5,26.67,0.0064,1.04,1.03,-0.0096,26779.0,27579.0,0.0299,27850.0,28406.0,0.02,51.0,78.0,0.5294
GILLETTE,3284A - SHAVING CARE,3284 - SHAVING CARE,PERSONAL CARE,1.0,1.0,0.0,3.5,3.33,-0.0486,1.17,1.0,-0.1453,46971.0,53930.0,0.1482,54956.0,53930.0,-0.0187,6.0,10.0,0.6667
ALFAMART,3331A - BEAUTY COTTON,3331 - BEAUTY COTTON,PERSONAL CARE,1.03,1.02,-0.0097,232.5,154.67,-0.3348,1.08,1.09,0.0093,11067.0,10214.0,-0.0771,11952.0,11133.0,-0.0685,431.0,427.0,-0.0093
SELECTION,3331A - BEAUTY COTTON,3331 - BEAUTY COTTON,PERSONAL CARE,1.05,1.04,-0.0095,632.0,354.0,-0.4399,1.09,1.11,0.0183,13014.0,13165.0,0.0116,14185.0,14613.0,0.0302,1163.0,959.0,-0.1754
ALFA,4271A - BATHROOM ACCESSORIES,4271 - BATHROOM ACCESSORIES,PERSONAL CARE,,1.0,,,1.0,,,1.0,,,22900.0,,,22900.0,,,3.0,
ALFAMART,4271A - BATHROOM ACCESSORIES,4271 - BATHROOM ACCESSORIES,PERSONAL CARE,1.02,1.09,0.0686,43.5,27.33,-0.3717,1.01,1.06,0.0495,16982.0,18368.0,0.0816,17152.0,19470.0,0.1351,86.0,77.0,-0.1047
NINA,3321A - SANITARY NAPKINS WINGS 5-9S,3321 - SANITARY NAPKINS WINGS,SANITARY ADULT,2.0,,,1.0,,,1.0,,,78000.0,,,78000.0,,,2.0,,
CHARM,3321B - SANITARY NAPKINS WINGS 10-19S,3321 - SANITARY NAPKINS WINGS,SANITARY ADULT,1.11,1.07,-0.036,578.5,180.33,-0.6883,1.11,1.13,0.018,21912.0,20207.0,-0.0778,24322.0,22834.0,-0.0612,1039.0,480.0,-0.538
LAURIER,3321B - SANITARY NAPKINS WINGS 10-19S,3321 - SANITARY NAPKINS WINGS,SANITARY ADULT,1.1,1.06,-0.0364,443.5,154.67,-0.6513,1.13,1.16,0.0265,23934.0,23751.0,-0.0076,27045.0,27551.0,0.0187,784.0,399.0,-0.4911
POKANA,3321B - SANITARY NAPKINS WINGS 10-19S,3321 - SANITARY NAPKINS WINGS,SANITARY ADULT,1.08,1.33,0.2315,32.0,11.0,-0.6562,1.19,1.03,-0.1345,33422.0,41333.0,0.2367,39772.0,42573.0,0.0704,54.0,32.0,-0.4074
SOFTEX,3321B - SANITARY NAPKINS WINGS 10-19S,3321 - SANITARY NAPKINS WINGS,SANITARY ADULT,1.04,1.03,-0.0096,240.5,174.67,-0.2737,1.12,1.13,0.0089,27235.0,24469.0,-0.1016,30503.0,27650.0,-0.0935,429.0,465.0,0.0839
YOONA,3321B - SANITARY NAPKINS WINGS 10-19S,3321 - SANITARY NAPKINS WINGS,SANITARY ADULT,2.0,,,1.0,,,1.0,,,65000.0,,,65000.0,,,2.0,,
CHARM,3321C - SANITARY NAPKINS WINGS 20-30S,3321 - SANITARY NAPKINS WINGS,SANITARY ADULT,1.08,1.05,-0.0278,379.5,164.33,-0.567,1.08,1.13,0.0463,31229.0,29674.0,-0.0498,33727.0,33532.0,-0.0058,702.0,436.0,-0.3789
HERS,3321C - SANITARY NAPKINS WINGS 20-30S,3321 - SANITARY NAPKINS WINGS,SANITARY ADULT,1.09,1.05,-0.0367,549.5,212.0,-0.6142,1.13,1.18,0.0442,17668.0,16907.0,-0.0431,19965.0,19950.0,-0.0008,975.0,537.0,-0.4492
LAURIER,3321C - SANITARY NAPKINS WINGS 20-30S,3321 - SANITARY NAPKINS WINGS,SANITARY ADULT,1.06,1.07,0.0094,227.5,117.0,-0.4857,1.09,1.06,-0.0275,27186.0,27236.0,0.0018,29633.0,28870.0,-0.0257,419.0,330.0,-0.2124
SOFTEX,3321C - SANITARY NAPKINS WINGS 20-30S,3321 - SANITARY NAPKINS WINGS,SANITARY ADULT,1.04,1.03,-0.0096,409.0,178.33,-0.564,1.07,1.11,0.0374,21445.0,23506.0,0.0961,22946.0,26092.0,0.1371,762.0,481.0,-0.3688
CHARM,3322B - SANITARY NAPKINS NON WINGS 10-19S,3322 - SANITARY NAPKINS NON WINGS,SANITARY ADULT,1.09,1.04,-0.0459,369.5,128.0,-0.6536,1.12,1.12,0.0,18134.0,18904.0,0.0425,20310.0,21172.0,0.0424,662.0,343.0,-0.4819
SOFTEX,3322B - SANITARY NAPKINS NON WINGS 10-19S,3322 - SANITARY NAPKINS NON WINGS,SANITARY ADULT,1.0,1.0,0.0,2.5,0.67,-0.732,1.0,1.0,0.0,25900.0,25900.0,0.0,25900.0,25900.0,0.0,5.0,2.0,-0.6
CHARM,3322C - SANITARY NAPKINS NON WINGS 20-30S,3322 - SANITARY NAPKINS NON WINGS,SANITARY ADULT,1.09,1.03,-0.055,134.0,87.0,-0.3507,1.08,1.09,0.0093,24850.0,23572.0,-0.0514,26838.0,25693.0,-0.0427,248.0,239.0,-0.0363
LAURIER,3322C - SANITARY NAPKINS NON WINGS 20-30S,3322 - SANITARY NAPKINS NON WINGS,SANITARY ADULT,1.05,1.06,0.0095,192.0,76.67,-0.6007,1.09,1.24,0.1376,21055.0,21409.0,0.0168,22950.0,26547.0,0.1567,351.0,185.0,-0.4729
SOFTEX,3322C - SANITARY NAPKINS NON WINGS 20-30S,3322 - SANITARY NAPKINS NON WINGS,SANITARY ADULT,1.08,1.07,-0.0093,144.5,64.0,-0.5571,1.13,1.11,-0.0177,17596.0,16968.0,-0.0357,19883.0,18834.0,-0.0528,256.0,173.0,-0.3242
CAREFREE,3323A - PANTYLINERS,3323 - PANTYLINERS,SANITARY ADULT,1.0,,,3.5,,,1.4,,,25900.0,,,36260.0,,,5.0,,
CHARM,3323A - PANTYLINERS,3323 - PANTYLINERS,SANITARY ADULT,1.14,1.09,-0.0439,298.0,145.0,-0.5134,1.19,1.2,0.0084,25767.0,24864.0,-0.035,30663.0,29837.0,-0.0269,502.0,362.0,-0.2789
KOTEX,3323A - PANTYLINERS,3323 - PANTYLINERS,SANITARY ADULT,1.12,1.38,0.2321,102.5,9.67,-0.9057,1.15,1.04,-0.0957,22102.0,27172.0,0.2294,25417.0,28259.0,0.1118,179.0,28.0,-0.8436
LAURIER,3323A - PANTYLINERS,3323 - PANTYLINERS,SANITARY ADULT,1.07,1.04,-0.028,263.5,118.67,-0.5496,1.09,1.13,0.0367,15385.0,15250.0,-0.0088,16770.0,17232.0,0.0275,484.0,315.0,-0.3492
SOFTEX,3323A - PANTYLINERS,3323 - PANTYLINERS,SANITARY ADULT,1.11,1.08,-0.027,683.0,324.67,-0.5246,1.2,1.2,0.0,14373.0,14293.0,-0.0056,17248.0,17152.0,-0.0056,1135.0,810.0,-0.2863
YOONA,3323A - PANTYLINERS,3323 - PANTYLINERS,SANITARY ADULT,1.0,,,2.5,,,1.0,,,25980.0,,,25980.0,,,5.0,,
ALFAMART,3324A - ADULT DIAPERS TAPED,3324 - ADULT DIAPERS,SANITARY ADULT,1.29,1.35,0.0465,31.5,18.33,-0.4181,1.29,1.25,-0.031,52551.0,55609.0,0.0582,67791.0,69511.0,0.0254,49.0,44.0,-0.102
CERTAINTY,3324A - ADULT DIAPERS TAPED,3324 - ADULT DIAPERS,SANITARY ADULT,1.41,1.38,-0.0213,102.0,46.0,-0.549,1.76,2.23,0.267,57994.0,58132.0,0.0024,102069.0,129634.0,0.2701,116.0,62.0,-0.4655
CONFIDENCE,3324A - ADULT DIAPERS TAPED,3324 - ADULT DIAPERS,SANITARY ADULT,1.3,1.17,-0.1,118.0,38.0,-0.678,1.84,1.28,-0.3043,62239.0,56456.0,-0.0929,114520.0,72264.0,-0.369,128.0,89.0,-0.3047
LIFREE,3324A - ADULT DIAPERS TAPED,3324 - ADULT DIAPERS,SANITARY ADULT,1.48,1.34,-0.0946,116.5,51.33,-0.5594,2.4,1.95,-0.1875,88957.0,80097.0,-0.0996,213497.0,156189.0,-0.2684,97.0,79.0,-0.1856
OTO,3324A - ADULT DIAPERS TAPED,3324 - ADULT DIAPERS,SANITARY ADULT,1.24,1.37,0.1048,68.0,35.0,-0.4853,1.64,1.46,-0.1098,56789.0,62432.0,0.0994,93134.0,91151.0,-0.0213,83.0,72.0,-0.1325
ALFA,3324B - ADULT DIAPERS PANTS,3324 - ADULT DIAPERS,SANITARY ADULT,1.35,1.23,-0.0889,31.5,15.67,-0.5025,1.34,1.27,-0.0522,67897.0,56111.0,-0.1736,90982.0,71261.0,-0.2168,47.0,37.0,-0.2128
CERTAINTY,3324B - ADULT DIAPERS PANTS,3324 - ADULT DIAPERS,SANITARY ADULT,1.23,1.26,0.0244,23.5,22.0,-0.0638,1.24,1.16,-0.0645,69723.0,71053.0,0.0191,86457.0,82421.0,-0.0467,38.0,57.0,0.5
CONFIDENCE,3324B - ADULT DIAPERS PANTS,3324 - ADULT DIAPERS,SANITARY ADULT,1.41,1.38,-0.0213,192.0,97.33,-0.4931,1.73,1.47,-0.1503,101602.0,92091.0,-0.0936,175771.0,135374.0,-0.2298,222.0,199.0,-0.1036
HAPPILY,3324B - ADULT DIAPERS PANTS,3324 - ADULT DIAPERS,SANITARY ADULT,,1.0,,,1.67,,,1.25,,,58500.0,,,73125.0,,,4.0,
LIFREE,3324B - ADULT DIAPERS PANTS,3324 - ADULT DIAPERS,SANITARY ADULT,1.39,1.37,-0.0144,136.5,90.33,-0.3382,1.84,1.74,-0.0543,123878.0,124703.0,0.0067,227936.0,216983.0,-0.0481,148.0,156.0,0.0541
OTO,3324B - ADULT DIAPERS PANTS,3324 - ADULT DIAPERS,SANITARY ADULT,1.25,1.28,0.024,103.0,47.0,-0.5437,1.87,1.83,-0.0214,83077.0,86515.0,0.0414,155354.0,158322.0,0.0191,110.0,77.0,-0.3
CHARM,3325A - SANITARY NAPKINS NIGHT WINGS 5-9S,3325 - SANITARY NAPKINS NIGHT,SANITARY ADULT,1.39,1.28,-0.0791,681.5,202.33,-0.7031,1.17,1.18,0.0085,31090.0,29789.0,-0.0418,36375.0,35151.0,-0.0336,1165.0,514.0,-0.5588
LADIS,3325A - SANITARY NAPKINS NIGHT WINGS 5-9S,3325 - SANITARY NAPKINS NIGHT,SANITARY ADULT,1.63,1.42,-0.1288,108.0,41.67,-0.6142,1.49,1.36,-0.0872,19418.0,18995.0,-0.0218,28933.0,25833.0,-0.1071,145.0,92.0,-0.3655
LAURIER,3325A - SANITARY NAPKINS NIGHT WINGS 5-9S,3325 - SANITARY NAPKINS NIGHT,SANITARY ADULT,1.17,1.23,0.0513,292.5,152.67,-0.4781,1.09,1.13,0.0367,17175.0,19310.0,0.1243,18721.0,21820.0,0.1655,537.0,405.0,-0.2458
SOFTEX,3325A - SANITARY NAPKINS NIGHT WINGS 5-9S,3325 - SANITARY NAPKINS NIGHT,SANITARY ADULT,1.56,1.24,-0.2051,244.5,105.33,-0.5692,1.2,1.17,-0.025,39134.0,26320.0,-0.3274,46961.0,30794.0,-0.3443,408.0,270.0,-0.3382
YOONA,3325A - SANITARY NAPKINS NIGHT WINGS 5-9S,3325 - SANITARY NAPKINS NIGHT,SANITARY ADULT,1.0,,,1.0,,,1.0,,,32500.0,,,32500.0,,,2.0,,
CHARM,3325B - SANITARY NAPKINS NIGHT WINGS 10-20S,3325 - SANITARY NAPKINS NIGHT,SANITARY ADULT,1.15,1.1,-0.0435,1046.0,526.67,-0.4965,1.12,1.16,0.0357,24327.0,25425.0,0.0451,27246.0,29493.0,0.0825,1867.0,1357.0,-0.2732
HERS,3325B - SANITARY NAPKINS NIGHT WINGS 10-20S,3325 - SANITARY NAPKINS NIGHT,SANITARY ADULT,1.18,1.09,-0.0763,1082.0,362.33,-0.6651,1.17,1.23,0.0513,21271.0,19980.0,-0.0607,24887.0,24575.0,-0.0125,1850.0,885.0,-0.5216
LAURIER,3325B - SANITARY NAPKINS NIGHT WINGS 10-20S,3325 - SANITARY NAPKINS NIGHT,SANITARY ADULT,1.16,1.07,-0.0776,761.0,311.33,-0.5909,1.15,1.17,0.0174,25250.0,24346.0,-0.0358,29037.0,28485.0,-0.019,1326.0,799.0,-0.3974
POKANA,3325B - SANITARY NAPKINS NIGHT WINGS 10-20S,3325 - SANITARY NAPKINS NIGHT,SANITARY ADULT,1.16,1.15,-0.0086,19.0,8.67,-0.5437,1.19,1.0,-0.1597,35895.0,35769.0,-0.0035,42715.0,35769.0,-0.1626,32.0,26.0,-0.1875
SOFTEX,3325B - SANITARY NAPKINS NIGHT WINGS 10-20S,3325 - SANITARY NAPKINS NIGHT,SANITARY ADULT,1.19,1.09,-0.084,1100.5,440.33,-0.5999,1.14,1.19,0.0439,27529.0,26327.0,-0.0437,31383.0,31329.0,-0.0017,1937.0,1107.0,-0.4285
ALFAMART,4261A - CLOTHING ACCESSORIES,4261 - CLOTHING ACCESSORIES,SANITARY ADULT,1.29,1.5,0.1628,3.5,0.67,-0.8086,1.0,1.0,0.0,28729.0,27850.0,-0.0306,28729.0,27850.0,-0.0306,7.0,2.0,-0.7143
ALFAMART,5512A - LADIES PANTIES,5512 - LADIES PANTY,SANITARY ADULT,1.06,1.03,-0.0283,17.0,10.0,-0.4118,1.03,1.11,0.0777,45953.0,45630.0,-0.007,47332.0,50649.0,0.0701,33.0,27.0,-0.1818
SCORLINES,5512A - LADIES PANTIES,5512 - LADIES PANTY,SANITARY ADULT,1.12,1.08,-0.0357,46.5,17.0,-0.6344,1.08,1.04,-0.037,35265.0,34969.0,-0.0084,38086.0,36368.0,-0.0451,86.0,49.0,-0.4302
ALFAMART,5516A - MENS T-SHIRT UNDERWEAR,5516 - MEN UNDERWEAR,SANITARY ADULT,1.17,1.39,0.188,6.0,6.0,0.0,1.0,1.0,0.0,50300.0,61283.0,0.2183,50300.0,61283.0,0.2183,12.0,18.0,0.5
SCORLINES,5516A - MENS T-SHIRT UNDERWEAR,5516 - MEN UNDERWEAR,SANITARY ADULT,1.28,1.08,-0.1562,9.0,4.0,-0.5556,1.0,1.0,0.0,44928.0,37392.0,-0.1677,44928.0,37392.0,-0.1677,18.0,12.0,-0.3333
SCORLINES,5516B - MENS SINGLET UNDERWEAR,5516 - MEN UNDERWEAR,SANITARY ADULT,1.18,1.48,0.2542,5.5,7.67,0.3945,1.0,1.0,0.0,39691.0,52104.0,0.3127,39691.0,52104.0,0.3127,11.0,23.0,1.0909
ALFA,5516C - MENS PANTS UNDERWEAR,5516 - MEN UNDERWEAR,SANITARY ADULT,1.16,1.31,0.1293,28.0,17.33,-0.3811,1.0,1.02,0.02,43520.0,50548.0,0.1615,43520.0,51559.0,0.1847,56.0,51.0,-0.0893
GTMAN,5516C - MENS PANTS UNDERWEAR,5516 - MEN UNDERWEAR,SANITARY ADULT,1.05,1.0,-0.0476,11.0,9.67,-0.1209,1.0,1.04,0.04,90027.0,82972.0,-0.0784,90027.0,86291.0,-0.0415,22.0,28.0,0.2727
SCORLINES,5516C - MENS PANTS UNDERWEAR,5516 - MEN UNDERWEAR,SANITARY ADULT,1.0,,,0.5,,,1.0,,,18900.0,,,18900.0,,,1.0,,
ALFAMART,5721B - TOWEL,5721 - TOWEL,SANITARY ADULT,1.11,1.04,-0.0631,23.0,15.67,-0.3187,1.02,1.02,0.0,49935.0,54638.0,0.0942,50934.0,55731.0,0.0942,45.0,46.0,0.0222
LOVELY TERRY,5721B - TOWEL,5721 - TOWEL,SANITARY ADULT,1.06,1.24,0.1698,8.5,5.67,-0.3329,1.0,1.13,0.13,25659.0,26965.0,0.0509,25659.0,30470.0,0.1875,17.0,15.0,-0.1176
TONG GARDEN,2211A - PEANUTS 10-49G,2211 - PEANUTS,SNACK,1.09,,,58.5,,,1.17,,,9526.0,,,11145.0,,,100.0,,
YAVA,2211A - PEANUTS 10-49G,2211 - PEANUTS,SNACK,2.7,,,5.0,,,1.25,,,50590.0,,,63238.0,,,8.0,,
ALFAMART,2211B - PEANUTS 50-95G,2211 - PEANUTS,SNACK,1.16,1.19,0.0259,102.0,91.0,-0.1078,1.09,1.17,0.0734,20900.0,21062.0,0.0078,22781.0,24643.0,0.0817,188.0,233.0,0.2394
DUA KELINCI,2211B - PEANUTS 50-95G,2211 - PEANUTS,SNACK,1.18,1.09,-0.0763,94.0,40.0,-0.5745,1.32,1.09,-0.1742,10972.0,10063.0,-0.0828,14483.0,10969.0,-0.2426,142.0,110.0,-0.2254
GARUDA,2211B - PEANUTS 50-95G,2211 - PEANUTS,SNACK,1.1,1.07,-0.0273,134.5,139.67,0.0384,1.08,1.12,0.037,12338.0,11880.0,-0.0371,13325.0,13306.0,-0.0014,250.0,374.0,0.496
ALFAMART,2211C - PEANUTS 100-190G,2211 - PEANUTS,SNACK,1.18,1.15,-0.0254,323.5,266.0,-0.1777,1.14,1.2,0.0526,17715.0,17050.0,-0.0375,20195.0,20460.0,0.0131,566.0,667.0,0.1784
DUA KELINCI,2211C - PEANUTS 100-190G,2211 - PEANUTS,SNACK,1.18,1.22,0.0339,620.5,309.0,-0.502,1.18,1.12,-0.0508,15549.0,16752.0,0.0774,18348.0,18762.0,0.0226,1053.0,824.0,-0.2175
GARUDA,2211C - PEANUTS 100-190G,2211 - PEANUTS,SNACK,1.12,1.1,-0.0179,446.0,264.33,-0.4073,1.16,1.1,-0.0517,12430.0,12034.0,-0.0319,14419.0,13237.0,-0.082,768.0,719.0,-0.0638
MAYASI,2211C - PEANUTS 100-190G,2211 - PEANUTS,SNACK,1.3,,,5.0,,,1.11,,,45630.0,,,50649.0,,,9.0,,
TONG GARDEN,2211C - PEANUTS 100-190G,2211 - PEANUTS,SNACK,1.0,,,3.0,,,1.0,,,24400.0,,,24400.0,,,6.0,,
ALFAMART,2211D - PEANUTS 200-250G,2211 - PEANUTS,SNACK,1.08,1.03,-0.0463,29.5,21.33,-0.2769,1.07,1.14,0.0654,23500.0,21556.0,-0.0827,25145.0,24574.0,-0.0227,55.0,56.0,0.0182
GARUDA,2211D - PEANUTS 200-250G,2211 - PEANUTS,SNACK,1.11,1.06,-0.045,41.5,29.0,-0.3012,1.11,1.02,-0.0811,25066.0,23934.0,-0.0452,27823.0,24413.0,-0.1226,75.0,85.0,0.1333
DUA KELINCI,2211E - PEANUTS 350-500G,2211 - PEANUTS,SNACK,1.11,1.13,0.018,35.5,26.33,-0.2583,1.15,1.08,-0.0609,43208.0,44438.0,0.0285,49689.0,47993.0,-0.0341,62.0,73.0,0.1774
GARUDA,2211E - PEANUTS 350-500G,2211 - PEANUTS,SNACK,1.05,1.2,0.1429,29.5,25.0,-0.1525,1.07,1.12,0.0467,40931.0,47300.0,0.1556,43796.0,52976.0,0.2096,55.0,67.0,0.2182
CHITATO,2212A - POTATOES 10-50G,2212 - POTATOES,SNACK,1.23,1.27,0.0325,100.5,43.67,-0.5655,1.09,1.03,-0.055,9382.0,9732.0,0.0373,10226.0,10024.0,-0.0198,185.0,127.0,-0.3135
JACK'N JILL,2212A - POTATOES 10-50G,2212 - POTATOES,SNACK,1.24,1.24,0.0,183.5,47.33,-0.7421,1.13,1.04,-0.0796,8402.0,8434.0,0.0038,9494.0,8771.0,-0.0762,324.0,136.0,-0.5802
LAY'S,2212A - POTATOES 10-50G,2212 - POTATOES,SNACK,1.77,1.64,-0.0734,574.5,100.0,-0.8259,1.14,1.08,-0.0526,13286.0,12459.0,-0.0622,15146.0,13456.0,-0.1116,1005.0,278.0,-0.7234
CHITATO,2212B - POTATOES 54-85G,2212 - POTATOES,SNACK,1.27,1.44,0.1339,818.0,423.0,-0.4829,1.18,1.15,-0.0254,15696.0,17415.0,0.1095,18521.0,20027.0,0.0813,1381.0,1106.0,-0.1991
CHITATO LITE,2212B - POTATOES 54-85G,2212 - POTATOES,SNACK,1.25,1.08,-0.136,627.5,319.0,-0.4916,1.13,1.14,0.0088,15465.0,13497.0,-0.1273,17475.0,15387.0,-0.1195,1107.0,837.0,-0.2439
GARUDA,2212B - POTATOES 54-85G,2212 - POTATOES,SNACK,1.19,1.03,-0.1345,108.5,33.0,-0.6959,1.08,1.03,-0.0463,9754.0,8509.0,-0.1276,10534.0,8764.0,-0.168,201.0,96.0,-0.5224
JACK'N JILL,2212B - POTATOES 54-85G,2212 - POTATOES,SNACK,1.26,1.4,0.1111,380.0,224.67,-0.4088,1.1,1.13,0.0273,14420.0,16431.0,0.1395,15862.0,18567.0,0.1705,692.0,596.0,-0.1387
JAPOTA,2212B - POTATOES 54-85G,2212 - POTATOES,SNACK,1.19,1.16,-0.0252,751.5,457.67,-0.391,1.24,1.19,-0.0403,13236.0,13779.0,0.041,16413.0,16397.0,-0.001,1212.0,1149.0,-0.052
LAY'S,2212B - POTATOES 54-85G,2212 - POTATOES,SNACK,1.25,1.13,-0.096,423.0,104.67,-0.7526,1.11,1.08,-0.027,17441.0,15807.0,-0.0937,19360.0,17072.0,-0.1182,759.0,292.0,-0.6153
MASTER KIM,2212B - POTATOES 54-85G,2212 - POTATOES,SNACK,1.5,,,1.0,,,1.0,,,41250.0,,,41250.0,,,2.0,,
POTABEE,2212B - POTATOES 54-85G,2212 - POTATOES,SNACK,1.19,1.1,-0.0756,550.5,207.67,-0.6228,1.15,1.13,-0.0174,13218.0,12456.0,-0.0576,15201.0,14075.0,-0.0741,958.0,553.0,-0.4228
WONHAE,2212B - POTATOES 54-85G,2212 - POTATOES,SNACK,1.0,,,1.5,,,1.0,,,10500.0,,,10500.0,,,3.0,,
CHITATO,2212C - POTATOES 100-200G,2212 - POTATOES,SNACK,1.08,1.06,-0.0185,400.0,120.67,-0.6983,1.13,1.12,-0.0088,19128.0,18880.0,-0.013,21615.0,21146.0,-0.0217,708.0,323.0,-0.5438
CHITATO LITE,2212C - POTATOES 100-200G,2212 - POTATOES,SNACK,1.08,1.04,-0.037,385.5,214.0,-0.4449,1.15,1.09,-0.0522,19018.0,18414.0,-0.0318,21871.0,20071.0,-0.0823,668.0,587.0,-0.1213
JACK'N JILL,2212C - POTATOES 100-200G,2212 - POTATOES,SNACK,1.08,1.17,0.0833,385.5,254.67,-0.3394,1.16,1.11,-0.0431,16854.0,18810.0,0.1161,19551.0,20879.0,0.0679,665.0,691.0,0.0391
JAPOTA,2212C - POTATOES 100-200G,2212 - POTATOES,SNACK,1.04,1.03,-0.0096,178.0,89.67,-0.4962,1.09,1.04,-0.0459,16618.0,16558.0,-0.0036,18114.0,17220.0,-0.0494,327.0,258.0,-0.211
LAY'S,2212C - POTATOES 100-200G,2212 - POTATOES,SNACK,,1.1,,,57.33,,,1.04,,,21106.0,,,21950.0,,,165.0,
POTABEE,2212C - POTATOES 100-200G,2212 - POTATOES,SNACK,1.08,1.08,0.0,179.5,164.0,-0.0864,1.07,1.09,0.0187,17400.0,17136.0,-0.0152,18618.0,18678.0,0.0032,336.0,450.0,0.3393
CHITATO LITE,2212D - POTATOES CAN,2212 - POTATOES,SNACK,1.04,1.22,0.1731,28.0,38.33,0.3689,1.06,1.06,0.0,29371.0,34537.0,0.1759,31133.0,36609.0,0.1759,53.0,108.0,1.0377
LAY'S,2212D - POTATOES CAN,2212 - POTATOES,SNACK,1.38,1.26,-0.087,218.5,27.0,-0.8764,1.1,1.04,-0.0545,32816.0,30438.0,-0.0725,36098.0,31656.0,-0.1231,399.0,78.0,-0.8045
MR.POTATO,2212D - POTATOES CAN,2212 - POTATOES,SNACK,1.22,1.16,-0.0492,514.0,229.0,-0.5545,1.16,1.19,0.0259,23574.0,19556.0,-0.1704,27346.0,23272.0,-0.149,888.0,578.0,-0.3491
PRINGLES,2212D - POTATOES CAN,2212 - POTATOES,SNACK,1.38,1.18,-0.1449,580.0,325.0,-0.4397,1.19,1.18,-0.0084,32581.0,26032.0,-0.201,38771.0,30718.0,-0.2077,973.0,828.0,-0.149
EVYNA,2213B - EXTRUDED & PELLET 20-49G,2213 - EXTRUDED & PELLET,SNACK,1.0,,,0.5,,,1.0,,,22500.0,,,22500.0,,,1.0,,
FRENCH FRIES 2000,2213B - EXTRUDED & PELLET 20-49G,2213 - EXTRUDED & PELLET,SNACK,1.34,1.93,0.4403,292.0,226.67,-0.2237,1.15,1.14,-0.0087,6499.0,9580.0,0.4741,7474.0,10921.0,0.4612,507.0,594.0,0.1716
GEMEZ,2213B - EXTRUDED & PELLET 20-49G,2213 - EXTRUDED & PELLET,SNACK,1.58,2.59,0.6392,1024.0,117.67,-0.8851,1.13,1.12,-0.0088,3687.0,5640.0,0.5297,4166.0,6317.0,0.5163,1808.0,316.0,-0.8252
KRICE,2213B - EXTRUDED & PELLET 20-49G,2213 - EXTRUDED & PELLET,SNACK,1.18,1.14,-0.0339,131.0,64.0,-0.5115,1.21,1.07,-0.1157,15253.0,14850.0,-0.0264,18456.0,15890.0,-0.139,217.0,180.0,-0.1705
SMAX,2213B - EXTRUDED & PELLET 20-49G,2213 - EXTRUDED & PELLET,SNACK,1.37,1.18,-0.1387,215.0,114.0,-0.4698,1.18,1.12,-0.0508,7857.0,6876.0,-0.1249,9271.0,7701.0,-0.1693,363.0,304.0,-0.1625
TARO,2213B - EXTRUDED & PELLET 20-49G,2213 - EXTRUDED & PELLET,SNACK,1.23,1.22,-0.0081,271.0,193.33,-0.2866,1.16,1.16,0.0,7466.0,7461.0,-0.0007,8661.0,8655.0,-0.0007,466.0,501.0,0.0751
YAVA,2213B - EXTRUDED & PELLET 20-49G,2213 - EXTRUDED & PELLET,SNACK,4.0,,,5.0,,,1.43,,,35380.0,,,50593.0,,,7.0,,
ALFA,2213C - EXTRUDED & PELLET 50-95G,2213 - EXTRUDED & PELLET,SNACK,,1.05,,,50.67,,,1.17,,,6034.0,,,7060.0,,,130.0,
ALFAMART,2213C - EXTRUDED & PELLET 50-95G,2213 - EXTRUDED & PELLET,SNACK,1.22,1.16,-0.0492,367.5,180.67,-0.5084,1.21,1.15,-0.0496,7679.0,6788.0,-0.116,9292.0,7806.0,-0.1599,608.0,471.0,-0.2253
AMERO,2213C - EXTRUDED & PELLET 50-95G,2213 - EXTRUDED & PELLET,SNACK,,1.21,,,71.33,,,1.07,,,10771.0,,,11525.0,,,200.0,
BIN BIN,2213C - EXTRUDED & PELLET 50-95G,2213 - EXTRUDED & PELLET,SNACK,1.07,,,7.0,,,1.08,,,18750.0,,,20250.0,,,13.0,,
BONCABE,2213C - EXTRUDED & PELLET 50-95G,2213 - EXTRUDED & PELLET,SNACK,1.08,1.0,-0.0741,13.0,0.33,-0.9746,1.0,1.0,0.0,8077.0,7700.0,-0.0467,8077.0,7700.0,-0.0467,26.0,1.0,-0.9615
CEM-CEM,2213C - EXTRUDED & PELLET 50-95G,2213 - EXTRUDED & PELLET,SNACK,1.23,1.35,0.0976,205.0,183.33,-0.1057,1.11,1.15,0.036,8696.0,9296.0,0.069,9653.0,10690.0,0.1074,369.0,478.0,0.2954
CHEETOS,2213C - EXTRUDED & PELLET 50-95G,2213 - EXTRUDED & PELLET,SNACK,1.56,1.51,-0.0321,708.0,170.33,-0.7594,1.2,1.1,-0.0833,14059.0,12651.0,-0.1001,16871.0,13916.0,-0.1752,1179.0,464.0,-0.6064
CHIKI,2213C - EXTRUDED & PELLET 50-95G,2213 - EXTRUDED & PELLET,SNACK,1.48,1.15,-0.223,1303.5,422.0,-0.6763,1.23,1.16,-0.0569,10410.0,8307.0,-0.202,12804.0,9636.0,-0.2474,2124.0,1092.0,-0.4859
DUA KELINCI,2213C - EXTRUDED & PELLET 50-95G,2213 - EXTRUDED & PELLET,SNACK,1.24,1.19,-0.0403,667.5,444.33,-0.3343,1.16,1.12,-0.0345,9672.0,8915.0,-0.0783,11220.0,9985.0,-0.1101,1147.0,1193.0,0.0401
FINNA,2213C - EXTRUDED & PELLET 50-95G,2213 - EXTRUDED & PELLET,SNACK,2.0,,,0.5,,,1.0,,,23000.0,,,23000.0,,,1.0,,
FRENCH FRIES 2000,2213C - EXTRUDED & PELLET 50-95G,2213 - EXTRUDED & PELLET,SNACK,1.16,1.21,0.0431,754.5,530.33,-0.2971,1.17,1.16,-0.0085,10670.0,10783.0,0.0106,12484.0,12508.0,0.0019,1291.0,1366.0,0.0581
GARUDA,2213C - EXTRUDED & PELLET 50-95G,2213 - EXTRUDED & PELLET,SNACK,1.15,1.18,0.0261,200.0,98.67,-0.5066,1.16,1.07,-0.0776,8605.0,8545.0,-0.007,9982.0,9143.0,-0.0841,345.0,276.0,-0.2
GERY,2213C - EXTRUDED & PELLET 50-95G,2213 - EXTRUDED & PELLET,SNACK,,1.11,,,15.67,,,1.02,,,10511.0,,,10721.0,,,46.0,
GURIBEE,2213C - EXTRUDED & PELLET 50-95G,2213 - EXTRUDED & PELLET,SNACK,1.49,1.23,-0.1745,679.0,294.67,-0.566,1.17,1.11,-0.0513,12639.0,10616.0,-0.1601,14788.0,11784.0,-0.2031,1164.0,793.0,-0.3187
JACK'N JILL,2213C - EXTRUDED & PELLET 50-95G,2213 - EXTRUDED & PELLET,SNACK,1.28,1.18,-0.0781,100.5,3.67,-0.9635,1.07,1.0,-0.0654,10951.0,10091.0,-0.0785,11718.0,10091.0,-0.1388,188.0,11.0,-0.9415
JETZ,2213C - EXTRUDED & PELLET 50-95G,2213 - EXTRUDED & PELLET,SNACK,1.13,1.11,-0.0177,412.0,132.0,-0.6796,1.18,1.09,-0.0763,7888.0,7775.0,-0.0143,9308.0,8475.0,-0.0895,697.0,363.0,-0.4792
KRICE,2213C - EXTRUDED & PELLET 50-95G,2213 - EXTRUDED & PELLET,SNACK,1.0,,,5.0,,,1.0,,,11500.0,,,11500.0,,,10.0,,
KRISBEE,2213C - EXTRUDED & PELLET 50-95G,2213 - EXTRUDED & PELLET,SNACK,1.53,1.11,-0.2745,146.0,46.33,-0.6827,1.18,1.14,-0.0339,12413.0,9135.0,-0.2641,14647.0,10414.0,-0.289,247.0,122.0,-0.5061
MOMOGI,2213C - EXTRUDED & PELLET 50-95G,2213 - EXTRUDED & PELLET,SNACK,1.0,,,2.5,,,1.0,,,9000.0,,,9000.0,,,5.0,,
MONDE,2213C - EXTRUDED & PELLET 50-95G,2213 - EXTRUDED & PELLET,SNACK,1.2,1.18,-0.0167,378.5,166.0,-0.5614,1.19,1.12,-0.0588,6493.0,6437.0,-0.0086,7727.0,7209.0,-0.067,638.0,444.0,-0.3041
NABATI,2213C - EXTRUDED & PELLET 50-95G,2213 - EXTRUDED & PELLET,SNACK,1.33,,,13.5,,,1.12,,,8022.0,,,8985.0,,,24.0,,
NARAYA,2213C - EXTRUDED & PELLET 50-95G,2213 - EXTRUDED & PELLET,SNACK,1.0,,,1.5,,,1.0,,,12933.0,,,12933.0,,,3.0,,
OISHI,2213C - EXTRUDED & PELLET 50-95G,2213 - EXTRUDED & PELLET,SNACK,1.17,1.1,-0.0598,410.5,152.0,-0.6297,1.1,1.06,-0.0364,9912.0,9673.0,-0.0241,10903.0,10253.0,-0.0596,744.0,429.0,-0.4234
ORIENTAL,2213C - EXTRUDED & PELLET 50-95G,2213 - EXTRUDED & PELLET,SNACK,1.33,,,4.5,,,1.12,,,16822.0,,,18841.0,,,8.0,,
PAMMA,2213C - EXTRUDED & PELLET 50-95G,2213 - EXTRUDED & PELLET,SNACK,1.38,,,8.0,,,1.0,,,37238.0,,,37238.0,,,16.0,,
QTELA,2213C - EXTRUDED & PELLET 50-95G,2213 - EXTRUDED & PELLET,SNACK,1.34,1.19,-0.1119,238.5,107.0,-0.5514,1.2,1.15,-0.0417,12053.0,10877.0,-0.0976,14464.0,12509.0,-0.1352,398.0,280.0,-0.2965
RICHEESE,2213C - EXTRUDED & PELLET 50-95G,2213 - EXTRUDED & PELLET,SNACK,,1.06,,,11.33,,,1.06,,,10588.0,,,11223.0,,,32.0,
SHINMAI,2213C - EXTRUDED & PELLET 50-95G,2213 - EXTRUDED & PELLET,SNACK,2.2,,,2.5,,,1.0,,,31020.0,,,31020.0,,,5.0,,
SIIP,2213C - EXTRUDED & PELLET 50-95G,2213 - EXTRUDED & PELLET,SNACK,,2.11,,,6.0,,,1.12,,,47500.0,,,53200.0,,,16.0,
SIMBA,2213C - EXTRUDED & PELLET 50-95G,2213 - EXTRUDED & PELLET,SNACK,1.38,,,4.0,,,1.33,,,14712.0,,,19567.0,,,6.0,,
TARO,2213C - EXTRUDED & PELLET 50-95G,2213 - EXTRUDED & PELLET,SNACK,2.2,1.12,-0.4909,729.5,216.0,-0.7039,1.14,1.08,-0.0526,20017.0,10367.0,-0.4821,22819.0,11196.0,-0.5094,1284.0,599.0,-0.5335
TIC TIC,2213C - EXTRUDED & PELLET 50-95G,2213 - EXTRUDED & PELLET,SNACK,1.08,1.06,-0.0185,140.5,99.0,-0.2954,1.12,1.1,-0.0179,9187.0,9202.0,0.0016,10289.0,10122.0,-0.0162,251.0,271.0,0.0797
TWISTKO,2213C - EXTRUDED & PELLET 50-95G,2213 - EXTRUDED & PELLET,SNACK,1.07,1.08,0.0093,104.5,59.67,-0.429,1.03,1.06,0.0291,9586.0,9669.0,0.0087,9874.0,10249.0,0.038,202.0,169.0,-0.1634
WONHAE,2213C - EXTRUDED & PELLET 50-95G,2213 - EXTRUDED & PELLET,SNACK,1.18,1.18,0.0,858.5,1079.0,0.2568,1.19,1.27,0.0672,11829.0,11950.0,0.0102,14077.0,15176.0,0.0781,1442.0,2542.0,0.7628
YAVA,2213C - EXTRUDED & PELLET 50-95G,2213 - EXTRUDED & PELLET,SNACK,1.14,,,24.5,,,1.23,,,12529.0,,,15411.0,,,40.0,,
BONCABE,2213D - EXTRUDED & PELLET >100G,2213 - EXTRUDED & PELLET,SNACK,1.08,1.04,-0.037,310.5,112.33,-0.6382,1.16,1.09,-0.0603,12128.0,11794.0,-0.0275,14068.0,12855.0,-0.0862,536.0,309.0,-0.4235
CALBEE,2213D - EXTRUDED & PELLET >100G,2213 - EXTRUDED & PELLET,SNACK,1.04,,,12.0,,,1.0,,,15625.0,,,15625.0,,,24.0,,
CHEETOS,2213D - EXTRUDED & PELLET >100G,2213 - EXTRUDED & PELLET,SNACK,1.26,1.1,-0.127,567.5,242.67,-0.5724,1.27,1.13,-0.1102,16405.0,14145.0,-0.1378,20834.0,15984.0,-0.2328,895.0,643.0,-0.2816
CHIKI,2213D - EXTRUDED & PELLET >100G,2213 - EXTRUDED & PELLET,SNACK,1.08,1.04,-0.037,66.5,96.33,0.4486,1.15,1.05,-0.087,25091.0,16597.0,-0.3385,28855.0,17427.0,-0.396,116.0,274.0,1.3621
CHUBA,2213D - EXTRUDED & PELLET >100G,2213 - EXTRUDED & PELLET,SNACK,1.54,1.5,-0.026,35.5,0.67,-0.9811,1.16,1.0,-0.1379,23034.0,22500.0,-0.0232,26719.0,22500.0,-0.1579,61.0,2.0,-0.9672
DUA KELINCI,2213D - EXTRUDED & PELLET >100G,2213 - EXTRUDED & PELLET,SNACK,1.4,,,7.5,,,1.15,,,14833.0,,,17058.0,,,13.0,,
FRENCH FRIES 2000,2213D - EXTRUDED & PELLET >100G,2213 - EXTRUDED & PELLET,SNACK,1.09,1.07,-0.0183,281.0,274.0,-0.0249,1.1,1.12,0.0182,19391.0,19002.0,-0.0201,21330.0,21282.0,-0.0023,509.0,734.0,0.442
GERY,2213D - EXTRUDED & PELLET >100G,2213 - EXTRUDED & PELLET,SNACK,1.11,1.07,-0.036,104.0,20.33,-0.8045,1.14,1.03,-0.0965,11490.0,11469.0,-0.0018,13099.0,11813.0,-0.0982,183.0,59.0,-0.6776
HOTTEST,2213D - EXTRUDED & PELLET >100G,2213 - EXTRUDED & PELLET,SNACK,1.2,,,2.5,,,1.0,,,11880.0,,,11880.0,,,5.0,,
JACK'N JILL,2213D - EXTRUDED & PELLET >100G,2213 - EXTRUDED & PELLET,SNACK,1.28,,,34.0,,,1.11,,,19191.0,,,21302.0,,,61.0,,
KRICE,2213D - EXTRUDED & PELLET >100G,2213 - EXTRUDED & PELLET,SNACK,1.2,,,2.5,,,1.0,,,26760.0,,,26760.0,,,5.0,,
MAMEE,2213D - EXTRUDED & PELLET >100G,2213 - EXTRUDED & PELLET,SNACK,1.67,,,10.5,,,1.4,,,29833.0,,,41766.0,,,15.0,,
MOMOGI,2213D - EXTRUDED & PELLET >100G,2213 - EXTRUDED & PELLET,SNACK,1.41,,,8.5,,,1.0,,,17200.0,,,17200.0,,,17.0,,
OISHI,2213D - EXTRUDED & PELLET >100G,2213 - EXTRUDED & PELLET,SNACK,1.13,1.1,-0.0265,877.5,510.0,-0.4188,1.14,1.15,0.0088,16057.0,16090.0,0.0021,18305.0,18504.0,0.0109,1540.0,1334.0,-0.1338
SUKI,2213D - EXTRUDED & PELLET >100G,2213 - EXTRUDED & PELLET,SNACK,1.14,1.13,-0.0088,116.5,79.67,-0.3161,1.14,1.12,-0.0175,11003.0,11018.0,0.0014,12543.0,12340.0,-0.0162,205.0,213.0,0.039
SUPERCORN,2213D - EXTRUDED & PELLET >100G,2213 - EXTRUDED & PELLET,SNACK,1.4,,,2.5,,,1.0,,,30660.0,,,30660.0,,,5.0,,
TARO,2213D - EXTRUDED & PELLET >100G,2213 - EXTRUDED & PELLET,SNACK,1.09,1.04,-0.0459,287.0,222.67,-0.2241,1.1,1.1,0.0,17331.0,16400.0,-0.0537,19064.0,18040.0,-0.0537,522.0,607.0,0.1628
TWISTKO,2213D - EXTRUDED & PELLET >100G,2213 - EXTRUDED & PELLET,SNACK,1.09,1.03,-0.055,94.0,52.33,-0.4433,1.04,1.04,0.0,17902.0,17751.0,-0.0084,18618.0,18461.0,-0.0084,180.0,151.0,-0.1611
ALFAMART,2214A - TRADITIONAL CHIPS,2214 - TRADITIONAL SNACK,SNACK,1.07,1.06,-0.0093,94.5,84.33,-0.1076,1.24,1.11,-0.1048,16279.0,15528.0,-0.0461,20186.0,17236.0,-0.1461,153.0,228.0,0.4902
EVYNA,2214A - TRADITIONAL CHIPS,2214 - TRADITIONAL SNACK,SNACK,1.0,,,1.5,,,1.0,,,30900.0,,,30900.0,,,3.0,,
FLIPPER,2214A - TRADITIONAL CHIPS,2214 - TRADITIONAL SNACK,SNACK,1.09,1.0,-0.0826,11.5,11.33,-0.0148,1.0,1.1,0.1,23352.0,21274.0,-0.089,23352.0,23401.0,0.0021,23.0,31.0,0.3478
NURANING,2214A - TRADITIONAL CHIPS,2214 - TRADITIONAL SNACK,SNACK,1.0,1.0,0.0,2.5,0.67,-0.732,1.0,1.0,0.0,14000.0,14000.0,0.0,14000.0,14000.0,0.0,5.0,2.0,-0.6
WIJAYA,2214A - TRADITIONAL CHIPS,2214 - TRADITIONAL SNACK,SNACK,1.0,1.0,0.0,1.5,0.67,-0.5533,1.5,1.0,-0.3333,15500.0,15500.0,0.0,23250.0,15500.0,-0.3333,2.0,2.0,0.0
ALFAMART,2214B - TRADITIONAL CAKE,2214 - TRADITIONAL SNACK,SNACK,1.05,1.05,0.0,9.5,13.67,0.4389,1.06,1.11,0.0472,17126.0,17141.0,0.0009,18154.0,19027.0,0.0481,18.0,37.0,1.0556
ANGGA WIJAYA,2214B - TRADITIONAL CAKE,2214 - TRADITIONAL SNACK,SNACK,1.0,,,0.5,,,1.0,,,16000.0,,,16000.0,,,1.0,,
ASPPOBA,2214B - TRADITIONAL CAKE,2214 - TRADITIONAL SNACK,SNACK,1.0,1.0,0.0,4.5,4.67,0.0378,1.0,1.08,0.08,22856.0,23729.0,0.0382,22856.0,25627.0,0.1212,9.0,13.0,0.4444
BAGELEN,2214B - TRADITIONAL CAKE,2214 - TRADITIONAL SNACK,SNACK,1.92,,,6.5,,,1.62,,,31154.0,,,50469.0,,,8.0,,
HOLYMAS,2214B - TRADITIONAL CAKE,2214 - TRADITIONAL SNACK,SNACK,1.0,1.0,0.0,9.5,4.33,-0.5442,1.12,1.08,-0.0357,10500.0,10500.0,0.0,11760.0,11340.0,-0.0357,17.0,12.0,-0.2941
KARTIKA TOAST,2214B - TRADITIONAL CAKE,2214 - TRADITIONAL SNACK,SNACK,1.17,,,3.0,,,1.0,,,12733.0,,,12733.0,,,6.0,,
NADESHA,2214B - TRADITIONAL CAKE,2214 - TRADITIONAL SNACK,SNACK,1.02,1.1,0.0784,29.0,6.67,-0.77,1.05,1.0,-0.0476,10281.0,11135.0,0.0831,10795.0,11135.0,0.0315,55.0,20.0,-0.6364
PAROTI,2214B - TRADITIONAL CAKE,2214 - TRADITIONAL SNACK,SNACK,1.16,1.18,0.0172,71.5,37.0,-0.4825,1.13,1.08,-0.0442,21858.0,24713.0,0.1306,24700.0,26690.0,0.0806,126.0,103.0,-0.1825
PROBITAS,2214B - TRADITIONAL CAKE,2214 - TRADITIONAL SNACK,SNACK,1.0,1.0,0.0,0.5,1.0,1.0,1.0,1.0,0.0,45200.0,75200.0,0.6637,45200.0,75200.0,0.6637,1.0,3.0,2.0
ALFAMART,2214C - TRADITIONAL CRACKERS,2214 - TRADITIONAL SNACK,SNACK,1.06,1.09,0.0283,279.5,167.67,-0.4001,1.15,1.18,0.0261,13265.0,11966.0,-0.0979,15255.0,14120.0,-0.0744,486.0,425.0,-0.1255
ANGO,2214C - TRADITIONAL CRACKERS,2214 - TRADITIONAL SNACK,SNACK,1.18,1.25,0.0593,5.5,1.33,-0.7582,1.38,1.0,-0.2754,17136.0,18175.0,0.0606,23648.0,18175.0,-0.2314,8.0,4.0,-0.5
ANING,2214C - TRADITIONAL CRACKERS,2214 - TRADITIONAL SNACK,SNACK,1.0,1.0,0.0,1.0,3.0,2.0,1.0,1.12,0.12,14500.0,14500.0,0.0,14500.0,16240.0,0.12,2.0,8.0,3.0
DUA PUTRI,2214C - TRADITIONAL CRACKERS,2214 - TRADITIONAL SNACK,SNACK,,1.0,,,0.67,,,1.0,,,23500.0,,,23500.0,,,2.0,
FINNA,2214C - TRADITIONAL CRACKERS,2214 - TRADITIONAL SNACK,SNACK,1.38,1.15,-0.1667,85.5,35.0,-0.5906,1.29,1.24,-0.0388,10842.0,9146.0,-0.1564,13986.0,11341.0,-0.1891,133.0,85.0,-0.3609
NY.LIE LIE,2214C - TRADITIONAL CRACKERS,2214 - TRADITIONAL SNACK,SNACK,1.04,1.06,0.0192,48.0,23.67,-0.5069,1.14,1.18,0.0351,12586.0,12623.0,0.0029,14348.0,14895.0,0.0381,84.0,60.0,-0.2857
YUUKA,2214C - TRADITIONAL CRACKERS,2214 - TRADITIONAL SNACK,SNACK,1.0,,,1.0,,,1.0,,,30200.0,,,30200.0,,,2.0,,
ALFAMART,2214D - TRADITIONAL CRISPY SNACK,2214 - TRADITIONAL SNACK,SNACK,1.14,1.13,-0.0088,885.0,511.33,-0.4222,1.22,1.23,0.0082,16410.0,16220.0,-0.0116,20020.0,19951.0,-0.0034,1453.0,1247.0,-0.1418
ARIES,2214D - TRADITIONAL CRISPY SNACK,2214 - TRADITIONAL SNACK,SNACK,1.0,1.0,0.0,0.5,0.33,-0.34,1.0,1.0,0.0,16000.0,16000.0,0.0,16000.0,16000.0,0.0,1.0,1.0,0.0
EVYNA,2214D - TRADITIONAL CRISPY SNACK,2214 - TRADITIONAL SNACK,SNACK,1.0,,,0.5,,,1.0,,,38400.0,,,38400.0,,,1.0,,
GELI CHIPS,2214D - TRADITIONAL CRISPY SNACK,2214 - TRADITIONAL SNACK,SNACK,1.0,,,1.0,,,1.0,,,11500.0,,,11500.0,,,2.0,,
JEMPOL AE,2214D - TRADITIONAL CRISPY SNACK,2214 - TRADITIONAL SNACK,SNACK,1.0,1.0,0.0,1.0,0.33,-0.67,1.0,1.0,0.0,17000.0,17000.0,0.0,17000.0,17000.0,0.0,2.0,1.0,-0.5
KATA OMA,2214D - TRADITIONAL CRISPY SNACK,2214 - TRADITIONAL SNACK,SNACK,1.27,1.26,-0.0079,115.0,22.0,-0.8087,1.24,1.18,-0.0484,17972.0,17797.0,-0.0097,22285.0,21000.0,-0.0577,186.0,56.0,-0.6989
LAHAP BARENG,2214D - TRADITIONAL CRISPY SNACK,2214 - TRADITIONAL SNACK,SNACK,1.67,,,1.5,,,1.0,,,54067.0,,,54067.0,,,3.0,,
NGR,2214D - TRADITIONAL CRISPY SNACK,2214 - TRADITIONAL SNACK,SNACK,1.0,1.0,0.0,1.0,1.67,0.67,1.0,1.25,0.25,14200.0,14200.0,0.0,14200.0,17750.0,0.25,2.0,4.0,1.0
PAMMA,2214D - TRADITIONAL CRISPY SNACK,2214 - TRADITIONAL SNACK,SNACK,1.0,,,2.5,,,1.0,,,9060.0,,,9060.0,,,5.0,,
RASA JUARA,2214D - TRADITIONAL CRISPY SNACK,2214 - TRADITIONAL SNACK,SNACK,1.0,,,1.0,,,1.0,,,20250.0,,,20250.0,,,2.0,,
ALFAMART,2214E - TRADITIONAL FRUIT & VEGE SNACK,2214 - TRADITIONAL SNACK,SNACK,1.05,1.07,0.019,119.0,45.33,-0.6191,1.12,1.07,-0.0446,17873.0,17875.0,0.0001,20018.0,19126.0,-0.0446,212.0,127.0,-0.4009
CHALICA,2214E - TRADITIONAL FRUIT & VEGE SNACK,2214 - TRADITIONAL SNACK,SNACK,1.0,1.0,0.0,0.5,0.67,0.34,1.0,1.0,0.0,17500.0,17500.0,0.0,17500.0,17500.0,0.0,1.0,2.0,1.0
CHEF FARIDA,2214E - TRADITIONAL FRUIT & VEGE SNACK,2214 - TRADITIONAL SNACK,SNACK,,1.0,,,0.67,,,1.0,,,12000.0,,,12000.0,,,2.0,
MEKAR ABADI,2214E - TRADITIONAL FRUIT & VEGE SNACK,2214 - TRADITIONAL SNACK,SNACK,1.03,1.16,0.1262,14.5,25.67,0.7703,1.04,1.17,0.125,14090.0,15869.0,0.1263,14654.0,18567.0,0.267,28.0,66.0,1.3571
PURWODADI,2214E - TRADITIONAL FRUIT & VEGE SNACK,2214 - TRADITIONAL SNACK,SNACK,1.05,1.0,-0.0476,10.5,8.67,-0.1743,1.31,1.0,-0.2366,16448.0,15700.0,-0.0455,21547.0,15700.0,-0.2714,16.0,26.0,0.625
RILASA,2214E - TRADITIONAL FRUIT & VEGE SNACK,2214 - TRADITIONAL SNACK,SNACK,,1.0,,,0.33,,,1.0,,,14800.0,,,14800.0,,,1.0,
ALFAMART,2214F - TRADITIONAL NUTS,2214 - TRADITIONAL SNACK,SNACK,1.1,1.09,-0.0091,54.0,54.0,0.0,1.1,1.17,0.0636,16640.0,14989.0,-0.0992,18304.0,17537.0,-0.0419,98.0,138.0,0.4082
FUZO,2214F - TRADITIONAL NUTS,2214 - TRADITIONAL SNACK,SNACK,1.12,1.12,0.0,128.5,45.33,-0.6472,1.14,1.21,0.0614,18623.0,18830.0,0.0111,21230.0,22784.0,0.0732,225.0,112.0,-0.5022
REBO,2214F - TRADITIONAL NUTS,2214 - TRADITIONAL SNACK,SNACK,1.11,1.18,0.0631,307.0,225.67,-0.2649,1.15,1.15,0.0,19201.0,20343.0,0.0595,22081.0,23394.0,0.0595,532.0,591.0,0.1109
TONG GARDEN,2214F - TRADITIONAL NUTS,2214 - TRADITIONAL SNACK,SNACK,4.67,,,3.0,,,1.0,,,35567.0,,,35567.0,,,6.0,,
ANEKA RASA,2214G - TRADITIONAL STICK,2214 - TRADITIONAL SNACK,SNACK,1.0,1.0,0.0,4.0,3.0,-0.25,2.0,1.12,-0.44,19525.0,19522.0,-0.0002,39050.0,21865.0,-0.4401,4.0,8.0,1.0
EVYNA,2214G - TRADITIONAL STICK,2214 - TRADITIONAL SNACK,SNACK,1.0,,,1.5,,,1.0,,,34400.0,,,34400.0,,,3.0,,
FLIPPER,2214G - TRADITIONAL STICK,2214 - TRADITIONAL SNACK,SNACK,1.1,1.1,0.0,5.0,7.0,0.4,1.11,1.11,0.0,19580.0,20110.0,0.0271,21734.0,22322.0,0.0271,9.0,19.0,1.1111
INDAH RASA,2214G - TRADITIONAL STICK,2214 - TRADITIONAL SNACK,SNACK,1.11,1.1,-0.009,27.0,27.0,0.0,1.08,1.12,0.037,17222.0,17031.0,-0.0111,18600.0,19075.0,0.0255,50.0,72.0,0.44
LIDI GELI,2214G - TRADITIONAL STICK,2214 - TRADITIONAL SNACK,SNACK,1.31,1.34,0.0229,60.0,36.33,-0.3945,1.28,1.22,-0.0469,13089.0,13454.0,0.0279,16754.0,16414.0,-0.0203,94.0,89.0,-0.0532
PIA 100,2214H - TRADITIONAL SWEET TOFFEE,2214 - TRADITIONAL SNACK,SNACK,1.0,,,0.5,,,1.0,,,16200.0,,,16200.0,,,1.0,,
ALFAMART,2215A - CASSAVA 40-80G,2215 - CASSAVA,SNACK,1.16,1.27,0.0948,40.5,20.67,-0.4896,1.04,1.07,0.0288,10821.0,12811.0,0.1839,11254.0,13708.0,0.2181,78.0,58.0,-0.2564
CHUBA,2215A - CASSAVA 40-80G,2215 - CASSAVA,SNACK,1.07,1.12,0.0467,7.5,18.67,1.4893,1.0,1.06,0.06,9493.0,10254.0,0.0802,9493.0,10869.0,0.1449,15.0,53.0,2.5333
FINNA,2215A - CASSAVA 40-80G,2215 - CASSAVA,SNACK,1.0,,,2.0,,,1.0,,,11500.0,,,11500.0,,,4.0,,
KUSUKA,2215A - CASSAVA 40-80G,2215 - CASSAVA,SNACK,1.28,1.25,-0.0234,548.5,247.67,-0.5485,1.17,1.15,-0.0171,9494.0,9693.0,0.021,11108.0,11147.0,0.0035,937.0,645.0,-0.3116
LEMONILO,2215A - CASSAVA 40-80G,2215 - CASSAVA,SNACK,1.21,1.12,-0.0744,368.5,273.0,-0.2592,1.13,1.19,0.0531,11856.0,11808.0,-0.004,13397.0,14052.0,0.0489,653.0,686.0,0.0505
QTELA,2215A - CASSAVA 40-80G,2215 - CASSAVA,SNACK,1.13,1.15,0.0177,166.5,105.0,-0.3694,1.14,1.06,-0.0702,8828.0,8846.0,0.002,10064.0,9377.0,-0.0683,292.0,296.0,0.0137
SUNPRIDE,2215A - CASSAVA 40-80G,2215 - CASSAVA,SNACK,1.15,1.36,0.1826,17.0,15.0,-0.1176,1.21,1.0,-0.1736,11688.0,14200.0,0.2149,14142.0,14200.0,0.0041,28.0,45.0,0.6071
THALASA,2215A - CASSAVA 40-80G,2215 - CASSAVA,SNACK,2.0,,,1.0,,,1.0,,,18400.0,,,18400.0,,,2.0,,
WRP,2215A - CASSAVA 40-80G,2215 - CASSAVA,SNACK,1.17,,,3.0,,,1.0,,,20483.0,,,20483.0,,,6.0,,
CHUBA,2215B - CASSAVA 100-190G,2215 - CASSAVA,SNACK,1.21,1.1,-0.0909,428.5,150.33,-0.6492,1.24,1.1,-0.1129,15806.0,14667.0,-0.0721,19599.0,16134.0,-0.1768,691.0,411.0,-0.4052
KUSUKA,2215B - CASSAVA 100-190G,2215 - CASSAVA,SNACK,1.19,1.08,-0.0924,434.0,137.33,-0.6836,1.18,1.1,-0.0678,19884.0,19157.0,-0.0366,23463.0,21073.0,-0.1019,734.0,374.0,-0.4905
MAICIH,2215B - CASSAVA 100-190G,2215 - CASSAVA,SNACK,1.33,,,3.0,,,1.2,,,28000.0,,,33600.0,,,5.0,,
QTELA,2215B - CASSAVA 100-190G,2215 - CASSAVA,SNACK,1.05,1.05,0.0,169.5,118.67,-0.2999,1.09,1.08,-0.0092,18173.0,18308.0,0.0074,19809.0,19773.0,-0.0018,311.0,329.0,0.0579
ALFA,2216A - SEAWEED 3-10G,2216 - SEAWEED,SNACK,1.51,1.4,-0.0728,245.0,92.0,-0.6245,1.15,1.16,0.0087,6328.0,5763.0,-0.0893,7277.0,6685.0,-0.0814,426.0,238.0,-0.4413
ALFAMART,2216A - SEAWEED 3-10G,2216 - SEAWEED,SNACK,1.12,1.14,0.0179,197.5,131.0,-0.3367,1.21,1.26,0.0413,14987.0,13763.0,-0.0817,18134.0,17341.0,-0.0437,326.0,312.0,-0.0429
BIBIGO,2216A - SEAWEED 3-10G,2216 - SEAWEED,SNACK,1.24,1.16,-0.0645,197.0,49.67,-0.7479,1.32,1.18,-0.1061,12395.0,12895.0,0.0403,16361.0,15216.0,-0.07,299.0,126.0,-0.5786
JOA-YO,2216A - SEAWEED 3-10G,2216 - SEAWEED,SNACK,,1.59,,,93.33,,,1.15,,,7559.0,,,8693.0,,,243.0,
MAMA SUKA,2216A - SEAWEED 3-10G,2216 - SEAWEED,SNACK,1.38,1.23,-0.1087,628.5,307.0,-0.5115,1.17,1.24,0.0598,22923.0,20853.0,-0.0903,26820.0,25858.0,-0.0359,1072.0,744.0,-0.306
PALDO,2216A - SEAWEED 3-10G,2216 - SEAWEED,SNACK,1.07,1.08,0.0093,49.5,34.33,-0.3065,1.1,1.11,0.0091,18326.0,19992.0,0.0909,20159.0,22191.0,0.1008,90.0,93.0,0.0333
RUMUT,2216A - SEAWEED 3-10G,2216 - SEAWEED,SNACK,1.45,,,5.5,,,1.1,,,10518.0,,,11570.0,,,10.0,,
TAO KAE NOI,2216A - SEAWEED 3-10G,2216 - SEAWEED,SNACK,1.45,1.97,0.3586,360.5,410.33,0.1382,1.19,1.2,0.0084,11992.0,19878.0,0.6576,14270.0,23854.0,0.6716,607.0,1026.0,0.6903
LAVERLAND,2216B - SEAWEED 11-40G,2216 - SEAWEED,SNACK,1.23,,,6.5,,,1.08,,,69462.0,,,75019.0,,,12.0,,
TAO KAE NOI,2216B - SEAWEED 11-40G,2216 - SEAWEED,SNACK,1.09,1.07,-0.0183,40.5,20.0,-0.5062,1.08,1.09,0.0093,22379.0,23672.0,0.0578,24169.0,25802.0,0.0676,75.0,55.0,-0.2667
YUUKA,2216B - SEAWEED 11-40G,2216 - SEAWEED,SNACK,1.0,,,1.0,,,1.0,,,29500.0,,,29500.0,,,2.0,,
ALFAMART,2217A - CORN 35-95G,2217 - CORN,SNACK,1.09,1.14,0.0459,232.5,160.67,-0.3089,1.14,1.19,0.0439,12929.0,12398.0,-0.0411,14739.0,14754.0,0.001,408.0,406.0,-0.0049
CEM-CEM,2217A - CORN 35-95G,2217 - CORN,SNACK,1.09,1.17,0.0734,117.5,98.33,-0.1631,1.18,1.12,-0.0508,8804.0,9707.0,0.1026,10389.0,10872.0,0.0465,199.0,263.0,0.3216
CHIKI,2217A - CORN 35-95G,2217 - CORN,SNACK,,1.0,,,11.33,,,1.03,,,14900.0,,,15347.0,,,33.0,
DORITOS,2217A - CORN 35-95G,2217 - CORN,SNACK,1.48,1.34,-0.0946,162.5,46.0,-0.7169,1.11,1.11,0.0,11089.0,10146.0,-0.085,12309.0,11262.0,-0.0851,294.0,124.0,-0.5782
GARUDA,2217A - CORN 35-95G,2217 - CORN,SNACK,1.08,1.09,0.0093,186.5,151.67,-0.1868,1.12,1.12,0.0,13017.0,13213.0,0.0151,14579.0,14799.0,0.0151,334.0,406.0,0.2156
HAPPY TOS,2217A - CORN 35-95G,2217 - CORN,SNACK,1.2,1.18,-0.0167,122.0,90.33,-0.2596,1.11,1.13,0.018,6199.0,6021.0,-0.0287,6881.0,6804.0,-0.0112,220.0,240.0,0.0909
OISHI,2217A - CORN 35-95G,2217 - CORN,SNACK,1.17,,,27.0,,,1.06,,,8791.0,,,9318.0,,,51.0,,
DORITOS,2217B - CORN 100-200G,2217 - CORN,SNACK,1.08,1.03,-0.0463,232.0,51.0,-0.7802,1.11,1.04,-0.0631,13913.0,13412.0,-0.036,15443.0,13948.0,-0.0968,417.0,147.0,-0.6475
HAPPY TOS,2217B - CORN 100-200G,2217 - CORN,SNACK,2.25,1.09,-0.5156,1160.0,559.67,-0.5175,1.17,1.14,-0.0256,25907.0,13515.0,-0.4783,30311.0,15407.0,-0.4917,1982.0,1476.0,-0.2553
HOTTEST,2217B - CORN 100-200G,2217 - CORN,SNACK,1.12,1.14,0.0179,281.5,218.67,-0.2232,1.12,1.12,0.0,13507.0,13521.0,0.001,15128.0,15144.0,0.0011,503.0,588.0,0.169
JETZ,2217B - CORN 100-200G,2217 - CORN,SNACK,,1.04,,,115.67,,,1.07,,,10795.0,,,11551.0,,,323.0,
MAXICORN,2217B - CORN 100-200G,2217 - CORN,SNACK,1.06,1.07,0.0094,196.5,164.0,-0.1654,1.11,1.11,0.0,12895.0,12900.0,0.0004,14313.0,14319.0,0.0004,354.0,444.0,0.2542
OISHI,2217B - CORN 100-200G,2217 - CORN,SNACK,1.13,1.17,0.0354,401.5,229.67,-0.428,1.08,1.11,0.0278,18515.0,20548.0,0.1098,19996.0,22808.0,0.1406,746.0,620.0,-0.1689
TOS TOS,2217B - CORN 100-200G,2217 - CORN,SNACK,1.11,1.1,-0.009,161.5,121.33,-0.2487,1.12,1.08,-0.0357,13710.0,13463.0,-0.018,15355.0,14540.0,-0.0531,289.0,336.0,0.1626
WONG COCO,2217B - CORN 100-200G,2217 - CORN,SNACK,1.0,,,1.5,,,1.0,,,14767.0,,,14767.0,,,3.0,,
YE-YE,2217B - CORN 100-200G,2217 - CORN,SNACK,1.07,1.03,-0.0374,14.0,12.0,-0.1429,1.08,1.12,0.037,14604.0,14881.0,0.019,15772.0,16667.0,0.0567,26.0,32.0,0.2308
FIESTA,6228A - PROCESSED MEAT PACK,6228 - PROCESSED MEAT,SNACK,1.74,1.24,-0.2874,141.5,38.67,-0.7267,1.24,1.12,-0.0968,15000.0,10753.0,-0.2831,18600.0,12043.0,-0.3525,228.0,104.0,-0.5439
MUJIGAE,6228A - PROCESSED MEAT PACK,6228 - PROCESSED MEAT,SNACK,1.19,1.07,-0.1008,35.0,18.67,-0.4666,1.06,1.04,-0.0189,11843.0,10755.0,-0.0919,12554.0,11185.0,-0.109,66.0,54.0,-0.1818
SO NICE,6228A - PROCESSED MEAT PACK,6228 - PROCESSED MEAT,SNACK,1.02,1.09,0.0686,71.0,11.33,-0.8404,1.16,1.17,0.0086,27856.0,31576.0,0.1335,32313.0,36944.0,0.1433,122.0,29.0,-0.7623
SOZZIS,6228A - PROCESSED MEAT PACK,6228 - PROCESSED MEAT,SNACK,1.55,1.62,0.0452,263.5,80.67,-0.6939,1.16,1.12,-0.0345,10953.0,11842.0,0.0812,12705.0,13263.0,0.0439,453.0,217.0,-0.521
ALFAMART,1511A - RICE BAG 1-3KG,1511 - RICE,STAPLE NEED,1.05,1.0,-0.0476,108.5,5.0,-0.9539,1.35,1.07,-0.2074,40490.0,44700.0,0.104,54662.0,47829.0,-0.125,161.0,14.0,-0.913
ANAK RAJA,1511A - RICE BAG 1-3KG,1511 - RICE,STAPLE NEED,1.0,,,1.0,,,1.0,,,16000.0,,,16000.0,,,2.0,,
SUMO,1511A - RICE BAG 1-3KG,1511 - RICE,STAPLE NEED,1.25,,,8.0,,,1.45,,,60688.0,,,87998.0,,,11.0,,
TOPI KOKI,1511A - RICE BAG 1-3KG,1511 - RICE,STAPLE NEED,,1.0,,,5.0,,,1.07,,,58900.0,,,63023.0,,,14.0,
TROPICANA,1511A - RICE BAG 1-3KG,1511 - RICE,STAPLE NEED,1.0,,,1.0,,,1.0,,,44900.0,,,44900.0,,,2.0,,
ALFAMART,1511B - RICE BAG 5KG,1511 - RICE,STAPLE NEED,1.13,1.13,0.0,239.5,15.0,-0.9374,1.51,1.25,-0.1722,84932.0,84433.0,-0.0059,128247.0,105541.0,-0.177,317.0,36.0,-0.8864
ANAK RAJA,1511B - RICE BAG 5KG,1511 - RICE,STAPLE NEED,1.4,1.0,-0.2857,23.5,6.0,-0.7447,1.38,1.0,-0.2754,107383.0,95100.0,-0.1144,148189.0,95100.0,-0.3583,34.0,18.0,-0.4706
FORTUNE,1511B - RICE BAG 5KG,1511 - RICE,STAPLE NEED,2.62,,,43.0,,,2.0,,,192395.0,,,384790.0,,,43.0,,
FS,1511B - RICE BAG 5KG,1511 - RICE,STAPLE NEED,1.11,,,45.5,,,1.17,,,83593.0,,,97804.0,,,78.0,,
HOK-1,1511B - RICE BAG 5KG,1511 - RICE,STAPLE NEED,,1.14,,,9.67,,,1.04,,,84862.0,,,88256.0,,,28.0,
LAHAP,1511B - RICE BAG 5KG,1511 - RICE,STAPLE NEED,,1.14,,,45.33,,,1.58,,,84908.0,,,134155.0,,,86.0,
MENTARI,1511B - RICE BAG 5KG,1511 - RICE,STAPLE NEED,1.58,1.03,-0.3481,6.0,10.67,0.7783,1.33,1.28,-0.0376,117958.0,76828.0,-0.3487,156884.0,98340.0,-0.3732,9.0,25.0,1.7778
PUTRI BATIK,1511B - RICE BAG 5KG,1511 - RICE,STAPLE NEED,,1.0,,,4.67,,,1.0,,,74500.0,,,74500.0,,,14.0,
RAJA,1511B - RICE BAG 5KG,1511 - RICE,STAPLE NEED,1.25,1.18,-0.056,460.0,55.0,-0.8804,1.52,1.39,-0.0855,94786.0,90239.0,-0.048,144075.0,125432.0,-0.1294,606.0,119.0,-0.8036
SANIA,1511B - RICE BAG 5KG,1511 - RICE,STAPLE NEED,1.22,1.21,-0.0082,285.0,23.33,-0.9181,1.43,1.25,-0.1259,91951.0,92593.0,0.007,131490.0,115741.0,-0.1198,399.0,56.0,-0.8596
SAWAH JINGGA,1511B - RICE BAG 5KG,1511 - RICE,STAPLE NEED,,1.2,,,3.33,,,1.11,,,92400.0,,,102564.0,,,9.0,
SPHP,1511B - RICE BAG 5KG,1511 - RICE,STAPLE NEED,,1.12,,,30.0,,,1.15,,,70772.0,,,81388.0,,,78.0,
SUMO,1511B - RICE BAG 5KG,1511 - RICE,STAPLE NEED,1.52,1.0,-0.3421,23.0,0.67,-0.9709,1.24,1.0,-0.1935,119978.0,90500.0,-0.2457,148773.0,90500.0,-0.3917,37.0,2.0,-0.9459
TOPI KOKI,1511B - RICE BAG 5KG,1511 - RICE,STAPLE NEED,1.05,,,21.5,,,1.26,,,77965.0,,,98236.0,,,34.0,,
ALFAMART,1512C - SUGAR BAG 1KG,1512 - SUGAR,STAPLE NEED,1.76,1.38,-0.2159,25.5,37.33,0.4639,1.65,1.37,-0.1697,30882.0,24219.0,-0.2158,50955.0,33180.0,-0.3488,31.0,82.0,1.6452
FS,1512C - SUGAR BAG 1KG,1512 - SUGAR,STAPLE NEED,,2.06,,,16.0,,,1.71,,,36094.0,,,61721.0,,,28.0,
GMP,1512C - SUGAR BAG 1KG,1512 - SUGAR,STAPLE NEED,2.33,5.01,1.1502,209.5,150.33,-0.2824,1.78,2.03,0.1404,40722.0,87733.0,1.1544,72485.0,178098.0,1.457,236.0,222.0,-0.0593
GULAKU,1512C - SUGAR BAG 1KG,1512 - SUGAR,STAPLE NEED,1.45,1.46,0.0069,156.5,46.67,-0.7018,1.38,1.51,0.0942,25327.0,25625.0,0.0118,34951.0,38694.0,0.1071,227.0,93.0,-0.5903
GULAVIT,1512C - SUGAR BAG 1KG,1512 - SUGAR,STAPLE NEED,1.52,2.04,0.3421,150.5,87.67,-0.4175,1.49,1.14,-0.2349,26570.0,36198.0,0.3624,39589.0,41266.0,0.0424,202.0,230.0,0.1386
PSM,1512C - SUGAR BAG 1KG,1512 - SUGAR,STAPLE NEED,1.55,2.24,0.4452,108.0,82.0,-0.2407,1.33,1.42,0.0677,27060.0,39126.0,0.4459,35990.0,55559.0,0.5437,162.0,173.0,0.0679
ROSE BRAND,1512C - SUGAR BAG 1KG,1512 - SUGAR,STAPLE NEED,1.71,2.36,0.3801,501.5,114.33,-0.772,1.62,1.36,-0.1605,29975.0,41224.0,0.3753,48560.0,56065.0,0.1546,619.0,252.0,-0.5929
SUS,1512C - SUGAR BAG 1KG,1512 - SUGAR,STAPLE NEED,1.65,1.0,-0.3939,15.5,1.0,-0.9355,3.1,1.0,-0.6774,28790.0,17500.0,-0.3922,89249.0,17500.0,-0.8039,10.0,3.0,-0.7
ALFAMART,1512E - OTHERS SUGAR,1512 - SUGAR,STAPLE NEED,1.05,1.25,0.1905,10.5,1.33,-0.8733,1.0,1.0,0.0,15462.0,17850.0,0.1544,15462.0,17850.0,0.1544,21.0,4.0,-0.8095
HAAN,1512E - OTHERS SUGAR,1512 - SUGAR,STAPLE NEED,1.0,1.2,0.2,3.0,1.67,-0.4433,1.0,1.0,0.0,25500.0,32160.0,0.2612,25500.0,32160.0,0.2612,6.0,5.0,-0.1667
IE-IE,1512E - OTHERS SUGAR,1512 - SUGAR,STAPLE NEED,1.0,2.0,1.0,1.5,0.33,-0.78,1.0,1.0,0.0,19900.0,39800.0,1.0,19900.0,39800.0,1.0,3.0,1.0,-0.6667
MAHORAHORA,1512E - OTHERS SUGAR,1512 - SUGAR,STAPLE NEED,1.0,1.08,0.08,7.0,4.33,-0.3814,1.17,1.3,0.1111,18900.0,20354.0,0.0769,22113.0,26460.0,0.1966,12.0,10.0,-0.1667
KUNCI BIRU,1513A - FLOUR,1513 - FLOUR,STAPLE NEED,1.26,1.24,-0.0159,21.0,8.33,-0.6033,1.17,1.04,-0.1111,18574.0,18412.0,-0.0087,21732.0,19148.0,-0.1189,36.0,24.0,-0.3333
SANIA,1513A - FLOUR,1513 - FLOUR,STAPLE NEED,1.07,1.12,0.0467,53.0,14.33,-0.7296,1.08,1.13,0.0463,16216.0,16967.0,0.0463,17513.0,19173.0,0.0948,98.0,38.0,-0.6122
SEGITIGA,1513A - FLOUR,1513 - FLOUR,STAPLE NEED,1.17,1.0,-0.1453,54.0,13.67,-0.7469,1.19,1.11,-0.0672,17839.0,15293.0,-0.1427,21228.0,16975.0,-0.2003,91.0,37.0,-0.5934
KOBE,1513B - OTHER FLOUR,1513 - FLOUR,STAPLE NEED,1.2,,,2.5,,,1.0,,,12840.0,,,12840.0,,,5.0,,
MAIZENAKU,1513B - OTHER FLOUR,1513 - FLOUR,STAPLE NEED,1.06,1.0,-0.0566,18.0,4.33,-0.7594,1.09,1.0,-0.0826,9628.0,7500.0,-0.221,10495.0,7500.0,-0.2854,33.0,13.0,-0.6061
MAMA SUKA,1513B - OTHER FLOUR,1513 - FLOUR,STAPLE NEED,1.16,1.21,0.0431,40.0,16.0,-0.6,1.13,1.04,-0.0796,8334.0,7573.0,-0.0913,9417.0,7876.0,-0.1636,71.0,46.0,-0.3521
PA TANI,1513B - OTHER FLOUR,1513 - FLOUR,STAPLE NEED,1.07,1.06,-0.0093,34.0,10.33,-0.6962,1.15,1.0,-0.1304,14647.0,14197.0,-0.0307,16844.0,14197.0,-0.1571,59.0,31.0,-0.4746
ROSE BRAND,1513B - OTHER FLOUR,1513 - FLOUR,STAPLE NEED,1.14,1.2,0.0526,43.5,15.0,-0.6552,1.07,1.07,0.0,12183.0,11516.0,-0.0547,13036.0,12322.0,-0.0548,81.0,42.0,-0.4815
BIMOLI,1521B - PALM COOKING OIL POUCH 900-1000ML,1521 - PALM COOKING OIL,STAPLE NEED,1.07,1.46,0.3645,57.5,39.33,-0.316,1.15,1.44,0.2522,22462.0,29676.0,0.3212,25831.0,42733.0,0.6543,100.0,82.0,-0.18
SANIA,1521B - PALM COOKING OIL POUCH 900-1000ML,1521 - PALM COOKING OIL,STAPLE NEED,1.15,1.24,0.0783,56.5,49.33,-0.1269,1.09,1.28,0.1743,23549.0,25273.0,0.0732,25668.0,32349.0,0.2603,104.0,116.0,0.1154
ALFAMART,1521C - PALM COOKING OIL POUCH 1800-2000ML,1521 - PALM COOKING OIL,STAPLE NEED,1.41,1.0,-0.2908,20.5,3.33,-0.8376,1.11,1.11,0.0,56278.0,39500.0,-0.2981,62469.0,43845.0,-0.2981,37.0,9.0,-0.7568
BIMOLI,1521C - PALM COOKING OIL POUCH 1800-2000ML,1521 - PALM COOKING OIL,STAPLE NEED,1.23,1.23,0.0,57.5,85.67,0.4899,1.22,1.27,0.041,51661.0,50203.0,-0.0282,63026.0,63758.0,0.0116,94.0,203.0,1.1596
CAMAR,1521C - PALM COOKING OIL POUCH 1800-2000ML,1521 - PALM COOKING OIL,STAPLE NEED,1.2,1.63,0.3583,42.5,44.67,0.0511,1.23,1.35,0.0976,46952.0,67123.0,0.4296,57751.0,90616.0,0.5691,69.0,99.0,0.4348
FILMA,1521C - PALM COOKING OIL POUCH 1800-2000ML,1521 - PALM COOKING OIL,STAPLE NEED,1.86,1.26,-0.3226,226.5,77.0,-0.66,1.5,1.28,-0.1467,75958.0,55084.0,-0.2748,113937.0,70508.0,-0.3812,302.0,180.0,-0.404
FORTUNE,1521C - PALM COOKING OIL POUCH 1800-2000ML,1521 - PALM COOKING OIL,STAPLE NEED,1.56,1.45,-0.0705,128.0,110.67,-0.1354,1.27,1.56,0.2283,63278.0,58618.0,-0.0736,80363.0,91444.0,0.1379,201.0,213.0,0.0597
HARUMAS,1521C - PALM COOKING OIL POUCH 1800-2000ML,1521 - PALM COOKING OIL,STAPLE NEED,1.5,1.44,-0.04,52.5,71.67,0.3651,1.11,1.3,0.1712,58441.0,58639.0,0.0034,64870.0,76231.0,0.1751,95.0,166.0,0.7474
SANIA,1521C - PALM COOKING OIL POUCH 1800-2000ML,1521 - PALM COOKING OIL,STAPLE NEED,1.41,1.24,-0.1206,222.0,143.67,-0.3528,1.41,1.44,0.0213,57559.0,50233.0,-0.1273,81158.0,72336.0,-0.1087,316.0,299.0,-0.0538
SOVIA,1521C - PALM COOKING OIL POUCH 1800-2000ML,1521 - PALM COOKING OIL,STAPLE NEED,2.11,1.68,-0.2038,96.5,107.67,0.1158,1.41,1.6,0.1348,84915.0,67472.0,-0.2054,119730.0,107955.0,-0.0983,137.0,202.0,0.4745
SUNCO,1521C - PALM COOKING OIL POUCH 1800-2000ML,1521 - PALM COOKING OIL,STAPLE NEED,1.64,1.65,0.0061,726.5,407.0,-0.4398,1.62,1.73,0.0679,70574.0,69862.0,-0.0101,114330.0,120861.0,0.0571,898.0,707.0,-0.2127
TROPICAL,1521F - PALM COOKING OIL BOTTLE 800-1000ML,1521 - PALM COOKING OIL,STAPLE NEED,1.12,1.14,0.0179,215.0,48.67,-0.7736,1.29,1.11,-0.1395,23540.0,24402.0,0.0366,30367.0,27086.0,-0.108,333.0,131.0,-0.6066
TROPICAL,1521G - PALM COOKING OIL BOTTLE 2L,1521 - PALM COOKING OIL,STAPLE NEED,1.49,1.28,-0.1409,357.0,264.0,-0.2605,1.36,1.4,0.0294,62290.0,50331.0,-0.192,84714.0,70463.0,-0.1682,524.0,566.0,0.0802
BARCO,1522A - OTHERS COOKING OIL,1522 - OTHER COOKING OIL,STAPLE NEED,1.05,1.09,0.0381,9.5,3.67,-0.6137,1.27,1.1,-0.1339,62342.0,65345.0,0.0482,79174.0,71880.0,-0.0921,15.0,10.0,-0.3333
BERTOLLI,1522A - OTHERS COOKING OIL,1522 - OTHER COOKING OIL,STAPLE NEED,1.0,,,1.5,,,1.0,,,159967.0,,,159967.0,,,3.0,,
DOUGO,1522A - OTHERS COOKING OIL,1522 - OTHER COOKING OIL,STAPLE NEED,1.0,,,0.5,,,1.0,,,73500.0,,,73500.0,,,1.0,,
FILIPPO BERIO,1522A - OTHERS COOKING OIL,1522 - OTHER COOKING OIL,STAPLE NEED,1.0,,,1.0,,,1.0,,,152000.0,,,152000.0,,,2.0,,
IKAN DORANG,1522A - OTHERS COOKING OIL,1522 - OTHER COOKING OIL,STAPLE NEED,1.5,,,1.0,,,1.0,,,94500.0,,,94500.0,,,2.0,,
MAZOLA,1522A - OTHERS COOKING OIL,1522 - OTHER COOKING OIL,STAPLE NEED,1.0,,,0.5,,,1.0,,,102900.0,,,102900.0,,,1.0,,
OLIVOILA,1522A - OTHERS COOKING OIL,1522 - OTHER COOKING OIL,STAPLE NEED,1.0,,,1.0,,,1.0,,,88900.0,,,88900.0,,,2.0,,
SANIA,1522A - OTHERS COOKING OIL,1522 - OTHER COOKING OIL,STAPLE NEED,1.0,,,1.5,,,1.0,,,44100.0,,,44100.0,,,3.0,,
TROPICANA,1522A - OTHERS COOKING OIL,1522 - OTHER COOKING OIL,STAPLE NEED,1.0,,,0.5,,,1.0,,,84500.0,,,84500.0,,,1.0,,
BLUE BAND,1523A - MARGARINE & BUTTER CUP 250-350G,1523 - MARGARINE & BUTTER,STAPLE NEED,1.02,1.07,0.049,21.0,9.67,-0.5395,1.24,1.12,-0.0968,22131.0,21903.0,-0.0103,27442.0,24531.0,-0.1061,34.0,26.0,-0.2353
FORVITA,1523A - MARGARINE & BUTTER CUP 250-350G,1523 - MARGARINE & BUTTER,STAPLE NEED,1.09,1.08,-0.0092,43.0,25.0,-0.4186,1.02,1.07,0.049,10352.0,10040.0,-0.0301,10559.0,10743.0,0.0174,84.0,70.0,-0.1667
5 IN 1,1523B - MARGARINE & BUTTER BAG 200G,1523 - MARGARINE & BUTTER,STAPLE NEED,1.38,1.06,-0.2319,6.5,16.0,1.4615,1.18,1.07,-0.0932,9554.0,7331.0,-0.2327,11274.0,7844.0,-0.3042,11.0,45.0,3.0909
BLUE BAND,1523B - MARGARINE & BUTTER BAG 200G,1523 - MARGARINE & BUTTER,STAPLE NEED,1.26,1.49,0.1825,137.0,28.0,-0.7956,1.21,1.06,-0.124,14134.0,17836.0,0.2619,17102.0,18906.0,0.1055,227.0,79.0,-0.652
FILMA,1523B - MARGARINE & BUTTER BAG 200G,1523 - MARGARINE & BUTTER,STAPLE NEED,1.37,1.41,0.0292,52.0,23.33,-0.5513,1.11,1.23,0.1081,10243.0,10821.0,0.0564,11370.0,13310.0,0.1706,94.0,57.0,-0.3936
FORVITA,1523B - MARGARINE & BUTTER BAG 200G,1523 - MARGARINE & BUTTER,STAPLE NEED,1.43,1.17,-0.1818,85.0,19.67,-0.7686,1.12,1.05,-0.0625,10834.0,8071.0,-0.255,12134.0,8475.0,-0.3015,152.0,56.0,-0.6316
PALMIA,1523B - MARGARINE & BUTTER BAG 200G,1523 - MARGARINE & BUTTER,STAPLE NEED,1.51,1.36,-0.0993,27.5,19.67,-0.2847,1.25,1.05,-0.16,10664.0,9369.0,-0.1214,13330.0,9837.0,-0.262,44.0,56.0,0.2727
GARUDA,1531A - SEED & BEAN SACHET 40-90G,1531 - SEED & BEAN,STAPLE NEED,1.36,1.55,0.1397,7.0,3.67,-0.4757,1.08,1.22,0.1296,13550.0,15591.0,0.1506,14634.0,19021.0,0.2998,13.0,9.0,-0.3077
ALFAMART,1531B - SEED & BEAN BAG 100-250G,1531 - SEED & BEAN,STAPLE NEED,1.08,1.17,0.0833,13.0,2.0,-0.8462,1.24,1.2,-0.0323,11862.0,12850.0,0.0833,14709.0,15420.0,0.0483,21.0,5.0,-0.7619
KONGBAP,1531B - SEED & BEAN BAG 100-250G,1531 - SEED & BEAN,STAPLE NEED,1.0,,,1.5,,,1.0,,,13300.0,,,13300.0,,,3.0,,
FINNA,1531C - SEED & BEAN BAG 400-1000G,1531 - SEED & BEAN,STAPLE NEED,2.0,,,1.5,,,1.5,,,51467.0,,,77200.0,,,2.0,,
FINNA,1532A - SUNDRIED CRACKER,1532 - SUNDRIED CRACKER,STAPLE NEED,1.12,1.0,-0.1071,8.0,0.67,-0.9162,1.14,1.0,-0.1228,9800.0,8800.0,-0.102,11172.0,8800.0,-0.2123,14.0,2.0,-0.8571
NUTRIJELL,1611A - JELLY POWDER 7-35G,1611 - POWDER JELLY,STAPLE NEED,2.03,1.66,-0.1823,63.0,26.33,-0.5821,1.12,1.07,-0.0446,13240.0,11749.0,-0.1126,14829.0,12571.0,-0.1523,113.0,74.0,-0.3451
SWALLOW,1611A - JELLY POWDER 7-35G,1611 - POWDER JELLY,STAPLE NEED,1.67,1.46,-0.1257,27.5,13.67,-0.5029,1.04,1.11,0.0673,10089.0,8666.0,-0.141,10493.0,9619.0,-0.0833,53.0,37.0,-0.3019
HAAN,1612A - PROCESSED PUDDING,1612 - PROCESSED PUDDING,STAPLE NEED,1.16,1.0,-0.1379,18.5,1.33,-0.9281,1.32,1.0,-0.2424,17668.0,15225.0,-0.1383,23322.0,15225.0,-0.3472,28.0,4.0,-0.8571
MOM'S RECIPE,1612A - PROCESSED PUDDING,1612 - PROCESSED PUDDING,STAPLE NEED,1.36,1.43,0.0515,46.0,17.67,-0.6159,1.16,1.1,-0.0517,18340.0,19458.0,0.061,21274.0,21404.0,0.0061,79.0,48.0,-0.3924
MY VLA,1612A - PROCESSED PUDDING,1612 - PROCESSED PUDDING,STAPLE NEED,1.27,1.06,-0.1654,24.5,5.67,-0.7686,1.11,1.06,-0.045,8100.0,7341.0,-0.0937,8991.0,7781.0,-0.1346,44.0,16.0,-0.6364
NUTRIJELL,1612A - PROCESSED PUDDING,1612 - PROCESSED PUDDING,STAPLE NEED,1.29,1.37,0.062,58.0,34.0,-0.4138,1.07,1.16,0.0841,17176.0,18836.0,0.0966,18378.0,21850.0,0.1889,108.0,88.0,-0.1852
PONDAN,1612A - PROCESSED PUDDING,1612 - PROCESSED PUDDING,STAPLE NEED,1.0,,,0.5,,,1.0,,,12500.0,,,12500.0,,,1.0,,
KOEPOE,1621A - ESSENCE 20-90G,1621 - ESSENCE,STAPLE NEED,1.05,1.08,0.0286,21.0,8.33,-0.6033,1.08,1.09,0.0093,10400.0,11288.0,0.0854,11232.0,12304.0,0.0954,39.0,23.0,-0.4103
COLATTA,1622A - COLOURING & FLAVOURING 90G,1622 - COLOURING & FLAVOURING,STAPLE NEED,1.08,1.0,-0.0741,12.0,2.0,-0.8333,1.26,1.0,-0.2063,23721.0,23167.0,-0.0234,29888.0,23167.0,-0.2249,19.0,6.0,-0.6842
KOEPOE,1622A - COLOURING & FLAVOURING 90G,1622 - COLOURING & FLAVOURING,STAPLE NEED,2.5,,,1.0,,,1.0,,,25850.0,,,25850.0,,,2.0,,
VAN HOUTEN,1622A - COLOURING & FLAVOURING 90G,1622 - COLOURING & FLAVOURING,STAPLE NEED,1.0,1.0,0.0,2.0,1.0,-0.5,1.0,1.0,0.0,30800.0,31100.0,0.0097,30800.0,31100.0,0.0097,4.0,3.0,-0.25
HAAN,1623A - BAKING POWDER,1623 - BAKING POWDER,STAPLE NEED,1.0,,,1.0,,,1.0,,,14500.0,,,14500.0,,,2.0,,
KOEPOE,1623A - BAKING POWDER,1623 - BAKING POWDER,STAPLE NEED,1.25,1.27,0.016,39.5,18.67,-0.5273,1.11,1.1,-0.009,8577.0,8338.0,-0.0279,9520.0,9172.0,-0.0366,71.0,51.0,-0.2817
HAAN,1624A - INSTANT CAKE,1624 - INSTANT PROCESS FOOD,STAPLE NEED,2.0,,,0.5,,,1.0,,,39800.0,,,39800.0,,,1.0,,
NUTRICAKE,1624A - INSTANT CAKE,1624 - INSTANT PROCESS FOOD,STAPLE NEED,1.0,1.1,0.1,12.0,3.33,-0.7225,1.26,1.0,-0.2063,16438.0,18120.0,0.1023,20712.0,18120.0,-0.1251,19.0,10.0,-0.4737
PONDAN,1624A - INSTANT CAKE,1624 - INSTANT PROCESS FOOD,STAPLE NEED,1.07,1.0,-0.0654,7.0,2.0,-0.7143,1.0,1.0,0.0,19471.0,16333.0,-0.1612,19471.0,16333.0,-0.1612,14.0,6.0,-0.5714
KARA,1625A - COCONUT MILK LIQUID 65-100ML,1625 - COCONUT MILK,STAPLE NEED,2.33,1.78,-0.2361,170.5,45.0,-0.7361,1.23,1.22,-0.0081,13738.0,10489.0,-0.2365,16898.0,12797.0,-0.2427,277.0,111.0,-0.5993
MAMA KOKO,1625A - COCONUT MILK LIQUID 65-100ML,1625 - COCONUT MILK,STAPLE NEED,2.07,1.68,-0.1884,21.0,22.0,0.0476,1.24,1.25,0.0081,12207.0,8250.0,-0.3242,15137.0,10312.0,-0.3188,34.0,53.0,0.5588
SASA,1625A - COCONUT MILK LIQUID 65-100ML,1625 - COCONUT MILK,STAPLE NEED,2.26,2.1,-0.0708,99.5,45.67,-0.541,1.21,1.15,-0.0496,11958.0,11233.0,-0.0606,14469.0,12918.0,-0.1072,165.0,119.0,-0.2788
KARA,1625B - COCONUT MILK LIQUID 180-200ML,1625 - COCONUT MILK,STAPLE NEED,1.37,1.67,0.219,13.5,3.0,-0.7778,1.04,1.0,-0.0385,27493.0,33767.0,0.2282,28593.0,33767.0,0.181,26.0,9.0,-0.6538
SASA,1625B - COCONUT MILK LIQUID 180-200ML,1625 - COCONUT MILK,STAPLE NEED,1.3,1.38,0.0615,16.5,2.67,-0.8382,1.18,1.14,-0.0339,25409.0,26812.0,0.0552,29983.0,30566.0,0.0194,28.0,7.0,-0.75
FIBER CREME,1625C - COCONUT MILK POWDER 20-25G,1625 - COCONUT MILK,STAPLE NEED,1.13,1.3,0.1504,34.0,11.0,-0.6765,1.11,1.03,-0.0721,18837.0,23855.0,0.2664,20909.0,24571.0,0.1751,61.0,32.0,-0.4754
SASA,1625C - COCONUT MILK POWDER 20-25G,1625 - COCONUT MILK,STAPLE NEED,1.55,2.28,0.471,10.0,13.0,0.3,1.0,1.22,0.22,5580.0,8449.0,0.5142,5580.0,10308.0,0.8473,20.0,32.0,0.6
AJINOMOTO,1711A - MSG ( MONO SODIUM GLUTAMATE ) 50-150G,1711 - MSG ( MONO SODIUM GLUTAMATE ),STAPLE NEED,1.24,1.1,-0.1129,39.0,22.67,-0.4187,1.05,1.11,0.0571,6267.0,5556.0,-0.1135,6580.0,6167.0,-0.0628,74.0,61.0,-0.1757
SASA,1711A - MSG ( MONO SODIUM GLUTAMATE ) 50-150G,1711 - MSG ( MONO SODIUM GLUTAMATE ),STAPLE NEED,1.05,1.04,-0.0095,31.5,8.33,-0.7356,1.21,1.14,-0.0579,7165.0,7120.0,-0.0063,8670.0,8117.0,-0.0638,52.0,22.0,-0.5769
AJINOMOTO,1711B - MSG ( MONO SODIUM GLUTAMATE ) 250-500G,1711 - MSG ( MONO SODIUM GLUTAMATE ),STAPLE NEED,1.05,1.0,-0.0476,9.5,2.0,-0.7895,1.27,1.0,-0.2126,16295.0,15400.0,-0.0549,20695.0,15400.0,-0.2559,15.0,6.0,-0.6
SASA,1711B - MSG ( MONO SODIUM GLUTAMATE ) 250-500G,1711 - MSG ( MONO SODIUM GLUTAMATE ),STAPLE NEED,1.09,1.08,-0.0092,11.5,4.33,-0.6235,1.1,1.08,-0.0182,17674.0,17254.0,-0.0238,19441.0,18634.0,-0.0415,21.0,12.0,-0.4286
ALFAMART,1712A - SALT,1712 - SALT,STAPLE NEED,1.08,1.0,-0.0741,20.0,1.0,-0.95,1.05,1.0,-0.0476,9585.0,9867.0,0.0294,10064.0,9867.0,-0.0196,38.0,3.0,-0.9211
DOLPIN,1712A - SALT,1712 - SALT,STAPLE NEED,1.18,1.5,0.2712,32.5,5.33,-0.836,1.05,1.23,0.1714,16094.0,20288.0,0.2606,16899.0,24954.0,0.4767,62.0,13.0,-0.7903
KAPAL,1712A - SALT,1712 - SALT,STAPLE NEED,1.18,1.04,-0.1186,33.5,8.67,-0.7412,1.06,1.0,-0.0566,6315.0,5873.0,-0.07,6694.0,5873.0,-0.1226,63.0,26.0,-0.5873
PURA,1712A - SALT,1712 - SALT,STAPLE NEED,1.0,,,0.5,,,1.0,,,39000.0,,,39000.0,,,1.0,,
REFINA,1712A - SALT,1712 - SALT,STAPLE NEED,1.05,1.05,0.0,28.5,7.0,-0.7544,1.08,1.17,0.0833,11930.0,11662.0,-0.0225,12884.0,13645.0,0.0591,53.0,18.0,-0.6604
ALFAMART,1713A - SPICES,1713 - SPICES,STAPLE NEED,1.0,1.0,0.0,4.5,0.67,-0.8511,1.0,1.0,0.0,15278.0,16800.0,0.0996,15278.0,16800.0,0.0996,9.0,2.0,-0.7778
DESAKU,1713A - SPICES,1713 - SPICES,STAPLE NEED,3.29,,,3.5,,,1.0,,,11700.0,,,11700.0,,,7.0,,
JAY'S,1713A - SPICES,1713 - SPICES,STAPLE NEED,1.33,,,1.5,,,1.0,,,14667.0,,,14667.0,,,3.0,,
KOEPOE,1713A - SPICES,1713 - SPICES,STAPLE NEED,1.0,1.0,0.0,7.5,2.67,-0.644,1.07,1.0,-0.0654,26913.0,30900.0,0.1481,28797.0,30900.0,0.073,14.0,8.0,-0.4286
LADAKU,1713A - SPICES,1713 - SPICES,STAPLE NEED,1.02,1.27,0.2451,27.0,3.67,-0.8641,1.1,1.0,-0.0909,4869.0,6873.0,0.4116,5356.0,6873.0,0.2832,49.0,11.0,-0.7755
MAGGI,1714A - STOCK SOUP SACHET,1714 - STOCK SOUP,STAPLE NEED,,1.14,,,2.33,,,1.0,,,7314.0,,,7314.0,,,7.0,
MASAKO,1714A - STOCK SOUP SACHET,1714 - STOCK SOUP,STAPLE NEED,1.33,1.0,-0.2481,10.5,1.0,-0.9048,1.05,1.0,-0.0476,5771.0,4300.0,-0.2549,6060.0,4300.0,-0.2904,20.0,3.0,-0.85
ROYCO,1714A - STOCK SOUP SACHET,1714 - STOCK SOUP,STAPLE NEED,1.13,,,11.5,,,1.15,,,5907.0,,,6793.0,,,20.0,,
TOTOLE,1714A - STOCK SOUP SACHET,1714 - STOCK SOUP,STAPLE NEED,1.29,1.18,-0.0853,129.5,24.33,-0.8121,1.3,1.18,-0.0923,8741.0,8438.0,-0.0347,11363.0,9957.0,-0.1237,200.0,62.0,-0.69
MASAKO,1714B - STOCK SOUP 100-250G,1714 - STOCK SOUP,STAPLE NEED,1.1,1.07,-0.0273,33.5,9.0,-0.7313,1.18,1.12,-0.0508,12327.0,11900.0,-0.0346,14546.0,13328.0,-0.0837,57.0,24.0,-0.5789
ROYCO,1714B - STOCK SOUP 100-250G,1714 - STOCK SOUP,STAPLE NEED,1.1,1.09,-0.0091,101.0,25.67,-0.7458,1.2,1.17,-0.025,10520.0,10516.0,-0.0004,12624.0,12304.0,-0.0253,169.0,66.0,-0.6095
SEDAAP,1714B - STOCK SOUP 100-250G,1714 - STOCK SOUP,STAPLE NEED,1.75,1.68,-0.04,55.0,13.67,-0.7515,1.34,1.24,-0.0746,17280.0,17144.0,-0.0079,23155.0,21259.0,-0.0819,82.0,33.0,-0.5976
TOTOLE,1714B - STOCK SOUP 100-250G,1714 - STOCK SOUP,STAPLE NEED,1.0,,,4.0,,,1.0,,,53500.0,,,53500.0,,,8.0,,
TROPICANA,1714B - STOCK SOUP 100-250G,1714 - STOCK SOUP,STAPLE NEED,1.0,,,1.5,,,1.0,,,27900.0,,,27900.0,,,3.0,,
DESAKU,1715A - FRIED MEAL MAKER,1715 - MEAL MAKER,STAPLE NEED,,1.07,,,5.0,,,1.07,,,14400.0,,,15408.0,,,14.0,
KOBE,1715A - FRIED MEAL MAKER,1715 - MEAL MAKER,STAPLE NEED,1.6,1.6,0.0,15.0,3.33,-0.778,1.5,1.0,-0.3333,4563.0,5280.0,0.1571,6844.0,5280.0,-0.2285,20.0,10.0,-0.5
RACIK,1715A - FRIED MEAL MAKER,1715 - MEAL MAKER,STAPLE NEED,1.95,1.67,-0.1436,37.5,8.0,-0.7867,1.06,1.14,0.0755,4483.0,3854.0,-0.1403,4752.0,4394.0,-0.0753,71.0,21.0,-0.7042
ROYCO,1715A - FRIED MEAL MAKER,1715 - MEAL MAKER,STAPLE NEED,1.32,1.65,0.25,11.0,5.67,-0.4845,1.05,1.0,-0.0476,10941.0,13671.0,0.2495,11488.0,13671.0,0.19,21.0,17.0,-0.1905
SAJIKU,1715A - FRIED MEAL MAKER,1715 - MEAL MAKER,STAPLE NEED,1.29,1.0,-0.2248,3.5,1.0,-0.7143,1.0,1.0,0.0,2943.0,2200.0,-0.2525,2943.0,2200.0,-0.2525,7.0,3.0,-0.5714
SASA,1715A - FRIED MEAL MAKER,1715 - MEAL MAKER,STAPLE NEED,1.8,2.54,0.4111,20.0,4.33,-0.7835,1.14,1.08,-0.0526,4175.0,5669.0,0.3578,4760.0,6123.0,0.2863,35.0,12.0,-0.6571
RACIK,1715B - SOUP MEAL MAKER POWDER,1715 - MEAL MAKER,STAPLE NEED,1.52,1.2,-0.2105,16.5,1.67,-0.8988,1.1,1.0,-0.0909,3485.0,2780.0,-0.2023,3834.0,2780.0,-0.2749,30.0,5.0,-0.8333
RASAMASA,1715B - SOUP MEAL MAKER POWDER,1715 - MEAL MAKER,STAPLE NEED,1.86,1.17,-0.371,14.0,2.0,-0.8571,1.0,1.0,0.0,9014.0,5350.0,-0.4065,9014.0,5350.0,-0.4065,28.0,6.0,-0.7857
BAMBOE,1715C - SOUP MEAL MAKER PASTE,1715 - MEAL MAKER,STAPLE NEED,1.15,1.27,0.1043,19.5,3.67,-0.8118,1.03,1.0,-0.0291,13277.0,15073.0,0.1353,13675.0,15073.0,0.1022,38.0,11.0,-0.7105
INDOFOOD,1715C - SOUP MEAL MAKER PASTE,1715 - MEAL MAKER,STAPLE NEED,1.46,1.44,-0.0137,69.0,20.33,-0.7054,1.08,1.13,0.0463,10076.0,10244.0,0.0167,10882.0,11576.0,0.0638,128.0,54.0,-0.5781
LAHAP BARENG,1715C - SOUP MEAL MAKER PASTE,1715 - MEAL MAKER,STAPLE NEED,1.5,,,3.0,,,2.0,,,61150.0,,,122300.0,,,3.0,,
ROYCO,1715C - SOUP MEAL MAKER PASTE,1715 - MEAL MAKER,STAPLE NEED,,1.75,,,1.33,,,1.33,,,12250.0,,,16292.0,,,3.0,
SASAHOUSE,1715C - SOUP MEAL MAKER PASTE,1715 - MEAL MAKER,STAPLE NEED,1.22,1.29,0.0574,11.5,5.67,-0.507,1.0,1.06,0.06,11809.0,12553.0,0.063,11809.0,13306.0,0.1268,23.0,16.0,-0.3043
COCO,1715D - FRIED RICE MEAL MAKER POWDER,1715 - MEAL MAKER,STAPLE NEED,1.0,,,0.5,,,1.0,,,18900.0,,,18900.0,,,1.0,,
KOBE,1715D - FRIED RICE MEAL MAKER POWDER,1715 - MEAL MAKER,STAPLE NEED,1.75,1.5,-0.1429,22.0,4.67,-0.7877,1.1,1.08,-0.0182,4332.0,3686.0,-0.1491,4765.0,3981.0,-0.1645,40.0,13.0,-0.675
RACIK,1715D - FRIED RICE MEAL MAKER POWDER,1715 - MEAL MAKER,STAPLE NEED,1.0,1.11,0.11,16.5,3.0,-0.8182,1.1,1.0,-0.0909,6900.0,7667.0,0.1112,7590.0,7667.0,0.0101,30.0,9.0,-0.7
SAJIKU,1715D - FRIED RICE MEAL MAKER POWDER,1715 - MEAL MAKER,STAPLE NEED,1.76,1.63,-0.0739,39.0,13.67,-0.6495,1.11,1.05,-0.0541,4183.0,3678.0,-0.1207,4643.0,3862.0,-0.1682,70.0,39.0,-0.4429
BLUE BAND,1715E - FRIED RICE MEAL MAKER PASTE,1715 - MEAL MAKER,STAPLE NEED,4.0,,,2.0,,,1.0,,,16800.0,,,16800.0,,,4.0,,
KOBE,1715E - FRIED RICE MEAL MAKER PASTE,1715 - MEAL MAKER,STAPLE NEED,1.13,1.8,0.5929,11.5,1.67,-0.8548,1.1,1.0,-0.0909,8383.0,13500.0,0.6104,9221.0,13500.0,0.464,21.0,5.0,-0.7619
RACIK,1716A - FLOUR SEASONING,1716 - FLOUR SEASONING,STAPLE NEED,1.32,1.19,-0.0985,20.0,10.67,-0.4665,1.21,1.07,-0.1157,9218.0,8103.0,-0.121,11154.0,8670.0,-0.2227,33.0,30.0,-0.0909
SAJIKU,1716A - FLOUR SEASONING,1716 - FLOUR SEASONING,STAPLE NEED,1.27,1.36,0.0709,30.0,9.33,-0.689,1.18,1.08,-0.0847,10385.0,10904.0,0.05,12254.0,11776.0,-0.039,51.0,26.0,-0.4902
SASA,1716A - FLOUR SEASONING,1716 - FLOUR SEASONING,STAPLE NEED,1.29,1.19,-0.0775,71.5,34.33,-0.5199,1.13,1.2,0.0619,9569.0,8867.0,-0.0734,10813.0,10640.0,-0.016,126.0,86.0,-0.3175
KOBE,1716B - SPECIFIC FLOUR SEASONING,1716 - FLOUR SEASONING,STAPLE NEED,1.36,1.53,0.125,69.0,18.33,-0.7343,1.18,1.28,0.0847,10443.0,11211.0,0.0735,12323.0,14350.0,0.1645,117.0,43.0,-0.6325
SAJIKU,1716B - SPECIFIC FLOUR SEASONING,1716 - FLOUR SEASONING,STAPLE NEED,1.0,,,2.0,,,1.0,,,6850.0,,,6850.0,,,4.0,,
SASA,1716B - SPECIFIC FLOUR SEASONING,1716 - FLOUR SEASONING,STAPLE NEED,1.33,1.36,0.0226,108.5,48.0,-0.5576,1.11,1.17,0.0541,10256.0,10092.0,-0.016,11384.0,11808.0,0.0372,195.0,123.0,-0.3692
TUDUNG,1716B - SPECIFIC FLOUR SEASONING,1716 - FLOUR SEASONING,STAPLE NEED,4.5,,,1.0,,,1.0,,,24750.0,,,24750.0,,,2.0,,
ABC,1717A - SHRIMP PASTE,"1717 - SHRIMP PASTE, PEANUT SAUCE AND OTHER",STAPLE NEED,1.0,1.0,0.0,14.0,5.0,-0.6429,1.0,1.0,0.0,8814.0,9187.0,0.0423,8814.0,9187.0,0.0423,28.0,15.0,-0.4643
ABC,1717B - PEANUT SAUCE,"1717 - SHRIMP PASTE, PEANUT SAUCE AND OTHER",STAPLE NEED,1.04,1.33,0.2788,11.5,3.0,-0.7391,1.15,1.0,-0.1304,10065.0,12000.0,0.1923,11575.0,12000.0,0.0367,20.0,9.0,-0.55
ENAK ECO,1717B - PEANUT SAUCE,"1717 - SHRIMP PASTE, PEANUT SAUCE AND OTHER",STAPLE NEED,,1.0,,,0.33,,,1.0,,,21200.0,,,21200.0,,,1.0,
ALFAMART,1717C - OTHER SEASONING (TOPING),"1717 - SHRIMP PASTE, PEANUT SAUCE AND OTHER",STAPLE NEED,1.33,1.0,-0.2481,4.5,0.67,-0.8511,1.29,1.0,-0.2248,31800.0,25500.0,-0.1981,41022.0,25500.0,-0.3784,7.0,2.0,-0.7143
ABC,1721A - CHILLI PET 120-200ML,1721 - CHILLI,STAPLE NEED,2.06,1.29,-0.3738,48.5,26.33,-0.4571,1.07,1.07,0.0,18612.0,11704.0,-0.3712,19915.0,12523.0,-0.3712,91.0,74.0,-0.1868
DELMONTE,1721A - CHILLI PET 120-200ML,1721 - CHILLI,STAPLE NEED,1.16,1.06,-0.0862,54.0,31.67,-0.4135,1.09,1.09,0.0,8388.0,7789.0,-0.0714,9143.0,8490.0,-0.0714,99.0,87.0,-0.1212
DUA BELIBIS,1721A - CHILLI PET 120-200ML,1721 - CHILLI,STAPLE NEED,1.02,1.0,-0.0196,20.0,5.67,-0.7165,1.11,1.06,-0.045,10308.0,10035.0,-0.0265,11442.0,10637.0,-0.0704,36.0,16.0,-0.5556
INDOFOOD,1721A - CHILLI PET 120-200ML,1721 - CHILLI,STAPLE NEED,1.06,1.03,-0.0283,47.5,22.0,-0.5368,1.03,1.06,0.0291,8381.0,8182.0,-0.0237,8632.0,8673.0,0.0047,92.0,62.0,-0.3261
LAHAP BARENG,1721A - CHILLI PET 120-200ML,1721 - CHILLI,STAPLE NEED,1.33,,,3.0,,,1.2,,,36967.0,,,44360.0,,,5.0,,
SASA,1721A - CHILLI PET 120-200ML,1721 - CHILLI,STAPLE NEED,1.0,,,0.5,,,1.0,,,7500.0,,,7500.0,,,1.0,,
ABC,1721B - CHILLI PET & BOTTLE 235-275ML,1721 - CHILLI,STAPLE NEED,1.2,1.02,-0.15,56.0,18.67,-0.6666,1.11,1.12,0.009,19943.0,17054.0,-0.1449,22137.0,19100.0,-0.1372,101.0,50.0,-0.505
DUA BELIBIS,1721B - CHILLI PET & BOTTLE 235-275ML,1721 - CHILLI,STAPLE NEED,1.04,1.07,0.0288,26.0,15.0,-0.4231,1.08,1.15,0.0648,17285.0,19496.0,0.1279,18668.0,22420.0,0.201,48.0,39.0,-0.1875
INDOFOOD,1721B - CHILLI PET & BOTTLE 235-275ML,1721 - CHILLI,STAPLE NEED,1.05,1.02,-0.0286,94.5,53.67,-0.4321,1.07,1.13,0.0561,14604.0,14302.0,-0.0207,15626.0,16161.0,0.0342,176.0,142.0,-0.1932
SASA,1721B - CHILLI PET & BOTTLE 235-275ML,1721 - CHILLI,STAPLE NEED,1.0,1.0,0.0,6.5,5.67,-0.1277,1.08,1.0,-0.0741,16300.0,16300.0,0.0,17604.0,16300.0,-0.0741,12.0,17.0,0.4167
ABC,1721D - CHILLI PACK,1721 - CHILLI,STAPLE NEED,1.0,,,0.5,,,1.0,,,31600.0,,,31600.0,,,1.0,,
DELMONTE,1721D - CHILLI PACK,1721 - CHILLI,STAPLE NEED,1.3,1.38,0.0615,23.0,11.33,-0.5074,1.1,1.1,0.0,13089.0,11085.0,-0.1531,14398.0,12194.0,-0.1531,42.0,31.0,-0.2619
DUA BELIBIS,1721D - CHILLI PACK,1721 - CHILLI,STAPLE NEED,1.0,,,4.5,,,1.12,,,27900.0,,,31248.0,,,8.0,,
SASA,1721D - CHILLI PACK,1721 - CHILLI,STAPLE NEED,1.08,1.19,0.1019,6.5,9.0,0.3846,1.18,1.29,0.0932,9408.0,9207.0,-0.0214,11101.0,11877.0,0.0699,11.0,21.0,0.9091
ABC,1721E - TRADITIONAL CHILLI,1721 - CHILLI,STAPLE NEED,1.18,1.0,-0.1525,11.0,2.0,-0.8182,1.22,1.0,-0.1803,18086.0,15700.0,-0.1319,22065.0,15700.0,-0.2885,18.0,6.0,-0.6667
INDOFOOD,1721E - TRADITIONAL CHILLI,1721 - CHILLI,STAPLE NEED,1.0,1.0,0.0,18.0,8.67,-0.5183,1.06,1.04,-0.0189,19108.0,19012.0,-0.005,20254.0,19772.0,-0.0238,34.0,25.0,-0.2647
SASA,1721E - TRADITIONAL CHILLI,1721 - CHILLI,STAPLE NEED,1.0,,,2.0,,,1.0,,,13900.0,,,13900.0,,,4.0,,
ULEG,1721E - TRADITIONAL CHILLI,1721 - CHILLI,STAPLE NEED,1.11,1.12,0.009,23.0,8.33,-0.6378,1.0,1.0,0.0,18672.0,18724.0,0.0028,18672.0,18724.0,0.0028,46.0,25.0,-0.4565
BONCABE,1721F - POWDER CHILLI,1721 - CHILLI,STAPLE NEED,1.04,1.09,0.0481,42.5,18.67,-0.5607,1.02,1.04,0.0196,14104.0,14748.0,0.0457,14386.0,15338.0,0.0662,83.0,54.0,-0.3494
MAMA SUKA,1721F - POWDER CHILLI,1721 - CHILLI,STAPLE NEED,1.06,1.18,0.1132,16.5,20.33,0.2321,1.0,1.09,0.09,14615.0,16448.0,0.1254,14615.0,17928.0,0.2267,33.0,56.0,0.697
ABC,1721H - CHILLI PET & BOTTLE 300-400ML,1721 - CHILLI,STAPLE NEED,1.02,1.02,0.0,44.0,15.0,-0.6591,1.09,1.05,-0.0367,20130.0,20153.0,0.0011,21942.0,21161.0,-0.0356,81.0,43.0,-0.4691
DELMONTE,1721H - CHILLI PET & BOTTLE 300-400ML,1721 - CHILLI,STAPLE NEED,1.06,1.0,-0.0566,24.5,6.0,-0.7551,1.04,1.06,0.0192,17222.0,16294.0,-0.0539,17911.0,17272.0,-0.0357,47.0,17.0,-0.6383
DUA BELIBIS,1721H - CHILLI PET & BOTTLE 300-400ML,1721 - CHILLI,STAPLE NEED,1.0,1.0,0.0,12.0,2.67,-0.7775,1.09,1.0,-0.0826,24650.0,24638.0,-0.0005,26869.0,24638.0,-0.083,22.0,8.0,-0.6364
HEINZ,1721H - CHILLI PET & BOTTLE 300-400ML,1721 - CHILLI,STAPLE NEED,1.0,,,2.0,,,1.0,,,18425.0,,,18425.0,,,4.0,,
INDOFOOD,1721H - CHILLI PET & BOTTLE 300-400ML,1721 - CHILLI,STAPLE NEED,1.0,1.0,0.0,7.0,8.33,0.19,1.0,1.19,0.19,17421.0,17412.0,-0.0005,17421.0,20720.0,0.1894,14.0,21.0,0.5
MAMA SUKA,1721H - CHILLI PET & BOTTLE 300-400ML,1721 - CHILLI,STAPLE NEED,1.0,1.0,0.0,16.0,9.33,-0.4169,1.1,1.12,0.0182,15975.0,16207.0,0.0145,17572.0,18152.0,0.033,29.0,25.0,-0.1379
HEINZ,1722A - TOMATO PET 130-140ML,1722 - TOMATO,STAPLE NEED,1.11,,,4.5,,,1.0,,,9889.0,,,9889.0,,,9.0,,
ABC,1722B - TOMATO BOTTLE 275-340ML,1722 - TOMATO,STAPLE NEED,1.06,1.06,0.0,15.5,5.67,-0.6342,1.03,1.0,-0.0291,17400.0,17841.0,0.0253,17922.0,17841.0,-0.0045,30.0,17.0,-0.4333
DELMONTE,1722B - TOMATO BOTTLE 275-340ML,1722 - TOMATO,STAPLE NEED,1.07,1.0,-0.0654,54.0,23.67,-0.5617,1.07,1.09,0.0187,12804.0,11920.0,-0.069,13700.0,12993.0,-0.0516,101.0,65.0,-0.3564
DELMONTE,1722C - TOMATO SACHET,1722 - TOMATO,STAPLE NEED,1.22,1.07,-0.123,18.0,9.0,-0.5,1.24,1.04,-0.1613,8039.0,7063.0,-0.1214,9968.0,7346.0,-0.263,29.0,26.0,-0.1034
SASA,1722C - TOMATO SACHET,1722 - TOMATO,STAPLE NEED,1.0,,,1.5,,,1.0,,,18300.0,,,18300.0,,,3.0,,
DELMONTE,1722D - STEAK & PASTA SAUCE,1722 - TOMATO,STAPLE NEED,1.1,1.06,-0.0364,58.5,22.67,-0.6125,1.08,1.08,0.0,13742.0,12432.0,-0.0953,14841.0,13427.0,-0.0953,108.0,63.0,-0.4167
LA FONTE,1722D - STEAK & PASTA SAUCE,1722 - TOMATO,STAPLE NEED,1.1,1.26,0.1455,29.0,7.67,-0.7355,1.07,1.0,-0.0654,24655.0,27783.0,0.1269,26381.0,27783.0,0.0531,54.0,23.0,-0.5741
ABC,1723A - SOY SAUCE PET 130-250ML,1723 - SOY SAUCE,STAPLE NEED,1.13,1.03,-0.0885,67.5,24.0,-0.6444,1.05,1.04,-0.0095,9611.0,9022.0,-0.0613,10092.0,9383.0,-0.0703,128.0,69.0,-0.4609
BANGO,1723A - SOY SAUCE PET 130-250ML,1723 - SOY SAUCE,STAPLE NEED,1.22,1.02,-0.1639,45.0,21.0,-0.5333,1.05,1.02,-0.0286,14334.0,11840.0,-0.174,15051.0,12077.0,-0.1976,86.0,62.0,-0.2791
SEDAAP,1723A - SOY SAUCE PET 130-250ML,1723 - SOY SAUCE,STAPLE NEED,1.13,1.16,0.0265,31.5,20.67,-0.3438,1.05,1.09,0.0381,9598.0,9881.0,0.0295,10078.0,10770.0,0.0687,60.0,57.0,-0.05
TROPICANA,1723A - SOY SAUCE PET 130-250ML,1723 - SOY SAUCE,STAPLE NEED,1.14,,,3.5,,,1.17,,,34171.0,,,39980.0,,,6.0,,
ABC,1723B - SOY SAUCE BOTTLE 275-340ML,1723 - SOY SAUCE,STAPLE NEED,1.14,1.07,-0.0614,11.0,5.0,-0.5455,1.05,1.0,-0.0476,24632.0,22953.0,-0.0682,25864.0,22953.0,-0.1126,21.0,15.0,-0.2857
BANGO,1723B - SOY SAUCE BOTTLE 275-340ML,1723 - SOY SAUCE,STAPLE NEED,1.16,1.07,-0.0776,92.5,39.33,-0.5748,1.09,1.13,0.0367,20261.0,19207.0,-0.052,22084.0,21704.0,-0.0172,170.0,104.0,-0.3882
HATI ANGSA,1723B - SOY SAUCE BOTTLE 275-340ML,1723 - SOY SAUCE,STAPLE NEED,1.0,,,1.5,,,1.0,,,12500.0,,,12500.0,,,3.0,,
KECAP BENTENG SH,1723B - SOY SAUCE BOTTLE 275-340ML,1723 - SOY SAUCE,STAPLE NEED,1.0,1.0,0.0,15.0,3.67,-0.7553,1.43,1.0,-0.3007,17117.0,17136.0,0.0011,24477.0,17136.0,-0.2999,21.0,11.0,-0.4762
ABC,1723C - SOY SAUCE 500-600ML,1723 - SOY SAUCE,STAPLE NEED,1.13,1.48,0.3097,62.0,17.33,-0.7205,1.19,1.24,0.042,28274.0,37019.0,0.3093,33646.0,45904.0,0.3643,104.0,42.0,-0.5962
BANGO,1723C - SOY SAUCE 500-600ML,1723 - SOY SAUCE,STAPLE NEED,4.11,5.76,0.4015,197.5,67.33,-0.6591,1.38,1.3,-0.058,112487.0,154448.0,0.373,155232.0,200782.0,0.2934,287.0,155.0,-0.4599
INDOFOOD,1723C - SOY SAUCE 500-600ML,1723 - SOY SAUCE,STAPLE NEED,1.06,1.16,0.0943,15.5,14.33,-0.0755,1.03,1.16,0.1262,19819.0,21698.0,0.0948,20414.0,25170.0,0.233,30.0,37.0,0.2333
LEE KUM KEE,1723C - SOY SAUCE 500-600ML,1723 - SOY SAUCE,STAPLE NEED,1.0,,,0.5,,,1.0,,,45000.0,,,45000.0,,,1.0,,
SEDAAP,1723C - SOY SAUCE 500-600ML,1723 - SOY SAUCE,STAPLE NEED,1.53,1.2,-0.2157,177.0,79.0,-0.5537,1.4,1.45,0.0357,33312.0,26689.0,-0.1988,46637.0,38699.0,-0.1702,253.0,163.0,-0.3557
SAORI,1724A - LIQUID SAUCE SACHET,1724 - LIQUID SAUCE & VINEGAR,STAPLE NEED,1.06,1.29,0.217,9.0,2.33,-0.7411,1.0,1.0,0.0,3572.0,4371.0,0.2237,3572.0,4371.0,0.2237,18.0,7.0,-0.6111
ABC,1724B - LIQUID SAUCE BOTTLE,1724 - LIQUID SAUCE & VINEGAR,STAPLE NEED,1.0,1.0,0.0,7.0,2.33,-0.6671,1.0,1.0,0.0,31550.0,29271.0,-0.0722,31550.0,29271.0,-0.0722,14.0,7.0,-0.5
FINNA,1724B - LIQUID SAUCE BOTTLE,1724 - LIQUID SAUCE & VINEGAR,STAPLE NEED,1.0,,,0.5,,,1.0,,,17900.0,,,17900.0,,,1.0,,
KIKKOMAN,1724B - LIQUID SAUCE BOTTLE,1724 - LIQUID SAUCE & VINEGAR,STAPLE NEED,1.14,,,3.5,,,1.17,,,24771.0,,,28982.0,,,6.0,,
LEE KUM KEE,1724B - LIQUID SAUCE BOTTLE,1724 - LIQUID SAUCE & VINEGAR,STAPLE NEED,1.39,1.08,-0.223,28.5,8.33,-0.7077,1.06,1.0,-0.0566,33868.0,32200.0,-0.0493,35900.0,32200.0,-0.1031,54.0,25.0,-0.537
MAGGI,1724B - LIQUID SAUCE BOTTLE,1724 - LIQUID SAUCE & VINEGAR,STAPLE NEED,1.05,1.0,-0.0476,20.5,10.33,-0.4961,1.08,1.03,-0.0463,10434.0,9926.0,-0.0487,11269.0,10224.0,-0.0927,38.0,30.0,-0.2105
MAHSURI,1724B - LIQUID SAUCE BOTTLE,1724 - LIQUID SAUCE & VINEGAR,STAPLE NEED,1.0,,,0.5,,,1.0,,,19900.0,,,19900.0,,,1.0,,
MAMA SUKA,1724B - LIQUID SAUCE BOTTLE,1724 - LIQUID SAUCE & VINEGAR,STAPLE NEED,1.0,1.0,0.0,2.5,3.67,0.468,1.0,1.0,0.0,17540.0,17727.0,0.0107,17540.0,17727.0,0.0107,5.0,11.0,1.2
ROYCO,1724B - LIQUID SAUCE BOTTLE,1724 - LIQUID SAUCE & VINEGAR,STAPLE NEED,1.03,1.0,-0.0291,17.0,13.67,-0.1959,1.13,1.05,-0.0708,15068.0,15217.0,0.0099,17027.0,15978.0,-0.0616,30.0,39.0,0.3
SAORI,1724B - LIQUID SAUCE BOTTLE,1724 - LIQUID SAUCE & VINEGAR,STAPLE NEED,1.04,1.05,0.0096,97.5,43.33,-0.5556,1.08,1.08,0.0,16872.0,15042.0,-0.1085,18222.0,16245.0,-0.1085,180.0,120.0,-0.3333
DUA BELIBIS,1724C - VINEGAR,1724 - LIQUID SAUCE & VINEGAR,STAPLE NEED,1.03,1.25,0.2136,19.5,6.67,-0.6579,1.11,1.18,0.0631,5377.0,6515.0,0.2116,5968.0,7688.0,0.2882,35.0,17.0,-0.5143
KEWPIE,1725B - DRESSING SACHET 50-150G,1725 - DRESSING,STAPLE NEED,2.09,1.64,-0.2153,33.0,9.33,-0.7173,1.03,1.12,0.0874,18909.0,13861.0,-0.267,19476.0,15524.0,-0.2029,64.0,25.0,-0.6094
MAESTRO,1725B - DRESSING SACHET 50-150G,1725 - DRESSING,STAPLE NEED,1.37,1.08,-0.2117,58.5,13.0,-0.7778,1.11,1.0,-0.0991,8074.0,6359.0,-0.2124,8962.0,6359.0,-0.2904,105.0,39.0,-0.6286
MAMA SUKA,1725B - DRESSING SACHET 50-150G,1725 - DRESSING,STAPLE NEED,1.5,,,1.0,,,1.0,,,17850.0,,,17850.0,,,2.0,,
MAYUMI,1725B - DRESSING SACHET 50-150G,1725 - DRESSING,STAPLE NEED,1.29,1.04,-0.1938,8.5,8.33,-0.02,1.21,1.0,-0.1736,11794.0,8280.0,-0.2979,14271.0,8280.0,-0.4198,14.0,25.0,0.7857
KEWPIE,1725C - DRESSING BOTTLE,1725 - DRESSING,STAPLE NEED,1.1,1.0,-0.0909,14.5,3.33,-0.7703,1.0,1.0,0.0,42090.0,39800.0,-0.0544,42090.0,39800.0,-0.0544,29.0,10.0,-0.6552
MAESTRO,1725C - DRESSING BOTTLE,1725 - DRESSING,STAPLE NEED,2.0,,,1.5,,,1.0,,,43733.0,,,43733.0,,,3.0,,
MAMA SUKA,1725C - DRESSING BOTTLE,1725 - DRESSING,STAPLE NEED,1.0,1.2,0.2,3.0,1.67,-0.4433,1.0,1.0,0.0,28850.0,36000.0,0.2478,28850.0,36000.0,0.2478,6.0,5.0,-0.1667
PRONAS,1811A - CANNED MEAT 180-200G,1811 - CANNED MEAT,STAPLE NEED,1.02,1.1,0.0784,21.0,3.33,-0.8414,1.17,1.11,-0.0513,23460.0,26370.0,0.124,27448.0,29271.0,0.0664,36.0,9.0,-0.75
PRONAS,1811B - CANNED MEAT 325-400G,1811 - CANNED MEAT,STAPLE NEED,1.0,1.0,0.0,3.5,0.33,-0.9057,1.0,1.0,0.0,39357.0,41900.0,0.0646,39357.0,41900.0,0.0646,7.0,1.0,-0.8571
PRONAS,1811C - CANNED MEAT SAC,1811 - CANNED MEAT,STAPLE NEED,1.26,1.33,0.0556,34.0,10.0,-0.7059,1.55,2.14,0.3806,11393.0,12267.0,0.0767,17659.0,26251.0,0.4866,44.0,14.0,-0.6818
ABC,1812A - CANNED SEAFOOD SARDINES 100-200G,1812 - CANNED SEAFOOD,STAPLE NEED,1.29,1.37,0.062,90.5,24.33,-0.7312,1.12,1.09,-0.0268,16689.0,17763.0,0.0644,18692.0,19362.0,0.0358,161.0,67.0,-0.5839
ASAHI,1812A - CANNED SEAFOOD SARDINES 100-200G,1812 - CANNED SEAFOOD,STAPLE NEED,1.49,1.33,-0.1074,40.0,14.33,-0.6418,1.1,1.02,-0.0727,16178.0,14333.0,-0.114,17796.0,14620.0,-0.1785,73.0,42.0,-0.4247
FIESTA,1812A - CANNED SEAFOOD SARDINES 100-200G,1812 - CANNED SEAFOOD,STAPLE NEED,1.26,1.28,0.0159,21.0,10.67,-0.4919,1.24,1.14,-0.0806,12240.0,13709.0,0.12,15178.0,15628.0,0.0296,34.0,28.0,-0.1765
MAYA,1812A - CANNED SEAFOOD SARDINES 100-200G,1812 - CANNED SEAFOOD,STAPLE NEED,1.37,1.08,-0.2117,13.5,8.0,-0.4074,1.08,1.09,0.0093,16856.0,13346.0,-0.2082,18204.0,14547.0,-0.2009,25.0,22.0,-0.12
ABC,1812B - CANNED SEAFOOD SARDINES 300-500G,1812 - CANNED SEAFOOD,STAPLE NEED,1.09,1.08,-0.0092,33.0,13.33,-0.5961,1.12,1.11,-0.0089,31967.0,31513.0,-0.0142,35803.0,34979.0,-0.023,59.0,36.0,-0.3898
MAYA,1812B - CANNED SEAFOOD SARDINES 300-500G,1812 - CANNED SEAFOOD,STAPLE NEED,1.14,1.0,-0.1228,3.5,1.33,-0.62,1.0,1.0,0.0,33029.0,28800.0,-0.128,33029.0,28800.0,-0.128,7.0,4.0,-0.4286
BOTAN,1812D - CANNED SEAFOOD MACKEREL 300-500G,1812 - CANNED SEAFOOD,STAPLE NEED,1.0,1.0,0.0,2.5,1.0,-0.6,1.0,1.0,0.0,42260.0,42267.0,0.0002,42260.0,42267.0,0.0002,5.0,3.0,-0.4
FIESTA,1812D - CANNED SEAFOOD MACKEREL 300-500G,1812 - CANNED SEAFOOD,STAPLE NEED,1.0,1.0,0.0,7.5,2.67,-0.644,1.0,1.0,0.0,23767.0,27000.0,0.136,23767.0,27000.0,0.136,15.0,8.0,-0.4667
MAYA,1812E - CANNED SEAFOOD TUNA 100-200G,1812 - CANNED SEAFOOD,STAPLE NEED,1.14,1.5,0.3158,3.5,1.33,-0.62,1.4,1.0,-0.2857,30514.0,40150.0,0.3158,42720.0,40150.0,-0.0602,5.0,4.0,-0.2
SUN BELL,1812E - CANNED SEAFOOD TUNA 100-200G,1812 - CANNED SEAFOOD,STAPLE NEED,2.0,,,2.0,,,1.33,,,52125.0,,,69326.0,,,3.0,,
SUNPRIDE,1814A - CANNED FRUIT,1814 - CANNED FRUIT,STAPLE NEED,1.0,,,0.5,,,1.0,,,22500.0,,,22500.0,,,1.0,,
ALFAMART,1821A - DRIED MEAT 50-125G,1821 - DRIED MEAT,STAPLE NEED,1.22,1.18,-0.0328,23.0,9.33,-0.5943,1.24,1.08,-0.129,19909.0,19114.0,-0.0399,24687.0,20643.0,-0.1638,37.0,26.0,-0.2973
LA FONTE,1915A - PASTA,1915 - PASTA,STAPLE NEED,1.21,1.18,-0.0248,52.0,18.67,-0.641,1.07,1.14,0.0654,12207.0,11748.0,-0.0376,13061.0,13393.0,0.0254,97.0,49.0,-0.4948
MAKARONIKU,1915A - PASTA,1915 - PASTA,STAPLE NEED,1.0,,,2.0,,,1.33,,,12900.0,,,17157.0,,,3.0,,
SAN REMO,1915A - PASTA,1915 - PASTA,STAPLE NEED,1.33,,,1.5,,,1.0,,,35300.0,,,35300.0,,,3.0,,
ALFAMART,1915B - INSTANT PASTA,1915 - PASTA,STAPLE NEED,1.0,,,0.5,,,1.0,,,15500.0,,,15500.0,,,1.0,,
GREEN VALLEY,1915B - INSTANT PASTA,1915 - PASTA,STAPLE NEED,1.5,,,1.0,,,2.0,,,42750.0,,,85500.0,,,1.0,,
LA FONTE,1915B - INSTANT PASTA,1915 - PASTA,STAPLE NEED,1.76,1.39,-0.2102,34.0,13.67,-0.5979,1.17,1.08,-0.0769,12881.0,9751.0,-0.243,15071.0,10531.0,-0.3012,58.0,38.0,-0.3448
MAMA SUKA,1915B - INSTANT PASTA,1915 - PASTA,STAPLE NEED,1.04,1.1,0.0577,14.0,6.67,-0.5236,1.04,1.11,0.0673,19993.0,21670.0,0.0839,20793.0,24054.0,0.1568,27.0,18.0,-0.3333
MUJIGAE,1915B - INSTANT PASTA,1915 - PASTA,STAPLE NEED,1.1,1.11,0.0091,10.0,6.33,-0.367,1.05,1.19,0.1333,23575.0,23958.0,0.0162,24754.0,28510.0,0.1517,19.0,16.0,-0.1579
OMMASON,1915B - INSTANT PASTA,1915 - PASTA,STAPLE NEED,1.0,1.0,0.0,0.5,0.67,0.34,1.0,1.0,0.0,14900.0,14900.0,0.0,14900.0,14900.0,0.0,1.0,2.0,1.0
POP SPAGETI,1915B - INSTANT PASTA,1915 - PASTA,STAPLE NEED,,2.48,,,62.33,,,1.11,,,8684.0,,,9639.0,,,168.0,
SAN REMO,1915B - INSTANT PASTA,1915 - PASTA,STAPLE NEED,1.0,,,0.5,,,1.0,,,27000.0,,,27000.0,,,1.0,,
WONHAE,1915B - INSTANT PASTA,1915 - PASTA,STAPLE NEED,1.25,1.29,0.032,12.0,39.67,2.3058,1.09,1.08,-0.0092,13125.0,13608.0,0.0368,14306.0,14697.0,0.0273,22.0,110.0,4.0
WOW,1915B - INSTANT PASTA,1915 - PASTA,STAPLE NEED,3.29,3.54,0.076,358.5,267.0,-0.2552,1.18,1.27,0.0763,11869.0,12432.0,0.0474,14005.0,15789.0,0.1274,606.0,630.0,0.0396
MAMA SUKA,1921A - INSTANT SOUP,1921 - INSTANT SOUP,STAPLE NEED,1.19,1.12,-0.0588,8.0,2.67,-0.6662,1.0,1.33,0.33,11612.0,11625.0,0.0011,11612.0,15461.0,0.3315,16.0,6.0,-0.625
ROYCO,1921A - INSTANT SOUP,1921 - INSTANT SOUP,STAPLE NEED,1.12,1.2,0.0714,8.0,1.67,-0.7912,1.0,1.25,0.25,12375.0,13200.0,0.0667,12375.0,16500.0,0.3333,16.0,4.0,-0.75
FUKUMI,1922A - INSTANT RICE,1922 - INSTANT RICE,STAPLE NEED,1.0,,,1.0,,,1.0,,,195000.0,,,195000.0,,,2.0,,
KONGBAP,1922A - INSTANT RICE,1922 - INSTANT RICE,STAPLE NEED,1.0,,,0.5,,,1.0,,,12500.0,,,12500.0,,,1.0,,
