BRAND,SUBCATEGORY,CATEGORY,SECTION,AVG_QTY_STRUK_MONTH_BEFORE,AVG_QTY_STRUK_MONTH_AFTER,AVG_QTY_STRUK_MONTH_GROWTH,AVG_STRUK_MONTH_BEFORE,AVG_STRUK_MONTH_AFTER,AVG_STRUK_MONTH_GROWTH,PURCHASE_FREQUENCY_BEFORE,PURCHASE_FREQUENCY_AFTER,PURCHASE_FREQUENCY_GROWTH,SPT_BEFORE,SPT_AFTER,SPT_GROWTH,SPB_BEFORE,SPB_AFTER,SPB_GROWTH,BUYER_COUNT_BEFORE,BUYER_COUNT_AFTER,BUYER_COUNT_GROWTH
ALFAMART,1511C - RICE BAG 10KG,1511 - RICE,-,1.07,,,20.5,,,1.46,,,165268.0,,,241291.0,,,28.0,,
ETERNA,4251B - CLEANING EQUIPMENT TOILET,4251 - CLEANING EQUIPMENT,-,1.0,1.0,0.0,5.5,3.0,-0.4545,1.0,1.0,0.0,9300.0,9300.0,0.0,9300.0,9300.0,0.0,11.0,9.0,-0.1818
ATLAS,5831A - RELIGIOUS NEEDS,5831 - RELIGIOUS NEEDS,-,,2.0,,,1.33,,,1.0,,,131350.0,,,131350.0,,,4.0,
BUMIFOOD,6229A - CHILLED SEAFOOD,6229 - CHILLED SEAFOOD,-,,1.6,,,248.0,,,1.28,,,13311.0,,,17038.0,,,580.0,
KIMBO,6235A - FROZEN MEAT BALLS,6235 - FROZEN MEAT BALLS,-,1.0,1.19,0.19,7.5,7.0,-0.0667,1.0,1.17,0.17,36900.0,46157.0,0.2509,36900.0,54004.0,0.4635,15.0,18.0,0.2
SO GOOD,6235A - FROZEN MEAT BALLS,6235 - FROZEN MEAT BALLS,-,1.04,,,22.5,,,1.12,,,21993.0,,,24632.0,,,40.0,,
SUMBER SELERA,6235A - FROZEN MEAT BALLS,6235 - FROZEN MEAT BALLS,-,1.03,1.25,0.2136,52.0,17.0,-0.6731,1.11,1.19,0.0721,37964.0,46306.0,0.2197,42140.0,55104.0,0.3076,94.0,43.0,-0.5426
BELFOODS,6236A - FROZEN SAUSAGES,6236 - FROZEN SAUSAGES,-,1.0,1.0,0.0,10.5,3.0,-0.7143,1.05,1.0,-0.0476,49462.0,48044.0,-0.0287,51935.0,48044.0,-0.0749,20.0,9.0,-0.55
BENFARM,6236A - FROZEN SAUSAGES,6236 - FROZEN SAUSAGES,-,1.06,1.12,0.0566,41.0,26.67,-0.3495,1.08,1.1,0.0185,60916.0,56105.0,-0.079,65789.0,61716.0,-0.0619,76.0,73.0,-0.0395
CHAMP,6236A - FROZEN SAUSAGES,6236 - FROZEN SAUSAGES,-,1.0,1.03,0.03,21.0,10.67,-0.4919,1.08,1.0,-0.0741,34143.0,33859.0,-0.0083,36874.0,33859.0,-0.0818,39.0,32.0,-0.1795
KANZLER,6236A - FROZEN SAUSAGES,6236 - FROZEN SAUSAGES,-,1.03,1.04,0.0097,67.5,15.0,-0.7778,1.12,1.05,-0.0625,40101.0,40838.0,0.0184,44913.0,42880.0,-0.0453,120.0,43.0,-0.6417
SO NICE,6236A - FROZEN SAUSAGES,6236 - FROZEN SAUSAGES,-,1.02,1.0,-0.0196,29.0,10.0,-0.6552,1.12,1.03,-0.0804,22134.0,21643.0,-0.0222,24790.0,22292.0,-0.1008,52.0,29.0,-0.4423
ACMIC,4641A - TRAVEL ACCESSORIES,4641 - ACCESSORIES TRAVEL,ACCESSORIES,1.29,1.0,-0.2248,3.5,2.0,-0.4286,1.17,1.0,-0.1453,29871.0,23233.0,-0.2222,34949.0,23233.0,-0.3352,6.0,6.0,0.0
ALFAMART,5521A - BABIES/CHILDREN SOCK,5521 - BABIES & CHILDREN SOCK,ACCESSORIES,1.0,1.0,0.0,4.5,0.67,-0.8511,1.0,1.0,0.0,21122.0,20400.0,-0.0342,21122.0,20400.0,-0.0342,9.0,2.0,-0.7778
ALFA,5523A - MENS SOCK,5523 - MENS SOCK,ACCESSORIES,1.08,1.11,0.0278,20.0,15.0,-0.25,1.0,1.07,0.07,20117.0,22467.0,0.1168,20117.0,24040.0,0.195,40.0,42.0,0.05
ALFAMART,5523A - MENS SOCK,5523 - MENS SOCK,ACCESSORIES,1.06,1.0,-0.0566,8.0,3.67,-0.5412,1.0,1.0,0.0,20231.0,19455.0,-0.0384,20231.0,19455.0,-0.0384,16.0,11.0,-0.3125
PRINGLE,5523A - MENS SOCK,5523 - MENS SOCK,ACCESSORIES,1.0,1.0,0.0,4.0,2.33,-0.4175,1.0,1.0,0.0,31562.0,31286.0,-0.0087,31562.0,31286.0,-0.0087,8.0,7.0,-0.125
ALFA,5811A - COMB,5811 - COMB,ACCESSORIES,1.0,1.0,0.0,4.5,1.67,-0.6289,1.0,1.0,0.0,39900.0,39500.0,-0.01,39900.0,39500.0,-0.01,9.0,5.0,-0.4444
DISNEY,5811A - COMB,5811 - COMB,ACCESSORIES,1.0,1.0,0.0,0.5,0.33,-0.34,1.0,1.0,0.0,34900.0,35200.0,0.0086,34900.0,35200.0,0.0086,1.0,1.0,0.0
FROZEN,5811A - COMB,5811 - COMB,ACCESSORIES,1.0,1.0,0.0,1.0,0.33,-0.67,1.0,1.0,0.0,22900.0,23500.0,0.0262,22900.0,23500.0,0.0262,2.0,1.0,-0.5
PRINCESS,5811A - COMB,5811 - COMB,ACCESSORIES,2.0,,,0.5,,,1.0,,,45800.0,,,45800.0,,,1.0,,
SANRIO,5811A - COMB,5811 - COMB,ACCESSORIES,1.0,,,2.0,,,1.0,,,37900.0,,,37900.0,,,4.0,,
TRENDY,5811A - COMB,5811 - COMB,ACCESSORIES,1.05,1.03,-0.019,32.5,13.0,-0.6,1.02,1.0,-0.0196,9223.0,8744.0,-0.0519,9407.0,8744.0,-0.0705,64.0,39.0,-0.3906
ALFA,5812A - HAIR GROOMING,5812 - HAIR ACCESSORIES,ACCESSORIES,1.12,1.07,-0.0446,42.5,27.67,-0.3489,1.02,1.01,-0.0098,18941.0,19494.0,0.0292,19320.0,19689.0,0.0191,83.0,82.0,-0.012
SCORLINES,5812A - HAIR GROOMING,5812 - HAIR ACCESSORIES,ACCESSORIES,1.0,1.0,0.0,6.0,3.0,-0.5,1.0,1.0,0.0,12592.0,12922.0,0.0262,12592.0,12922.0,0.0262,12.0,9.0,-0.25
WETBRUSH,5812A - HAIR GROOMING,5812 - HAIR ACCESSORIES,ACCESSORIES,1.0,,,1.0,,,1.0,,,82850.0,,,82850.0,,,2.0,,
ALFA,5813A - PIN & SCISSORS NAIL,5813 - PIN & SCISSORS NAIL,ACCESSORIES,1.0,1.0,0.0,18.0,9.0,-0.5,1.0,1.0,0.0,18636.0,18000.0,-0.0341,18636.0,18000.0,-0.0341,36.0,27.0,-0.25
SCORLINES,5813A - PIN & SCISSORS NAIL,5813 - PIN & SCISSORS NAIL,ACCESSORIES,1.0,1.0,0.0,20.5,11.67,-0.4307,1.0,1.0,0.0,20534.0,19871.0,-0.0323,20534.0,19871.0,-0.0323,41.0,35.0,-0.1463
TRENDY,5813A - PIN & SCISSORS NAIL,5813 - PIN & SCISSORS NAIL,ACCESSORIES,1.0,1.0,0.0,9.5,1.0,-0.8947,1.06,1.0,-0.0566,23205.0,22867.0,-0.0146,24597.0,22867.0,-0.0703,18.0,3.0,-0.8333
BT21,5814A - BEAUTY ACCESSORIES,5814 - BEAUTY ACCESSORIES,ACCESSORIES,1.0,,,0.5,,,1.0,,,17900.0,,,17900.0,,,1.0,,
MARVELS,5814A - BEAUTY ACCESSORIES,5814 - BEAUTY ACCESSORIES,ACCESSORIES,1.0,,,1.0,,,1.0,,,44600.0,,,44600.0,,,2.0,,
SCORLINES,5814A - BEAUTY ACCESSORIES,5814 - BEAUTY ACCESSORIES,ACCESSORIES,1.07,1.14,0.0654,14.5,2.33,-0.8393,1.04,1.0,-0.0385,12297.0,13200.0,0.0734,12789.0,13200.0,0.0321,28.0,7.0,-0.75
ALFA,5911A - HAIR ACCESSORIES IMPORT,5911 - HAIR ACCESSORIES IMPORT,ACCESSORIES,1.0,1.25,0.25,1.5,1.33,-0.1133,1.0,1.0,0.0,24567.0,26275.0,0.0695,24567.0,26275.0,0.0695,3.0,4.0,0.3333
BT21,5911A - HAIR ACCESSORIES IMPORT,5911 - HAIR ACCESSORIES IMPORT,ACCESSORIES,1.0,1.0,0.0,1.5,0.33,-0.78,1.0,1.0,0.0,27967.0,28900.0,0.0334,27967.0,28900.0,0.0334,3.0,1.0,-0.6667
DISNEY,5911A - HAIR ACCESSORIES IMPORT,5911 - HAIR ACCESSORIES IMPORT,ACCESSORIES,,1.0,,,0.33,,,1.0,,,11100.0,,,11100.0,,,1.0,
FROZEN,5911A - HAIR ACCESSORIES IMPORT,5911 - HAIR ACCESSORIES IMPORT,ACCESSORIES,1.0,1.0,0.0,2.5,0.33,-0.868,1.0,1.0,0.0,14900.0,15300.0,0.0268,14900.0,15300.0,0.0268,5.0,1.0,-0.8
PRINCESS,5911A - HAIR ACCESSORIES IMPORT,5911 - HAIR ACCESSORIES IMPORT,ACCESSORIES,1.0,1.0,0.0,0.5,0.33,-0.34,1.0,1.0,0.0,11300.0,11300.0,0.0,11300.0,11300.0,0.0,1.0,1.0,0.0
AIRPRO,4741A - CAR AIR FRESHENER GEL,4741 - CAR AIR FRESHENER,AIR FRESHNER,2.0,,,0.5,,,1.0,,,78600.0,,,78600.0,,,1.0,,
ALFA,4741A - CAR AIR FRESHENER GEL,4741 - CAR AIR FRESHENER,AIR FRESHNER,1.56,1.51,-0.0321,78.5,31.0,-0.6051,1.03,1.03,0.0,12016.0,11731.0,-0.0237,12376.0,12083.0,-0.0237,152.0,90.0,-0.4079
ALFAMART,4741A - CAR AIR FRESHENER GEL,4741 - CAR AIR FRESHENER,AIR FRESHNER,1.45,1.53,0.0552,39.0,19.67,-0.4956,1.04,1.04,0.0,11682.0,11810.0,0.011,12149.0,12282.0,0.0109,75.0,57.0,-0.24
GLADE,4741A - CAR AIR FRESHENER GEL,4741 - CAR AIR FRESHENER,AIR FRESHNER,1.28,1.11,-0.1328,39.5,21.0,-0.4684,1.13,1.03,-0.0885,16562.0,14525.0,-0.123,18715.0,14961.0,-0.2006,70.0,61.0,-0.1286
STELLA,4741A - CAR AIR FRESHENER GEL,4741 - CAR AIR FRESHENER,AIR FRESHNER,1.1,1.11,0.0091,54.0,33.67,-0.3765,1.02,1.02,0.0,24544.0,25079.0,0.0218,25035.0,25581.0,0.0218,106.0,99.0,-0.066
AIRPRO,4741B - CAR AIR FRESHENER PAPPER,4741 - CAR AIR FRESHENER,AIR FRESHNER,1.36,,,35.0,,,1.09,,,19950.0,,,21746.0,,,64.0,,
BAGUS,4741B - CAR AIR FRESHENER PAPPER,4741 - CAR AIR FRESHENER,AIR FRESHNER,1.09,1.0,-0.0826,5.5,6.33,0.1509,1.0,1.0,0.0,18309.0,16884.0,-0.0778,18309.0,16884.0,-0.0778,11.0,19.0,0.7273
BAYFRESH,4741B - CAR AIR FRESHENER PAPPER,4741 - CAR AIR FRESHENER,AIR FRESHNER,1.14,1.14,0.0,100.0,56.33,-0.4367,1.1,1.06,-0.0364,16555.0,17125.0,0.0344,18210.0,18152.0,-0.0032,182.0,160.0,-0.1209
STELLA,4741B - CAR AIR FRESHENER PAPPER,4741 - CAR AIR FRESHENER,AIR FRESHNER,1.12,1.12,0.0,44.0,32.0,-0.2727,1.05,1.09,0.0381,19422.0,19528.0,0.0055,20393.0,21286.0,0.0438,84.0,88.0,0.0476
AIRPRO,4741C - CAR AIR FRESHENER LIQUID,4741 - CAR AIR FRESHENER,AIR FRESHNER,1.0,1.26,0.26,20.0,9.0,-0.55,1.0,1.0,0.0,34245.0,41459.0,0.2107,34245.0,41459.0,0.2107,40.0,27.0,-0.325
AMBI PUR,4741C - CAR AIR FRESHENER LIQUID,4741 - CAR AIR FRESHENER,AIR FRESHNER,1.2,1.27,0.0583,15.0,10.0,-0.3333,1.07,1.07,0.0,53977.0,58217.0,0.0786,57755.0,62292.0,0.0786,28.0,28.0,0.0
STELLA,4741C - CAR AIR FRESHENER LIQUID,4741 - CAR AIR FRESHENER,AIR FRESHNER,1.0,1.1,0.1,13.5,21.0,0.5556,1.12,1.02,-0.0893,30500.0,33405.0,0.0952,34160.0,34073.0,-0.0025,24.0,62.0,1.5833
117,2411A - SKT (SIGARET KRETEK TANGAN) 10-12,2411 - SKT (SIGARET KRETEK TANGAN),BACKWALL,,1.0,,,1.0,,,1.0,,,8700.0,,,8700.0,,,3.0,
153 KRETEK,2411A - SKT (SIGARET KRETEK TANGAN) 10-12,2411 - SKT (SIGARET KRETEK TANGAN),BACKWALL,1.0,1.12,0.12,1.0,5.67,4.67,1.0,4.25,3.25,13900.0,16082.0,0.157,13900.0,68348.0,3.9171,2.0,4.0,1.0
BENTOEL,2411A - SKT (SIGARET KRETEK TANGAN) 10-12,2411 - SKT (SIGARET KRETEK TANGAN),BACKWALL,1.67,1.38,-0.1737,30.5,30.33,-0.0056,1.85,1.32,-0.2865,16741.0,14079.0,-0.159,30971.0,18584.0,-0.4,33.0,69.0,1.0909
CAMEL,2411A - SKT (SIGARET KRETEK TANGAN) 10-12,2411 - SKT (SIGARET KRETEK TANGAN),BACKWALL,1.19,1.11,-0.0672,34.5,20.67,-0.4009,1.72,1.38,-0.1977,19097.0,16845.0,-0.1179,32847.0,23246.0,-0.2923,40.0,45.0,0.125
CHIEF,2411A - SKT (SIGARET KRETEK TANGAN) 10-12,2411 - SKT (SIGARET KRETEK TANGAN),BACKWALL,1.42,1.17,-0.1761,6.0,9.67,0.6117,1.71,1.26,-0.2632,15583.0,12986.0,-0.1667,26647.0,16362.0,-0.386,7.0,23.0,2.2857
CIGARILLOS,2411A - SKT (SIGARET KRETEK TANGAN) 10-12,2411 - SKT (SIGARET KRETEK TANGAN),BACKWALL,,1.35,,,8.67,,,1.53,,,24492.0,,,37473.0,,,17.0,
DJARUM,2411A - SKT (SIGARET KRETEK TANGAN) 10-12,2411 - SKT (SIGARET KRETEK TANGAN),BACKWALL,1.24,1.15,-0.0726,204.0,297.0,0.4559,1.47,1.51,0.0272,21125.0,18978.0,-0.1016,31054.0,28657.0,-0.0772,278.0,592.0,1.1295
DJAVA,2411A - SKT (SIGARET KRETEK TANGAN) 10-12,2411 - SKT (SIGARET KRETEK TANGAN),BACKWALL,,1.58,,,8.67,,,1.53,,,13562.0,,,20750.0,,,17.0,
DJI SAM SOE,2411A - SKT (SIGARET KRETEK TANGAN) 10-12,2411 - SKT (SIGARET KRETEK TANGAN),BACKWALL,1.18,1.2,0.0169,287.5,252.67,-0.1211,1.27,1.3,0.0236,26430.0,27063.0,0.024,33566.0,35182.0,0.0481,452.0,581.0,0.2854
DUNHILL,2411A - SKT (SIGARET KRETEK TANGAN) 10-12,2411 - SKT (SIGARET KRETEK TANGAN),BACKWALL,,1.11,,,3.0,,,1.0,,,26267.0,,,26267.0,,,9.0,
ENVIO,2411A - SKT (SIGARET KRETEK TANGAN) 10-12,2411 - SKT (SIGARET KRETEK TANGAN),BACKWALL,1.11,1.14,0.027,18.5,11.67,-0.3692,1.19,1.52,0.2773,14622.0,15354.0,0.0501,17400.0,23338.0,0.3413,31.0,23.0,-0.2581
GUDANG GARAM,2411A - SKT (SIGARET KRETEK TANGAN) 10-12,2411 - SKT (SIGARET KRETEK TANGAN),BACKWALL,1.17,1.23,0.0513,54.0,21.67,-0.5987,1.2,1.14,-0.05,19549.0,21051.0,0.0768,23459.0,23998.0,0.023,90.0,57.0,-0.3667
HS,2411A - SKT (SIGARET KRETEK TANGAN) 10-12,2411 - SKT (SIGARET KRETEK TANGAN),BACKWALL,1.2,1.27,0.0583,15.0,50.67,2.378,1.2,1.33,0.1083,14400.0,17022.0,0.1821,17280.0,22639.0,0.3101,25.0,114.0,3.56
JUARA,2411A - SKT (SIGARET KRETEK TANGAN) 10-12,2411 - SKT (SIGARET KRETEK TANGAN),BACKWALL,1.31,1.06,-0.1908,32.5,16.67,-0.4871,1.2,1.19,-0.0083,19863.0,16176.0,-0.1856,23836.0,19249.0,-0.1924,54.0,42.0,-0.2222
OCHA,2411A - SKT (SIGARET KRETEK TANGAN) 10-12,2411 - SKT (SIGARET KRETEK TANGAN),BACKWALL,,1.26,,,11.67,,,1.59,,,12571.0,,,19988.0,,,22.0,
RAPTOR,2411A - SKT (SIGARET KRETEK TANGAN) 10-12,2411 - SKT (SIGARET KRETEK TANGAN),BACKWALL,,1.0,,,1.33,,,1.33,,,9975.0,,,13267.0,,,3.0,
SAMPOERNA,2411A - SKT (SIGARET KRETEK TANGAN) 10-12,2411 - SKT (SIGARET KRETEK TANGAN),BACKWALL,1.23,1.23,0.0,203.5,139.33,-0.3153,1.4,1.39,-0.0071,20182.0,20542.0,0.0178,28255.0,28553.0,0.0105,290.0,301.0,0.0379
SUKUN,2411A - SKT (SIGARET KRETEK TANGAN) 10-12,2411 - SKT (SIGARET KRETEK TANGAN),BACKWALL,1.0,1.33,0.33,1.0,3.0,2.0,1.0,1.0,0.0,13500.0,18267.0,0.3531,13500.0,18267.0,0.3531,2.0,9.0,3.5
TALI JAGAT,2411A - SKT (SIGARET KRETEK TANGAN) 10-12,2411 - SKT (SIGARET KRETEK TANGAN),BACKWALL,1.6,1.25,-0.2188,2.5,1.33,-0.468,1.0,1.33,0.33,17440.0,14000.0,-0.1972,17440.0,18620.0,0.0677,5.0,3.0,-0.4
WARUNG,2411A - SKT (SIGARET KRETEK TANGAN) 10-12,2411 - SKT (SIGARET KRETEK TANGAN),BACKWALL,,1.21,,,9.33,,,1.27,,,14936.0,,,18969.0,,,22.0,
WARUNG KOPI,2411A - SKT (SIGARET KRETEK TANGAN) 10-12,2411 - SKT (SIGARET KRETEK TANGAN),BACKWALL,1.11,1.31,0.1802,59.0,34.33,-0.4181,1.3,1.69,0.3,11102.0,14402.0,0.2972,14433.0,24339.0,0.6863,91.0,61.0,-0.3297
WIN,2411A - SKT (SIGARET KRETEK TANGAN) 10-12,2411 - SKT (SIGARET KRETEK TANGAN),BACKWALL,1.51,1.37,-0.0927,49.0,46.67,-0.0476,1.66,1.73,0.0422,16502.0,16070.0,-0.0262,27393.0,27801.0,0.0149,59.0,81.0,0.3729
WISMILAK,2411A - SKT (SIGARET KRETEK TANGAN) 10-12,2411 - SKT (SIGARET KRETEK TANGAN),BACKWALL,1.56,,,8.0,,,1.33,,,18594.0,,,24730.0,,,12.0,,
ALFAMART,2411B - SKT (SIGARET KRETEK TANGAN) 16-20,2411 - SKT (SIGARET KRETEK TANGAN),BACKWALL,,1.0,,,3.0,,,1.29,,,12000.0,,,15480.0,,,7.0,
AROMA,2411B - SKT (SIGARET KRETEK TANGAN) 16-20,2411 - SKT (SIGARET KRETEK TANGAN),BACKWALL,1.0,1.0,0.0,8.0,4.0,-0.5,1.6,1.0,-0.375,15662.0,15683.0,0.0013,25059.0,15683.0,-0.3742,10.0,12.0,0.2
DJI SAM SOE,2411B - SKT (SIGARET KRETEK TANGAN) 16-20,2411 - SKT (SIGARET KRETEK TANGAN),BACKWALL,1.13,1.08,-0.0442,60.0,39.33,-0.3445,1.46,1.4,-0.0411,31780.0,31603.0,-0.0056,46399.0,44244.0,-0.0464,82.0,84.0,0.0244
SLIC,2411B - SKT (SIGARET KRETEK TANGAN) 16-20,2411 - SKT (SIGARET KRETEK TANGAN),BACKWALL,,1.0,,,4.0,,,1.0,,,12000.0,,,12000.0,,,12.0,
WISMILAK,2411B - SKT (SIGARET KRETEK TANGAN) 16-20,2411 - SKT (SIGARET KRETEK TANGAN),BACKWALL,,1.0,,,2.67,,,1.14,,,18700.0,,,21318.0,,,7.0,
AROMA,2412A - SKM (SIGARET KRETEK MESIN) LTLN 12,2412 - SKM (SIGARET KRETEK MESIN) LTLN,BACKWALL,1.0,1.05,0.05,10.0,14.33,0.433,1.0,1.23,0.23,18060.0,19416.0,0.0751,18060.0,23882.0,0.3224,20.0,35.0,0.75
CAMEL,2412A - SKM (SIGARET KRETEK MESIN) LTLN 12,2412 - SKM (SIGARET KRETEK MESIN) LTLN,BACKWALL,1.64,1.09,-0.3354,108.5,92.33,-0.149,1.85,1.32,-0.2865,34393.0,22584.0,-0.3434,63627.0,29811.0,-0.5315,117.0,210.0,0.7949
CLAS MILD,2412A - SKM (SIGARET KRETEK MESIN) LTLN 12,2412 - SKM (SIGARET KRETEK MESIN) LTLN,BACKWALL,1.09,1.0,-0.0826,5.5,3.33,-0.3945,1.1,1.11,0.0091,26145.0,24050.0,-0.0801,28760.0,26696.0,-0.0718,10.0,9.0,-0.1
DJARUM,2412A - SKM (SIGARET KRETEK MESIN) LTLN 12,2412 - SKM (SIGARET KRETEK MESIN) LTLN,BACKWALL,1.78,1.11,-0.3764,29.0,15.33,-0.4714,1.66,1.21,-0.2711,38097.0,25665.0,-0.3263,63241.0,31055.0,-0.5089,35.0,38.0,0.0857
DUNHILL,2412A - SKM (SIGARET KRETEK MESIN) LTLN 12,2412 - SKM (SIGARET KRETEK MESIN) LTLN,BACKWALL,1.03,1.14,0.1068,35.5,22.0,-0.3803,1.51,1.16,-0.2318,24054.0,28015.0,0.1647,36322.0,32497.0,-0.1053,47.0,57.0,0.2128
ESSE,2412A - SKM (SIGARET KRETEK MESIN) LTLN 12,2412 - SKM (SIGARET KRETEK MESIN) LTLN,BACKWALL,1.0,1.11,0.11,11.5,6.33,-0.4496,1.1,1.12,0.0182,27657.0,31505.0,0.1391,30423.0,35286.0,0.1598,21.0,17.0,-0.1905
EVO,2412A - SKM (SIGARET KRETEK MESIN) LTLN 12,2412 - SKM (SIGARET KRETEK MESIN) LTLN,BACKWALL,1.07,1.01,-0.0561,40.5,28.33,-0.3005,1.31,1.18,-0.0992,21011.0,20525.0,-0.0231,27524.0,24220.0,-0.12,62.0,72.0,0.1613
SAMPOERNA,2412A - SKM (SIGARET KRETEK MESIN) LTLN 12,2412 - SKM (SIGARET KRETEK MESIN) LTLN,BACKWALL,1.07,1.02,-0.0467,43.5,44.0,0.0115,1.07,1.21,0.1308,30186.0,28857.0,-0.044,32299.0,34917.0,0.0811,81.0,109.0,0.3457
TWIZZ,2412A - SKM (SIGARET KRETEK MESIN) LTLN 12,2412 - SKM (SIGARET KRETEK MESIN) LTLN,BACKWALL,1.0,,,13.5,,,1.08,,,19896.0,,,21488.0,,,25.0,,
ACCESS,2412B - SKM (SIGARET KRETEK MESIN) LTLN 16,2412 - SKM (SIGARET KRETEK MESIN) LTLN,BACKWALL,1.0,1.17,0.17,0.5,2.0,3.0,1.0,1.5,0.5,25500.0,29800.0,0.1686,25500.0,44700.0,0.7529,1.0,4.0,3.0
AROMA,2412B - SKM (SIGARET KRETEK MESIN) LTLN 16,2412 - SKM (SIGARET KRETEK MESIN) LTLN,BACKWALL,1.1,1.11,0.0091,52.5,66.33,0.2634,1.35,1.36,0.0074,26106.0,27331.0,0.0469,35243.0,37170.0,0.0547,78.0,146.0,0.8718
CAMEL,2412B - SKM (SIGARET KRETEK MESIN) LTLN 16,2412 - SKM (SIGARET KRETEK MESIN) LTLN,BACKWALL,1.29,1.13,-0.124,165.5,119.33,-0.279,1.69,1.56,-0.0769,33969.0,29554.0,-0.13,57408.0,46104.0,-0.1969,196.0,230.0,0.1735
CLAS,2412B - SKM (SIGARET KRETEK MESIN) LTLN 16,2412 - SKM (SIGARET KRETEK MESIN) LTLN,BACKWALL,,1.0,,,2.0,,,1.5,,,26700.0,,,40050.0,,,4.0,
CLAS MILD,2412B - SKM (SIGARET KRETEK MESIN) LTLN 16,2412 - SKM (SIGARET KRETEK MESIN) LTLN,BACKWALL,1.12,1.13,0.0089,56.0,45.67,-0.1845,1.44,1.17,-0.1875,36156.0,36399.0,0.0067,52065.0,42587.0,-0.182,78.0,117.0,0.5
DIPLOMAT,2412B - SKM (SIGARET KRETEK MESIN) LTLN 16,2412 - SKM (SIGARET KRETEK MESIN) LTLN,BACKWALL,1.08,1.03,-0.0463,25.0,35.33,0.4132,1.32,1.22,-0.0758,28936.0,28886.0,-0.0017,38196.0,35241.0,-0.0774,38.0,87.0,1.2895
DJARUM,2412B - SKM (SIGARET KRETEK MESIN) LTLN 16,2412 - SKM (SIGARET KRETEK MESIN) LTLN,BACKWALL,1.12,1.1,-0.0179,242.5,181.33,-0.2522,1.5,1.43,-0.0467,40447.0,39813.0,-0.0157,60670.0,56933.0,-0.0616,324.0,381.0,0.1759
DUNHILL,2412B - SKM (SIGARET KRETEK MESIN) LTLN 16,2412 - SKM (SIGARET KRETEK MESIN) LTLN,BACKWALL,1.08,1.13,0.0463,173.0,107.0,-0.3815,1.57,1.48,-0.0573,33994.0,38018.0,0.1184,53371.0,56267.0,0.0543,221.0,217.0,-0.0181
ENVIO,2412B - SKM (SIGARET KRETEK MESIN) LTLN 16,2412 - SKM (SIGARET KRETEK MESIN) LTLN,BACKWALL,1.16,1.23,0.0603,28.5,31.33,0.0993,1.58,2.41,0.5253,28896.0,31849.0,0.1022,45656.0,76756.0,0.6812,36.0,39.0,0.0833
ESSE,2412B - SKM (SIGARET KRETEK MESIN) LTLN 16,2412 - SKM (SIGARET KRETEK MESIN) LTLN,BACKWALL,1.11,1.21,0.0901,71.0,60.67,-0.1455,1.39,1.46,0.0504,42194.0,46674.0,0.1062,58650.0,68144.0,0.1619,102.0,125.0,0.2255
EVO,2412B - SKM (SIGARET KRETEK MESIN) LTLN 16,2412 - SKM (SIGARET KRETEK MESIN) LTLN,BACKWALL,1.14,1.1,-0.0351,100.0,83.0,-0.17,1.65,1.31,-0.2061,29758.0,30183.0,0.0143,49101.0,39540.0,-0.1947,121.0,190.0,0.5702
GEO MILD,2412B - SKM (SIGARET KRETEK MESIN) LTLN 16,2412 - SKM (SIGARET KRETEK MESIN) LTLN,BACKWALL,1.05,1.13,0.0762,28.5,17.67,-0.38,1.12,1.18,0.0536,29368.0,32132.0,0.0941,32892.0,37916.0,0.1527,51.0,45.0,-0.1176
GLIZZ,2412B - SKM (SIGARET KRETEK MESIN) LTLN 16,2412 - SKM (SIGARET KRETEK MESIN) LTLN,BACKWALL,1.0,1.0,0.0,1.0,0.67,-0.33,1.0,2.0,1.0,24000.0,25200.0,0.05,24000.0,50400.0,1.1,2.0,1.0,-0.5
GRENDEL,2412B - SKM (SIGARET KRETEK MESIN) LTLN 16,2412 - SKM (SIGARET KRETEK MESIN) LTLN,BACKWALL,1.14,1.0,-0.1228,3.5,1.67,-0.5229,1.17,1.0,-0.1453,26400.0,23140.0,-0.1235,30888.0,23140.0,-0.2508,6.0,5.0,-0.1667
GUDANG GARAM,2412B - SKM (SIGARET KRETEK MESIN) LTLN 16,2412 - SKM (SIGARET KRETEK MESIN) LTLN,BACKWALL,1.43,1.27,-0.1119,14.0,7.33,-0.4764,1.27,1.1,-0.1339,46786.0,46732.0,-0.0012,59418.0,51405.0,-0.1349,22.0,20.0,-0.0909
HS,2412B - SKM (SIGARET KRETEK MESIN) LTLN 16,2412 - SKM (SIGARET KRETEK MESIN) LTLN,BACKWALL,,1.07,,,33.0,,,1.15,,,30590.0,,,35178.0,,,86.0,
INSTA,2412B - SKM (SIGARET KRETEK MESIN) LTLN 16,2412 - SKM (SIGARET KRETEK MESIN) LTLN,BACKWALL,1.07,2.67,1.4953,7.0,2.0,-0.7143,1.0,1.2,0.2,26764.0,68733.0,1.5681,26764.0,82480.0,2.0818,14.0,5.0,-0.6429
MARLBORO,2412B - SKM (SIGARET KRETEK MESIN) LTLN 16,2412 - SKM (SIGARET KRETEK MESIN) LTLN,BACKWALL,1.0,,,21.5,,,1.3,,,33700.0,,,43810.0,,,33.0,,
NESLITE,2412B - SKM (SIGARET KRETEK MESIN) LTLN 16,2412 - SKM (SIGARET KRETEK MESIN) LTLN,BACKWALL,,1.21,,,8.0,,,1.26,,,28033.0,,,35322.0,,,19.0,
ON LINE,2412B - SKM (SIGARET KRETEK MESIN) LTLN 16,2412 - SKM (SIGARET KRETEK MESIN) LTLN,BACKWALL,,1.0,,,1.67,,,1.0,,,25800.0,,,25800.0,,,5.0,
SAMPOERNA,2412B - SKM (SIGARET KRETEK MESIN) LTLN 16,2412 - SKM (SIGARET KRETEK MESIN) LTLN,BACKWALL,1.42,1.23,-0.1338,679.0,519.33,-0.2352,1.71,1.57,-0.0819,52024.0,46189.0,-0.1122,88961.0,72517.0,-0.1848,796.0,995.0,0.25
TWIZZ,2412B - SKM (SIGARET KRETEK MESIN) LTLN 16,2412 - SKM (SIGARET KRETEK MESIN) LTLN,BACKWALL,1.08,1.04,-0.037,83.0,53.0,-0.3614,1.3,1.41,0.0846,27314.0,26831.0,-0.0177,35508.0,37832.0,0.0655,128.0,113.0,-0.1172
CLIMAX,2412C - SKM (SIGARET KRETEK MESIN) LTLN 20,2412 - SKM (SIGARET KRETEK MESIN) LTLN,BACKWALL,1.04,1.0,-0.0385,13.5,16.67,0.2348,1.12,1.39,0.2411,31022.0,31142.0,0.0039,34745.0,43287.0,0.2458,24.0,36.0,0.5
DJARUM,2412C - SKM (SIGARET KRETEK MESIN) LTLN 20,2412 - SKM (SIGARET KRETEK MESIN) LTLN,BACKWALL,1.16,1.17,0.0086,38.5,30.67,-0.2034,1.31,1.39,0.0611,48206.0,49416.0,0.0251,63150.0,68688.0,0.0877,59.0,66.0,0.1186
DUNHILL,2412C - SKM (SIGARET KRETEK MESIN) LTLN 20,2412 - SKM (SIGARET KRETEK MESIN) LTLN,BACKWALL,1.05,1.07,0.019,19.5,13.67,-0.299,1.34,1.11,-0.1716,42162.0,45371.0,0.0761,56497.0,50362.0,-0.1086,29.0,37.0,0.2759
ESSE,2412C - SKM (SIGARET KRETEK MESIN) LTLN 20,2412 - SKM (SIGARET KRETEK MESIN) LTLN,BACKWALL,1.11,1.18,0.0631,193.0,161.33,-0.1641,1.57,1.58,0.0064,50846.0,55361.0,0.0888,79828.0,87470.0,0.0957,246.0,307.0,0.248
EXODUS,2412C - SKM (SIGARET KRETEK MESIN) LTLN 20,2412 - SKM (SIGARET KRETEK MESIN) LTLN,BACKWALL,,1.0,,,2.33,,,1.0,,,31500.0,,,31500.0,,,7.0,
HS,2412C - SKM (SIGARET KRETEK MESIN) LTLN 20,2412 - SKM (SIGARET KRETEK MESIN) LTLN,BACKWALL,1.17,1.08,-0.0769,91.5,49.67,-0.4572,1.43,1.23,-0.1399,39592.0,34862.0,-0.1195,56617.0,42880.0,-0.2426,128.0,121.0,-0.0547
SAMPOERNA,2412C - SKM (SIGARET KRETEK MESIN) LTLN 20,2412 - SKM (SIGARET KRETEK MESIN) LTLN,BACKWALL,1.33,1.24,-0.0677,60.5,45.33,-0.2507,1.46,1.4,-0.0411,61280.0,58350.0,-0.0478,89469.0,81690.0,-0.0869,83.0,97.0,0.1687
WIN,2412C - SKM (SIGARET KRETEK MESIN) LTLN 20,2412 - SKM (SIGARET KRETEK MESIN) LTLN,BACKWALL,1.1,1.04,-0.0545,20.0,19.0,-0.05,1.33,1.3,-0.0226,35145.0,33635.0,-0.043,46743.0,43726.0,-0.0645,30.0,44.0,0.4667
153 KRETEK,2413A - SKM (SIGARET KRETEK MESIN) FF 12,2413 - SKM (SIGARET KRETEK MESIN) FF,BACKWALL,1.0,1.0,0.0,0.5,0.33,-0.34,1.0,1.0,0.0,19200.0,19200.0,0.0,19200.0,19200.0,0.0,1.0,1.0,0.0
ANDALAN BARU,2413A - SKM (SIGARET KRETEK MESIN) FF 12,2413 - SKM (SIGARET KRETEK MESIN) FF,BACKWALL,,1.11,,,9.33,,,1.12,,,19946.0,,,22340.0,,,25.0,
CHIEF,2413A - SKM (SIGARET KRETEK MESIN) FF 12,2413 - SKM (SIGARET KRETEK MESIN) FF,BACKWALL,1.11,1.07,-0.036,37.0,18.67,-0.4954,1.61,1.51,-0.0621,20722.0,20645.0,-0.0037,33362.0,31174.0,-0.0656,46.0,37.0,-0.1957
DIPLOMAT,2413A - SKM (SIGARET KRETEK MESIN) FF 12,2413 - SKM (SIGARET KRETEK MESIN) FF,BACKWALL,1.17,1.14,-0.0256,9.0,7.33,-0.1856,1.12,1.16,0.0357,31778.0,31686.0,-0.0029,35591.0,36756.0,0.0327,16.0,19.0,0.1875
DJARUM,2413A - SKM (SIGARET KRETEK MESIN) FF 12,2413 - SKM (SIGARET KRETEK MESIN) FF,BACKWALL,1.37,1.12,-0.1825,123.0,104.67,-0.149,1.34,1.35,0.0075,33522.0,27827.0,-0.1699,44919.0,37566.0,-0.1637,184.0,233.0,0.2663
DJI SAM SOE,2413A - SKM (SIGARET KRETEK MESIN) FF 12,2413 - SKM (SIGARET KRETEK MESIN) FF,BACKWALL,1.14,1.25,0.0965,83.0,66.67,-0.1967,1.6,1.41,-0.1188,32539.0,35080.0,0.0781,52062.0,49463.0,-0.0499,104.0,142.0,0.3654
GAJAH BARU,2413A - SKM (SIGARET KRETEK MESIN) FF 12,2413 - SKM (SIGARET KRETEK MESIN) FF,BACKWALL,,1.1,,,16.33,,,1.36,,,21122.0,,,28726.0,,,36.0,
GRENDEL,2413A - SKM (SIGARET KRETEK MESIN) FF 12,2413 - SKM (SIGARET KRETEK MESIN) FF,BACKWALL,1.0,1.0,0.0,3.0,3.67,0.2233,1.2,1.38,0.15,17400.0,17400.0,0.0,20880.0,24012.0,0.15,5.0,8.0,0.6
GROW,2413A - SKM (SIGARET KRETEK MESIN) FF 12,2413 - SKM (SIGARET KRETEK MESIN) FF,BACKWALL,,1.52,,,24.33,,,1.12,,,27370.0,,,30654.0,,,65.0,
GUDANG GARAM,2413A - SKM (SIGARET KRETEK MESIN) FF 12,2413 - SKM (SIGARET KRETEK MESIN) FF,BACKWALL,1.28,1.26,-0.0156,573.0,345.33,-0.3973,1.56,1.5,-0.0385,34825.0,35985.0,0.0333,54327.0,53978.0,-0.0064,736.0,691.0,-0.0611
MAGNUM,2413A - SKM (SIGARET KRETEK MESIN) FF 12,2413 - SKM (SIGARET KRETEK MESIN) FF,BACKWALL,,1.25,,,21.67,,,1.44,,,22431.0,,,32301.0,,,45.0,
MARLBORO,2413A - SKM (SIGARET KRETEK MESIN) FF 12,2413 - SKM (SIGARET KRETEK MESIN) FF,BACKWALL,1.17,1.06,-0.094,133.0,88.33,-0.3359,1.56,1.34,-0.141,20073.0,19972.0,-0.005,31314.0,26762.0,-0.1454,171.0,198.0,0.1579
MR.BROWN,2413A - SKM (SIGARET KRETEK MESIN) FF 12,2413 - SKM (SIGARET KRETEK MESIN) FF,BACKWALL,1.0,1.0,0.0,9.0,13.0,0.4444,1.06,1.62,0.5283,16667.0,17308.0,0.0385,17667.0,28039.0,0.5871,17.0,24.0,0.4118
SAMPOERNA,2413A - SKM (SIGARET KRETEK MESIN) FF 12,2413 - SKM (SIGARET KRETEK MESIN) FF,BACKWALL,1.13,1.29,0.1416,19.5,10.33,-0.4703,1.62,1.24,-0.2346,27667.0,31432.0,0.1361,44821.0,38976.0,-0.1304,24.0,25.0,0.0417
SUKUN,2413A - SKM (SIGARET KRETEK MESIN) FF 12,2413 - SKM (SIGARET KRETEK MESIN) FF,BACKWALL,1.86,1.0,-0.4624,11.0,2.67,-0.7573,1.57,1.14,-0.2739,39127.0,21400.0,-0.4531,61429.0,24396.0,-0.6029,14.0,7.0,-0.5
ZIGA,2413A - SKM (SIGARET KRETEK MESIN) FF 12,2413 - SKM (SIGARET KRETEK MESIN) FF,BACKWALL,1.09,1.15,0.055,71.0,50.0,-0.2958,2.06,2.31,0.1214,18440.0,20339.0,0.103,37986.0,46983.0,0.2369,69.0,65.0,-0.058
ASPRO,2413B - SKM (SIGARET KRETEK MESIN) FF 16,2413 - SKM (SIGARET KRETEK MESIN) FF,BACKWALL,1.09,1.5,0.3761,5.5,0.67,-0.8782,1.1,1.0,-0.0909,26727.0,38700.0,0.448,29400.0,38700.0,0.3163,10.0,2.0,-0.8
DIPLOMAT,2413B - SKM (SIGARET KRETEK MESIN) FF 16,2413 - SKM (SIGARET KRETEK MESIN) FF,BACKWALL,1.5,1.5,0.0,1.0,1.33,0.33,1.0,1.33,0.33,52950.0,55050.0,0.0397,52950.0,73216.0,0.3827,2.0,3.0,0.5
DJARUM,2413B - SKM (SIGARET KRETEK MESIN) FF 16,2413 - SKM (SIGARET KRETEK MESIN) FF,BACKWALL,1.06,1.11,0.0472,17.5,14.67,-0.1617,1.09,1.22,0.1193,37106.0,39195.0,0.0563,40446.0,47818.0,0.1823,32.0,36.0,0.125
GUDANG GARAM,2413B - SKM (SIGARET KRETEK MESIN) FF 16,2413 - SKM (SIGARET KRETEK MESIN) FF,BACKWALL,1.2,1.12,-0.0667,335.0,147.33,-0.5602,1.68,1.35,-0.1964,42134.0,43366.0,0.0292,70785.0,58544.0,-0.1729,399.0,328.0,-0.1779
MARLBORO,2413B - SKM (SIGARET KRETEK MESIN) FF 16,2413 - SKM (SIGARET KRETEK MESIN) FF,BACKWALL,1.05,1.05,0.0,42.0,39.0,-0.0714,1.38,1.33,-0.0362,36926.0,37175.0,0.0067,50958.0,49443.0,-0.0297,61.0,88.0,0.4426
MUSTANG,2413B - SKM (SIGARET KRETEK MESIN) FF 16,2413 - SKM (SIGARET KRETEK MESIN) FF,BACKWALL,1.0,1.0,0.0,6.0,2.67,-0.555,1.09,1.0,-0.0826,17600.0,18138.0,0.0306,19184.0,18138.0,-0.0545,11.0,8.0,-0.2727
SUKUN,2413B - SKM (SIGARET KRETEK MESIN) FF 16,2413 - SKM (SIGARET KRETEK MESIN) FF,BACKWALL,1.25,1.1,-0.12,10.0,6.67,-0.333,1.33,1.25,-0.0602,33205.0,29465.0,-0.1126,44163.0,36831.0,-0.166,15.0,16.0,0.0667
ASPRO,2413C - SKM (SIGARET KRETEK MESIN) FF 20,2413 - SKM (SIGARET KRETEK MESIN) FF,BACKWALL,1.0,1.0,0.0,1.5,0.33,-0.78,1.0,1.0,0.0,28933.0,30300.0,0.0472,28933.0,30300.0,0.0472,3.0,1.0,-0.6667
MARLBORO,2413C - SKM (SIGARET KRETEK MESIN) FF 20,2413 - SKM (SIGARET KRETEK MESIN) FF,BACKWALL,1.23,1.15,-0.065,48.0,50.33,0.0485,1.25,1.21,-0.032,53430.0,49962.0,-0.0649,66788.0,60454.0,-0.0948,77.0,125.0,0.6234
ON,2413C - SKM (SIGARET KRETEK MESIN) FF 20,2413 - SKM (SIGARET KRETEK MESIN) FF,BACKWALL,,1.05,,,14.67,,,1.52,,,30318.0,,,46083.0,,,29.0,
WIN,2413C - SKM (SIGARET KRETEK MESIN) FF 20,2413 - SKM (SIGARET KRETEK MESIN) FF,BACKWALL,1.04,1.07,0.0288,24.5,18.67,-0.238,1.32,1.24,-0.0606,32110.0,33773.0,0.0518,42385.0,41879.0,-0.0119,37.0,45.0,0.2162
CAMEL,2414A - SPM (SIGARET PUTIH MESIN),2414 - SPM (SIGARET PUTIH MESIN),BACKWALL,1.27,1.24,-0.0236,205.5,185.0,-0.0998,1.71,1.8,0.0526,40861.0,41071.0,0.0051,69872.0,73928.0,0.058,240.0,308.0,0.2833
COUNTRY,2414A - SPM (SIGARET PUTIH MESIN),2414 - SPM (SIGARET PUTIH MESIN),BACKWALL,,1.0,,,1.67,,,1.0,,,29400.0,,,29400.0,,,5.0,
DUNHILL,2414A - SPM (SIGARET PUTIH MESIN),2414 - SPM (SIGARET PUTIH MESIN),BACKWALL,1.32,1.26,-0.0455,97.0,39.67,-0.591,2.4,1.7,-0.2917,39927.0,39348.0,-0.0145,95825.0,66892.0,-0.3019,81.0,70.0,-0.1358
ESSE,2414A - SPM (SIGARET PUTIH MESIN),2414 - SPM (SIGARET PUTIH MESIN),BACKWALL,1.46,1.68,0.1507,13.0,12.67,-0.0254,1.53,1.36,-0.1111,64208.0,77634.0,0.2091,98238.0,105582.0,0.0748,17.0,28.0,0.6471
FORTE,2414A - SPM (SIGARET PUTIH MESIN),2414 - SPM (SIGARET PUTIH MESIN),BACKWALL,1.38,1.08,-0.2174,42.5,24.0,-0.4353,1.98,1.33,-0.3283,38254.0,29440.0,-0.2304,75743.0,39155.0,-0.4831,43.0,54.0,0.2558
LUCKY STRIKE,2414A - SPM (SIGARET PUTIH MESIN),2414 - SPM (SIGARET PUTIH MESIN),BACKWALL,1.13,1.13,0.0,131.0,97.33,-0.257,1.61,1.28,-0.205,36292.0,32950.0,-0.0921,58430.0,42176.0,-0.2782,163.0,229.0,0.4049
MARLBORO,2414A - SPM (SIGARET PUTIH MESIN),2414 - SPM (SIGARET PUTIH MESIN),BACKWALL,1.31,1.45,0.1069,124.0,107.0,-0.1371,1.68,1.45,-0.1369,71558.0,78308.0,0.0943,120217.0,113547.0,-0.0555,148.0,222.0,0.5
MODEN,2414A - SPM (SIGARET PUTIH MESIN),2414 - SPM (SIGARET PUTIH MESIN),BACKWALL,,1.0,,,0.33,,,1.0,,,31000.0,,,31000.0,,,1.0,
DJOY,2415A - DEVICE,2415 - SIGARET ELEKTRIK,BACKWALL,1.0,1.0,0.0,23.0,14.33,-0.377,1.15,1.02,-0.113,140000.0,95809.0,-0.3156,161000.0,97725.0,-0.393,40.0,42.0,0.05
DWAY,2415A - DEVICE,2415 - SIGARET ELEKTRIK,BACKWALL,,1.0,,,2.0,,,1.0,,,110000.0,,,110000.0,,,6.0,
VUSE,2415A - DEVICE,2415 - SIGARET ELEKTRIK,BACKWALL,1.0,,,1.5,,,1.0,,,60000.0,,,60000.0,,,3.0,,
DJOY,2415B - DISPOSABLE DEVICE,2415 - SIGARET ELEKTRIK,BACKWALL,1.13,1.35,0.1947,60.0,58.0,-0.0333,1.43,1.16,-0.1888,85054.0,45005.0,-0.4709,121627.0,52206.0,-0.5708,84.0,150.0,0.7857
VEEV,2415B - DISPOSABLE DEVICE,2415 - SIGARET ELEKTRIK,BACKWALL,,1.06,,,5.67,,,1.06,,,94118.0,,,99765.0,,,16.0,
VUSE,2415B - DISPOSABLE DEVICE,2415 - SIGARET ELEKTRIK,BACKWALL,1.03,1.0,-0.0291,19.5,14.67,-0.2477,1.22,1.29,0.0574,74179.0,72273.0,-0.0257,90498.0,93232.0,0.0302,32.0,34.0,0.0625
DJOY,2415C - LIQUID,2415 - SIGARET ELEKTRIK,BACKWALL,1.31,1.3,-0.0076,86.5,121.0,0.3988,1.5,1.81,0.2067,91876.0,65805.0,-0.2838,137814.0,119107.0,-0.1357,115.0,201.0,0.7478
DWAY,2415C - LIQUID,2415 - SIGARET ELEKTRIK,BACKWALL,,1.0,,,0.33,,,1.0,,,88000.0,,,88000.0,,,1.0,
RELX,2415C - LIQUID,2415 - SIGARET ELEKTRIK,BACKWALL,1.17,1.5,0.2821,37.5,2.67,-0.9288,1.39,1.14,-0.1799,99733.0,123000.0,0.2333,138629.0,140220.0,0.0115,54.0,7.0,-0.8704
VUSE,2415C - LIQUID,2415 - SIGARET ELEKTRIK,BACKWALL,1.03,1.02,-0.0097,15.5,19.67,0.269,1.35,2.19,0.6222,76000.0,73373.0,-0.0346,102600.0,160687.0,0.5662,23.0,27.0,0.1739
TEREA,2415E - HEATED TOBACCO,2415 - SIGARET ELEKTRIK,BACKWALL,1.0,1.44,0.44,0.5,95.67,190.34,1.0,2.19,1.19,30000.0,48314.0,0.6105,30000.0,105808.0,2.5269,1.0,131.0,130.0
ALFAMART,"2421A - LIGHTER,MATCHES,PAPER","2421 - LIGHTER, MATCHES & PAPER",BACKWALL,1.05,1.04,-0.0095,226.5,178.0,-0.2141,1.11,1.15,0.036,6299.0,6750.0,0.0716,6992.0,7762.0,0.1101,409.0,463.0,0.132
COCKTAIL,"2421A - LIGHTER,MATCHES,PAPER","2421 - LIGHTER, MATCHES & PAPER",BACKWALL,1.2,1.33,0.1083,2.5,1.0,-0.6,1.0,1.0,0.0,1080.0,1200.0,0.1111,1080.0,1200.0,0.1111,5.0,3.0,-0.4
CRICKET,"2421A - LIGHTER,MATCHES,PAPER","2421 - LIGHTER, MATCHES & PAPER",BACKWALL,1.06,1.08,0.0189,18.0,13.33,-0.2594,1.38,1.05,-0.2391,12283.0,12568.0,0.0232,16951.0,13196.0,-0.2215,26.0,38.0,0.4615
ALFAMART,1113A - MINERAL WATER CUP,1113 - MINERAL WATER,BCTB (FLOOR),1.31,1.32,0.0076,271.0,24.67,-0.909,1.34,1.09,-0.1866,33970.0,30368.0,-0.106,45520.0,33101.0,-0.2728,405.0,68.0,-0.8321
AQUA,1113A - MINERAL WATER CUP,1113 - MINERAL WATER,BCTB (FLOOR),1.15,1.29,0.1217,91.0,17.33,-0.8096,1.18,1.11,-0.0593,54918.0,55612.0,0.0126,64803.0,61729.0,-0.0474,154.0,47.0,-0.6948
VIT,1113A - MINERAL WATER CUP,1113 - MINERAL WATER,BCTB (FLOOR),1.19,1.3,0.0924,36.0,6.67,-0.8147,1.38,1.0,-0.2754,43401.0,47710.0,0.0993,59893.0,47710.0,-0.2034,52.0,20.0,-0.6154
AQUA,1119A - MINERAL WATER GALON 15-19L,1119 - MINERAL WATER GALON,BCTB (FLOOR),1.33,1.38,0.0376,4887.0,197.0,-0.9597,2.34,1.65,-0.2949,29602.0,30870.0,0.0428,69269.0,50936.0,-0.2647,4174.0,359.0,-0.914
CLUB,1119A - MINERAL WATER GALON 15-19L,1119 - MINERAL WATER GALON,BCTB (FLOOR),1.39,1.29,-0.0719,267.5,16.33,-0.939,2.94,1.44,-0.5102,28525.0,26398.0,-0.0746,83864.0,38013.0,-0.5467,182.0,34.0,-0.8132
FOR 3,1119A - MINERAL WATER GALON 15-19L,1119 - MINERAL WATER GALON,BCTB (FLOOR),1.3,1.0,-0.2308,46.5,4.0,-0.914,3.21,4.0,0.2461,28155.0,18167.0,-0.3548,90378.0,72668.0,-0.196,29.0,3.0,-0.8966
LE MINERALE,1119A - MINERAL WATER GALON 15-19L,1119 - MINERAL WATER GALON,BCTB (FLOOR),1.33,1.37,0.0301,2222.5,256.67,-0.8845,1.61,1.28,-0.205,29015.0,30560.0,0.0532,46714.0,39117.0,-0.1626,2756.0,603.0,-0.7812
PASQUA,1119A - MINERAL WATER GALON 15-19L,1119 - MINERAL WATER GALON,BCTB (FLOOR),1.42,1.62,0.1408,65.0,8.67,-0.8666,4.33,3.25,-0.2494,26912.0,33308.0,0.2377,116529.0,108251.0,-0.071,30.0,8.0,-0.7333
VIT,1119A - MINERAL WATER GALON 15-19L,1119 - MINERAL WATER GALON,BCTB (FLOOR),1.23,1.35,0.0976,179.5,10.33,-0.9425,2.19,1.48,-0.3242,21194.0,23168.0,0.0931,46415.0,34289.0,-0.2613,164.0,21.0,-0.872
LE MINERALE,1119B - MINERAL WATER GALON 5-6L,1119 - MINERAL WATER GALON,BCTB (FLOOR),1.15,1.18,0.0261,456.5,46.67,-0.8978,1.39,1.14,-0.1799,18874.0,20878.0,0.1062,26235.0,23801.0,-0.0928,658.0,123.0,-0.8131
AQUA,1119C - GALON,1119 - MINERAL WATER GALON,BCTB (FLOOR),1.09,1.42,0.3028,382.5,13.33,-0.9652,1.17,1.0,-0.1453,36325.0,48832.0,0.3443,42500.0,48832.0,0.149,656.0,40.0,-0.939
PASQUA,1119C - GALON,1119 - MINERAL WATER GALON,BCTB (FLOOR),1.0,,,0.5,,,1.0,,,50000.0,,,50000.0,,,1.0,,
VIT,1119C - GALON,1119 - MINERAL WATER GALON,BCTB (FLOOR),1.04,1.33,0.2788,11.5,1.0,-0.913,1.0,1.0,0.0,34748.0,44000.0,0.2663,34748.0,44000.0,0.2663,23.0,3.0,-0.8696
ALFAMART,6111A - PACK EGG (NEGERI),6111 - PACK EGG (NEGERI),BCTB (FLOOR),9.5,9.02,-0.0505,243.5,75.0,-0.692,1.26,1.21,-0.0397,31090.0,29914.0,-0.0378,39173.0,36196.0,-0.076,386.0,186.0,-0.5181
LAWSON,6111C - PACK EGG 10'S,6111 - PACK EGG (NEGERI),BCTB (FLOOR),,1.05,,,43.33,,,1.26,,,24815.0,,,31267.0,,,103.0,
HAPPY EGG,6112A - BULKY EGG,6112 - BULKY EGG,BCTB (FLOOR),10.62,10.4,-0.0207,421.0,113.67,-0.73,1.38,1.2,-0.1304,25210.0,24481.0,-0.0289,34790.0,29377.0,-0.1556,609.0,285.0,-0.532
TELUR,6112A - BULKY EGG,6112 - BULKY EGG,BCTB (FLOOR),11.35,10.43,-0.0811,1242.5,193.0,-0.8447,1.64,1.42,-0.1341,26149.0,24685.0,-0.056,42884.0,35053.0,-0.1826,1516.0,407.0,-0.7315
ALFAMART,6121A - PACK EGG (KAMPUNG),6121 - PACK EGG (KAMPUNG),BCTB (FLOOR),5.61,5.48,-0.0232,166.5,58.67,-0.6476,1.28,1.3,0.0156,23452.0,22831.0,-0.0265,30019.0,29680.0,-0.0113,260.0,135.0,-0.4808
PAK MANCUNG,6121A - PACK EGG (KAMPUNG),6121 - PACK EGG (KAMPUNG),BCTB (FLOOR),7.2,6.88,-0.0444,5.0,5.67,0.134,1.67,1.06,-0.3653,33600.0,32159.0,-0.0429,56112.0,34089.0,-0.3925,6.0,16.0,1.6667
MIDI,6131A - SALTY,6131 - SALTY EGG,BCTB (FLOOR),1.35,1.33,-0.0148,55.0,9.0,-0.8364,1.2,1.08,-0.1,16011.0,15867.0,-0.009,19213.0,17136.0,-0.1081,92.0,25.0,-0.7283
ADEM SARI,1115B - REMEDIES DRINK BOX,1115 - REMEDIES DRINK,BEVERAGES,1.03,1.15,0.1165,90.0,32.67,-0.637,1.07,1.03,-0.0374,19147.0,23085.0,0.2057,20487.0,23778.0,0.1606,169.0,95.0,-0.4379
LO HAN KUO,1115B - REMEDIES DRINK BOX,1115 - REMEDIES DRINK,BEVERAGES,1.06,,,9.0,,,1.0,,,25644.0,,,25644.0,,,18.0,,
SCRUBBER,1115B - REMEDIES DRINK BOX,1115 - REMEDIES DRINK,BEVERAGES,1.0,1.0,0.0,21.5,6.33,-0.7056,1.0,1.12,0.12,14233.0,18053.0,0.2684,14233.0,20219.0,0.4206,43.0,17.0,-0.6047
INACO,1121A - NATA DE COCO (PERSONAL PACK),1121 - DESSERT,BEVERAGES,1.27,,,5.5,,,1.0,,,9236.0,,,9236.0,,,11.0,,
KARA,1121A - NATA DE COCO (PERSONAL PACK),1121 - DESSERT,BEVERAGES,1.31,1.31,0.0,27.0,20.33,-0.247,1.0,1.07,0.07,7209.0,7161.0,-0.0067,7209.0,7662.0,0.0628,54.0,57.0,0.0556
WONG COCO,1121A - NATA DE COCO (PERSONAL PACK),1121 - DESSERT,BEVERAGES,1.25,1.19,-0.048,139.0,53.67,-0.6139,1.15,1.13,-0.0174,8545.0,8411.0,-0.0157,9827.0,9504.0,-0.0329,241.0,143.0,-0.4066
INACO,1121B - NATA DE COCO (FAMILY PACK),1121 - DESSERT,BEVERAGES,1.33,1.15,-0.1353,1.5,6.67,3.4467,1.0,1.0,0.0,22533.0,20605.0,-0.0856,22533.0,20605.0,-0.0856,3.0,20.0,5.6667
KARA,1121B - NATA DE COCO (FAMILY PACK),1121 - DESSERT,BEVERAGES,1.15,1.28,0.113,60.0,22.33,-0.6278,1.1,1.02,-0.0727,23911.0,26607.0,0.1128,26302.0,27139.0,0.0318,109.0,66.0,-0.3945
WONG COCO,1121B - NATA DE COCO (FAMILY PACK),1121 - DESSERT,BEVERAGES,1.0,1.21,0.21,0.5,11.0,21.0,1.0,1.1,0.1,20000.0,22264.0,0.1132,20000.0,24490.0,0.2245,1.0,30.0,29.0
KIKO,1121D - ICE POP,1121 - DESSERT,BEVERAGES,1.71,,,3.5,,,2.33,,,22929.0,,,53425.0,,,3.0,,
PINO,1121D - ICE POP,1121 - DESSERT,BEVERAGES,1.38,1.11,-0.1957,68.0,29.67,-0.5637,1.15,1.06,-0.0783,13934.0,11237.0,-0.1936,16024.0,11911.0,-0.2567,118.0,84.0,-0.2881
WONG COCO,1121D - ICE POP,1121 - DESSERT,BEVERAGES,1.83,,,6.0,,,1.09,,,15883.0,,,17312.0,,,11.0,,
PRIMA RASA,1121E - MIXED FRUIT,1121 - DESSERT,BEVERAGES,1.24,1.4,0.129,16.5,8.33,-0.4952,1.1,1.04,-0.0545,11673.0,13220.0,0.1325,12840.0,13749.0,0.0708,30.0,24.0,-0.2
ABC,1141A - SYRUP BOTTLE & POUCH,1141 - SYRUP,BEVERAGES,,1.68,,,6.33,,,1.06,,,48953.0,,,51890.0,,,18.0,
KURNIA,1141A - SYRUP BOTTLE & POUCH,1141 - SYRUP,BEVERAGES,1.07,1.0,-0.0654,7.5,1.0,-0.8667,1.15,1.0,-0.1304,28587.0,27000.0,-0.0555,32875.0,27000.0,-0.1787,13.0,3.0,-0.7692
MARJAN,1141A - SYRUP BOTTLE & POUCH,1141 - SYRUP,BEVERAGES,1.23,1.45,0.1789,112.5,95.67,-0.1496,1.05,1.04,-0.0095,33070.0,36852.0,0.1144,34724.0,38326.0,0.1037,215.0,276.0,0.2837
SARANG TAWON,1141A - SYRUP BOTTLE & POUCH,1141 - SYRUP,BEVERAGES,1.23,1.12,-0.0894,6.5,5.67,-0.1277,1.08,1.0,-0.0741,35969.0,31406.0,-0.1269,38847.0,31406.0,-0.1915,12.0,17.0,0.4167
SIROP CAP BANGAU,1141A - SYRUP BOTTLE & POUCH,1141 - SYRUP,BEVERAGES,1.21,1.5,0.2397,9.5,10.0,0.0526,1.0,1.03,0.03,32437.0,40350.0,0.2439,32437.0,41560.0,0.2813,19.0,29.0,0.5263
SUN QUICK,1141A - SYRUP BOTTLE & POUCH,1141 - SYRUP,BEVERAGES,1.0,,,0.5,,,1.0,,,39900.0,,,39900.0,,,1.0,,
ABC,1142A - SQUASH BOTTLE,1142 - SQUASH,BEVERAGES,1.34,2.91,1.1716,58.0,46.67,-0.1953,1.12,1.05,-0.0625,24224.0,35654.0,0.4718,27131.0,37437.0,0.3799,104.0,133.0,0.2788
MARJAN,1142A - SQUASH BOTTLE,1142 - SQUASH,BEVERAGES,1.8,3.91,1.1722,5.0,37.33,6.466,1.11,1.07,-0.036,26100.0,50640.0,0.9402,28971.0,54185.0,0.8703,9.0,105.0,10.6667
TROPICANA,1144A - POWDER DRINK BOX,1144 - POWDER DRINK,BEVERAGES,1.0,,,2.5,,,1.0,,,61260.0,,,61260.0,,,5.0,,
NUTRI SARI,1144C - POWDER DRINK BAG,1144 - POWDER DRINK,BEVERAGES,1.13,1.05,-0.0708,27.0,6.67,-0.753,1.12,1.0,-0.1071,18594.0,17290.0,-0.0701,20825.0,17290.0,-0.1697,48.0,20.0,-0.5833
SOSRO,1154C - RTD TEA TETRAPACK 1L,1154 - RTD TEA,BEVERAGES,1.36,1.34,-0.0147,285.0,92.0,-0.6772,1.31,1.3,-0.0076,14927.0,14629.0,-0.02,19554.0,19018.0,-0.0274,434.0,213.0,-0.5092
ULTRA,1154C - RTD TEA TETRAPACK 1L,1154 - RTD TEA,BEVERAGES,1.31,1.11,-0.1527,27.5,6.33,-0.7698,1.34,1.12,-0.1642,16684.0,14226.0,-0.1473,22357.0,15933.0,-0.2873,41.0,17.0,-0.5854
AMH,1231A - TRADITIONAL DRINK SACHET 4-8S,1231 - TRADITIONAL DRINK,BEVERAGES,1.07,1.21,0.1308,37.5,37.67,0.0045,1.09,1.14,0.0459,8841.0,9894.0,0.1191,9637.0,11279.0,0.1704,69.0,99.0,0.4348
ANGET SARI,1231A - TRADITIONAL DRINK SACHET 4-8S,1231 - TRADITIONAL DRINK,BEVERAGES,1.05,1.13,0.0762,52.0,28.67,-0.4487,1.16,1.15,-0.0086,9049.0,10228.0,0.1303,10497.0,11762.0,0.1205,90.0,75.0,-0.1667
SIDOMUNCUL,1231A - TRADITIONAL DRINK SACHET 4-8S,1231 - TRADITIONAL DRINK,BEVERAGES,1.1,1.19,0.0818,90.5,49.33,-0.4549,1.1,1.18,0.0727,15157.0,17865.0,0.1787,16673.0,21081.0,0.2644,164.0,125.0,-0.2378
XTRAGIN,1231A - TRADITIONAL DRINK SACHET 4-8S,1231 - TRADITIONAL DRINK,BEVERAGES,1.29,1.08,-0.1628,7.0,13.0,0.8571,1.08,1.08,0.0,19829.0,16618.0,-0.1619,21415.0,17947.0,-0.1619,13.0,36.0,1.7692
KEPALA JENGGOT,1231B - TRADITIONAL DRINK SACHET >=10S,1231 - TRADITIONAL DRINK,BEVERAGES,1.0,,,0.5,,,1.0,,,22500.0,,,22500.0,,,1.0,,
SIDOMUNCUL,1231B - TRADITIONAL DRINK SACHET >=10S,1231 - TRADITIONAL DRINK,BEVERAGES,1.0,1.23,0.23,10.0,10.0,0.0,1.0,1.03,0.03,23050.0,27943.0,0.2123,23050.0,28781.0,0.2486,20.0,29.0,0.45
DIAMOND,2023D - TETRAPAK LIQUID MILK 900-1000ML,2023 - TETRAPACK LIQUID MILK,BEVERAGES,1.2,1.32,0.1,299.0,260.67,-0.1282,1.3,1.33,0.0231,26443.0,28494.0,0.0776,34376.0,37897.0,0.1024,461.0,588.0,0.2755
FRISIAN FLAG,2023D - TETRAPAK LIQUID MILK 900-1000ML,2023 - TETRAPACK LIQUID MILK,BEVERAGES,1.3,1.34,0.0308,990.0,329.33,-0.6673,1.32,1.25,-0.053,28354.0,28221.0,-0.0047,37427.0,35276.0,-0.0575,1497.0,793.0,-0.4703
GREENFIELDS,2023D - TETRAPAK LIQUID MILK 900-1000ML,2023 - TETRAPACK LIQUID MILK,BEVERAGES,1.34,1.24,-0.0746,471.5,145.33,-0.6918,1.31,1.25,-0.0458,33694.0,30671.0,-0.0897,44139.0,38339.0,-0.1314,720.0,348.0,-0.5167
INDOMILK,2023D - TETRAPAK LIQUID MILK 900-1000ML,2023 - TETRAPACK LIQUID MILK,BEVERAGES,1.47,1.46,-0.0068,833.0,262.33,-0.6851,1.37,1.32,-0.0365,28447.0,27733.0,-0.0251,38972.0,36608.0,-0.0607,1217.0,597.0,-0.5094
ULTRA,2023D - TETRAPAK LIQUID MILK 900-1000ML,2023 - TETRAPACK LIQUID MILK,BEVERAGES,1.59,1.4,-0.1195,2459.5,772.67,-0.6858,1.46,1.33,-0.089,35276.0,29111.0,-0.1748,51503.0,38718.0,-0.2482,3375.0,1737.0,-0.4853
DANCOW,2023E - TETRAPAK LIQUID MILK PACKED,2023 - TETRAPACK LIQUID MILK,BEVERAGES,1.65,1.4,-0.1515,73.0,71.67,-0.0182,1.26,1.1,-0.127,21343.0,18617.0,-0.1277,26892.0,20479.0,-0.2385,116.0,196.0,0.6897
FRISIAN FLAG,2023E - TETRAPAK LIQUID MILK PACKED,2023 - TETRAPACK LIQUID MILK,BEVERAGES,1.5,2.69,0.7933,946.0,639.67,-0.3238,1.38,1.45,0.0507,27608.0,48529.0,0.7578,38099.0,70367.0,0.847,1375.0,1325.0,-0.0364
INDOMILK,2023E - TETRAPAK LIQUID MILK PACKED,2023 - TETRAPACK LIQUID MILK,BEVERAGES,1.28,1.17,-0.0859,293.5,167.0,-0.431,1.28,1.25,-0.0234,22495.0,20616.0,-0.0835,28794.0,25770.0,-0.105,458.0,402.0,-0.1223
MILO,2023E - TETRAPAK LIQUID MILK PACKED,2023 - TETRAPACK LIQUID MILK,BEVERAGES,1.22,1.16,-0.0492,200.5,162.0,-0.192,1.31,1.24,-0.0534,18295.0,17836.0,-0.0251,23966.0,22117.0,-0.0772,305.0,393.0,0.2885
ALFAMART,1311A - JAM 120-180G,1311 - JAM,BREAD CORNER (BC),1.08,1.08,0.0,183.0,100.67,-0.4499,1.13,1.12,-0.0088,14993.0,14487.0,-0.0337,16942.0,16225.0,-0.0423,323.0,270.0,-0.1641
LEAN LAB,1311A - JAM 120-180G,1311 - JAM,BREAD CORNER (BC),1.0,,,2.0,,,1.0,,,42900.0,,,42900.0,,,4.0,,
LOTUS,1311A - JAM 120-180G,1311 - JAM,BREAD CORNER (BC),1.0,,,2.0,,,1.0,,,79500.0,,,79500.0,,,4.0,,
MORIN,1311A - JAM 120-180G,1311 - JAM,BREAD CORNER (BC),1.08,1.03,-0.0463,156.0,79.0,-0.4936,1.09,1.16,0.0642,27073.0,26905.0,-0.0062,29510.0,31210.0,0.0576,286.0,205.0,-0.2832
SKIPPY,1311A - JAM 120-180G,1311 - JAM,BREAD CORNER (BC),1.02,1.04,0.0196,54.0,17.33,-0.6791,1.09,1.08,-0.0092,31200.0,31692.0,0.0158,34008.0,34227.0,0.0064,99.0,48.0,-0.5152
ALFAMART,1311B - JAM 200-300G,1311 - JAM,BREAD CORNER (BC),1.0,1.02,0.02,28.5,18.33,-0.3568,1.04,1.12,0.0769,22989.0,21027.0,-0.0853,23909.0,23550.0,-0.015,55.0,49.0,-0.1091
GROUU,1311B - JAM 200-300G,1311 - JAM,BREAD CORNER (BC),1.0,,,1.0,,,1.0,,,42900.0,,,42900.0,,,2.0,,
MORIN,1311B - JAM 200-300G,1311 - JAM,BREAD CORNER (BC),1.18,,,5.5,,,1.1,,,33927.0,,,37320.0,,,10.0,,
TROPICANA,1311B - JAM 200-300G,1311 - JAM,BREAD CORNER (BC),1.0,,,1.0,,,1.0,,,115700.0,,,115700.0,,,2.0,,
MORIN,1311C - JAM 340-400G,1311 - JAM,BREAD CORNER (BC),1.0,,,2.5,,,1.25,,,59020.0,,,73775.0,,,4.0,,
NOCCIO,1311C - JAM 340-400G,1311 - JAM,BREAD CORNER (BC),1.0,,,1.5,,,1.5,,,48900.0,,,73350.0,,,2.0,,
TONG GARDEN,1311C - JAM 340-400G,1311 - JAM,BREAD CORNER (BC),1.11,,,4.5,,,1.5,,,47378.0,,,71067.0,,,6.0,,
TROPICANA,1311C - JAM 340-400G,1311 - JAM,BREAD CORNER (BC),1.0,,,2.0,,,1.0,,,89000.0,,,89000.0,,,4.0,,
CERES,1312A - CHOCOLATE SPREAD,1312 - CHOCOLATE SPREAD,BREAD CORNER (BC),1.02,1.02,0.0,260.5,93.67,-0.6404,1.14,1.13,-0.0088,40004.0,38237.0,-0.0442,45605.0,43208.0,-0.0526,459.0,249.0,-0.4575
COLATTA,1312A - CHOCOLATE SPREAD,1312 - CHOCOLATE SPREAD,BREAD CORNER (BC),1.08,,,6.0,,,1.0,,,21558.0,,,21558.0,,,12.0,,
GOLDENFIL,1312A - CHOCOLATE SPREAD,1312 - CHOCOLATE SPREAD,BREAD CORNER (BC),1.01,1.08,0.0693,51.0,40.0,-0.2157,1.04,1.07,0.0288,40852.0,42891.0,0.0499,42486.0,45893.0,0.0802,98.0,112.0,0.1429
NUTELLA,1312A - CHOCOLATE SPREAD,1312 - CHOCOLATE SPREAD,BREAD CORNER (BC),1.04,1.03,-0.0096,99.0,41.67,-0.5791,1.09,1.11,0.0183,52003.0,51200.0,-0.0154,56683.0,56832.0,0.0026,181.0,113.0,-0.3757
OVOMALTINE,1312A - CHOCOLATE SPREAD,1312 - CHOCOLATE SPREAD,BREAD CORNER (BC),1.07,1.0,-0.0654,27.0,6.33,-0.7656,1.15,1.06,-0.0783,68576.0,65774.0,-0.0409,78862.0,69720.0,-0.1159,47.0,18.0,-0.617
SARI CHOCO,1312A - CHOCOLATE SPREAD,1312 - CHOCOLATE SPREAD,BREAD CORNER (BC),1.01,1.0,-0.0099,67.5,38.33,-0.4321,1.06,1.11,0.0472,26446.0,25847.0,-0.0226,28033.0,28690.0,0.0234,127.0,104.0,-0.1811
ALFAMART,1313A - CHOCO RICE 90G,1313 - CHOCO RICE,BREAD CORNER (BC),1.07,1.09,0.0187,463.0,159.0,-0.6566,1.14,1.14,0.0,8294.0,8993.0,0.0843,9455.0,10252.0,0.0843,809.0,417.0,-0.4845
CERES,1313A - CHOCO RICE 90G,1313 - CHOCO RICE,BREAD CORNER (BC),1.03,1.02,-0.0097,402.5,157.33,-0.6091,1.15,1.17,0.0174,16451.0,16714.0,0.016,18919.0,19555.0,0.0336,699.0,404.0,-0.422
CERES,1313B - CHOCO RICE 225G,1313 - CHOCO RICE,BREAD CORNER (BC),1.06,1.09,0.0283,182.5,60.67,-0.6676,1.23,1.11,-0.0976,27583.0,28738.0,0.0419,33927.0,31899.0,-0.0598,297.0,164.0,-0.4478
EMINA,1314A - CHEESE SLICE,1314 - CHEESE,BREAD CORNER (BC),1.08,1.1,0.0185,198.0,47.0,-0.7626,1.13,1.03,-0.0885,15115.0,15610.0,0.0327,17080.0,16078.0,-0.0587,350.0,137.0,-0.6086
KRAFT,1314A - CHEESE SLICE,1314 - CHEESE,BREAD CORNER (BC),1.08,1.04,-0.037,73.0,23.67,-0.6758,1.14,1.09,-0.0439,24503.0,27961.0,0.1411,27933.0,30477.0,0.0911,128.0,65.0,-0.4922
MEG,1314A - CHEESE SLICE,1314 - CHEESE,BREAD CORNER (BC),1.09,1.19,0.0917,102.0,28.67,-0.7189,1.17,1.06,-0.094,15178.0,16772.0,0.105,17758.0,17778.0,0.0011,175.0,81.0,-0.5371
PROCHIZ,1314A - CHEESE SLICE,1314 - CHEESE,BREAD CORNER (BC),1.24,1.24,0.0,548.5,194.0,-0.6463,1.25,1.18,-0.056,16090.0,16351.0,0.0162,20112.0,19294.0,-0.0407,881.0,495.0,-0.4381
ANCHOR,1314B - CHEESE BLOCK,1314 - CHEESE,BREAD CORNER (BC),1.05,,,21.5,,,1.05,,,29805.0,,,31295.0,,,41.0,,
EMINA,1314B - CHEESE BLOCK,1314 - CHEESE,BREAD CORNER (BC),1.12,1.19,0.0625,251.0,164.33,-0.3453,1.16,1.19,0.0259,20008.0,20384.0,0.0188,23209.0,24257.0,0.0452,432.0,413.0,-0.044
FRISIAN FLAG,1314B - CHEESE BLOCK,1314 - CHEESE,BREAD CORNER (BC),1.07,1.08,0.0093,74.0,17.33,-0.7658,1.08,1.02,-0.0556,21200.0,21431.0,0.0109,22896.0,21860.0,-0.0452,137.0,51.0,-0.6277
KRAFT,1314B - CHEESE BLOCK,1314 - CHEESE,BREAD CORNER (BC),1.18,1.16,-0.0169,402.5,166.33,-0.5868,1.13,1.11,-0.0177,22811.0,19738.0,-0.1347,25776.0,21909.0,-0.15,712.0,450.0,-0.368
MEG,1314B - CHEESE BLOCK,1314 - CHEESE,BREAD CORNER (BC),1.16,1.14,-0.0172,252.5,53.33,-0.7888,1.14,1.08,-0.0526,16921.0,17038.0,0.0069,19290.0,18401.0,-0.0461,444.0,148.0,-0.6667
PROCHIZ,1314B - CHEESE BLOCK,1314 - CHEESE,BREAD CORNER (BC),1.19,1.18,-0.0084,397.0,165.0,-0.5844,1.14,1.12,-0.0175,21806.0,21032.0,-0.0355,24859.0,23556.0,-0.0524,694.0,442.0,-0.3631
WINCHEEZ,1314B - CHEESE BLOCK,1314 - CHEESE,BREAD CORNER (BC),1.28,1.2,-0.0625,268.5,117.33,-0.563,1.14,1.21,0.0614,19021.0,17918.0,-0.058,21684.0,21681.0,-0.0001,473.0,291.0,-0.3848
PROCHIZ,1314C - CHEESE SPREAD,1314 - CHEESE,BREAD CORNER (BC),1.4,1.35,-0.0357,400.0,160.67,-0.5983,1.2,1.27,0.0583,20176.0,19525.0,-0.0323,24211.0,24797.0,0.0242,668.0,379.0,-0.4326
PUCK,1314C - CHEESE SPREAD,1314 - CHEESE,BREAD CORNER (BC),1.05,1.02,-0.0286,54.5,18.0,-0.6697,1.11,1.1,-0.009,33140.0,34872.0,0.0523,36785.0,38359.0,0.0428,98.0,49.0,-0.5
MY ROTI,6611A - WHITE BREAD,6611 - BREAD,BREAD CORNER (BC),1.05,1.05,0.0,2145.0,1178.67,-0.4505,1.39,1.45,0.0432,15944.0,16851.0,0.0569,22162.0,24434.0,0.1025,3085.0,2432.0,-0.2117
PAROTI,6611A - WHITE BREAD,6611 - BREAD,BREAD CORNER (BC),1.0,,,4.0,,,1.0,,,18000.0,,,18000.0,,,8.0,,
ROYAL BAKERY,6611A - WHITE BREAD,6611 - BREAD,BREAD CORNER (BC),1.01,1.09,0.0792,87.5,50.33,-0.4248,1.31,1.25,-0.0458,25803.0,28631.0,0.1096,33802.0,35789.0,0.0588,134.0,121.0,-0.097
SARI ROTI,6611A - WHITE BREAD,6611 - BREAD,BREAD CORNER (BC),1.03,1.03,0.0,3700.0,1417.33,-0.6169,1.43,1.41,-0.014,18708.0,18814.0,0.0057,26752.0,26528.0,-0.0084,5160.0,3016.0,-0.4155
5 DAYS,6611B - SWEET BREAD,6611 - BREAD,BREAD CORNER (BC),1.69,1.31,-0.2249,594.5,312.67,-0.4741,1.22,1.19,-0.0246,12540.0,11650.0,-0.071,15299.0,13864.0,-0.0938,978.0,791.0,-0.1912
MY ROTI,6611B - SWEET BREAD,6611 - BREAD,BREAD CORNER (BC),1.33,1.29,-0.0301,475.5,200.67,-0.578,1.26,1.23,-0.0238,9259.0,9068.0,-0.0206,11666.0,11154.0,-0.0439,752.0,489.0,-0.3497
PAROTI,6611B - SWEET BREAD,6611 - BREAD,BREAD CORNER (BC),1.18,1.21,0.0254,1673.5,791.67,-0.5269,1.29,1.28,-0.0078,14447.0,14426.0,-0.0015,18637.0,18465.0,-0.0092,2599.0,1855.0,-0.2863
SARI ROTI,6611B - SWEET BREAD,6611 - BREAD,BREAD CORNER (BC),1.28,1.24,-0.0313,551.5,303.33,-0.45,1.24,1.24,0.0,6425.0,6249.0,-0.0274,7967.0,7749.0,-0.0274,888.0,733.0,-0.1745
MY ROTI,6611C - SANDWICH BREAD,6611 - BREAD,BREAD CORNER (BC),1.58,1.55,-0.019,278.5,268.0,-0.0377,1.27,1.19,-0.063,7173.0,7034.0,-0.0194,9110.0,8370.0,-0.0812,440.0,674.0,0.5318
SARI ROTI,6611C - SANDWICH BREAD,6611 - BREAD,BREAD CORNER (BC),1.37,1.42,0.0365,1250.0,781.33,-0.3749,1.23,1.28,0.0407,8114.0,8271.0,0.0193,9980.0,10587.0,0.0608,2039.0,1826.0,-0.1045
MY ROTI,6611D - PULL APART BREAD,6611 - BREAD,BREAD CORNER (BC),1.12,1.12,0.0,782.5,451.67,-0.4228,1.28,1.25,-0.0234,18091.0,18521.0,0.0238,23156.0,23151.0,-0.0002,1227.0,1086.0,-0.1149
PAROTI,6611D - PULL APART BREAD,6611 - BREAD,BREAD CORNER (BC),1.21,1.21,0.0,790.5,388.0,-0.5092,1.22,1.23,0.0082,12755.0,12907.0,0.0119,15561.0,15876.0,0.0202,1296.0,943.0,-0.2724
ROYAL BAKERY,6611D - PULL APART BREAD,6611 - BREAD,BREAD CORNER (BC),1.07,1.08,0.0093,37.5,28.67,-0.2355,1.25,1.05,-0.16,24747.0,25088.0,0.0138,30934.0,26342.0,-0.1484,60.0,82.0,0.3667
SARI ROTI,6611D - PULL APART BREAD,6611 - BREAD,BREAD CORNER (BC),1.11,1.14,0.027,2199.0,1024.33,-0.5342,1.23,1.24,0.0081,17164.0,17573.0,0.0238,21112.0,21791.0,0.0322,3567.0,2481.0,-0.3045
AICE,6612A - CAKE,6612 - CAKE,BREAD CORNER (BC),,2.47,,,29.0,,,1.12,,,12356.0,,,13839.0,,,78.0,
MY ROTI,6612A - CAKE,6612 - CAKE,BREAD CORNER (BC),1.17,1.16,-0.0085,84.5,56.67,-0.3293,1.28,1.32,0.0313,11130.0,11009.0,-0.0109,14246.0,14532.0,0.0201,132.0,129.0,-0.0227
PAROTI,6612A - CAKE,6612 - CAKE,BREAD CORNER (BC),1.15,1.33,0.1565,10.0,10.0,0.0,1.11,1.07,-0.036,6900.0,7817.0,0.1329,7659.0,8364.0,0.092,18.0,28.0,0.5556
SARI KUE,6612A - CAKE,6612 - CAKE,BREAD CORNER (BC),1.34,1.33,-0.0075,817.0,445.67,-0.4545,1.28,1.24,-0.0313,9244.0,8564.0,-0.0736,11832.0,10619.0,-0.1025,1281.0,1075.0,-0.1608
MY ROTI,6612B - STEAM CAKE,6612 - CAKE,BREAD CORNER (BC),1.44,1.5,0.0417,298.5,228.0,-0.2362,1.32,1.43,0.0833,13717.0,14264.0,0.0399,18106.0,20398.0,0.1266,452.0,477.0,0.0553
PAROTI,6612B - STEAM CAKE,6612 - CAKE,BREAD CORNER (BC),1.57,1.4,-0.1083,3.5,146.67,40.9057,1.17,1.4,0.1966,6286.0,8665.0,0.3785,7355.0,12131.0,0.6494,6.0,315.0,51.5
HEMAVITON,1111A - ENERGY DRINK LIQUID BOTTLE  100-250ML,1111 - ENERGY DRINK,CHILLER,1.51,1.19,-0.2119,37.0,31.33,-0.1532,1.19,1.13,-0.0504,10266.0,8115.0,-0.2095,12217.0,9170.0,-0.2494,62.0,83.0,0.3387
KRATING DAENG,1111A - ENERGY DRINK LIQUID BOTTLE  100-250ML,1111 - ENERGY DRINK,CHILLER,1.5,1.15,-0.2333,65.5,61.33,-0.0637,1.38,1.32,-0.0435,10040.0,7901.0,-0.213,13855.0,10429.0,-0.2473,95.0,139.0,0.4632
M-150,1111A - ENERGY DRINK LIQUID BOTTLE  100-250ML,1111 - ENERGY DRINK,CHILLER,1.42,1.12,-0.2113,16.5,5.33,-0.677,1.22,1.07,-0.123,9385.0,7956.0,-0.1523,11450.0,8513.0,-0.2565,27.0,15.0,-0.4444
NEO HORMOVITON,1111A - ENERGY DRINK LIQUID BOTTLE  100-250ML,1111 - ENERGY DRINK,CHILLER,1.23,1.2,-0.0244,24.0,16.67,-0.3054,1.2,1.25,0.0417,7987.0,7942.0,-0.0056,9584.0,9928.0,0.0359,40.0,40.0,0.0
EXTRA JOSS,1111B - ENERGY DRINK LIQUID CAN 200-350ML,1111 - ENERGY DRINK,CHILLER,1.73,1.23,-0.289,31.0,15.67,-0.4945,1.19,1.07,-0.1008,14669.0,10489.0,-0.285,17456.0,11223.0,-0.3571,52.0,44.0,-0.1538
M-150,1111B - ENERGY DRINK LIQUID CAN 200-350ML,1111 - ENERGY DRINK,CHILLER,1.2,1.0,-0.1667,5.0,1.33,-0.734,1.0,1.0,0.0,10080.0,8450.0,-0.1617,10080.0,8450.0,-0.1617,10.0,4.0,-0.6
RED BULL,1111B - ENERGY DRINK LIQUID CAN 200-350ML,1111 - ENERGY DRINK,CHILLER,1.05,1.1,0.0476,30.0,16.0,-0.4667,1.09,1.09,0.0,15260.0,13571.0,-0.1107,16633.0,14792.0,-0.1107,55.0,44.0,-0.2
A&W,1112A - CARBONATED DRINK CAN 200-250ML,1112 - CARBONATED DRINK,CHILLER,1.24,1.15,-0.0726,39.0,17.67,-0.5469,1.15,1.02,-0.113,8678.0,8026.0,-0.0751,9980.0,8187.0,-0.1797,68.0,52.0,-0.2353
COCA COLA,1112A - CARBONATED DRINK CAN 200-250ML,1112 - CARBONATED DRINK,CHILLER,1.16,1.07,-0.0776,24.5,5.0,-0.7959,1.04,1.0,-0.0385,10255.0,7447.0,-0.2738,10665.0,7447.0,-0.3017,47.0,15.0,-0.6809
KOPI KENANGAN,1112A - CARBONATED DRINK CAN 200-250ML,1112 - CARBONATED DRINK,CHILLER,1.98,2.0,0.0101,33.0,1.67,-0.9494,1.4,1.25,-0.1071,14489.0,14600.0,0.0077,20285.0,18250.0,-0.1003,47.0,4.0,-0.9149
SPRITE,1112A - CARBONATED DRINK CAN 200-250ML,1112 - CARBONATED DRINK,CHILLER,1.0,,,1.0,,,2.0,,,139900.0,,,279800.0,,,1.0,,
POLARIS,1112B - CARBONATED DRINK CAN 300-330ML,1112 - CARBONATED DRINK,CHILLER,1.43,,,10.5,,,1.0,,,9476.0,,,9476.0,,,21.0,,
AMO,1112C - CARBONATED DRINK PET 250-450 ML,1112 - CARBONATED DRINK,CHILLER,,1.82,,,7.33,,,1.0,,,8182.0,,,8182.0,,,22.0,
BIG,1112C - CARBONATED DRINK PET 250-450 ML,1112 - CARBONATED DRINK,CHILLER,,1.12,,,22.67,,,1.1,,,4385.0,,,4824.0,,,62.0,
COCA COLA,1112C - CARBONATED DRINK PET 250-450 ML,1112 - CARBONATED DRINK,CHILLER,1.59,1.17,-0.2642,192.5,89.67,-0.5342,1.33,1.12,-0.1579,8695.0,6460.0,-0.257,11564.0,7235.0,-0.3744,289.0,241.0,-0.1661
FANTA,1112C - CARBONATED DRINK PET 250-450 ML,1112 - CARBONATED DRINK,CHILLER,1.45,1.15,-0.2069,108.5,39.33,-0.6375,1.11,1.13,0.018,8243.0,7022.0,-0.1481,9150.0,7935.0,-0.1328,196.0,104.0,-0.4694
NIPIS MADU,1112C - CARBONATED DRINK PET 250-450 ML,1112 - CARBONATED DRINK,CHILLER,1.78,1.65,-0.073,240.5,96.0,-0.6008,1.2,1.15,-0.0417,7356.0,7034.0,-0.0438,8827.0,8089.0,-0.0836,402.0,251.0,-0.3756
PROMO MARKETING,1112C - CARBONATED DRINK PET 250-450 ML,1112 - CARBONATED DRINK,CHILLER,1.06,,,2617.0,,,2.04,,,6105.0,,,12454.0,,,2569.0,,
SPRITE,1112C - CARBONATED DRINK PET 250-450 ML,1112 - CARBONATED DRINK,CHILLER,1.27,1.14,-0.1024,166.5,88.0,-0.4715,1.11,1.09,-0.018,6841.0,6497.0,-0.0503,7594.0,7082.0,-0.0674,300.0,242.0,-0.1933
TEBS,1112C - CARBONATED DRINK PET 250-450 ML,1112 - CARBONATED DRINK,CHILLER,1.38,,,32.0,,,1.19,,,5380.0,,,6402.0,,,54.0,,
CHI FOREST,1112D - CARBONATED DRINK PET 425-500ML,1112 - CARBONATED DRINK,CHILLER,1.23,1.13,-0.0813,76.5,59.0,-0.2288,1.22,1.2,-0.0164,11948.0,10412.0,-0.1286,14577.0,12494.0,-0.1429,125.0,148.0,0.184
BIG,1112E - CARBONATED DRINK PET 1000-1800ML,1112 - CARBONATED DRINK,CHILLER,1.0,2.06,1.06,1.0,6.0,5.0,1.0,1.64,0.64,13400.0,19272.0,0.4382,13400.0,31606.0,1.3587,2.0,11.0,4.5
COCA COLA,1112E - CARBONATED DRINK PET 1000-1800ML,1112 - CARBONATED DRINK,CHILLER,1.24,1.24,0.0,227.0,86.33,-0.6197,1.23,1.18,-0.0407,14786.0,13352.0,-0.097,18187.0,15755.0,-0.1337,369.0,220.0,-0.4038
FANTA,1112E - CARBONATED DRINK PET 1000-1800ML,1112 - CARBONATED DRINK,CHILLER,1.29,1.39,0.0775,173.0,74.33,-0.5703,1.12,1.1,-0.0179,15393.0,15394.0,0.0001,17240.0,16933.0,-0.0178,310.0,202.0,-0.3484
PROMO MARKETING,1112E - CARBONATED DRINK PET 1000-1800ML,1112 - CARBONATED DRINK,CHILLER,1.05,,,1143.0,,,1.71,,,14339.0,,,24520.0,,,1338.0,,
SPRITE,1112E - CARBONATED DRINK PET 1000-1800ML,1112 - CARBONATED DRINK,CHILLER,1.41,1.23,-0.1277,139.5,66.67,-0.5221,1.12,1.12,0.0,18127.0,13242.0,-0.2695,20302.0,14831.0,-0.2695,250.0,178.0,-0.288
ALFAMART,1113B - MINERAL WATER PET 330-400ML,1113 - MINERAL WATER,CHILLER,9.28,3.98,-0.5711,242.0,117.33,-0.5152,1.31,1.29,-0.0153,19692.0,7988.0,-0.5944,25797.0,10305.0,-0.6005,370.0,272.0,-0.2649
AQUA,1113B - MINERAL WATER PET 330-400ML,1113 - MINERAL WATER,CHILLER,8.27,4.58,-0.4462,61.5,27.0,-0.561,1.07,1.03,-0.0374,26354.0,14770.0,-0.4396,28199.0,15213.0,-0.4605,115.0,79.0,-0.313
CRYSTALIN,1113B - MINERAL WATER PET 330-400ML,1113 - MINERAL WATER,CHILLER,1.39,,,11.5,,,1.35,,,56752.0,,,76615.0,,,17.0,,
LE MINERALE,1113B - MINERAL WATER PET 330-400ML,1113 - MINERAL WATER,CHILLER,10.41,4.41,-0.5764,92.0,35.33,-0.616,1.1,1.06,-0.0364,33578.0,15291.0,-0.5446,36936.0,16208.0,-0.5612,167.0,100.0,-0.4012
PRIMA,1113B - MINERAL WATER PET 330-400ML,1113 - MINERAL WATER,CHILLER,1.09,,,5.5,,,1.1,,,43127.0,,,47440.0,,,10.0,,
ALFAMART,1113C - MINERAL WATER PET 500-750ML,1113 - MINERAL WATER,CHILLER,7.42,2.55,-0.6563,575.5,379.67,-0.3403,1.4,1.49,0.0643,16684.0,5728.0,-0.6567,23358.0,8535.0,-0.6346,823.0,767.0,-0.068
AQUA,1113C - MINERAL WATER PET 500-750ML,1113 - MINERAL WATER,CHILLER,2.74,2.25,-0.1788,713.5,489.67,-0.3137,1.27,1.27,0.0,11029.0,9097.0,-0.1752,14007.0,11553.0,-0.1752,1126.0,1159.0,0.0293
AQUVIVA,1113C - MINERAL WATER PET 500-750ML,1113 - MINERAL WATER,CHILLER,1.58,1.34,-0.1519,271.5,192.0,-0.2928,1.2,1.22,0.0167,5554.0,4833.0,-0.1298,6665.0,5896.0,-0.1154,453.0,474.0,0.0464
CRYSTALIN,1113C - MINERAL WATER PET 500-750ML,1113 - MINERAL WATER,CHILLER,1.89,1.61,-0.1481,219.0,141.67,-0.3531,1.16,1.18,0.0172,8486.0,5117.0,-0.397,9844.0,6038.0,-0.3866,376.0,361.0,-0.0399
JIWATER,1113C - MINERAL WATER PET 500-750ML,1113 - MINERAL WATER,CHILLER,1.35,1.38,0.0222,10.0,59.33,4.933,1.18,1.21,0.0254,6075.0,6219.0,0.0237,7168.0,7525.0,0.0498,17.0,147.0,7.6471
LE MINERALE,1113C - MINERAL WATER PET 500-750ML,1113 - MINERAL WATER,CHILLER,2.69,2.18,-0.1896,823.5,567.33,-0.3111,1.21,1.28,0.0579,10137.0,8401.0,-0.1713,12266.0,10753.0,-0.1233,1361.0,1333.0,-0.0206
NESTLE,1113C - MINERAL WATER PET 500-750ML,1113 - MINERAL WATER,CHILLER,2.32,1.8,-0.2241,302.0,194.67,-0.3554,1.21,1.2,-0.0083,8784.0,7081.0,-0.1939,10629.0,8497.0,-0.2006,499.0,488.0,-0.022
PRIMA,1113C - MINERAL WATER PET 500-750ML,1113 - MINERAL WATER,CHILLER,3.69,2.55,-0.3089,243.5,126.33,-0.4812,1.33,1.23,-0.0752,12294.0,7769.0,-0.3681,16351.0,9556.0,-0.4156,365.0,307.0,-0.1589
VIT,1113C - MINERAL WATER PET 500-750ML,1113 - MINERAL WATER,CHILLER,1.68,2.11,0.256,49.0,21.67,-0.5578,1.1,1.02,-0.0727,5793.0,6922.0,0.1949,6372.0,7060.0,0.108,89.0,64.0,-0.2809
ALFAMART,1113D - MINERAL WATER PET 1-1.5L,1113 - MINERAL WATER,CHILLER,3.51,1.61,-0.5413,511.0,209.0,-0.591,1.45,1.43,-0.0138,17060.0,7455.0,-0.563,24737.0,10661.0,-0.569,705.0,438.0,-0.3787
AQUA,1113D - MINERAL WATER PET 1-1.5L,1113 - MINERAL WATER,CHILLER,1.97,1.64,-0.1675,363.5,175.33,-0.5177,1.32,1.29,-0.0227,13633.0,11756.0,-0.1377,17996.0,15165.0,-0.1573,550.0,407.0,-0.26
AQUVIVA,1113D - MINERAL WATER PET 1-1.5L,1113 - MINERAL WATER,CHILLER,1.54,1.17,-0.2403,88.0,105.0,0.1932,1.17,1.18,0.0085,9815.0,7733.0,-0.2121,11484.0,9125.0,-0.2054,151.0,268.0,0.7748
CRYSTALIN,1113D - MINERAL WATER PET 1-1.5L,1113 - MINERAL WATER,CHILLER,2.06,1.31,-0.3641,313.0,33.67,-0.8924,1.61,1.1,-0.3168,14659.0,7996.0,-0.4545,23601.0,8796.0,-0.6273,390.0,92.0,-0.7641
LE MINERALE,1113D - MINERAL WATER PET 1-1.5L,1113 - MINERAL WATER,CHILLER,2.42,1.52,-0.3719,517.5,224.0,-0.5671,1.39,1.34,-0.036,16084.0,11009.0,-0.3155,22357.0,14752.0,-0.3402,744.0,501.0,-0.3266
NESTLE,1113D - MINERAL WATER PET 1-1.5L,1113 - MINERAL WATER,CHILLER,2.95,1.53,-0.4814,256.5,66.33,-0.7414,1.52,1.14,-0.25,20120.0,11392.0,-0.4338,30582.0,12987.0,-0.5753,337.0,175.0,-0.4807
VIT,1113D - MINERAL WATER PET 1-1.5L,1113 - MINERAL WATER,CHILLER,1.47,1.34,-0.0884,27.5,13.67,-0.5029,1.12,1.08,-0.0357,9366.0,8368.0,-0.1066,10490.0,9037.0,-0.1385,49.0,38.0,-0.2245
ALFA,1113I - FUNCTIONAL DRINK,1113 - MINERAL WATER,CHILLER,1.32,1.31,-0.0076,18.5,17.33,-0.0632,1.16,1.16,0.0,6062.0,5556.0,-0.0835,7032.0,6445.0,-0.0835,32.0,45.0,0.4062
ETERNAL,1113I - FUNCTIONAL DRINK,1113 - MINERAL WATER,CHILLER,1.21,1.53,0.2645,16.5,10.67,-0.3533,1.1,1.07,-0.0273,11267.0,14747.0,0.3089,12394.0,15779.0,0.2731,30.0,30.0,0.0
PRISTINE,1113I - FUNCTIONAL DRINK,1113 - MINERAL WATER,CHILLER,3.13,2.33,-0.2556,371.0,184.67,-0.5022,1.29,1.25,-0.031,17192.0,12679.0,-0.2625,22178.0,15849.0,-0.2854,575.0,444.0,-0.2278
SUPER O2,1113I - FUNCTIONAL DRINK,1113 - MINERAL WATER,CHILLER,1.16,1.65,0.4224,24.5,13.33,-0.4559,1.17,1.11,-0.0513,13847.0,19763.0,0.4272,16201.0,21937.0,0.3541,42.0,36.0,-0.1429
FIBE MINI,1114A - ISOTONIC DRINK PET 100-250ML,1114 - ISOTONIC DRINK,CHILLER,1.35,1.36,0.0074,31.0,20.33,-0.3442,1.15,1.42,0.2348,10273.0,10775.0,0.0489,11814.0,15300.0,0.2951,54.0,43.0,-0.2037
HYDRO COCO,1114A - ISOTONIC DRINK PET 100-250ML,1114 - ISOTONIC DRINK,CHILLER,1.59,1.23,-0.2264,129.0,57.33,-0.5556,1.13,1.2,0.0619,13698.0,11137.0,-0.187,15479.0,13364.0,-0.1366,228.0,143.0,-0.3728
100 PLUS,1114B - ISOTONIC DRINK PET 300-380ML,1114 - ISOTONIC DRINK,CHILLER,1.6,,,2.5,,,1.0,,,11080.0,,,11080.0,,,5.0,,
HYDRO COCO,1114B - ISOTONIC DRINK PET 300-380ML,1114 - ISOTONIC DRINK,CHILLER,1.47,1.17,-0.2041,39.0,13.67,-0.6495,1.26,1.08,-0.1429,18519.0,14973.0,-0.1915,23334.0,16171.0,-0.307,62.0,38.0,-0.3871
HYDROPLUS,1114B - ISOTONIC DRINK PET 300-380ML,1114 - ISOTONIC DRINK,CHILLER,2.7,,,27.0,,,1.38,,,15781.0,,,21778.0,,,39.0,,
ICHITAN,1114B - ISOTONIC DRINK PET 300-380ML,1114 - ISOTONIC DRINK,CHILLER,1.85,1.16,-0.373,10.0,8.33,-0.167,1.11,1.09,-0.018,13680.0,8672.0,-0.3661,15185.0,9452.0,-0.3775,18.0,23.0,0.2778
IF,1114B - ISOTONIC DRINK PET 300-380ML,1114 - ISOTONIC DRINK,CHILLER,,1.13,,,7.67,,,1.05,,,16957.0,,,17805.0,,,22.0,
ISOPLUS,1114B - ISOTONIC DRINK PET 300-380ML,1114 - ISOTONIC DRINK,CHILLER,1.44,1.33,-0.0764,119.5,58.33,-0.5119,1.2,1.17,-0.025,5033.0,4765.0,-0.0532,6040.0,5575.0,-0.077,200.0,149.0,-0.255
POCARI SWEAT,1114B - ISOTONIC DRINK PET 300-380ML,1114 - ISOTONIC DRINK,CHILLER,1.45,1.35,-0.069,137.5,90.33,-0.3431,1.09,1.12,0.0275,10766.0,10306.0,-0.0427,11735.0,11543.0,-0.0164,253.0,241.0,-0.0474
HYDRO COCO,1114C - ISOTONIC DRINK PET 450-500ML,1114 - ISOTONIC DRINK,CHILLER,1.22,1.08,-0.1148,168.5,66.67,-0.6043,1.15,1.12,-0.0261,19552.0,17394.0,-0.1104,22485.0,19481.0,-0.1336,294.0,178.0,-0.3946
MIZONE,1114C - ISOTONIC DRINK PET 450-500ML,1114 - ISOTONIC DRINK,CHILLER,1.22,1.52,0.2459,239.5,89.0,-0.6284,1.15,1.12,-0.0261,8070.0,10247.0,0.2698,9280.0,11477.0,0.2367,415.0,239.0,-0.4241
POCARI SWEAT,1114C - ISOTONIC DRINK PET 450-500ML,1114 - ISOTONIC DRINK,CHILLER,1.36,1.15,-0.1544,246.0,130.33,-0.4702,1.1,1.09,-0.0091,11448.0,9857.0,-0.139,12593.0,10744.0,-0.1468,447.0,358.0,-0.1991
POKKA,1114C - ISOTONIC DRINK PET 450-500ML,1114 - ISOTONIC DRINK,CHILLER,1.21,,,52.5,,,1.07,,,9370.0,,,10026.0,,,98.0,,
REGEN,1114C - ISOTONIC DRINK PET 450-500ML,1114 - ISOTONIC DRINK,CHILLER,3.12,1.03,-0.6699,64.0,9.67,-0.8489,1.17,1.07,-0.0855,45234.0,13552.0,-0.7004,52924.0,14501.0,-0.726,109.0,27.0,-0.7523
YOU C1000 WATER,1114C - ISOTONIC DRINK PET 450-500ML,1114 - ISOTONIC DRINK,CHILLER,1.26,1.13,-0.1032,206.0,89.33,-0.5664,1.14,1.12,-0.0175,11110.0,10065.0,-0.0941,12665.0,11273.0,-0.1099,362.0,240.0,-0.337
POCARI SWEAT,1114D - ISOTONIC DRINK CAN 330ML,1114 - ISOTONIC DRINK,CHILLER,1.44,1.15,-0.2014,25.0,11.0,-0.56,1.04,1.0,-0.0385,9914.0,8036.0,-0.1894,10311.0,8036.0,-0.2206,48.0,33.0,-0.3125
HYDRO COCO,1114E - ISOTONIC DRINK PET 900ML-1.5L,1114 - ISOTONIC DRINK,CHILLER,1.14,1.0,-0.1228,52.5,6.0,-0.8857,1.15,1.0,-0.1304,29533.0,25917.0,-0.1224,33963.0,25917.0,-0.2369,91.0,18.0,-0.8022
POCARI SWEAT,1114E - ISOTONIC DRINK PET 900ML-1.5L,1114 - ISOTONIC DRINK,CHILLER,1.1,1.04,-0.0545,67.5,41.0,-0.3926,1.12,1.09,-0.0268,15256.0,14975.0,-0.0184,17087.0,16323.0,-0.0447,120.0,113.0,-0.0583
POCARI SWEAT,1114F - ISOTONIC DRINK PET 2L,1114 - ISOTONIC DRINK,CHILLER,1.06,1.04,-0.0189,55.5,15.67,-0.7177,1.14,1.15,0.0088,25651.0,25268.0,-0.0149,29242.0,29058.0,-0.0063,97.0,41.0,-0.5773
ACARAKI,1115A - REMEDIES DRINK CAN,1115 - REMEDIES DRINK,CHILLER,1.25,,,2.0,,,1.0,,,14600.0,,,14600.0,,,4.0,,
ADEM SARI,1115A - REMEDIES DRINK CAN,1115 - REMEDIES DRINK,CHILLER,1.34,1.5,0.1194,132.0,68.0,-0.4848,1.14,1.12,-0.0175,12588.0,14250.0,0.132,14350.0,15960.0,0.1122,231.0,182.0,-0.2121
BADAK,1115A - REMEDIES DRINK CAN,1115 - REMEDIES DRINK,CHILLER,1.63,1.91,0.1718,230.0,148.0,-0.3565,1.15,1.14,-0.0087,12950.0,15792.0,0.2195,14892.0,18003.0,0.2089,399.0,388.0,-0.0276
CAP PANDA,1115A - REMEDIES DRINK CAN,1115 - REMEDIES DRINK,CHILLER,,1.5,,,0.67,,,1.0,,,11450.0,,,11450.0,,,2.0,
COOLTOPIA,1115A - REMEDIES DRINK CAN,1115 - REMEDIES DRINK,CHILLER,1.14,1.52,0.3333,28.5,21.33,-0.2516,1.1,1.03,-0.0636,8768.0,11850.0,0.3515,9645.0,12206.0,0.2655,52.0,62.0,0.1923
KAKI TIGA,1115A - REMEDIES DRINK CAN,1115 - REMEDIES DRINK,CHILLER,1.53,1.26,-0.1765,271.5,166.0,-0.3886,1.18,1.21,0.0254,11420.0,9618.0,-0.1578,13476.0,11638.0,-0.1364,460.0,410.0,-0.1087
LASEGAR,1115A - REMEDIES DRINK CAN,1115 - REMEDIES DRINK,CHILLER,2.19,1.73,-0.21,87.5,97.67,0.1162,1.13,1.24,0.0973,16648.0,14105.0,-0.1528,18812.0,17490.0,-0.0703,155.0,237.0,0.529
ADEM SARI,1115C - REMEDIES DRINK PET 150-350ML,1115 - REMEDIES DRINK,CHILLER,1.59,1.41,-0.1132,93.5,69.33,-0.2585,1.2,1.16,-0.0333,14927.0,13479.0,-0.097,17912.0,15636.0,-0.1271,156.0,179.0,0.1474
ALANG SARI,1115C - REMEDIES DRINK PET 150-350ML,1115 - REMEDIES DRINK,CHILLER,1.23,1.34,0.0894,54.5,39.67,-0.2721,1.24,1.1,-0.1129,10821.0,11664.0,0.0779,13418.0,12830.0,-0.0438,88.0,108.0,0.2273
BADAK,1115C - REMEDIES DRINK PET 150-350ML,1115 - REMEDIES DRINK,CHILLER,1.63,2.31,0.4172,69.0,38.0,-0.4493,1.06,1.07,0.0094,12658.0,18539.0,0.4646,13417.0,19837.0,0.4785,130.0,107.0,-0.1769
KAKI TIGA,1115C - REMEDIES DRINK PET 150-350ML,1115 - REMEDIES DRINK,CHILLER,1.52,1.26,-0.1711,44.5,31.0,-0.3034,1.06,1.06,0.0,11372.0,9735.0,-0.144,12054.0,10319.0,-0.1439,84.0,88.0,0.0476
KIRANTI,1115C - REMEDIES DRINK PET 150-350ML,1115 - REMEDIES DRINK,CHILLER,1.84,1.59,-0.1359,255.5,85.33,-0.666,1.17,1.12,-0.0427,14547.0,12338.0,-0.1519,17020.0,13819.0,-0.1881,435.0,229.0,-0.4736
KUAS,1115C - REMEDIES DRINK PET 150-350ML,1115 - REMEDIES DRINK,CHILLER,1.5,,,1.0,,,1.0,,,15750.0,,,15750.0,,,2.0,,
SIDOMUNCUL,1115C - REMEDIES DRINK PET 150-350ML,1115 - REMEDIES DRINK,CHILLER,,1.29,,,11.67,,,1.21,,,9369.0,,,11336.0,,,29.0,
BADAK,1115D - REMEDIES DRINK PET 500-600ML,1115 - REMEDIES DRINK,CHILLER,1.66,1.35,-0.1867,180.5,93.0,-0.4848,1.15,1.14,-0.0087,14726.0,12793.0,-0.1313,16935.0,14584.0,-0.1388,315.0,245.0,-0.2222
KAKI TIGA,1115D - REMEDIES DRINK PET 500-600ML,1115 - REMEDIES DRINK,CHILLER,1.77,1.31,-0.2599,169.0,67.67,-0.5996,1.14,1.12,-0.0175,14994.0,12031.0,-0.1976,17093.0,13475.0,-0.2117,297.0,181.0,-0.3906
AMUNIZER,1116A - VITAMIN DRINK 100-150ML,1116 - VITAMIN DRINK,CHILLER,1.3,1.42,0.0923,28.0,23.0,-0.1786,1.08,1.1,0.0185,11500.0,12478.0,0.085,12420.0,13726.0,0.1052,52.0,63.0,0.2115
FITMEUP,1116A - VITAMIN DRINK 100-150ML,1116 - VITAMIN DRINK,CHILLER,,1.47,,,5.0,,,1.07,,,13227.0,,,14153.0,,,14.0,
ORONAMIN,1116A - VITAMIN DRINK 100-150ML,1116 - VITAMIN DRINK,CHILLER,1.91,1.45,-0.2408,28.5,34.0,0.193,1.21,1.65,0.3636,13396.0,10168.0,-0.241,16209.0,16777.0,0.035,47.0,62.0,0.3191
TROPICANA,1116A - VITAMIN DRINK 100-150ML,1116 - VITAMIN DRINK,CHILLER,2.6,,,2.5,,,1.25,,,24740.0,,,30925.0,,,4.0,,
YOU C1000,1116A - VITAMIN DRINK 100-150ML,1116 - VITAMIN DRINK,CHILLER,1.64,1.71,0.0427,681.5,283.33,-0.5843,1.21,1.21,0.0,12901.0,13760.0,0.0666,15610.0,16650.0,0.0666,1127.0,704.0,-0.3753
HEMAVITON,1116B - VITAMIN DRINK 300-500ML,1116 - VITAMIN DRINK,CHILLER,1.84,1.43,-0.2228,94.5,82.0,-0.1323,1.16,1.2,0.0345,13930.0,11020.0,-0.2089,16159.0,13224.0,-0.1816,163.0,205.0,0.2577
BIOKUL,1117A - YOGHURT BEVERAGE,1117 - YOGHURT BEVERAGE,CHILLER,1.57,1.61,0.0255,71.5,28.33,-0.6038,1.12,1.2,0.0714,12641.0,13056.0,0.0328,14158.0,15667.0,0.1066,128.0,71.0,-0.4453
HEAVENLY BLUSH,1117A - YOGHURT BEVERAGE,1117 - YOGHURT BEVERAGE,CHILLER,1.4,,,5.0,,,1.0,,,17910.0,,,17910.0,,,10.0,,
INDOMILK,1117A - YOGHURT BEVERAGE,1117 - YOGHURT BEVERAGE,CHILLER,1.75,1.41,-0.1943,40.5,93.0,1.2963,1.09,1.35,0.2385,11395.0,9133.0,-0.1985,12421.0,12330.0,-0.0073,74.0,206.0,1.7838
KIN,1117A - YOGHURT BEVERAGE,1117 - YOGHURT BEVERAGE,CHILLER,1.53,1.24,-0.1895,126.5,26.67,-0.7892,1.28,1.07,-0.1641,15162.0,13084.0,-0.1371,19407.0,14000.0,-0.2786,197.0,75.0,-0.6193
BINTANG,1118A - CARBONATED MALT,1118 - CARBONATED MALT,CHILLER,2.87,2.24,-0.2195,37.5,18.0,-0.52,1.12,1.12,0.0,26512.0,20881.0,-0.2124,29693.0,23387.0,-0.2124,67.0,48.0,-0.2836
GREEN SANDS,1118A - CARBONATED MALT,1118 - CARBONATED MALT,CHILLER,2.36,1.69,-0.2839,65.0,22.33,-0.6565,1.15,1.06,-0.0783,16546.0,12748.0,-0.2295,19028.0,13513.0,-0.2898,113.0,63.0,-0.4425
GROOVY,1118B - CARBONATED MALT PACK,1118 - CARBONATED MALT,CHILLER,1.22,1.2,-0.0164,20.5,10.0,-0.5122,1.05,1.25,0.1905,9976.0,9877.0,-0.0099,10475.0,12346.0,0.1786,39.0,24.0,-0.3846
CAP PANDA,1121C - GRASS JELLY,1121 - DESSERT,CHILLER,1.25,1.19,-0.048,127.0,36.67,-0.7113,1.17,1.05,-0.1026,9624.0,9276.0,-0.0362,11260.0,9740.0,-0.135,217.0,105.0,-0.5161
DELMONTE,1121C - GRASS JELLY,1121 - DESSERT,CHILLER,1.22,1.32,0.082,45.5,42.33,-0.0697,1.11,1.2,0.0811,13257.0,14392.0,0.0856,14715.0,17270.0,0.1736,82.0,106.0,0.2927
YEO'S,1121C - GRASS JELLY,1121 - DESSERT,CHILLER,1.77,,,11.0,,,1.0,,,13364.0,,,13364.0,,,22.0,,
BUAVITA,1151B - JUICE TETRAPACK 125-150ML,1151 - RTD JUICE,CHILLER,1.0,,,0.5,,,1.0,,,5100.0,,,5100.0,,,1.0,,
ULTRA,1151B - JUICE TETRAPACK 125-150ML,1151 - RTD JUICE,CHILLER,1.45,1.47,0.0138,10.0,5.67,-0.433,1.11,1.13,0.018,6200.0,6329.0,0.0208,6882.0,7152.0,0.0392,18.0,15.0,-0.1667
NUTRI SARI,1151C - JUICE TETRAPACK 200ML,1151 - RTD JUICE,CHILLER,1.64,1.4,-0.1463,42.5,8.33,-0.804,1.1,1.04,-0.0545,13854.0,11900.0,-0.141,15239.0,12376.0,-0.1879,77.0,24.0,-0.6883
ABC,1151D - JUICE TETRAPACK 240-250ML,1151 - RTD JUICE,CHILLER,1.84,1.31,-0.288,77.0,44.33,-0.4243,1.25,1.09,-0.128,10034.0,7240.0,-0.2785,12542.0,7892.0,-0.3708,123.0,122.0,-0.0081
BUAVITA,1151D - JUICE TETRAPACK 240-250ML,1151 - RTD JUICE,CHILLER,1.57,1.63,0.0382,174.5,137.0,-0.2149,1.25,1.18,-0.056,14890.0,15499.0,0.0409,18612.0,18289.0,-0.0174,280.0,348.0,0.2429
ULTRA,1151D - JUICE TETRAPACK 240-250ML,1151 - RTD JUICE,CHILLER,1.63,1.24,-0.2393,65.5,55.0,-0.1603,1.12,1.1,-0.0179,10079.0,7384.0,-0.2674,11288.0,8122.0,-0.2805,117.0,150.0,0.2821
ABC,1151E - JUICE TETRAPACK 750-1200ML,1151 - RTD JUICE,CHILLER,1.0,,,0.5,,,1.0,,,10500.0,,,10500.0,,,1.0,,
BUAVITA,1151E - JUICE TETRAPACK 750-1200ML,1151 - RTD JUICE,CHILLER,1.15,1.06,-0.0783,19.5,10.33,-0.4703,1.03,1.07,0.0388,37351.0,34200.0,-0.0844,38472.0,36594.0,-0.0488,38.0,29.0,-0.2368
COUNTRY CHOICE,1151E - JUICE TETRAPACK 750-1200ML,1151 - RTD JUICE,CHILLER,1.0,,,1.0,,,1.0,,,23700.0,,,23700.0,,,2.0,,
MINUTE MAID,1151E - JUICE TETRAPACK 750-1200ML,1151 - RTD JUICE,CHILLER,1.64,1.04,-0.3659,47.0,15.0,-0.6809,1.07,1.02,-0.0467,25847.0,14998.0,-0.4197,27656.0,15298.0,-0.4468,88.0,44.0,-0.5
PROMO MARKETING,1151E - JUICE TETRAPACK 750-1200ML,1151 - RTD JUICE,CHILLER,1.01,,,670.0,,,1.63,,,14597.0,,,23793.0,,,822.0,,
COCA COLA,1151F - JUICE PET 200-450ML,1151 - RTD JUICE,CHILLER,1.03,,,1047.5,,,1.73,,,7513.0,,,12997.0,,,1210.0,,
FLORIDINA,1151F - JUICE PET 200-450ML,1151 - RTD JUICE,CHILLER,1.11,1.6,0.4414,655.0,65.67,-0.8997,1.41,1.11,-0.2128,3945.0,6649.0,0.6854,5562.0,7380.0,0.3269,926.0,177.0,-0.8089
FRUITAMIN,1151F - JUICE PET 200-450ML,1151 - RTD JUICE,CHILLER,1.26,1.17,-0.0714,15.5,4.0,-0.7419,1.29,1.0,-0.2248,9219.0,8483.0,-0.0798,11893.0,8483.0,-0.2867,24.0,12.0,-0.5
ICHITAN,1151F - JUICE PET 200-450ML,1151 - RTD JUICE,CHILLER,1.57,1.09,-0.3057,14.0,11.0,-0.2143,1.08,1.14,0.0556,14496.0,10164.0,-0.2988,15656.0,11587.0,-0.2599,26.0,29.0,0.1154
MINUTE MAID,1151F - JUICE PET 200-450ML,1151 - RTD JUICE,CHILLER,2.4,1.41,-0.4125,49.5,11.33,-0.7711,1.08,1.17,0.0833,14840.0,9582.0,-0.3543,16027.0,11211.0,-0.3005,92.0,29.0,-0.6848
MOGU-MOGU,1151F - JUICE PET 200-450ML,1151 - RTD JUICE,CHILLER,1.29,1.25,-0.031,145.0,65.67,-0.5471,1.13,1.1,-0.0265,15369.0,15183.0,-0.0121,17367.0,16701.0,-0.0383,256.0,179.0,-0.3008
NUTRIBOOST,1151F - JUICE PET 200-450ML,1151 - RTD JUICE,CHILLER,1.59,1.17,-0.2642,76.5,30.0,-0.6078,1.1,1.14,0.0364,12095.0,7579.0,-0.3734,13305.0,8640.0,-0.3506,139.0,79.0,-0.4317
PALDO,1151F - JUICE PET 200-450ML,1151 - RTD JUICE,CHILLER,1.2,1.24,0.0333,124.0,123.67,-0.0027,1.15,1.24,0.0783,17678.0,18515.0,0.0473,20330.0,22959.0,0.1293,216.0,300.0,0.3889
PROMO MARKETING,1151F - JUICE PET 200-450ML,1151 - RTD JUICE,CHILLER,1.05,,,847.5,,,1.54,,,5884.0,,,9061.0,,,1102.0,,
OLATTE,1151H - JUICE CAN 230-350ML,1151 - RTD JUICE,CHILLER,1.38,1.53,0.1087,40.5,39.0,-0.037,1.23,1.1,-0.1057,15980.0,18222.0,0.1403,19655.0,20044.0,0.0198,66.0,106.0,0.6061
SUNPRIDE,1151H - JUICE CAN 230-350ML,1151 - RTD JUICE,CHILLER,1.56,1.4,-0.1026,22.5,28.33,0.2591,1.5,1.16,-0.2267,18556.0,16662.0,-0.1021,27834.0,19328.0,-0.3056,30.0,73.0,1.4333
YEO'S,1151H - JUICE CAN 230-350ML,1151 - RTD JUICE,CHILLER,2.5,,,3.0,,,1.2,,,18750.0,,,22500.0,,,5.0,,
S-TEE,1154A - RTD TEA TETRAPACK 200-240ML,1154 - RTD TEA,CHILLER,3.63,3.31,-0.0882,45.0,36.33,-0.1927,1.1,1.3,0.1818,14959.0,9103.0,-0.3915,16455.0,11834.0,-0.2808,82.0,84.0,0.0244
SOSRO,1154A - RTD TEA TETRAPACK 200-240ML,1154 - RTD TEA,CHILLER,1.33,,,7.5,,,1.15,,,87100.0,,,100165.0,,,13.0,,
ULTRA,1154A - RTD TEA TETRAPACK 200-240ML,1154 - RTD TEA,CHILLER,2.66,1.54,-0.4211,139.5,57.67,-0.5866,1.25,1.15,-0.08,11263.0,6586.0,-0.4153,14079.0,7574.0,-0.462,224.0,151.0,-0.3259
FRUIT TEA,1154B - RTD TEA TETRAPACK 250-500ML,1154 - RTD TEA,CHILLER,1.58,3.27,1.0696,29.5,152.67,4.1753,1.13,1.19,0.0531,5917.0,11639.0,0.967,6686.0,13850.0,1.0715,52.0,384.0,6.3846
POKKA,1154B - RTD TEA TETRAPACK 250-500ML,1154 - RTD TEA,CHILLER,,1.0,,,0.67,,,1.0,,,6200.0,,,6200.0,,,2.0,
SOSRO,1154B - RTD TEA TETRAPACK 250-500ML,1154 - RTD TEA,CHILLER,2.6,4.54,0.7462,300.5,107.33,-0.6428,1.17,1.47,0.2564,9816.0,15249.0,0.5535,11485.0,22416.0,0.9518,513.0,219.0,-0.5731
ULTRA,1154B - RTD TEA TETRAPACK 250-500ML,1154 - RTD TEA,CHILLER,1.76,1.35,-0.233,31.0,8.67,-0.7203,1.27,1.0,-0.2126,7371.0,6073.0,-0.1761,9361.0,6073.0,-0.3512,49.0,26.0,-0.4694
YEO'S,1154B - RTD TEA TETRAPACK 250-500ML,1154 - RTD TEA,CHILLER,5.0,,,3.0,,,1.0,,,27500.0,,,27500.0,,,6.0,,
BONTEH,1154D - RTD TEA PET 250-420ML,1154 - RTD TEA,CHILLER,2.88,2.92,0.0139,24.5,4.0,-0.8367,1.09,1.0,-0.0826,9208.0,10050.0,0.0914,10037.0,10050.0,0.0013,45.0,12.0,-0.7333
FRESTEA,1154D - RTD TEA PET 250-420ML,1154 - RTD TEA,CHILLER,1.9,1.39,-0.2684,34.0,14.67,-0.5685,1.01,1.05,0.0396,8926.0,5951.0,-0.3333,9015.0,6249.0,-0.3068,67.0,42.0,-0.3731
FRUIT TEA,1154D - RTD TEA PET 250-420ML,1154 - RTD TEA,CHILLER,1.13,1.2,0.0619,488.0,39.67,-0.9187,1.23,1.03,-0.1626,4686.0,5386.0,0.1494,5764.0,5548.0,-0.0375,794.0,115.0,-0.8552
ICHI,1154D - RTD TEA PET 250-420ML,1154 - RTD TEA,CHILLER,2.13,1.81,-0.1502,71.5,25.0,-0.6503,1.31,1.17,-0.1069,7115.0,5863.0,-0.176,9321.0,6860.0,-0.264,109.0,64.0,-0.4128
ICHITAN,1154D - RTD TEA PET 250-420ML,1154 - RTD TEA,CHILLER,1.7,1.28,-0.2471,26.5,33.0,0.2453,1.15,1.1,-0.0435,8355.0,10117.0,0.2109,9608.0,11129.0,0.1583,46.0,90.0,0.9565
JAVANA,1154D - RTD TEA PET 250-420ML,1154 - RTD TEA,CHILLER,2.59,2.16,-0.166,115.0,59.0,-0.487,1.47,1.25,-0.1497,8303.0,6969.0,-0.1607,12205.0,8711.0,-0.2863,156.0,142.0,-0.0897
NU,1154D - RTD TEA PET 250-420ML,1154 - RTD TEA,CHILLER,1.23,1.13,-0.0813,38.5,23.33,-0.394,1.22,1.08,-0.1148,6131.0,5339.0,-0.1292,7480.0,5766.0,-0.2291,63.0,65.0,0.0317
PROMO MARKETING,1154D - RTD TEA PET 250-420ML,1154 - RTD TEA,CHILLER,1.0,,,96.0,,,1.23,,,4500.0,,,5535.0,,,156.0,,
PUCUK HARUM,1154D - RTD TEA PET 250-420ML,1154 - RTD TEA,CHILLER,3.95,2.95,-0.2532,423.5,348.33,-0.1775,1.3,1.45,0.1154,15484.0,11082.0,-0.2843,20129.0,16069.0,-0.2017,652.0,722.0,0.1074
S-TEE,1154D - RTD TEA PET 250-420ML,1154 - RTD TEA,CHILLER,1.15,2.79,1.4261,465.0,25.67,-0.9448,1.27,1.05,-0.1732,3681.0,9522.0,1.5868,4675.0,9998.0,1.1386,733.0,73.0,-0.9004
SOSRO,1154D - RTD TEA PET 250-420ML,1154 - RTD TEA,CHILLER,1.14,1.3,0.1404,707.0,57.33,-0.9189,1.41,1.33,-0.0567,4471.0,5506.0,0.2315,6304.0,7323.0,0.1616,1002.0,129.0,-0.8713
TEH GELAS,1154D - RTD TEA PET 250-420ML,1154 - RTD TEA,CHILLER,4.18,2.78,-0.3349,72.0,34.33,-0.5232,1.4,1.11,-0.2071,13821.0,9163.0,-0.337,19349.0,10171.0,-0.4743,103.0,93.0,-0.0971
CHI FOREST,1154E - RTD TEA PET 450-500ML,1154 - RTD TEA,CHILLER,1.12,1.76,0.5714,8.0,29.67,2.7088,1.14,1.17,0.0263,9719.0,15133.0,0.5571,11080.0,17706.0,0.598,14.0,76.0,4.4286
FRESTEA,1154E - RTD TEA PET 450-500ML,1154 - RTD TEA,CHILLER,2.01,1.15,-0.4279,53.0,20.67,-0.61,1.1,1.22,0.1091,12929.0,8044.0,-0.3778,14222.0,9814.0,-0.3099,96.0,51.0,-0.4688
FRUIT TEA,1154E - RTD TEA PET 450-500ML,1154 - RTD TEA,CHILLER,1.17,1.24,0.0598,96.5,67.33,-0.3023,1.1,1.2,0.0909,8785.0,9509.0,0.0824,9664.0,11411.0,0.1808,175.0,169.0,-0.0343
NU,1154E - RTD TEA PET 450-500ML,1154 - RTD TEA,CHILLER,1.61,1.78,0.1056,193.0,77.67,-0.5976,1.11,1.14,0.027,11097.0,12472.0,0.1239,12318.0,14218.0,0.1542,349.0,204.0,-0.4155
POKKA,1154E - RTD TEA PET 450-500ML,1154 - RTD TEA,CHILLER,1.0,,,1.0,,,1.0,,,5500.0,,,5500.0,,,2.0,,
PROMO MARKETING,1154E - RTD TEA PET 450-500ML,1154 - RTD TEA,CHILLER,1.0,,,45.5,,,1.1,,,6400.0,,,7040.0,,,83.0,,
PUCUK HARUM,1154E - RTD TEA PET 450-500ML,1154 - RTD TEA,CHILLER,1.22,1.26,0.0328,73.5,66.33,-0.0976,1.11,1.11,0.0,8588.0,9037.0,0.0523,9533.0,10031.0,0.0522,133.0,180.0,0.3534
SOSRO,1154E - RTD TEA PET 450-500ML,1154 - RTD TEA,CHILLER,2.46,1.37,-0.4431,83.0,35.0,-0.5783,1.18,1.11,-0.0593,17263.0,9839.0,-0.4301,20370.0,10921.0,-0.4639,141.0,95.0,-0.3262
TEBS,1154E - RTD TEA PET 450-500ML,1154 - RTD TEA,CHILLER,1.36,1.05,-0.2279,32.0,20.33,-0.3647,1.12,1.3,0.1607,11452.0,8923.0,-0.2208,12826.0,11600.0,-0.0956,57.0,47.0,-0.1754
POKKA,1154G - RTD TEA CAN,1154 - RTD TEA,CHILLER,3.6,,,2.5,,,1.25,,,30600.0,,,38250.0,,,4.0,,
TEBS,1154G - RTD TEA CAN,1154 - RTD TEA,CHILLER,1.11,1.04,-0.0631,4.5,8.33,0.8511,1.0,1.09,0.09,6656.0,6460.0,-0.0294,6656.0,7041.0,0.0578,9.0,23.0,1.5556
WONG LO KAT,1154G - RTD TEA CAN,1154 - RTD TEA,CHILLER,1.33,1.2,-0.0977,3.0,5.0,0.6667,1.0,1.0,0.0,19633.0,15320.0,-0.2197,19633.0,15320.0,-0.2197,6.0,15.0,1.5
ULTRA,1154I - RTD TEA CARTON,1154 - RTD TEA,CHILLER,1.21,,,12.0,,,2.0,,,108812.0,,,217624.0,,,12.0,,
FRESTEA,1154J - RTD TEA PET >=1000ML,1154 - RTD TEA,CHILLER,1.14,1.03,-0.0965,69.0,11.33,-0.8358,1.16,1.06,-0.0862,19399.0,17679.0,-0.0887,22503.0,18740.0,-0.1672,119.0,32.0,-0.7311
PROMO MARKETING,1154J - RTD TEA PET >=1000ML,1154 - RTD TEA,CHILLER,1.0,,,6.5,,,1.0,,,17000.0,,,17000.0,,,13.0,,
PUCUK HARUM,1154J - RTD TEA PET >=1000ML,1154 - RTD TEA,CHILLER,1.18,1.06,-0.1017,70.5,58.0,-0.1773,1.21,1.14,-0.0579,15850.0,14055.0,-0.1132,19178.0,16023.0,-0.1645,117.0,153.0,0.3077
ICHITAN,1154K - RTD MILK TEA PET,1154 - RTD TEA,CHILLER,1.48,2.59,0.75,160.5,74.0,-0.5389,1.13,1.16,0.0265,13727.0,24013.0,0.7493,15512.0,27855.0,0.7957,285.0,192.0,-0.3263
NU,1154K - RTD MILK TEA PET,1154 - RTD TEA,CHILLER,2.1,1.32,-0.3714,140.0,60.33,-0.5691,1.36,1.27,-0.0662,17278.0,10909.0,-0.3686,23498.0,13854.0,-0.4104,206.0,142.0,-0.3107
ITO EN,1154L - RTD TEA LESS SUGAR,1154 - RTD TEA,CHILLER,2.0,,,1.0,,,2.0,,,19000.0,,,38000.0,,,1.0,,
PUCUK HARUM,1154L - RTD TEA LESS SUGAR,1154 - RTD TEA,CHILLER,1.61,1.4,-0.1304,119.5,68.33,-0.4282,1.15,1.16,0.0087,7392.0,7346.0,-0.0062,8501.0,8521.0,0.0024,208.0,177.0,-0.149
SOSRO,1154L - RTD TEA LESS SUGAR,1154 - RTD TEA,CHILLER,2.18,1.4,-0.3578,116.5,25.0,-0.7854,1.35,1.06,-0.2148,7926.0,5613.0,-0.2918,10700.0,5950.0,-0.4439,172.0,71.0,-0.5872
ULTRA,1154L - RTD TEA LESS SUGAR,1154 - RTD TEA,CHILLER,2.57,1.44,-0.4397,37.5,13.0,-0.6533,1.32,1.3,-0.0152,11109.0,6095.0,-0.4513,14664.0,7924.0,-0.4596,57.0,30.0,-0.4737
LOKALATE,1156A - RTD COFFEE TETRAPACK,1156 - RTD COFFEE,CHILLER,1.0,,,5.0,,,1.11,,,7550.0,,,8380.0,,,9.0,,
NESCAFE,1156A - RTD COFFEE TETRAPACK,1156 - RTD COFFEE,CHILLER,1.18,1.18,0.0,46.0,26.0,-0.4348,1.56,1.59,0.0192,6632.0,6651.0,0.0029,10346.0,10575.0,0.0221,59.0,49.0,-0.1695
OATSIDE,1156A - RTD COFFEE TETRAPACK,1156 - RTD COFFEE,CHILLER,1.43,1.76,0.2308,127.0,38.67,-0.6955,1.17,1.2,0.0256,11391.0,14009.0,0.2298,13327.0,16811.0,0.2614,218.0,97.0,-0.555
ABC,"1156B - RTD COFFEE CAN, BOTTLE, PET",1156 - RTD COFFEE,CHILLER,1.49,2.09,0.4027,198.0,168.67,-0.1481,1.27,1.36,0.0709,6835.0,9641.0,0.4105,8680.0,13112.0,0.5106,312.0,372.0,0.1923
CAFFINO,"1156B - RTD COFFEE CAN, BOTTLE, PET",1156 - RTD COFFEE,CHILLER,1.56,1.28,-0.1795,53.0,39.33,-0.2579,1.29,1.23,-0.0465,12325.0,10175.0,-0.1744,15899.0,12515.0,-0.2128,82.0,96.0,0.1707
F&N,"1156B - RTD COFFEE CAN, BOTTLE, PET",1156 - RTD COFFEE,CHILLER,1.07,1.0,-0.0654,7.5,5.33,-0.2893,1.15,1.0,-0.1304,8580.0,8019.0,-0.0654,9867.0,8019.0,-0.1873,13.0,16.0,0.2308
FOXBUD,"1156B - RTD COFFEE CAN, BOTTLE, PET",1156 - RTD COFFEE,CHILLER,,1.1,,,7.0,,,1.05,,,17490.0,,,18364.0,,,20.0,
GOLDA,"1156B - RTD COFFEE CAN, BOTTLE, PET",1156 - RTD COFFEE,CHILLER,1.44,1.26,-0.125,281.5,253.33,-0.1001,1.3,1.44,0.1077,6130.0,5478.0,-0.1064,7969.0,7888.0,-0.0102,434.0,529.0,0.2189
GOOD DAY,"1156B - RTD COFFEE CAN, BOTTLE, PET",1156 - RTD COFFEE,CHILLER,1.43,1.2,-0.1608,234.5,145.33,-0.3803,1.23,1.31,0.065,11020.0,9291.0,-0.1569,13555.0,12171.0,-0.1021,380.0,334.0,-0.1211
HY,"1156B - RTD COFFEE CAN, BOTTLE, PET",1156 - RTD COFFEE,CHILLER,1.32,1.52,0.1515,28.5,14.67,-0.4853,1.1,1.05,-0.0455,12535.0,14525.0,0.1588,13789.0,15251.0,0.106,52.0,42.0,-0.1923
HYDRO COCO,"1156B - RTD COFFEE CAN, BOTTLE, PET",1156 - RTD COFFEE,CHILLER,,1.05,,,6.33,,,1.12,,,17368.0,,,19452.0,,,17.0,
ICHITAN,"1156B - RTD COFFEE CAN, BOTTLE, PET",1156 - RTD COFFEE,CHILLER,1.73,2.73,0.578,37.0,33.0,-0.1081,1.06,1.19,0.1226,16088.0,26506.0,0.6476,17053.0,31542.0,0.8496,70.0,83.0,0.1857
KAPAL API,"1156B - RTD COFFEE CAN, BOTTLE, PET",1156 - RTD COFFEE,CHILLER,1.49,1.38,-0.0738,62.0,42.33,-0.3173,1.28,1.14,-0.1094,9057.0,8467.0,-0.0651,11593.0,9652.0,-0.1674,97.0,111.0,0.1443
KOPI KENANGAN,"1156B - RTD COFFEE CAN, BOTTLE, PET",1156 - RTD COFFEE,CHILLER,1.27,1.24,-0.0236,187.5,170.0,-0.0933,1.18,1.13,-0.0424,10441.0,10315.0,-0.0121,12320.0,11656.0,-0.0539,318.0,450.0,0.4151
KOPIKO,"1156B - RTD COFFEE CAN, BOTTLE, PET",1156 - RTD COFFEE,CHILLER,1.3,1.2,-0.0769,54.0,37.0,-0.3148,1.21,1.19,-0.0165,10993.0,10584.0,-0.0372,13302.0,12595.0,-0.0531,89.0,93.0,0.0449
LUWAK,"1156B - RTD COFFEE CAN, BOTTLE, PET",1156 - RTD COFFEE,CHILLER,1.36,1.17,-0.1397,72.0,33.33,-0.5371,1.16,1.22,0.0517,9804.0,8550.0,-0.1279,11373.0,10431.0,-0.0828,124.0,82.0,-0.3387
NESCAFE,"1156B - RTD COFFEE CAN, BOTTLE, PET",1156 - RTD COFFEE,CHILLER,1.64,2.07,0.2622,466.0,318.0,-0.3176,1.28,1.31,0.0234,13137.0,17193.0,0.3087,16815.0,22523.0,0.3395,727.0,727.0,0.0
POLARIS,"1156B - RTD COFFEE CAN, BOTTLE, PET",1156 - RTD COFFEE,CHILLER,1.63,1.79,0.0982,20.5,21.0,0.0244,1.28,1.11,-0.1328,11276.0,13452.0,0.193,14433.0,14932.0,0.0346,32.0,57.0,0.7812
STARBUCKS,"1156B - RTD COFFEE CAN, BOTTLE, PET",1156 - RTD COFFEE,CHILLER,1.26,1.17,-0.0714,34.0,25.67,-0.245,1.17,1.07,-0.0855,19484.0,18006.0,-0.0759,22796.0,19266.0,-0.1549,58.0,72.0,0.2414
TORA CAFE,"1156B - RTD COFFEE CAN, BOTTLE, PET",1156 - RTD COFFEE,CHILLER,1.43,1.23,-0.1399,24.5,8.67,-0.6461,1.09,1.08,-0.0092,8233.0,7292.0,-0.1143,8974.0,7875.0,-0.1225,45.0,24.0,-0.4667
MUSTIKA RATU,1231C - TRADITIONAL DRINK TETRAPACK,1231 - TRADITIONAL DRINK,CHILLER,1.57,1.42,-0.0955,3.5,4.0,0.1429,1.0,1.0,0.0,15286.0,14942.0,-0.0225,15286.0,14942.0,-0.0225,7.0,12.0,0.7143
L-MEN,2022A - SPECIALTY LIQUID MILK,2022 - SPECIALTY LIQUID MILK,CHILLER,1.15,1.33,0.1565,13.0,15.33,0.1792,1.24,1.31,0.0565,17985.0,20763.0,0.1545,22301.0,27200.0,0.2197,21.0,35.0,0.6667
MILO,2022A - SPECIALTY LIQUID MILK,2022 - SPECIALTY LIQUID MILK,CHILLER,,1.23,,,14.33,,,1.08,,,17956.0,,,19392.0,,,40.0,
NUTRIVE,2022A - SPECIALTY LIQUID MILK,2022 - SPECIALTY LIQUID MILK,CHILLER,2.65,2.24,-0.1547,79.5,44.33,-0.4424,1.19,1.19,0.0,24445.0,20858.0,-0.1467,29090.0,24821.0,-0.1468,134.0,112.0,-0.1642
PRENAGEN,2022A - SPECIALTY LIQUID MILK,2022 - SPECIALTY LIQUID MILK,CHILLER,2.0,1.61,-0.195,0.5,10.33,19.66,1.0,1.24,0.24,19800.0,15997.0,-0.1921,19800.0,19836.0,0.0018,1.0,25.0,24.0
BEBELAC,2023A - TETRAPAK LIQUID MILK 100-130ML,2023 - TETRAPACK LIQUID MILK,CHILLER,1.27,2.17,0.7087,42.5,54.0,0.2706,1.2,1.37,0.1417,7878.0,12855.0,0.6318,9454.0,17611.0,0.8628,71.0,118.0,0.662
CIMORY,2023A - TETRAPAK LIQUID MILK 100-130ML,2023 - TETRAPACK LIQUID MILK,CHILLER,1.59,1.42,-0.1069,79.0,42.0,-0.4684,1.19,1.22,0.0252,5872.0,5067.0,-0.1371,6988.0,6182.0,-0.1153,133.0,103.0,-0.2256
DANCOW,2023A - TETRAPAK LIQUID MILK 100-130ML,2023 - TETRAPACK LIQUID MILK,CHILLER,2.82,1.69,-0.4007,91.0,15.0,-0.8352,1.38,1.07,-0.2246,9957.0,6004.0,-0.397,13741.0,6424.0,-0.5325,132.0,42.0,-0.6818
DIAMOND,2023A - TETRAPAK LIQUID MILK 100-130ML,2023 - TETRAPACK LIQUID MILK,CHILLER,1.52,1.0,-0.3421,32.5,0.67,-0.9794,1.14,1.0,-0.1228,5994.0,4100.0,-0.316,6833.0,4100.0,-0.4,57.0,2.0,-0.9649
FRISIAN FLAG,2023A - TETRAPAK LIQUID MILK 100-130ML,2023 - TETRAPACK LIQUID MILK,CHILLER,1.49,1.73,0.1611,39.5,72.67,0.8397,1.11,1.18,0.0631,5652.0,6316.0,0.1175,6274.0,7453.0,0.1879,71.0,184.0,1.5915
GREENFIELDS,2023A - TETRAPAK LIQUID MILK 100-130ML,2023 - TETRAPACK LIQUID MILK,CHILLER,2.85,2.87,0.007,429.0,169.0,-0.6061,1.51,1.56,0.0331,10253.0,10907.0,0.0638,15482.0,17015.0,0.099,568.0,326.0,-0.4261
INDOMILK,2023A - TETRAPAK LIQUID MILK 100-130ML,2023 - TETRAPACK LIQUID MILK,CHILLER,2.43,1.98,-0.1852,290.5,185.67,-0.3609,1.43,1.36,-0.049,8998.0,6751.0,-0.2497,12867.0,9181.0,-0.2865,406.0,409.0,0.0074
LACTOGROW,2023A - TETRAPAK LIQUID MILK 100-130ML,2023 - TETRAPACK LIQUID MILK,CHILLER,2.06,1.48,-0.2816,27.0,8.33,-0.6915,1.23,1.56,0.2683,13156.0,9268.0,-0.2955,16182.0,14458.0,-0.1065,44.0,16.0,-0.6364
PEDIASURE,2023A - TETRAPAK LIQUID MILK 100-130ML,2023 - TETRAPACK LIQUID MILK,CHILLER,3.31,1.81,-0.4532,59.0,10.67,-0.8192,1.82,1.1,-0.3956,43602.0,25350.0,-0.4186,79356.0,27885.0,-0.6486,65.0,29.0,-0.5538
REAL GOOD,2023A - TETRAPAK LIQUID MILK 100-130ML,2023 - TETRAPACK LIQUID MILK,CHILLER,4.16,3.44,-0.1731,134.5,182.67,0.3581,1.2,1.22,0.0167,13767.0,11377.0,-0.1736,16520.0,13880.0,-0.1598,225.0,448.0,0.9911
SARI CHOCO,2023A - TETRAPAK LIQUID MILK 100-130ML,2023 - TETRAPACK LIQUID MILK,CHILLER,1.0,,,20.5,,,1.0,,,4054.0,,,4054.0,,,41.0,,
ULTRA,2023A - TETRAPAK LIQUID MILK 100-130ML,2023 - TETRAPACK LIQUID MILK,CHILLER,2.64,2.23,-0.1553,629.0,319.67,-0.4918,1.51,1.53,0.0132,11015.0,9196.0,-0.1651,16633.0,14070.0,-0.1541,834.0,628.0,-0.247
VIDORAN,2023A - TETRAPAK LIQUID MILK 100-130ML,2023 - TETRAPACK LIQUID MILK,CHILLER,2.67,3.04,0.1386,93.5,47.33,-0.4938,1.32,1.31,-0.0076,9315.0,10690.0,0.1476,12296.0,14004.0,0.1389,142.0,108.0,-0.2394
BEBELAC,2023B - TETRAPAK LIQUID MILK 160-200ML,2023 - TETRAPACK LIQUID MILK,CHILLER,1.1,1.47,0.3364,35.0,19.67,-0.438,1.06,1.34,0.2642,10670.0,14025.0,0.3144,11310.0,18794.0,0.6617,66.0,44.0,-0.3333
BINGGRAE,2023B - TETRAPAK LIQUID MILK 160-200ML,2023 - TETRAPACK LIQUID MILK,CHILLER,1.4,1.0,-0.2857,2.5,2.67,0.068,1.0,1.0,0.0,27980.0,19938.0,-0.2874,27980.0,19938.0,-0.2874,5.0,8.0,0.6
DANCOW,2023B - TETRAPAK LIQUID MILK 160-200ML,2023 - TETRAPACK LIQUID MILK,CHILLER,2.42,1.23,-0.4917,53.0,14.67,-0.7232,1.38,1.19,-0.1377,16473.0,8386.0,-0.4909,22733.0,9979.0,-0.561,77.0,37.0,-0.5195
DIAMOND,2023B - TETRAPAK LIQUID MILK 160-200ML,2023 - TETRAPACK LIQUID MILK,CHILLER,1.7,1.51,-0.1118,27.0,58.67,1.173,1.12,1.12,0.0,10085.0,8967.0,-0.1109,11295.0,10043.0,-0.1108,48.0,157.0,2.2708
FRISIAN FLAG,2023B - TETRAPAK LIQUID MILK 160-200ML,2023 - TETRAPACK LIQUID MILK,CHILLER,,1.32,,,31.0,,,1.11,,,7248.0,,,8045.0,,,84.0,
GREENFIELDS,2023B - TETRAPAK LIQUID MILK 160-200ML,2023 - TETRAPACK LIQUID MILK,CHILLER,2.25,,,57.0,,,1.21,,,15709.0,,,19008.0,,,94.0,,
HILO,2023B - TETRAPAK LIQUID MILK 160-200ML,2023 - TETRAPACK LIQUID MILK,CHILLER,1.81,1.28,-0.2928,57.5,25.33,-0.5595,1.24,1.33,0.0726,20647.0,17014.0,-0.176,25602.0,22629.0,-0.1161,93.0,57.0,-0.3871
INDOMILK,2023B - TETRAPAK LIQUID MILK 160-200ML,2023 - TETRAPACK LIQUID MILK,CHILLER,1.46,1.38,-0.0548,99.0,30.33,-0.6936,1.27,1.12,-0.1181,7776.0,7386.0,-0.0502,9876.0,8272.0,-0.1624,156.0,81.0,-0.4808
MILK LIFE,2023B - TETRAPAK LIQUID MILK 160-200ML,2023 - TETRAPACK LIQUID MILK,CHILLER,1.18,1.45,0.2288,69.5,24.67,-0.645,1.11,1.14,0.027,7914.0,9758.0,0.233,8785.0,11124.0,0.2662,125.0,65.0,-0.48
MILO,2023B - TETRAPAK LIQUID MILK 160-200ML,2023 - TETRAPACK LIQUID MILK,CHILLER,1.46,1.35,-0.0753,173.5,104.33,-0.3987,1.33,1.24,-0.0677,9302.0,8692.0,-0.0656,12372.0,10778.0,-0.1288,261.0,252.0,-0.0345
SARI CHOCO,2023B - TETRAPAK LIQUID MILK 160-200ML,2023 - TETRAPACK LIQUID MILK,CHILLER,1.04,,,28.5,,,1.06,,,6612.0,,,7009.0,,,54.0,,
ULTRA,2023B - TETRAPAK LIQUID MILK 160-200ML,2023 - TETRAPACK LIQUID MILK,CHILLER,1.74,1.44,-0.1724,687.0,429.0,-0.3755,1.27,1.29,0.0157,11076.0,9141.0,-0.1747,14067.0,11792.0,-0.1617,1080.0,1001.0,-0.0731
VIDORAN,2023B - TETRAPAK LIQUID MILK 160-200ML,2023 - TETRAPACK LIQUID MILK,CHILLER,2.38,3.1,0.3025,30.0,43.33,0.4443,1.22,1.08,-0.1148,11983.0,15538.0,0.2967,14619.0,16781.0,0.1479,49.0,120.0,1.449
CIMORY,2023C - TETRAPAK LIQUID MILK 220-250ML,2023 - TETRAPACK LIQUID MILK,CHILLER,1.77,1.31,-0.2599,636.5,360.33,-0.4339,1.26,1.31,0.0397,13476.0,10069.0,-0.2528,16980.0,13190.0,-0.2232,1013.0,825.0,-0.1856
FRISIAN FLAG,2023C - TETRAPAK LIQUID MILK 220-250ML,2023 - TETRAPACK LIQUID MILK,CHILLER,1.78,1.57,-0.118,977.5,383.33,-0.6078,1.34,1.27,-0.0522,12663.0,10946.0,-0.1356,16968.0,13901.0,-0.1808,1455.0,908.0,-0.3759
GREENFIELDS,2023C - TETRAPAK LIQUID MILK 220-250ML,2023 - TETRAPACK LIQUID MILK,CHILLER,1.68,1.28,-0.2381,198.5,87.0,-0.5617,1.19,1.19,0.0,13347.0,10928.0,-0.1812,15883.0,13004.0,-0.1813,334.0,220.0,-0.3413
ULTRA,2023C - TETRAPAK LIQUID MILK 220-250ML,2023 - TETRAPACK LIQUID MILK,CHILLER,1.47,1.34,-0.0884,521.5,401.0,-0.2311,1.18,1.28,0.0847,11709.0,10662.0,-0.0894,13817.0,13647.0,-0.0123,885.0,940.0,0.0621
CHIL-GO,2023F - TETRAPAK LIQUID MILK CARTON,2023 - TETRAPACK LIQUID MILK,CHILLER,1.11,,,4.5,,,1.0,,,217111.0,,,217111.0,,,9.0,,
FRISIAN FLAG,2023F - TETRAPAK LIQUID MILK CARTON,2023 - TETRAPACK LIQUID MILK,CHILLER,1.1,,,10.0,,,1.43,,,115480.0,,,165136.0,,,14.0,,
GREENFIELDS,2023F - TETRAPAK LIQUID MILK CARTON,2023 - TETRAPACK LIQUID MILK,CHILLER,1.2,,,216.5,,,1.47,,,145224.0,,,213479.0,,,294.0,,
LACTOGROW,2023F - TETRAPAK LIQUID MILK CARTON,2023 - TETRAPACK LIQUID MILK,CHILLER,1.0,,,1.5,,,1.5,,,211400.0,,,317100.0,,,2.0,,
MILK LIFE,2023F - TETRAPAK LIQUID MILK CARTON,2023 - TETRAPACK LIQUID MILK,CHILLER,1.09,,,11.0,,,1.47,,,118000.0,,,173460.0,,,15.0,,
MILO,2023F - TETRAPAK LIQUID MILK CARTON,2023 - TETRAPACK LIQUID MILK,CHILLER,1.0,,,6.5,,,1.08,,,112538.0,,,121541.0,,,12.0,,
ULTRA,2023F - TETRAPAK LIQUID MILK CARTON,2023 - TETRAPACK LIQUID MILK,CHILLER,1.19,,,115.5,,,1.36,,,158301.0,,,215289.0,,,170.0,,
VIDORAN,2023F - TETRAPAK LIQUID MILK CARTON,2023 - TETRAPACK LIQUID MILK,CHILLER,1.0,,,2.0,,,1.0,,,120000.0,,,120000.0,,,4.0,,
BEAR BRAND,2024A - CAN LIQUID MILK,2024 - BOTTLE - CAN LIQUID MILK,CHILLER,2.94,2.72,-0.0748,823.0,338.0,-0.5893,1.3,1.36,0.0462,33384.0,29314.0,-0.1219,43399.0,39867.0,-0.0814,1263.0,747.0,-0.4086
COLLAGENA,2024A - CAN LIQUID MILK,2024 - BOTTLE - CAN LIQUID MILK,CHILLER,1.92,1.96,0.0208,146.5,121.67,-0.1695,1.3,1.29,-0.0077,24013.0,24043.0,0.0012,31217.0,31015.0,-0.0065,226.0,283.0,0.2522
ENTRASOL,2024A - CAN LIQUID MILK,2024 - BOTTLE - CAN LIQUID MILK,CHILLER,2.32,2.68,0.1552,34.0,27.0,-0.2059,1.15,1.21,0.0522,23240.0,26815.0,0.1538,26726.0,32446.0,0.214,59.0,67.0,0.1356
GOODNES,2024A - CAN LIQUID MILK,2024 - BOTTLE - CAN LIQUID MILK,CHILLER,1.99,1.68,-0.1558,70.0,37.67,-0.4619,1.12,1.22,0.0893,19671.0,16740.0,-0.149,22032.0,20423.0,-0.073,125.0,93.0,-0.256
INDOMILK,2024A - CAN LIQUID MILK,2024 - BOTTLE - CAN LIQUID MILK,CHILLER,1.6,1.17,-0.2688,44.0,9.67,-0.7802,1.21,1.12,-0.0744,14923.0,10907.0,-0.2691,18057.0,12216.0,-0.3235,73.0,26.0,-0.6438
KIT KAT,2024A - CAN LIQUID MILK,2024 - BOTTLE - CAN LIQUID MILK,CHILLER,,1.21,,,47.0,,,1.07,,,15127.0,,,16186.0,,,132.0,
MILO,2024A - CAN LIQUID MILK,2024 - BOTTLE - CAN LIQUID MILK,CHILLER,1.29,1.12,-0.1318,124.5,64.33,-0.4833,1.23,1.13,-0.0813,14290.0,12989.0,-0.091,17577.0,14678.0,-0.1649,202.0,171.0,-0.1535
SO GOOD,2024A - CAN LIQUID MILK,2024 - BOTTLE - CAN LIQUID MILK,CHILLER,2.33,2.54,0.0901,37.5,49.67,0.3245,1.15,1.14,-0.0087,20840.0,22543.0,0.0817,23966.0,25699.0,0.0723,65.0,131.0,1.0154
TUJUH KURMA,2024A - CAN LIQUID MILK,2024 - BOTTLE - CAN LIQUID MILK,CHILLER,1.69,1.36,-0.1953,83.0,49.67,-0.4016,1.18,1.19,0.0085,18395.0,15289.0,-0.1689,21706.0,18194.0,-0.1618,141.0,125.0,-0.1135
ALFAMART,2024C - BOTTLE LIQUID MILK 160-310ML,2024 - BOTTLE - CAN LIQUID MILK,CHILLER,1.28,1.12,-0.125,48.5,72.33,0.4913,1.1,1.11,0.0091,12502.0,9738.0,-0.2211,13752.0,10809.0,-0.214,88.0,195.0,1.2159
ICHITAN,2024C - BOTTLE LIQUID MILK 160-310ML,2024 - BOTTLE - CAN LIQUID MILK,CHILLER,1.59,1.68,0.0566,89.5,64.33,-0.2812,1.16,1.2,0.0345,15475.0,16402.0,0.0599,17951.0,19682.0,0.0964,154.0,161.0,0.0455
INDOMILK,2024C - BOTTLE LIQUID MILK 160-310ML,2024 - BOTTLE - CAN LIQUID MILK,CHILLER,1.43,1.36,-0.049,112.5,69.0,-0.3867,1.26,1.16,-0.0794,6599.0,6216.0,-0.058,8315.0,7211.0,-0.1328,179.0,178.0,-0.0056
MILKU,2024C - BOTTLE LIQUID MILK 160-310ML,2024 - BOTTLE - CAN LIQUID MILK,CHILLER,1.67,3.42,1.0479,202.0,197.67,-0.0214,1.29,1.28,-0.0078,6389.0,12742.0,0.9944,8242.0,16310.0,0.9789,312.0,462.0,0.4808
MUJIGAE,2024C - BOTTLE LIQUID MILK 160-310ML,2024 - BOTTLE - CAN LIQUID MILK,CHILLER,1.26,1.2,-0.0476,124.0,172.0,0.3871,1.14,1.16,0.0175,13890.0,13377.0,-0.0369,15835.0,15517.0,-0.0201,217.0,445.0,1.0507
ALMOND BREEZE,2025A - PLANT BASED MILK 190-350ML,2025 - PLANT BASED LIQUID MILK,CHILLER,3.25,,,6.0,,,1.71,,,37375.0,,,63911.0,,,7.0,,
BROOKFARM,2025A - PLANT BASED MILK 190-350ML,2025 - PLANT BASED LIQUID MILK,CHILLER,,1.37,,,35.67,,,1.1,,,12431.0,,,13674.0,,,97.0,
LACTASOY,2025A - PLANT BASED MILK 190-350ML,2025 - PLANT BASED LIQUID MILK,CHILLER,4.25,,,2.0,,,1.33,,,42500.0,,,56525.0,,,3.0,,
NARAYA,2025A - PLANT BASED MILK 190-350ML,2025 - PLANT BASED LIQUID MILK,CHILLER,1.23,1.14,-0.0732,66.5,41.67,-0.3734,1.3,1.25,-0.0385,9324.0,8710.0,-0.0659,12121.0,10888.0,-0.1017,102.0,100.0,-0.0196
OATSIDE,2025A - PLANT BASED MILK 190-350ML,2025 - PLANT BASED LIQUID MILK,CHILLER,1.7,1.68,-0.0118,354.0,127.33,-0.6403,1.35,1.35,0.0,12704.0,12126.0,-0.0455,17150.0,16370.0,-0.0455,524.0,282.0,-0.4618
TROPICANA,2025A - PLANT BASED MILK 190-350ML,2025 - PLANT BASED LIQUID MILK,CHILLER,2.14,1.36,-0.3645,73.5,25.67,-0.6507,1.25,1.1,-0.12,23950.0,15882.0,-0.3369,29938.0,17470.0,-0.4165,118.0,70.0,-0.4068
V-SOY,2025A - PLANT BASED MILK 190-350ML,2025 - PLANT BASED LIQUID MILK,CHILLER,1.39,1.24,-0.1079,173.0,91.33,-0.4721,1.25,1.32,0.056,16744.0,15101.0,-0.0981,20930.0,19933.0,-0.0476,276.0,208.0,-0.2464
YEO'S,2025A - PLANT BASED MILK 190-350ML,2025 - PLANT BASED LIQUID MILK,CHILLER,2.4,,,2.5,,,1.0,,,18000.0,,,18000.0,,,5.0,,
ALMOND BREEZE,2025B - PLANT BASED MILK 1L,2025 - PLANT BASED LIQUID MILK,CHILLER,1.4,,,2.5,,,1.25,,,65280.0,,,81600.0,,,4.0,,
LACTASOY,2025B - PLANT BASED MILK 1L,2025 - PLANT BASED LIQUID MILK,CHILLER,1.0,,,1.5,,,1.0,,,34500.0,,,34500.0,,,3.0,,
OATSIDE,2025B - PLANT BASED MILK 1L,2025 - PLANT BASED LIQUID MILK,CHILLER,1.0,1.08,0.08,1.0,19.67,18.67,1.0,1.34,0.34,34300.0,33912.0,-0.0113,34300.0,45442.0,0.3248,2.0,44.0,21.0
V-SOY,2025B - PLANT BASED MILK 1L,2025 - PLANT BASED LIQUID MILK,CHILLER,1.15,,,6.5,,,1.18,,,38654.0,,,45612.0,,,11.0,,
GREENFIELDS,6211B - FRESH MILK TETRAPACK 125-200ML,6211 - FRESH MILK,CHILLER,1.36,1.37,0.0074,22.5,17.33,-0.2298,1.07,1.13,0.0561,16944.0,17067.0,0.0073,18130.0,19286.0,0.0638,42.0,46.0,0.0952
GREENFIELDS,6211C - FRESH MILK TETRAPACK 1L,6211 - FRESH MILK,CHILLER,1.21,1.05,-0.1322,14.0,6.67,-0.5236,1.4,1.43,0.0214,42500.0,36750.0,-0.1353,59500.0,52552.0,-0.1168,20.0,14.0,-0.3
MILK LIFE,6211C - FRESH MILK TETRAPACK 1L,6211 - FRESH MILK,CHILLER,1.0,,,6.0,,,1.2,,,31500.0,,,37800.0,,,10.0,,
CIMORY,6212A - YOGHURT PACK,6212 - YOGHURT,CHILLER,1.37,1.29,-0.0584,113.0,31.67,-0.7197,1.28,1.22,-0.0469,11113.0,10358.0,-0.0679,14225.0,12637.0,-0.1116,176.0,78.0,-0.5568
YAKULT,6212A - YOGHURT PACK,6212 - YOGHURT,CHILLER,1.31,1.26,-0.0382,774.5,240.67,-0.6893,1.39,1.28,-0.0791,14617.0,14881.0,0.0181,20318.0,19048.0,-0.0625,1118.0,563.0,-0.4964
CIMORY,6212B - YOGHURT LIQUID 70-80G,6212 - YOGHURT,CHILLER,3.73,2.64,-0.2922,573.0,322.33,-0.4375,1.43,1.37,-0.042,11254.0,8158.0,-0.2751,16093.0,11176.0,-0.3055,802.0,707.0,-0.1185
KIN,6212B - YOGHURT LIQUID 70-80G,6212 - YOGHURT,CHILLER,2.21,1.72,-0.2217,169.5,65.67,-0.6126,1.18,1.15,-0.0254,12477.0,7599.0,-0.391,14723.0,8739.0,-0.4064,287.0,172.0,-0.4007
CIMORY,6212C - YOGHURT LIQUID 100-330ML,6212 - YOGHURT,CHILLER,1.56,1.43,-0.0833,1089.5,691.0,-0.3658,1.29,1.38,0.0698,14544.0,13250.0,-0.089,18762.0,18285.0,-0.0254,1687.0,1502.0,-0.1097
GREENFIELDS,6212C - YOGHURT LIQUID 100-330ML,6212 - YOGHURT,CHILLER,1.46,,,24.0,,,1.04,,,13983.0,,,14542.0,,,46.0,,
HEAVENLY BLUSH,6212C - YOGHURT LIQUID 100-330ML,6212 - YOGHURT,CHILLER,1.03,1.0,-0.0291,17.5,5.0,-0.7143,1.21,1.07,-0.1157,19669.0,19027.0,-0.0326,23799.0,20359.0,-0.1445,29.0,14.0,-0.5172
INACO,6218A - PUDDING CUP 85-150ML,6218 - PUDDING,CHILLER,2.0,,,0.5,,,1.0,,,23000.0,,,23000.0,,,1.0,,
WONG COCO,6218A - PUDDING CUP 85-150ML,6218 - PUDDING,CHILLER,1.63,1.35,-0.1718,21.5,14.33,-0.3335,1.16,1.19,0.0259,10086.0,7109.0,-0.2952,11700.0,8460.0,-0.2769,37.0,36.0,-0.027
YEKO,6218A - PUDDING CUP 85-150ML,6218 - PUDDING,CHILLER,1.05,1.43,0.3619,9.5,4.67,-0.5084,1.06,1.08,0.0189,8553.0,11429.0,0.3363,9066.0,12343.0,0.3615,18.0,13.0,-0.2778
CIMORY,6218C - SOFT PUDDING,6218 - PUDDING,CHILLER,1.56,1.38,-0.1154,117.5,141.0,0.2,1.19,1.25,0.0504,11871.0,10337.0,-0.1292,14126.0,12921.0,-0.0853,198.0,339.0,0.7121
FIESTA,6226A - CHILLED MEAT BALLS,6226 - CHILLED MEAT BALLS,CHILLER,1.64,1.39,-0.1524,89.0,61.67,-0.3071,1.27,1.23,-0.0315,14154.0,12835.0,-0.0932,17976.0,15787.0,-0.1218,140.0,150.0,0.0714
KANZLER,6226A - CHILLED MEAT BALLS,6226 - CHILLED MEAT BALLS,CHILLER,1.52,1.32,-0.1316,436.0,256.67,-0.4113,1.26,1.23,-0.0238,13595.0,12014.0,-0.1163,17130.0,14777.0,-0.1374,692.0,627.0,-0.0939
BELFOODS,6227A - CHILLED SAUSAGES,6227 - CHILLED SAUSAGES,CHILLER,1.33,1.6,0.203,1.5,169.33,111.8867,1.0,1.15,0.15,11067.0,13376.0,0.2086,11067.0,15382.0,0.3899,3.0,442.0,146.3333
FIESTA,6227A - CHILLED SAUSAGES,6227 - CHILLED SAUSAGES,CHILLER,2.15,1.77,-0.1767,611.0,198.0,-0.6759,1.26,1.18,-0.0635,19405.0,16287.0,-0.1607,24450.0,19219.0,-0.2139,972.0,505.0,-0.4805
KANZLER,6227A - CHILLED SAUSAGES,6227 - CHILLED SAUSAGES,CHILLER,1.61,1.54,-0.0435,1375.5,790.67,-0.4252,1.31,1.4,0.0687,14554.0,13912.0,-0.0441,19066.0,19477.0,0.0216,2098.0,1694.0,-0.1926
KIMBO,6227A - CHILLED SAUSAGES,6227 - CHILLED SAUSAGES,CHILLER,1.34,1.36,0.0149,56.0,36.33,-0.3512,1.13,1.12,-0.0088,11971.0,12133.0,0.0135,13527.0,13589.0,0.0046,99.0,97.0,-0.0202
SO GOOD,6227A - CHILLED SAUSAGES,6227 - CHILLED SAUSAGES,CHILLER,1.23,1.83,0.4878,53.0,78.33,0.4779,1.02,1.18,0.1569,11425.0,17124.0,0.4988,11654.0,20206.0,0.7338,104.0,199.0,0.9135
SO NICE,6227A - CHILLED SAUSAGES,6227 - CHILLED SAUSAGES,CHILLER,1.37,1.94,0.4161,144.0,170.0,0.1806,1.11,1.16,0.045,11963.0,16583.0,0.3862,13279.0,19236.0,0.4486,259.0,439.0,0.695
BUMIFOOD,6234A - FROZEN SEAFOOD,6234 - FROZEN SEAFOOD,CHILLER,1.0,1.0,0.0,2.0,0.67,-0.665,1.0,1.0,0.0,39900.0,39900.0,0.0,39900.0,39900.0,0.0,4.0,2.0,-0.5
CEDEA,6234A - FROZEN SEAFOOD,6234 - FROZEN SEAFOOD,CHILLER,1.0,1.0,0.0,8.0,5.0,-0.375,1.07,1.0,-0.0654,25962.0,27107.0,0.0441,27779.0,27107.0,-0.0242,15.0,15.0,0.0
EBINOYA,6234A - FROZEN SEAFOOD,6234 - FROZEN SEAFOOD,CHILLER,1.0,1.0,0.0,2.0,1.33,-0.335,1.0,1.0,0.0,29900.0,29900.0,0.0,29900.0,29900.0,0.0,4.0,4.0,0.0
KARAWACI,6234A - FROZEN SEAFOOD,6234 - FROZEN SEAFOOD,CHILLER,1.0,,,0.5,,,1.0,,,36900.0,,,36900.0,,,1.0,,
MITRAKU,6234A - FROZEN SEAFOOD,6234 - FROZEN SEAFOOD,CHILLER,1.08,1.5,0.3889,6.0,2.0,-0.6667,1.0,1.0,0.0,25892.0,35850.0,0.3846,25892.0,35850.0,0.3846,12.0,6.0,-0.5
SUNPRIDE,6521G - LOKAL FRUIT BANANA,6521 - LOCAL FRUIT,CHILLER,1.53,2.2,0.4379,8.5,3.33,-0.6082,1.13,1.11,-0.0177,9176.0,13200.0,0.4385,10369.0,14652.0,0.4131,15.0,9.0,-0.4
FIRST DATES,6524A - SEASONAL FRUIT,6524 - SEASONAL FRUIT,CHILLER,,1.0,,,5.67,,,1.06,,,27665.0,,,29325.0,,,16.0,
PALM FRUTT,6524A - SEASONAL FRUIT,6524 - SEASONAL FRUIT,CHILLER,1.0,,,7.5,,,1.07,,,24767.0,,,26501.0,,,14.0,,
PRIME DATES,6524A - SEASONAL FRUIT,6524 - SEASONAL FRUIT,CHILLER,4.0,1.0,-0.75,0.5,5.0,9.0,1.0,1.07,0.07,147600.0,36100.0,-0.7554,147600.0,38627.0,-0.7383,1.0,14.0,13.0
BUMIFOOD,6223A - READY TO COOK,6223 - READY TO COOK,FREEZER NUGGET,1.0,1.11,0.11,7.0,3.0,-0.5714,1.08,1.0,-0.0741,39700.0,44111.0,0.1111,42876.0,44111.0,0.0288,13.0,9.0,-0.3077
BELFOODS,6231A - READY TO COOK BAG 130-300G,6231 - CHICKEN NUGGET,FREEZER NUGGET,1.0,1.0,0.0,56.5,5.33,-0.9057,1.1,1.07,-0.0273,25415.0,25719.0,0.012,27957.0,27519.0,-0.0157,103.0,15.0,-0.8544
BENFARM,6231A - READY TO COOK BAG 130-300G,6231 - CHICKEN NUGGET,FREEZER NUGGET,1.15,1.2,0.0435,42.5,19.67,-0.5372,1.13,1.16,0.0265,34473.0,35981.0,0.0437,38954.0,41738.0,0.0715,75.0,51.0,-0.32
CHAMP,6231A - READY TO COOK BAG 130-300G,6231 - CHICKEN NUGGET,FREEZER NUGGET,1.04,1.02,-0.0192,50.0,20.67,-0.5866,1.19,1.03,-0.1345,25066.0,23531.0,-0.0612,29829.0,24237.0,-0.1875,84.0,60.0,-0.2857
FIESTA,6231A - READY TO COOK BAG 130-300G,6231 - CHICKEN NUGGET,FREEZER NUGGET,1.0,1.0,0.0,14.0,1.67,-0.8807,1.08,1.0,-0.0741,32500.0,32500.0,0.0,35100.0,32500.0,-0.0741,26.0,5.0,-0.8077
SO GOOD,6231A - READY TO COOK BAG 130-300G,6231 - CHICKEN NUGGET,FREEZER NUGGET,1.02,1.04,0.0196,27.0,7.67,-0.7159,1.08,1.05,-0.0278,27163.0,26678.0,-0.0179,29336.0,28012.0,-0.0451,50.0,22.0,-0.56
AKUMO,6231B - READY TO COOK BAG 400-500G,6231 - CHICKEN NUGGET,FREEZER NUGGET,1.0,1.2,0.2,9.0,1.67,-0.8144,1.64,1.67,0.0183,36900.0,44280.0,0.2,60516.0,73948.0,0.222,11.0,3.0,-0.7273
BELFOODS,6231B - READY TO COOK BAG 400-500G,6231 - CHICKEN NUGGET,FREEZER NUGGET,1.05,1.03,-0.019,152.5,29.33,-0.8077,1.14,1.13,-0.0088,53437.0,52399.0,-0.0194,60918.0,59211.0,-0.028,267.0,78.0,-0.7079
BENFARM,6231B - READY TO COOK BAG 400-500G,6231 - CHICKEN NUGGET,FREEZER NUGGET,1.06,1.12,0.0566,123.5,33.33,-0.7301,1.18,1.14,-0.0339,59392.0,66212.0,0.1148,70083.0,75482.0,0.077,209.0,88.0,-0.5789
CHAMP,6231B - READY TO COOK BAG 400-500G,6231 - CHICKEN NUGGET,FREEZER NUGGET,1.08,1.16,0.0741,24.5,12.33,-0.4967,1.02,1.06,0.0392,50916.0,54300.0,0.0665,51934.0,57558.0,0.1083,48.0,35.0,-0.2708
FIESTA,6231B - READY TO COOK BAG 400-500G,6231 - CHICKEN NUGGET,FREEZER NUGGET,1.07,1.13,0.0561,85.5,41.67,-0.5126,1.11,1.08,-0.027,56940.0,61955.0,0.0881,63203.0,66911.0,0.0587,154.0,116.0,-0.2468
KANZLER,6231B - READY TO COOK BAG 400-500G,6231 - CHICKEN NUGGET,FREEZER NUGGET,1.1,1.14,0.0364,131.0,70.33,-0.4631,1.16,1.2,0.0345,65010.0,67181.0,0.0334,75412.0,80617.0,0.069,225.0,176.0,-0.2178
SO GOOD,6231B - READY TO COOK BAG 400-500G,6231 - CHICKEN NUGGET,FREEZER NUGGET,1.14,1.13,-0.0088,207.5,100.67,-0.5148,1.25,1.13,-0.096,63773.0,64221.0,0.007,79716.0,72570.0,-0.0896,333.0,268.0,-0.1952
SO NICE,6231B - READY TO COOK BAG 400-500G,6231 - CHICKEN NUGGET,FREEZER NUGGET,1.01,1.09,0.0792,118.5,15.33,-0.8706,1.06,1.07,0.0094,39795.0,42641.0,0.0715,42183.0,45626.0,0.0816,223.0,43.0,-0.8072
FIESTA,6232A - VEGETABLE,6232 - VEGETABLE,FREEZER NUGGET,1.03,1.02,-0.0097,88.0,32.33,-0.6326,1.11,1.17,0.0541,27849.0,27979.0,0.0047,30912.0,32735.0,0.059,158.0,83.0,-0.4747
GOLDEN FARM,6232A - VEGETABLE,6232 - VEGETABLE,FREEZER NUGGET,1.03,1.0,-0.0291,47.0,10.33,-0.7802,1.07,1.07,0.0,45612.0,44465.0,-0.0251,48805.0,47578.0,-0.0251,88.0,29.0,-0.6705
RYOU,6711A - BEEF MEAT,6711 - BEEF MEAT,FREEZER NUGGET,1.0,,,0.5,,,1.0,,,37500.0,,,37500.0,,,1.0,,
SO GOOD,6721A - BROILER,6721 - BROILER,FREEZER NUGGET,1.0,1.0,0.0,3.5,0.67,-0.8086,1.0,1.0,0.0,61929.0,61500.0,-0.0069,61929.0,61500.0,-0.0069,7.0,2.0,-0.7143
AICE,6241A - TAKE HOME 300-410ML,6241 - TAKE HOME ICE CREAM,ICE CREAM,1.0,1.0,0.0,1.0,0.67,-0.33,1.0,1.0,0.0,51600.0,51600.0,0.0,51600.0,51600.0,0.0,2.0,2.0,0.0
CAMPINA,6241A - TAKE HOME 300-410ML,6241 - TAKE HOME ICE CREAM,ICE CREAM,1.09,1.09,0.0,116.5,56.67,-0.5136,1.06,1.1,0.0377,28925.0,29511.0,0.0203,30660.0,32462.0,0.0588,220.0,155.0,-0.2955
WALL'S,6241A - TAKE HOME 300-410ML,6241 - TAKE HOME ICE CREAM,ICE CREAM,1.11,1.1,-0.009,551.0,207.33,-0.6237,1.13,1.13,0.0,36219.0,36497.0,0.0077,40927.0,41242.0,0.0077,974.0,549.0,-0.4363
CAMPINA,6242A - IMPULSE CONE,6242 - IMPULSE ICE CREAM,ICE CREAM,2.35,1.41,-0.4,399.5,133.0,-0.6671,1.15,1.15,0.0,15544.0,10583.0,-0.3192,17876.0,12170.0,-0.3192,694.0,346.0,-0.5014
GLICO,6242A - IMPULSE CONE,6242 - IMPULSE ICE CREAM,ICE CREAM,1.17,,,6.0,,,1.0,,,10817.0,,,10817.0,,,12.0,,
JOYDAY,6242A - IMPULSE CONE,6242 - IMPULSE ICE CREAM,ICE CREAM,2.0,1.4,-0.3,3.0,5.0,0.6667,1.2,1.0,-0.1667,13533.0,12420.0,-0.0822,16240.0,12420.0,-0.2352,5.0,15.0,2.0
WALL'S,6242A - IMPULSE CONE,6242 - IMPULSE ICE CREAM,ICE CREAM,2.16,1.73,-0.1991,1277.5,509.33,-0.6013,1.18,1.15,-0.0254,19503.0,19184.0,-0.0164,23014.0,22062.0,-0.0414,2169.0,1330.0,-0.3868
AICE,6242B - IMPULSE STICK,6242 - IMPULSE ICE CREAM,ICE CREAM,1.85,1.42,-0.2324,198.5,95.67,-0.518,1.2,1.13,-0.0583,12810.0,13544.0,0.0573,15372.0,15305.0,-0.0044,331.0,255.0,-0.2296
CAMPINA,6242B - IMPULSE STICK,6242 - IMPULSE ICE CREAM,ICE CREAM,1.89,1.79,-0.0529,1402.0,726.0,-0.4822,1.25,1.21,-0.032,10305.0,10299.0,-0.0006,12881.0,12462.0,-0.0325,2238.0,1794.0,-0.1984
GLICO,6242B - IMPULSE STICK,6242 - IMPULSE ICE CREAM,ICE CREAM,2.0,1.65,-0.175,1084.5,365.67,-0.6628,1.24,1.17,-0.0565,13928.0,11112.0,-0.2022,17271.0,13001.0,-0.2472,1755.0,940.0,-0.4644
JOYDAY,6242B - IMPULSE STICK,6242 - IMPULSE ICE CREAM,ICE CREAM,1.94,1.45,-0.2526,15.5,6.67,-0.5697,1.19,1.0,-0.1597,13910.0,15480.0,0.1129,16553.0,15480.0,-0.0648,26.0,20.0,-0.2308
KALULI,6242B - IMPULSE STICK,6242 - IMPULSE ICE CREAM,ICE CREAM,,1.3,,,21.33,,,1.08,,,16912.0,,,18265.0,,,59.0,
WALL'S,6242B - IMPULSE STICK,6242 - IMPULSE ICE CREAM,ICE CREAM,2.31,1.81,-0.2165,4449.5,1903.0,-0.5723,1.41,1.35,-0.0426,18826.0,14796.0,-0.2141,26545.0,19975.0,-0.2475,6291.0,4215.0,-0.33
AICE,6242C - IMPULSE CUP,6242 - IMPULSE ICE CREAM,ICE CREAM,1.59,1.67,0.0503,27.0,18.0,-0.3333,1.15,1.06,-0.0783,12657.0,9480.0,-0.251,14556.0,10049.0,-0.3096,47.0,51.0,0.0851
CAMPINA,6242C - IMPULSE CUP,6242 - IMPULSE ICE CREAM,ICE CREAM,1.41,1.29,-0.0851,316.5,198.33,-0.3734,1.08,1.16,0.0741,14999.0,12706.0,-0.1529,16199.0,14739.0,-0.0901,585.0,513.0,-0.1231
GLICO,6242C - IMPULSE CUP,6242 - IMPULSE ICE CREAM,ICE CREAM,2.35,2.07,-0.1191,951.5,236.67,-0.7513,1.29,1.22,-0.0543,11002.0,9370.0,-0.1483,14193.0,11431.0,-0.1946,1474.0,583.0,-0.6045
JOYDAY,6242C - IMPULSE CUP,6242 - IMPULSE ICE CREAM,ICE CREAM,1.81,1.0,-0.4475,8.0,1.0,-0.875,1.07,1.0,-0.0654,13838.0,9300.0,-0.3279,14807.0,9300.0,-0.3719,15.0,3.0,-0.8
KALULI,6242C - IMPULSE CUP,6242 - IMPULSE ICE CREAM,ICE CREAM,,1.25,,,5.33,,,1.14,,,32106.0,,,36601.0,,,14.0,
WALL'S,6242C - IMPULSE CUP,6242 - IMPULSE ICE CREAM,ICE CREAM,1.79,1.56,-0.1285,1707.0,1129.33,-0.3384,1.26,1.3,0.0317,11507.0,11015.0,-0.0428,14499.0,14320.0,-0.0123,2707.0,2610.0,-0.0358
BODREXIN,3111A - ANALGESIC BOTTLE,3111 - ANALGESIC,MEDICINE & BABY CARE,1.0,1.0,0.0,6.0,3.33,-0.445,1.0,1.0,0.0,15700.0,15700.0,0.0,15700.0,15700.0,0.0,12.0,10.0,-0.1667
PRORIS,3111A - ANALGESIC BOTTLE,3111 - ANALGESIC,MEDICINE & BABY CARE,,1.0,,,2.67,,,1.0,,,31350.0,,,31350.0,,,8.0,
TEMPRA,3111A - ANALGESIC BOTTLE,3111 - ANALGESIC,MEDICINE & BABY CARE,1.0,1.04,0.04,11.5,8.0,-0.3043,1.21,1.14,-0.0579,34413.0,37825.0,0.0991,41640.0,43120.0,0.0355,19.0,21.0,0.1053
TERMOREX,3111A - ANALGESIC BOTTLE,3111 - ANALGESIC,MEDICINE & BABY CARE,1.0,1.05,0.05,5.5,7.33,0.3327,1.0,1.05,0.05,20045.0,22736.0,0.1342,20045.0,23873.0,0.191,11.0,21.0,0.9091
ANTIMO,3111B - ANALGESIC STRIP,3111 - ANALGESIC,MEDICINE & BABY CARE,2.13,1.23,-0.4225,27.5,27.0,-0.0182,1.53,1.14,-0.2549,12764.0,7407.0,-0.4197,19529.0,8444.0,-0.5676,36.0,71.0,0.9722
BODREX,3111B - ANALGESIC STRIP,3111 - ANALGESIC,MEDICINE & BABY CARE,1.44,1.34,-0.0694,43.5,84.67,0.9464,1.12,1.25,0.1161,6115.0,5713.0,-0.0657,6849.0,7141.0,0.0426,78.0,203.0,1.6026
FEMINAX,3111B - ANALGESIC STRIP,3111 - ANALGESIC,MEDICINE & BABY CARE,3.0,,,1.5,,,1.0,,,10500.0,,,10500.0,,,3.0,,
OSKADON,3111B - ANALGESIC STRIP,3111 - ANALGESIC,MEDICINE & BABY CARE,2.42,1.98,-0.1818,9.5,17.67,0.86,1.58,1.32,-0.1646,5084.0,4242.0,-0.1656,8033.0,5599.0,-0.303,12.0,40.0,2.3333
PANADOL,3111B - ANALGESIC STRIP,3111 - ANALGESIC,MEDICINE & BABY CARE,1.23,1.13,-0.0813,42.0,47.0,0.119,1.12,1.08,-0.0357,17420.0,16199.0,-0.0701,19510.0,17495.0,-0.1033,75.0,131.0,0.7467
PARAMEX,3111B - ANALGESIC STRIP,3111 - ANALGESIC,MEDICINE & BABY CARE,1.66,1.4,-0.1566,32.5,50.33,0.5486,1.33,1.32,-0.0075,5863.0,4914.0,-0.1619,7798.0,6486.0,-0.1682,49.0,114.0,1.3265
DECOLGEN,3112B - ANALGESIC & COLD REMEDIES STRIP,3112 - ANALGESIC & COLD REMEDIES,MEDICINE & BABY CARE,1.71,1.21,-0.2924,24.0,14.0,-0.4167,1.33,1.08,-0.188,4612.0,3305.0,-0.2834,6134.0,3569.0,-0.4182,36.0,39.0,0.0833
MIXAGRIP,3112B - ANALGESIC & COLD REMEDIES STRIP,3112 - ANALGESIC & COLD REMEDIES,MEDICINE & BABY CARE,1.3,1.19,-0.0846,25.0,63.67,1.5468,1.19,1.12,-0.0588,4936.0,4595.0,-0.0691,5874.0,5146.0,-0.1239,42.0,171.0,3.0714
NEOZEP,3112B - ANALGESIC & COLD REMEDIES STRIP,3112 - ANALGESIC & COLD REMEDIES,MEDICINE & BABY CARE,1.67,1.34,-0.1976,13.5,25.33,0.8763,1.12,1.23,0.0982,5333.0,4697.0,-0.1193,5973.0,5777.0,-0.0328,24.0,62.0,1.5833
PANADOL,3112B - ANALGESIC & COLD REMEDIES STRIP,3112 - ANALGESIC & COLD REMEDIES,MEDICINE & BABY CARE,1.0,1.08,0.08,13.5,21.33,0.58,1.04,1.02,-0.0192,18900.0,20442.0,0.0816,19656.0,20851.0,0.0608,26.0,63.0,1.4231
PROCOLD,3112B - ANALGESIC & COLD REMEDIES STRIP,3112 - ANALGESIC & COLD REMEDIES,MEDICINE & BABY CARE,1.15,1.11,-0.0348,30.0,30.67,0.0223,1.25,1.07,-0.144,6770.0,6587.0,-0.027,8462.0,7048.0,-0.1671,48.0,86.0,0.7917
MYLANTA,3113A - ANTACIDS BOTTLE,3113 - ANTACIDS,MEDICINE & BABY CARE,1.0,1.25,0.25,2.5,5.33,1.132,1.0,1.14,0.14,19300.0,24162.0,0.2519,19300.0,27545.0,0.4272,5.0,14.0,1.8
POLYSILANE,3113A - ANTACIDS BOTTLE,3113 - ANTACIDS,MEDICINE & BABY CARE,1.1,1.0,-0.0909,5.0,3.33,-0.334,1.25,1.0,-0.2,30690.0,28900.0,-0.0583,38362.0,28900.0,-0.2467,8.0,10.0,0.25
PROMAG,3113A - ANTACIDS BOTTLE,3113 - ANTACIDS,MEDICINE & BABY CARE,2.21,1.87,-0.1538,9.5,10.0,0.0526,1.27,1.2,-0.0551,6853.0,5793.0,-0.1547,8703.0,6952.0,-0.2012,15.0,25.0,0.6667
ESEMAG,3113B - ANTACIDS STRIP,3113 - ANTACIDS,MEDICINE & BABY CARE,2.22,2.17,-0.0225,49.0,12.0,-0.7551,1.11,1.44,0.2973,5869.0,5867.0,-0.0003,6515.0,8448.0,0.2967,88.0,25.0,-0.7159
MYLANTA,3113B - ANTACIDS STRIP,3113 - ANTACIDS,MEDICINE & BABY CARE,1.0,1.0,0.0,6.0,11.67,0.945,1.2,1.06,-0.1167,10300.0,10934.0,0.0616,12360.0,11590.0,-0.0623,10.0,33.0,2.3
POLYSILANE,3113B - ANTACIDS STRIP,3113 - ANTACIDS,MEDICINE & BABY CARE,1.0,1.12,0.12,7.0,8.0,0.1429,1.0,1.09,0.09,10500.0,11812.0,0.125,10500.0,12875.0,0.2262,14.0,22.0,0.5714
PROMAG,3113B - ANTACIDS STRIP,3113 - ANTACIDS,MEDICINE & BABY CARE,1.55,1.5,-0.0323,106.5,49.67,-0.5336,1.16,1.08,-0.069,10344.0,10693.0,0.0337,11999.0,11548.0,-0.0376,184.0,138.0,-0.25
OBH COMBI,3114B - KIDS COUGH BTL,3114 - KIDS COUGH MEDICINE,MEDICINE & BABY CARE,1.0,1.02,0.02,16.5,16.67,0.0103,1.0,1.19,0.19,21015.0,21632.0,0.0294,21015.0,25742.0,0.2249,33.0,42.0,0.2727
ACTIFED,3115A - ADULT COUGH SYRUP 50-90ML,3115 - ADULT COUGH MEDICINE,MEDICINE & BABY CARE,1.06,1.05,-0.0094,8.0,6.67,-0.1662,1.0,1.05,0.05,77800.0,76605.0,-0.0154,77800.0,80435.0,0.0339,16.0,19.0,0.1875
HERBAKOF,3115A - ADULT COUGH SYRUP 50-90ML,3115 - ADULT COUGH MEDICINE,MEDICINE & BABY CARE,1.16,1.03,-0.1121,22.0,22.33,0.015,1.13,1.14,0.0088,23852.0,23118.0,-0.0308,26953.0,26355.0,-0.0222,39.0,59.0,0.5128
IM-BOOST,3115A - ADULT COUGH SYRUP 50-90ML,3115 - ADULT COUGH MEDICINE,MEDICINE & BABY CARE,1.0,1.11,0.11,18.5,6.33,-0.6578,1.03,1.12,0.0874,29905.0,33047.0,0.1051,30802.0,37013.0,0.2016,36.0,17.0,-0.5278
KOMIX,3115A - ADULT COUGH SYRUP 50-90ML,3115 - ADULT COUGH MEDICINE,MEDICINE & BABY CARE,1.32,1.2,-0.0909,29.5,20.33,-0.3108,1.07,1.09,0.0187,19505.0,16744.0,-0.1416,20870.0,18251.0,-0.1255,55.0,56.0,0.0182
LASERIN,3115A - ADULT COUGH SYRUP 50-90ML,3115 - ADULT COUGH MEDICINE,MEDICINE & BABY CARE,1.06,1.0,-0.0566,24.5,6.0,-0.7551,1.11,1.0,-0.0991,17886.0,18433.0,0.0306,19853.0,18433.0,-0.0715,44.0,18.0,-0.5909
OB HERBAL,3115A - ADULT COUGH SYRUP 50-90ML,3115 - ADULT COUGH MEDICINE,MEDICINE & BABY CARE,1.0,1.03,0.03,22.0,11.67,-0.4695,1.07,1.03,-0.0374,21745.0,22411.0,0.0306,23267.0,23083.0,-0.0079,41.0,34.0,-0.1707
OBH,3115A - ADULT COUGH SYRUP 50-90ML,3115 - ADULT COUGH MEDICINE,MEDICINE & BABY CARE,1.0,1.08,0.08,30.5,4.33,-0.858,1.0,1.0,0.0,21559.0,23631.0,0.0961,21559.0,23631.0,0.0961,61.0,13.0,-0.7869
SIDOMUNCUL,3115A - ADULT COUGH SYRUP 50-90ML,3115 - ADULT COUGH MEDICINE,MEDICINE & BABY CARE,1.08,1.42,0.3148,13.0,4.0,-0.6923,1.04,1.0,-0.0385,28981.0,38300.0,0.3216,30140.0,38300.0,0.2707,25.0,12.0,-0.52
SILADEX,3115A - ADULT COUGH SYRUP 50-90ML,3115 - ADULT COUGH MEDICINE,MEDICINE & BABY CARE,1.06,1.0,-0.0566,8.0,6.33,-0.2088,1.07,1.0,-0.0654,19956.0,18879.0,-0.054,21353.0,18879.0,-0.1159,15.0,19.0,0.2667
VICKS,3115A - ADULT COUGH SYRUP 50-90ML,3115 - ADULT COUGH MEDICINE,MEDICINE & BABY CARE,1.0,1.05,0.05,13.0,14.0,0.0769,1.0,1.05,0.05,26038.0,26426.0,0.0149,26038.0,27747.0,0.0656,26.0,40.0,0.5385
WOODS',3115A - ADULT COUGH SYRUP 50-90ML,3115 - ADULT COUGH MEDICINE,MEDICINE & BABY CARE,1.03,1.02,-0.0097,17.0,15.0,-0.1176,1.21,1.1,-0.0909,30791.0,31144.0,0.0115,37257.0,34258.0,-0.0805,28.0,41.0,0.4643
LASERIN,3115B - ADULT COUGH SYRUP 100-150ML,3115 - ADULT COUGH MEDICINE,MEDICINE & BABY CARE,1.0,1.0,0.0,11.5,1.67,-0.8548,1.35,1.0,-0.2593,29970.0,31500.0,0.0511,40460.0,31500.0,-0.2215,17.0,5.0,-0.7059
NELLCO SPECIAL,3115B - ADULT COUGH SYRUP 100-150ML,3115 - ADULT COUGH MEDICINE,MEDICINE & BABY CARE,1.0,1.0,0.0,3.5,3.0,-0.1429,1.17,1.0,-0.1453,33600.0,35133.0,0.0456,39312.0,35133.0,-0.1063,6.0,9.0,0.5
OBH COMBI,3115B - ADULT COUGH SYRUP 100-150ML,3115 - ADULT COUGH MEDICINE,MEDICINE & BABY CARE,1.03,1.04,0.0097,14.5,16.67,0.1497,1.04,1.11,0.0673,24383.0,24636.0,0.0104,25358.0,27346.0,0.0784,28.0,45.0,0.6071
VICKS,3115B - ADULT COUGH SYRUP 100-150ML,3115 - ADULT COUGH MEDICINE,MEDICINE & BABY CARE,1.0,1.11,0.11,7.0,6.33,-0.0957,1.17,1.06,-0.094,40279.0,44368.0,0.1015,47126.0,47030.0,-0.002,12.0,18.0,0.5
DEGIROL,3115C - ADULT COUGH STRIP,3115 - ADULT COUGH MEDICINE,MEDICINE & BABY CARE,1.0,,,0.5,,,1.0,,,28900.0,,,28900.0,,,1.0,,
KONIDIN,3115C - ADULT COUGH STRIP,3115 - ADULT COUGH MEDICINE,MEDICINE & BABY CARE,1.3,1.27,-0.0231,11.5,16.0,0.3913,1.05,1.14,0.0857,3922.0,3858.0,-0.0163,4118.0,4398.0,0.068,22.0,42.0,0.9091
KOMIX,3115D - ADULT COUGH SAC,3115 - ADULT COUGH MEDICINE,MEDICINE & BABY CARE,2.62,1.98,-0.2443,44.0,17.67,-0.5984,1.06,1.08,0.0189,7867.0,5558.0,-0.2935,8339.0,6003.0,-0.2801,83.0,49.0,-0.4096
KONIDIN,3115D - ADULT COUGH SAC,3115 - ADULT COUGH MEDICINE,MEDICINE & BABY CARE,1.0,1.14,0.14,2.0,11.67,4.835,1.0,1.09,0.09,6300.0,7200.0,0.1429,6300.0,7848.0,0.2457,4.0,32.0,7.0
OB HERBAL,3115D - ADULT COUGH SAC,3115 - ADULT COUGH MEDICINE,MEDICINE & BABY CARE,2.09,1.5,-0.2823,23.0,8.0,-0.6522,1.1,1.09,-0.0091,9074.0,6567.0,-0.2763,9981.0,7158.0,-0.2828,42.0,22.0,-0.4762
OBH COMBI,3115D - ADULT COUGH SAC,3115 - ADULT COUGH MEDICINE,MEDICINE & BABY CARE,1.14,1.0,-0.1228,3.5,4.0,0.1429,1.0,1.09,0.09,6857.0,6000.0,-0.125,6857.0,6540.0,-0.0462,7.0,11.0,0.5714
AMBEVEN,3116A - DIARRHEA,3116 - DIARRHEA & CONSTIPATION,MEDICINE & BABY CARE,1.0,1.0,0.0,6.5,3.0,-0.5385,1.0,1.29,0.29,28246.0,27778.0,-0.0166,28246.0,35834.0,0.2686,13.0,7.0,-0.4615
DIAPET,3116A - DIARRHEA,3116 - DIARRHEA & CONSTIPATION,MEDICINE & BABY CARE,1.06,1.0,-0.0566,41.0,8.33,-0.7968,1.02,1.0,-0.0196,9060.0,8544.0,-0.057,9241.0,8544.0,-0.0754,80.0,25.0,-0.6875
NEO ENTROSTOP,3116A - DIARRHEA,3116 - DIARRHEA & CONSTIPATION,MEDICINE & BABY CARE,1.0,1.0,0.0,9.5,8.0,-0.1579,1.0,1.04,0.04,10179.0,10442.0,0.0258,10179.0,10860.0,0.0669,19.0,23.0,0.2105
NORIT,3116A - DIARRHEA,3116 - DIARRHEA & CONSTIPATION,MEDICINE & BABY CARE,1.05,1.33,0.2667,10.5,1.0,-0.9048,1.0,1.0,0.0,27286.0,35433.0,0.2986,27286.0,35433.0,0.2986,21.0,3.0,-0.8571
DULCOLAX,3116B - CONSTIPATION,3116 - DIARRHEA & CONSTIPATION,MEDICINE & BABY CARE,,1.0,,,3.67,,,1.22,,,23818.0,,,29058.0,,,9.0,
FLIMTY,3116B - CONSTIPATION,3116 - DIARRHEA & CONSTIPATION,MEDICINE & BABY CARE,1.4,,,2.5,,,1.0,,,323080.0,,,323080.0,,,5.0,,
LAXING,3116B - CONSTIPATION,3116 - DIARRHEA & CONSTIPATION,MEDICINE & BABY CARE,1.18,1.11,-0.0593,31.0,12.33,-0.6023,1.41,1.19,-0.156,15427.0,14719.0,-0.0459,21752.0,17516.0,-0.1947,44.0,31.0,-0.2955
MICROLAX,3116B - CONSTIPATION,3116 - DIARRHEA & CONSTIPATION,MEDICINE & BABY CARE,1.2,1.06,-0.1167,2.5,5.67,1.268,1.0,1.31,0.31,31080.0,27365.0,-0.1195,31080.0,35848.0,0.1534,5.0,13.0,1.6
VEGETA,3116B - CONSTIPATION,3116 - DIARRHEA & CONSTIPATION,MEDICINE & BABY CARE,2.34,1.92,-0.1795,45.5,12.67,-0.7215,1.17,1.09,-0.0684,9276.0,8018.0,-0.1356,10853.0,8740.0,-0.1947,78.0,35.0,-0.5513
NEO HORMOVITON,3118A - ADULT SUPLEMENT STRONG,3118 - ADULT VITAMINS/SUPLEMENT,MEDICINE & BABY CARE,1.05,1.14,0.0857,11.0,2.33,-0.7882,1.22,1.4,0.1475,10400.0,11714.0,0.1263,12688.0,16400.0,0.2926,18.0,5.0,-0.7222
PASAK BUWONO,3118A - ADULT SUPLEMENT STRONG,3118 - ADULT VITAMINS/SUPLEMENT,MEDICINE & BABY CARE,1.44,2.14,0.4861,4.5,2.33,-0.4822,1.5,1.75,0.1667,12167.0,18757.0,0.5416,18250.0,32825.0,0.7986,6.0,4.0,-0.3333
BLACKMORES,3118B - ADULT VITAMINS CALCIUM,3118 - ADULT VITAMINS/SUPLEMENT,MEDICINE & BABY CARE,1.0,,,1.5,,,1.0,,,115000.0,,,115000.0,,,3.0,,
CDR,3118B - ADULT VITAMINS CALCIUM,3118 - ADULT VITAMINS/SUPLEMENT,MEDICINE & BABY CARE,1.09,1.11,0.0183,45.0,12.67,-0.7184,1.12,1.12,0.0,48759.0,41745.0,-0.1439,54610.0,46754.0,-0.1439,80.0,34.0,-0.575
IMBOOST,3118B - ADULT VITAMINS CALCIUM,3118 - ADULT VITAMINS/SUPLEMENT,MEDICINE & BABY CARE,1.22,1.03,-0.1557,25.5,9.67,-0.6208,1.11,1.21,0.0901,38431.0,28907.0,-0.2478,42658.0,34977.0,-0.1801,46.0,24.0,-0.4783
VIOSTIN,3118B - ADULT VITAMINS CALCIUM,3118 - ADULT VITAMINS/SUPLEMENT,MEDICINE & BABY CARE,1.0,,,0.5,,,1.0,,,37100.0,,,37100.0,,,1.0,,
WELMOVE,3118B - ADULT VITAMINS CALCIUM,3118 - ADULT VITAMINS/SUPLEMENT,MEDICINE & BABY CARE,1.18,1.17,-0.0085,5.5,2.0,-0.6364,1.0,1.5,0.5,27773.0,27417.0,-0.0128,27773.0,41126.0,0.4808,11.0,4.0,-0.6364
NATUR-E,3118C - ADULT VITAMINS SKIN,3118 - ADULT VITAMINS/SUPLEMENT,MEDICINE & BABY CARE,1.04,1.09,0.0481,12.5,3.67,-0.7064,1.19,1.38,0.1597,34948.0,28009.0,-0.1986,41588.0,38652.0,-0.0706,21.0,8.0,-0.619
BLACKMORES,3118D - ADULT VITAMINS VIT-C,3118 - ADULT VITAMINS/SUPLEMENT,MEDICINE & BABY CARE,1.0,,,3.0,,,1.2,,,98167.0,,,117800.0,,,5.0,,
ENERVON-C,3118D - ADULT VITAMINS VIT-C,3118 - ADULT VITAMINS/SUPLEMENT,MEDICINE & BABY CARE,1.14,1.14,0.0,91.5,46.67,-0.4899,1.19,1.23,0.0336,15317.0,13524.0,-0.1171,18227.0,16635.0,-0.0873,154.0,114.0,-0.2597
HOLISTICARE,3118D - ADULT VITAMINS VIT-C,3118 - ADULT VITAMINS/SUPLEMENT,MEDICINE & BABY CARE,1.2,1.0,-0.1667,38.0,12.0,-0.6842,1.13,1.24,0.0973,22816.0,20667.0,-0.0942,25782.0,25627.0,-0.006,67.0,29.0,-0.5672
IMBOOST,3118D - ADULT VITAMINS VIT-C,3118 - ADULT VITAMINS/SUPLEMENT,MEDICINE & BABY CARE,1.23,1.23,0.0,93.0,42.33,-0.5448,1.09,1.15,0.055,31271.0,26116.0,-0.1648,34085.0,30033.0,-0.1189,171.0,110.0,-0.3567
REDOXON,3118D - ADULT VITAMINS VIT-C,3118 - ADULT VITAMINS/SUPLEMENT,MEDICINE & BABY CARE,1.14,1.23,0.0789,29.5,10.0,-0.661,1.2,1.03,-0.1417,45137.0,35003.0,-0.2245,54164.0,36053.0,-0.3344,49.0,29.0,-0.4082
SIDOMUNCUL,3118D - ADULT VITAMINS VIT-C,3118 - ADULT VITAMINS/SUPLEMENT,MEDICINE & BABY CARE,1.3,1.21,-0.0692,48.5,11.0,-0.7732,1.28,1.18,-0.0781,14305.0,13352.0,-0.0666,18310.0,15755.0,-0.1395,76.0,28.0,-0.6316
VICEE,3118D - ADULT VITAMINS VIT-C,3118 - ADULT VITAMINS/SUPLEMENT,MEDICINE & BABY CARE,1.74,1.88,0.0805,45.5,22.67,-0.5018,1.17,1.11,-0.0513,3937.0,4169.0,0.0589,4606.0,4628.0,0.0048,78.0,61.0,-0.2179
VITACIMIN,3118D - ADULT VITAMINS VIT-C,3118 - ADULT VITAMINS/SUPLEMENT,MEDICINE & BABY CARE,2.17,2.18,0.0046,93.0,35.33,-0.6201,1.14,1.12,-0.0175,5345.0,5598.0,0.0473,6093.0,6270.0,0.029,163.0,95.0,-0.4172
XON-CE,3118D - ADULT VITAMINS VIT-C,3118 - ADULT VITAMINS/SUPLEMENT,MEDICINE & BABY CARE,1.89,1.77,-0.0635,48.5,17.33,-0.6427,1.1,1.06,-0.0364,5581.0,5538.0,-0.0077,6139.0,5870.0,-0.0438,88.0,49.0,-0.4432
COOL-VITA,3118E - ADULT SUPLEMENT ENERGY,3118 - ADULT VITAMINS/SUPLEMENT,MEDICINE & BABY CARE,1.0,1.09,0.09,9.0,7.33,-0.1856,1.2,1.22,0.0167,24350.0,27186.0,0.1165,29220.0,33167.0,0.1351,15.0,18.0,0.2
EXTRA JOSS,3118E - ADULT SUPLEMENT ENERGY,3118 - ADULT VITAMINS/SUPLEMENT,MEDICINE & BABY CARE,1.45,1.03,-0.2897,21.0,10.33,-0.5081,1.5,1.19,-0.2067,20031.0,17477.0,-0.1275,30046.0,20798.0,-0.3078,28.0,26.0,-0.0714
FATIGON,3118E - ADULT SUPLEMENT ENERGY,3118 - ADULT VITAMINS/SUPLEMENT,MEDICINE & BABY CARE,1.12,1.07,-0.0446,12.5,19.33,0.5464,1.09,1.07,-0.0183,16184.0,13522.0,-0.1645,17641.0,14469.0,-0.1798,23.0,54.0,1.3478
HEMAVITON,3118E - ADULT SUPLEMENT ENERGY,3118 - ADULT VITAMINS/SUPLEMENT,MEDICINE & BABY CARE,1.22,1.47,0.2049,22.5,10.0,-0.5556,1.12,1.11,-0.0089,10860.0,13210.0,0.2164,12163.0,14663.0,0.2055,40.0,27.0,-0.325
IMBOOST,3118E - ADULT SUPLEMENT ENERGY,3118 - ADULT VITAMINS/SUPLEMENT,MEDICINE & BABY CARE,1.09,1.06,-0.0275,16.5,5.33,-0.677,1.06,1.23,0.1604,24015.0,22544.0,-0.0613,25456.0,27729.0,0.0893,31.0,13.0,-0.5806
PHARMATON,3118E - ADULT SUPLEMENT ENERGY,3118 - ADULT VITAMINS/SUPLEMENT,MEDICINE & BABY CARE,1.0,1.67,0.67,2.5,1.0,-0.6,1.0,1.0,0.0,31620.0,46500.0,0.4706,31620.0,46500.0,0.4706,5.0,3.0,-0.4
TROPICANA,3118E - ADULT SUPLEMENT ENERGY,3118 - ADULT VITAMINS/SUPLEMENT,MEDICINE & BABY CARE,1.0,,,0.5,,,1.0,,,189900.0,,,189900.0,,,1.0,,
YOUVIT,3118E - ADULT SUPLEMENT ENERGY,3118 - ADULT VITAMINS/SUPLEMENT,MEDICINE & BABY CARE,1.0,,,0.5,,,1.0,,,84900.0,,,84900.0,,,1.0,,
BLACKMORES,3118F - ADULT HEALTHY SUPLEMENT,3118 - ADULT VITAMINS/SUPLEMENT,MEDICINE & BABY CARE,1.09,,,5.5,,,1.1,,,120273.0,,,132300.0,,,10.0,,
NEO RHEUMACYL,3118F - ADULT HEALTHY SUPLEMENT,3118 - ADULT VITAMINS/SUPLEMENT,MEDICINE & BABY CARE,1.0,1.0,0.0,4.0,10.67,1.6675,1.14,1.07,-0.0614,12900.0,12909.0,0.0007,14706.0,13813.0,-0.0607,7.0,30.0,3.2857
NEUROBION,3118F - ADULT HEALTHY SUPLEMENT,3118 - ADULT VITAMINS/SUPLEMENT,MEDICINE & BABY CARE,1.0,1.0,0.0,2.0,6.67,2.335,1.0,1.18,0.18,37600.0,48885.0,0.3001,37600.0,57684.0,0.5341,4.0,17.0,3.25
SAKATONIK,3118F - ADULT HEALTHY SUPLEMENT,3118 - ADULT VITAMINS/SUPLEMENT,MEDICINE & BABY CARE,1.0,1.09,0.09,2.5,15.0,5.0,1.0,1.07,0.07,11900.0,21669.0,0.8209,11900.0,23186.0,0.9484,5.0,42.0,7.4
SANGOBION,3118F - ADULT HEALTHY SUPLEMENT,3118 - ADULT VITAMINS/SUPLEMENT,MEDICINE & BABY CARE,1.08,1.08,0.0,65.0,21.67,-0.6666,1.07,1.1,0.028,17846.0,20885.0,0.1703,19095.0,22974.0,0.2031,122.0,59.0,-0.5164
COMBANTRIN,3119A - ATHELMINTICS,3119 - ATHELMINTICS,MEDICINE & BABY CARE,1.07,1.15,0.0748,7.5,4.33,-0.4227,1.0,1.0,0.0,24747.0,27200.0,0.0991,24747.0,27200.0,0.0991,15.0,13.0,-0.1333
ALFA,3121A - MEDICATED PLASTER,3121 - PLESTER,MEDICINE & BABY CARE,1.0,1.0,0.0,0.5,0.33,-0.34,1.0,1.0,0.0,13400.0,12900.0,-0.0373,13400.0,12900.0,-0.0373,1.0,1.0,0.0
DETTOL,3121A - MEDICATED PLASTER,3121 - PLESTER,MEDICINE & BABY CARE,1.15,1.06,-0.0783,13.0,5.67,-0.5638,1.0,1.06,0.06,11900.0,11082.0,-0.0687,11900.0,11747.0,-0.0129,26.0,16.0,-0.3846
HANSAPLAST,3121A - MEDICATED PLASTER,3121 - PLESTER,MEDICINE & BABY CARE,1.2,1.09,-0.0917,97.5,48.67,-0.5008,1.09,1.03,-0.055,16122.0,13501.0,-0.1626,17573.0,13906.0,-0.2087,179.0,142.0,-0.2067
BYEBYE-FEVER,3121B - FEVER PLESTER,3121 - PLESTER,MEDICINE & BABY CARE,2.2,2.01,-0.0864,122.0,48.33,-0.6039,1.11,1.06,-0.045,25927.0,24383.0,-0.0596,28779.0,25846.0,-0.1019,219.0,137.0,-0.3744
KOOLFEVER,3121B - FEVER PLESTER,3121 - PLESTER,MEDICINE & BABY CARE,2.26,1.85,-0.1814,131.5,42.67,-0.6755,1.08,1.06,-0.0185,24001.0,19979.0,-0.1676,25921.0,21178.0,-0.183,244.0,121.0,-0.5041
CABE,3121C - KOYO PLESTER,3121 - PLESTER,MEDICINE & BABY CARE,1.12,1.03,-0.0804,21.5,10.33,-0.5195,1.0,1.19,0.19,21570.0,20074.0,-0.0694,21570.0,23888.0,0.1075,43.0,26.0,-0.3953
HANSAPLAST,3121C - KOYO PLESTER,3121 - PLESTER,MEDICINE & BABY CARE,1.17,1.17,0.0,55.0,37.67,-0.3151,1.07,1.11,0.0374,13423.0,13468.0,0.0034,14363.0,14949.0,0.0408,103.0,102.0,-0.0097
Q-LIFE,3121C - KOYO PLESTER,3121 - PLESTER,MEDICINE & BABY CARE,1.24,1.15,-0.0726,24.5,4.33,-0.8233,1.07,1.08,0.0093,21094.0,19500.0,-0.0756,22571.0,21060.0,-0.0669,46.0,12.0,-0.7391
SALONPAS,3121C - KOYO PLESTER,3121 - PLESTER,MEDICINE & BABY CARE,1.16,1.17,0.0086,259.0,103.67,-0.5997,1.08,1.09,0.0093,13804.0,14414.0,0.0442,14908.0,15711.0,0.0539,481.0,286.0,-0.4054
TIANHE,3121C - KOYO PLESTER,3121 - PLESTER,MEDICINE & BABY CARE,1.0,,,1.0,,,1.0,,,37000.0,,,37000.0,,,2.0,,
BETADINE,3123A - FIRST AID KIT ANTISEPTIC,3123 - ANTISEPTIC,MEDICINE & BABY CARE,1.2,1.0,-0.1667,10.0,6.33,-0.367,1.05,1.0,-0.0476,33355.0,33889.0,0.016,35023.0,33889.0,-0.0324,19.0,19.0,0.0
HANSAPLAST,3123A - FIRST AID KIT ANTISEPTIC,3123 - ANTISEPTIC,MEDICINE & BABY CARE,1.0,1.0,0.0,5.5,1.67,-0.6964,1.0,1.0,0.0,38136.0,35680.0,-0.0644,38136.0,35680.0,-0.0644,11.0,5.0,-0.5455
IKA,3123A - FIRST AID KIT ANTISEPTIC,3123 - ANTISEPTIC,MEDICINE & BABY CARE,1.0,1.0,0.0,1.5,2.67,0.78,1.0,1.6,0.6,23367.0,23600.0,0.01,23367.0,37760.0,0.616,3.0,5.0,0.6667
LUKAJEL,3123A - FIRST AID KIT ANTISEPTIC,3123 - ANTISEPTIC,MEDICINE & BABY CARE,1.8,1.0,-0.4444,7.5,0.67,-0.9107,1.0,1.0,0.0,44100.0,24500.0,-0.4444,44100.0,24500.0,-0.4444,15.0,2.0,-0.8667
SHENG NONG SI,3123A - FIRST AID KIT ANTISEPTIC,3123 - ANTISEPTIC,MEDICINE & BABY CARE,1.0,,,0.5,,,1.0,,,28100.0,,,28100.0,,,1.0,,
CALADINE,3123C - LOTION ANTISEPTIC,3123 - ANTISEPTIC,MEDICINE & BABY CARE,1.0,1.04,0.04,17.0,8.0,-0.5294,1.13,1.0,-0.115,21659.0,23312.0,0.0763,24475.0,23312.0,-0.0475,30.0,24.0,-0.2
INSTO,3124A - EYE DROPS,3124 - EYE DROPS,MEDICINE & BABY CARE,1.0,1.0,0.0,14.0,18.67,0.3336,1.08,1.02,-0.0556,18621.0,18711.0,0.0048,20111.0,19085.0,-0.051,26.0,55.0,1.1154
ROHTO,3124A - EYE DROPS,3124 - EYE DROPS,MEDICINE & BABY CARE,,1.0,,,11.0,,,1.0,,,21409.0,,,21409.0,,,33.0,
Y-RINS,3124A - EYE DROPS,3124 - EYE DROPS,MEDICINE & BABY CARE,1.0,,,0.5,,,1.0,,,20500.0,,,20500.0,,,1.0,,
COUNTERPAIN,"3125A - SALVE,BALM & CREAM","3125 - SALVE, BALM, CREAM & LIQ MEDICINE",MEDICINE & BABY CARE,1.03,1.04,0.0097,19.5,9.0,-0.5385,1.05,1.0,-0.0476,40864.0,44474.0,0.0883,42907.0,44474.0,0.0365,37.0,27.0,-0.2703
FRESH CARE,"3125A - SALVE,BALM & CREAM","3125 - SALVE, BALM, CREAM & LIQ MEDICINE",MEDICINE & BABY CARE,,1.0,,,12.67,,,1.0,,,16500.0,,,16500.0,,,38.0,
GELIGA,"3125A - SALVE,BALM & CREAM","3125 - SALVE, BALM, CREAM & LIQ MEDICINE",MEDICINE & BABY CARE,1.09,1.0,-0.0826,16.0,5.33,-0.6669,1.0,1.14,0.14,16109.0,13931.0,-0.1352,16109.0,15881.0,-0.0142,32.0,14.0,-0.5625
GPU,"3125A - SALVE,BALM & CREAM","3125 - SALVE, BALM, CREAM & LIQ MEDICINE",MEDICINE & BABY CARE,1.0,1.0,0.0,6.5,3.67,-0.4354,1.0,1.0,0.0,25900.0,25900.0,0.0,25900.0,25900.0,0.0,13.0,11.0,-0.1538
HOTIN CREAM,"3125A - SALVE,BALM & CREAM","3125 - SALVE, BALM, CREAM & LIQ MEDICINE",MEDICINE & BABY CARE,1.03,1.05,0.0194,49.0,20.33,-0.5851,1.02,1.11,0.0882,31833.0,31764.0,-0.0022,32470.0,35258.0,0.0859,96.0,55.0,-0.4271
MY BABY,"3125A - SALVE,BALM & CREAM","3125 - SALVE, BALM, CREAM & LIQ MEDICINE",MEDICINE & BABY CARE,,1.03,,,11.0,,,1.03,,,20091.0,,,20694.0,,,32.0,
NEO RHEUMACYL,"3125A - SALVE,BALM & CREAM","3125 - SALVE, BALM, CREAM & LIQ MEDICINE",MEDICINE & BABY CARE,1.0,1.29,0.29,9.0,2.33,-0.7411,1.06,1.0,-0.0566,23900.0,37557.0,0.5714,25334.0,37557.0,0.4825,17.0,7.0,-0.5882
SALONPAS,"3125A - SALVE,BALM & CREAM","3125 - SALVE, BALM, CREAM & LIQ MEDICINE",MEDICINE & BABY CARE,1.02,1.05,0.0294,23.5,7.0,-0.7021,1.04,1.0,-0.0385,35164.0,38395.0,0.0919,36571.0,38395.0,0.0499,45.0,21.0,-0.5333
TIGER BALM,"3125A - SALVE,BALM & CREAM","3125 - SALVE, BALM, CREAM & LIQ MEDICINE",MEDICINE & BABY CARE,1.0,,,1.0,,,1.0,,,21500.0,,,21500.0,,,2.0,,
TRANSPULMIN,"3125A - SALVE,BALM & CREAM","3125 - SALVE, BALM, CREAM & LIQ MEDICINE",MEDICINE & BABY CARE,1.66,1.0,-0.3976,16.0,1.67,-0.8956,1.07,1.0,-0.0654,49522.0,29900.0,-0.3962,52989.0,29900.0,-0.4357,30.0,5.0,-0.8333
TRESNO JOYO,"3125A - SALVE,BALM & CREAM","3125 - SALVE, BALM, CREAM & LIQ MEDICINE",MEDICINE & BABY CARE,1.03,1.09,0.0583,16.5,19.0,0.1515,1.1,1.12,0.0182,12058.0,12502.0,0.0368,13264.0,14002.0,0.0556,30.0,51.0,0.7
VICKS,"3125A - SALVE,BALM & CREAM","3125 - SALVE, BALM, CREAM & LIQ MEDICINE",MEDICINE & BABY CARE,1.02,1.02,0.0,61.5,21.67,-0.6476,1.04,1.07,0.0288,19003.0,17795.0,-0.0636,19763.0,19041.0,-0.0365,118.0,61.0,-0.4831
VOLTAREN,"3125A - SALVE,BALM & CREAM","3125 - SALVE, BALM, CREAM & LIQ MEDICINE",MEDICINE & BABY CARE,1.0,,,1.0,,,2.0,,,99000.0,,,198000.0,,,1.0,,
ZAMBUK,"3125A - SALVE,BALM & CREAM","3125 - SALVE, BALM, CREAM & LIQ MEDICINE",MEDICINE & BABY CARE,1.0,1.0,0.0,0.5,1.0,1.0,1.0,1.0,0.0,44900.0,44900.0,0.0,44900.0,44900.0,0.0,1.0,3.0,2.0
88 SALEP,3127A - FUNGICIDES,3127 - FUNGICIDES,MEDICINE & BABY CARE,1.06,1.0,-0.0566,9.0,6.67,-0.2589,1.0,1.0,0.0,18544.0,17520.0,-0.0552,18544.0,17520.0,-0.0552,18.0,20.0,0.1111
KALPANAX,3127A - FUNGICIDES,3127 - FUNGICIDES,MEDICINE & BABY CARE,1.0,1.1,0.1,11.0,9.67,-0.1209,1.0,1.26,0.26,16318.0,19786.0,0.2125,16318.0,24930.0,0.5278,22.0,23.0,0.0455
PEDITOX,3127A - FUNGICIDES,3127 - FUNGICIDES,MEDICINE & BABY CARE,1.0,,,1.0,,,1.0,,,10550.0,,,10550.0,,,2.0,,
ANTANGIN,3131A - TRADITIONAL & CHINESE 10-40ML,3131 - TRADITIONAL & CHINESE,MEDICINE & BABY CARE,1.64,1.66,0.0122,132.0,99.67,-0.2449,1.11,1.09,-0.018,13457.0,14668.0,0.09,14937.0,15988.0,0.0704,238.0,275.0,0.1555
BEJO,3131A - TRADITIONAL & CHINESE 10-40ML,3131 - TRADITIONAL & CHINESE,MEDICINE & BABY CARE,2.9,1.96,-0.3241,76.5,66.0,-0.1373,1.2,1.22,0.0167,18100.0,16483.0,-0.0893,21720.0,20109.0,-0.0742,128.0,162.0,0.2656
MIXAGRIP,3131A - TRADITIONAL & CHINESE 10-40ML,3131 - TRADITIONAL & CHINESE,MEDICINE & BABY CARE,1.13,1.21,0.0708,41.0,8.0,-0.8049,1.17,1.2,0.0256,24384.0,25979.0,0.0654,28529.0,31175.0,0.0927,70.0,20.0,-0.7143
SANJIN,3131A - TRADITIONAL & CHINESE 10-40ML,3131 - TRADITIONAL & CHINESE,MEDICINE & BABY CARE,1.0,,,0.5,,,1.0,,,34900.0,,,34900.0,,,1.0,,
SIDOMUNCUL,3131A - TRADITIONAL & CHINESE 10-40ML,3131 - TRADITIONAL & CHINESE,MEDICINE & BABY CARE,1.64,1.56,-0.0488,408.0,189.67,-0.5351,1.14,1.16,0.0175,20790.0,17978.0,-0.1353,23701.0,20854.0,-0.1201,713.0,490.0,-0.3128
SIDOMUNCUL,3131B - TRADITIONAL & CHINESE 50-120ML,3131 - TRADITIONAL & CHINESE,MEDICINE & BABY CARE,1.11,1.24,0.1171,31.5,7.0,-0.7778,1.09,1.11,0.0183,28279.0,31652.0,0.1193,30824.0,35134.0,0.1398,58.0,19.0,-0.6724
TRESNO JOYO,3131B - TRADITIONAL & CHINESE 50-120ML,3131 - TRADITIONAL & CHINESE,MEDICINE & BABY CARE,1.0,1.0,0.0,2.5,2.33,-0.068,1.0,1.0,0.0,26620.0,29414.0,0.105,26620.0,29414.0,0.105,5.0,7.0,0.4
ANTANGIN,3131C - TRADITIONAL & CHINESE KAPLET,3131 - TRADITIONAL & CHINESE,MEDICINE & BABY CARE,1.66,1.5,-0.0964,17.5,9.33,-0.4669,1.13,1.12,-0.0088,8594.0,7696.0,-0.1045,9711.0,8620.0,-0.1123,31.0,25.0,-0.1935
GOLDEN,3131C - TRADITIONAL & CHINESE KAPLET,3131 - TRADITIONAL & CHINESE,MEDICINE & BABY CARE,1.0,,,0.5,,,1.0,,,23100.0,,,23100.0,,,1.0,,
KULDON,3131C - TRADITIONAL & CHINESE KAPLET,3131 - TRADITIONAL & CHINESE,MEDICINE & BABY CARE,2.5,,,1.0,,,1.0,,,7500.0,,,7500.0,,,2.0,,
PIL CHI KIT,3131C - TRADITIONAL & CHINESE KAPLET,3131 - TRADITIONAL & CHINESE,MEDICINE & BABY CARE,24.0,,,0.5,,,1.0,,,91200.0,,,91200.0,,,1.0,,
RAPET,3131C - TRADITIONAL & CHINESE KAPLET,3131 - TRADITIONAL & CHINESE,MEDICINE & BABY CARE,1.33,,,1.5,,,1.0,,,18000.0,,,18000.0,,,3.0,,
SANJIN,3131C - TRADITIONAL & CHINESE KAPLET,3131 - TRADITIONAL & CHINESE,MEDICINE & BABY CARE,1.0,,,0.5,,,1.0,,,17900.0,,,17900.0,,,1.0,,
GPU,3131D - TRADITIONAL & CHINESE MASSAGE,3131 - TRADITIONAL & CHINESE,MEDICINE & BABY CARE,1.03,1.02,-0.0097,19.0,15.33,-0.1932,1.03,1.18,0.1456,17592.0,18776.0,0.0673,18120.0,22156.0,0.2227,37.0,39.0,0.0541
MINYAK TAWON,3131D - TRADITIONAL & CHINESE MASSAGE,3131 - TRADITIONAL & CHINESE,MEDICINE & BABY CARE,1.05,1.0,-0.0476,10.0,4.67,-0.533,1.0,1.08,0.08,31055.0,29714.0,-0.0432,31055.0,32091.0,0.0334,20.0,13.0,-0.35
FOUR SEASON,3131E - TRADITIONAL & CHINESE MINYAK ANGIN,3131 - TRADITIONAL & CHINESE,MEDICINE & BABY CARE,1.0,,,0.5,,,1.0,,,26400.0,,,26400.0,,,1.0,,
FRESH CARE,3131E - TRADITIONAL & CHINESE MINYAK ANGIN,3131 - TRADITIONAL & CHINESE,MEDICINE & BABY CARE,1.11,1.1,-0.009,200.5,103.33,-0.4846,1.07,1.05,-0.0187,19169.0,19703.0,0.0279,20511.0,20688.0,0.0086,376.0,295.0,-0.2154
FRESH LIVING,3131E - TRADITIONAL & CHINESE MINYAK ANGIN,3131 - TRADITIONAL & CHINESE,MEDICINE & BABY CARE,1.0,1.0,0.0,7.5,3.0,-0.6,1.0,1.0,0.0,28900.0,28922.0,0.0008,28900.0,28922.0,0.0008,15.0,9.0,-0.4
HERBA,3131E - TRADITIONAL & CHINESE MINYAK ANGIN,3131 - TRADITIONAL & CHINESE,MEDICINE & BABY CARE,1.0,1.0,0.0,6.5,3.33,-0.4877,1.08,1.11,0.0278,25900.0,25920.0,0.0008,27972.0,28771.0,0.0286,12.0,9.0,-0.25
KAPAK,3131E - TRADITIONAL & CHINESE MINYAK ANGIN,3131 - TRADITIONAL & CHINESE,MEDICINE & BABY CARE,1.0,1.08,0.08,8.5,4.33,-0.4906,1.0,1.08,0.08,41365.0,36554.0,-0.1163,41365.0,39478.0,-0.0456,17.0,12.0,-0.2941
LANG,3131E - TRADITIONAL & CHINESE MINYAK ANGIN,3131 - TRADITIONAL & CHINESE,MEDICINE & BABY CARE,1.0,1.07,0.07,10.5,5.0,-0.5238,1.05,1.0,-0.0476,11038.0,11860.0,0.0745,11590.0,11860.0,0.0233,20.0,15.0,-0.25
MEDICATED,3131E - TRADITIONAL & CHINESE MINYAK ANGIN,3131 - TRADITIONAL & CHINESE,MEDICINE & BABY CARE,1.04,1.14,0.0962,23.0,2.33,-0.8987,1.07,1.0,-0.0654,22896.0,25100.0,0.0963,24499.0,25100.0,0.0245,43.0,7.0,-0.8372
PLOSSA,3131E - TRADITIONAL & CHINESE MINYAK ANGIN,3131 - TRADITIONAL & CHINESE,MEDICINE & BABY CARE,1.01,1.02,0.0099,55.5,16.67,-0.6996,1.11,1.06,-0.045,16963.0,17278.0,0.0186,18829.0,18315.0,-0.0273,100.0,47.0,-0.53
SAFE CARE,3131E - TRADITIONAL & CHINESE MINYAK ANGIN,3131 - TRADITIONAL & CHINESE,MEDICINE & BABY CARE,1.17,1.12,-0.0427,21.0,8.0,-0.619,1.02,1.0,-0.0196,26145.0,25554.0,-0.0226,26668.0,25554.0,-0.0418,41.0,24.0,-0.4146
SIDOMUNCUL,3131E - TRADITIONAL & CHINESE MINYAK ANGIN,3131 - TRADITIONAL & CHINESE,MEDICINE & BABY CARE,1.11,1.5,0.3514,4.5,2.0,-0.5556,1.29,1.0,-0.2248,20633.0,27750.0,0.3449,26617.0,27750.0,0.0426,7.0,6.0,-0.1429
SO FRESH,3131E - TRADITIONAL & CHINESE MINYAK ANGIN,3131 - TRADITIONAL & CHINESE,MEDICINE & BABY CARE,1.18,1.04,-0.1186,49.5,35.33,-0.2863,1.21,1.13,-0.0661,17727.0,15879.0,-0.1042,21450.0,17943.0,-0.1635,82.0,94.0,0.1463
VFRESH,3131E - TRADITIONAL & CHINESE MINYAK ANGIN,3131 - TRADITIONAL & CHINESE,MEDICINE & BABY CARE,1.08,1.17,0.0833,24.0,12.0,-0.5,1.02,1.0,-0.0196,16971.0,17778.0,0.0476,17310.0,17778.0,0.027,47.0,36.0,-0.234
VICKS,3131E - TRADITIONAL & CHINESE MINYAK ANGIN,3131 - TRADITIONAL & CHINESE,MEDICINE & BABY CARE,1.03,1.05,0.0194,32.5,12.33,-0.6206,1.08,1.03,-0.0463,21808.0,23181.0,0.063,23553.0,23876.0,0.0137,60.0,36.0,-0.4
ALFAMART,3132A - TELON OIL 30-90ML,3132 - TELON OIL,MEDICINE & BABY CARE,1.0,,,1.5,,,1.0,,,11900.0,,,11900.0,,,3.0,,
BEBIO,3132A - TELON OIL 30-90ML,3132 - TELON OIL,MEDICINE & BABY CARE,1.06,1.0,-0.0566,23.5,8.0,-0.6596,1.07,1.0,-0.0654,22872.0,21500.0,-0.06,24473.0,21500.0,-0.1215,44.0,24.0,-0.4545
CAP LANG,3132A - TELON OIL 30-90ML,3132 - TELON OIL,MEDICINE & BABY CARE,1.17,1.0,-0.1453,27.0,20.0,-0.2593,1.08,1.05,-0.0278,30213.0,25157.0,-0.1673,32630.0,26415.0,-0.1905,50.0,57.0,0.14
CUSSONS,3132A - TELON OIL 30-90ML,3132 - TELON OIL,MEDICINE & BABY CARE,1.03,1.04,0.0097,32.0,16.0,-0.5,1.05,1.14,0.0857,18050.0,18229.0,0.0099,18952.0,20781.0,0.0965,61.0,42.0,-0.3115
GAJAH,3132A - TELON OIL 30-90ML,3132 - TELON OIL,MEDICINE & BABY CARE,1.0,1.0,0.0,1.0,1.67,0.67,1.0,1.0,0.0,24900.0,25380.0,0.0193,24900.0,25380.0,0.0193,2.0,5.0,1.5
KONICARE,3132A - TELON OIL 30-90ML,3132 - TELON OIL,MEDICINE & BABY CARE,1.08,1.0,-0.0741,30.5,11.33,-0.6285,1.17,1.1,-0.0598,28743.0,25871.0,-0.0999,33629.0,28458.0,-0.1538,52.0,31.0,-0.4038
MY BABY,3132A - TELON OIL 30-90ML,3132 - TELON OIL,MEDICINE & BABY CARE,1.1,1.01,-0.0818,336.0,165.33,-0.5079,1.12,1.1,-0.0179,22716.0,22508.0,-0.0092,25442.0,24759.0,-0.0268,601.0,450.0,-0.2512
CAP LANG,3132B - TELON OIL 100-150ML,3132 - TELON OIL,MEDICINE & BABY CARE,1.19,1.15,-0.0336,21.5,9.0,-0.5814,1.05,1.08,0.0286,63019.0,61011.0,-0.0319,66170.0,65892.0,-0.0042,41.0,25.0,-0.3902
CUSSONS,3132B - TELON OIL 100-150ML,3132 - TELON OIL,MEDICINE & BABY CARE,1.03,1.04,0.0097,19.0,8.67,-0.5437,1.03,1.04,0.0097,36845.0,37281.0,0.0118,37950.0,38772.0,0.0217,37.0,25.0,-0.3243
HUKI,3132B - TELON OIL 100-150ML,3132 - TELON OIL,MEDICINE & BABY CARE,1.0,,,0.5,,,1.0,,,36000.0,,,36000.0,,,1.0,,
KONICARE,3132B - TELON OIL 100-150ML,3132 - TELON OIL,MEDICINE & BABY CARE,1.0,1.06,0.06,5.0,5.33,0.066,1.0,1.0,0.0,56610.0,59800.0,0.0564,56610.0,59800.0,0.0564,10.0,16.0,0.6
MY BABY,3132B - TELON OIL 100-150ML,3132 - TELON OIL,MEDICINE & BABY CARE,1.09,1.03,-0.055,208.5,55.33,-0.7346,1.16,1.12,-0.0345,41732.0,39807.0,-0.0461,48409.0,44584.0,-0.079,358.0,148.0,-0.5866
TRESNO JOYO,3132B - TELON OIL 100-150ML,3132 - TELON OIL,MEDICINE & BABY CARE,1.0,1.07,0.07,16.5,9.67,-0.4139,1.06,1.04,-0.0189,30073.0,32024.0,0.0649,31877.0,33305.0,0.0448,31.0,28.0,-0.0968
ZWITSAL,3132B - TELON OIL 100-150ML,3132 - TELON OIL,MEDICINE & BABY CARE,1.0,1.33,0.33,3.5,1.0,-0.7143,1.0,1.0,0.0,44471.0,47567.0,0.0696,44471.0,47567.0,0.0696,7.0,3.0,-0.5714
CAP LANG,3133B - CAJUPUTI OIL 10-60ML,3133 - CAJUPUTI OIL,MEDICINE & BABY CARE,1.11,1.28,0.1532,387.5,144.0,-0.6284,1.14,1.11,-0.0263,21499.0,26825.0,0.2477,24509.0,29776.0,0.2149,677.0,390.0,-0.4239
FRESH CARE,3133B - CAJUPUTI OIL 10-60ML,3133 - CAJUPUTI OIL,MEDICINE & BABY CARE,1.04,1.0,-0.0385,11.5,2.33,-0.7974,1.1,1.0,-0.0909,17609.0,16900.0,-0.0403,19370.0,16900.0,-0.1275,21.0,7.0,-0.6667
GAJAH,3133B - CAJUPUTI OIL 10-60ML,3133 - CAJUPUTI OIL,MEDICINE & BABY CARE,1.0,1.0,0.0,3.0,1.33,-0.5567,1.0,1.0,0.0,27017.0,28975.0,0.0725,27017.0,28975.0,0.0725,6.0,4.0,-0.3333
MY BABY,3133B - CAJUPUTI OIL 10-60ML,3133 - CAJUPUTI OIL,MEDICINE & BABY CARE,1.13,1.05,-0.0708,31.0,14.0,-0.5484,1.32,1.17,-0.1136,25031.0,23571.0,-0.0583,33041.0,27578.0,-0.1653,47.0,36.0,-0.234
CAP LANG,3133C - CAJUPUTI OIL 100-150ML,3133 - CAJUPUTI OIL,MEDICINE & BABY CARE,1.13,1.13,0.0,47.5,18.0,-0.6211,1.12,1.02,-0.0893,67531.0,63733.0,-0.0562,75635.0,65008.0,-0.1405,85.0,53.0,-0.3765
MY BABY,3133C - CAJUPUTI OIL 100-150ML,3133 - CAJUPUTI OIL,MEDICINE & BABY CARE,1.88,,,4.0,,,1.33,,,78375.0,,,104239.0,,,6.0,,
ALSHIFA,3141A - HONEY BOTTLE 100-400ML,3141 - HONEY,MEDICINE & BABY CARE,1.0,,,2.0,,,1.0,,,68650.0,,,68650.0,,,4.0,,
FLORA,3141A - HONEY BOTTLE 100-400ML,3141 - HONEY,MEDICINE & BABY CARE,1.0,1.0,0.0,4.0,2.33,-0.4175,1.0,1.17,0.17,59850.0,59829.0,-0.0004,59850.0,70000.0,0.1696,8.0,6.0,-0.25
MADU ENAK,3141A - HONEY BOTTLE 100-400ML,3141 - HONEY,MEDICINE & BABY CARE,1.0,,,0.5,,,1.0,,,58500.0,,,58500.0,,,1.0,,
MADU TJ,3141A - HONEY BOTTLE 100-400ML,3141 - HONEY,MEDICINE & BABY CARE,1.05,1.04,-0.0095,64.0,28.33,-0.5573,1.03,1.09,0.0583,29295.0,30360.0,0.0364,30174.0,33092.0,0.0967,124.0,78.0,-0.371
MADU URAY,3141A - HONEY BOTTLE 100-400ML,3141 - HONEY,MEDICINE & BABY CARE,,1.06,,,6.0,,,1.0,,,27972.0,,,27972.0,,,18.0,
MADURASA,3141A - HONEY BOTTLE 100-400ML,3141 - HONEY,MEDICINE & BABY CARE,1.01,1.03,0.0198,47.5,11.67,-0.7543,1.04,1.03,-0.0096,20445.0,20377.0,-0.0033,21263.0,20988.0,-0.0129,91.0,34.0,-0.6264
NUSANTARA,3141A - HONEY BOTTLE 100-400ML,3141 - HONEY,MEDICINE & BABY CARE,1.23,1.1,-0.1057,6.5,7.0,0.0769,1.0,1.11,0.11,99585.0,86705.0,-0.1293,99585.0,96243.0,-0.0336,13.0,19.0,0.4615
MADU TJ,3141B - HONEY BOTTLE 650ML,3141 - HONEY,MEDICINE & BABY CARE,1.0,1.0,0.0,4.0,2.33,-0.4175,1.0,1.0,0.0,74125.0,77900.0,0.0509,74125.0,77900.0,0.0509,8.0,7.0,-0.125
MADURASA,3141B - HONEY BOTTLE 650ML,3141 - HONEY,MEDICINE & BABY CARE,1.0,,,1.0,,,1.0,,,117500.0,,,117500.0,,,2.0,,
MADU ENAK,3141C - HONEY BOX,3141 - HONEY,MEDICINE & BABY CARE,1.0,,,0.5,,,1.0,,,11000.0,,,11000.0,,,1.0,,
MADURASA,3141C - HONEY BOX,3141 - HONEY,MEDICINE & BABY CARE,1.04,1.03,-0.0096,24.5,10.67,-0.5645,1.2,1.07,-0.1083,13439.0,13484.0,0.0033,16127.0,14428.0,-0.1054,41.0,30.0,-0.2683
CALADINE,3258B - TALCUM POWDER 60-100G,3258 - TALCUM POWDER,MEDICINE & BABY CARE,1.03,1.07,0.0388,15.5,5.0,-0.6774,1.0,1.07,0.07,25613.0,27600.0,0.0776,25613.0,29532.0,0.153,31.0,14.0,-0.5484
HEROCYN,3258B - TALCUM POWDER 60-100G,3258 - TALCUM POWDER,MEDICINE & BABY CARE,1.05,1.0,-0.0476,10.0,3.33,-0.667,1.11,1.0,-0.0991,18035.0,17460.0,-0.0319,20019.0,17460.0,-0.1278,18.0,10.0,-0.4444
ALFA,3313A - WET TISSUE,3313 - WET TISSUE,MEDICINE & BABY CARE,1.18,1.22,0.0339,64.0,45.67,-0.2864,1.0,1.04,0.04,7652.0,7933.0,0.0367,7652.0,8250.0,0.0781,128.0,132.0,0.0312
ALFAMART,3313A - WET TISSUE,3313 - WET TISSUE,MEDICINE & BABY CARE,1.0,1.05,0.05,13.0,14.33,0.1023,1.13,1.02,-0.0973,9508.0,11453.0,0.2046,10744.0,11682.0,0.0873,23.0,42.0,0.8261
CUSSONS,3313A - WET TISSUE,3313 - WET TISSUE,MEDICINE & BABY CARE,1.21,1.16,-0.0413,91.0,57.0,-0.3736,1.31,1.17,-0.1069,23344.0,21772.0,-0.0673,30581.0,25473.0,-0.167,139.0,146.0,0.0504
KODOMO,3313A - WET TISSUE,3313 - WET TISSUE,MEDICINE & BABY CARE,1.22,1.13,-0.0738,573.0,187.67,-0.6725,1.29,1.26,-0.0233,17864.0,16565.0,-0.0727,23045.0,20872.0,-0.0943,890.0,448.0,-0.4966
MAMY POKO,3313A - WET TISSUE,3313 - WET TISSUE,MEDICINE & BABY CARE,1.41,1.19,-0.156,148.0,29.33,-0.8018,1.36,1.33,-0.0221,30252.0,25657.0,-0.1519,41143.0,34124.0,-0.1706,218.0,66.0,-0.6972
MITU,3313A - WET TISSUE,3313 - WET TISSUE,MEDICINE & BABY CARE,1.23,1.19,-0.0325,252.0,157.0,-0.377,1.22,1.13,-0.0738,17268.0,16866.0,-0.0233,21067.0,19059.0,-0.0953,412.0,417.0,0.0121
MY BABY,3313A - WET TISSUE,3313 - WET TISSUE,MEDICINE & BABY CARE,1.1,1.11,0.0091,113.0,26.33,-0.767,1.14,1.1,-0.0351,21646.0,19600.0,-0.0945,24676.0,21560.0,-0.1263,199.0,72.0,-0.6382
PASEO,3313A - WET TISSUE,3313 - WET TISSUE,MEDICINE & BABY CARE,1.17,1.1,-0.0598,198.0,25.67,-0.8704,1.16,1.12,-0.0345,15083.0,14260.0,-0.0546,17496.0,15971.0,-0.0872,340.0,69.0,-0.7971
WETKINS,3313A - WET TISSUE,3313 - WET TISSUE,MEDICINE & BABY CARE,1.0,,,0.5,,,1.0,,,12700.0,,,12700.0,,,1.0,,
YUNIKON,3313A - WET TISSUE,3313 - WET TISSUE,MEDICINE & BABY CARE,1.21,1.14,-0.0579,179.5,64.0,-0.6435,1.29,1.21,-0.062,14338.0,13585.0,-0.0525,18496.0,16438.0,-0.1113,278.0,159.0,-0.4281
ALFAMART,3333A - BABY COTTON REF,3333 - BABY COTTON,MEDICINE & BABY CARE,1.17,1.15,-0.0171,339.5,177.67,-0.4767,1.06,1.09,0.0283,7472.0,7260.0,-0.0284,7920.0,7913.0,-0.0009,643.0,488.0,-0.2411
CHARMI,3333A - BABY COTTON REF,3333 - BABY COTTON,MEDICINE & BABY CARE,1.0,,,0.5,,,1.0,,,30500.0,,,30500.0,,,1.0,,
PIGEON,3333A - BABY COTTON REF,3333 - BABY COTTON,MEDICINE & BABY CARE,1.0,,,0.5,,,1.0,,,41100.0,,,41100.0,,,1.0,,
ALFAMART,3333B - BABY COTTON BUD POT,3333 - BABY COTTON,MEDICINE & BABY CARE,1.0,1.04,0.04,54.5,27.67,-0.4923,1.0,1.01,0.01,10232.0,10480.0,0.0242,10232.0,10585.0,0.0345,109.0,82.0,-0.2477
ALFAMART,3334A - REGULER COTTON BUD REF,3334 - REGULER COTTON BUD,MEDICINE & BABY CARE,1.12,1.15,0.0268,307.0,174.33,-0.4321,1.06,1.07,0.0094,7242.0,7375.0,0.0184,7677.0,7891.0,0.0279,581.0,487.0,-0.1618
SELECTION,3334B - REGULER COTTON BUD POT,3334 - REGULER COTTON BUD,MEDICINE & BABY CARE,1.02,1.04,0.0196,66.5,46.0,-0.3083,1.0,1.02,0.02,13950.0,14243.0,0.021,13950.0,14528.0,0.0414,133.0,135.0,0.015
GENTLY,3411A - BABY SHAMPOO 50-100ML,3411 - BABY SHAMPOO,MEDICINE & BABY CARE,1.0,,,0.5,,,1.0,,,60000.0,,,60000.0,,,1.0,,
JOHNSONS,3411A - BABY SHAMPOO 50-100ML,3411 - BABY SHAMPOO,MEDICINE & BABY CARE,1.04,1.05,0.0096,23.0,19.67,-0.1448,1.12,1.26,0.125,18243.0,18378.0,0.0074,20432.0,23156.0,0.1333,41.0,47.0,0.1463
MY BABY,3411A - BABY SHAMPOO 50-100ML,3411 - BABY SHAMPOO,MEDICINE & BABY CARE,1.09,1.1,0.0092,22.0,10.0,-0.5455,1.05,1.0,-0.0476,12311.0,12373.0,0.005,12927.0,12373.0,-0.0429,42.0,30.0,-0.2857
ZWITSAL,3411A - BABY SHAMPOO 50-100ML,3411 - BABY SHAMPOO,MEDICINE & BABY CARE,1.08,1.09,0.0093,19.5,11.67,-0.4015,1.11,1.03,-0.0721,19469.0,19720.0,0.0129,21611.0,20312.0,-0.0601,35.0,34.0,-0.0286
JOHNSONS,3411B - BABY SHAMPOO 125-200ML,3411 - BABY SHAMPOO,MEDICINE & BABY CARE,1.0,,,0.5,,,1.0,,,22900.0,,,22900.0,,,1.0,,
ZWITSAL,3411C - BABY SHAMPOO 250-750ML,3411 - BABY SHAMPOO,MEDICINE & BABY CARE,1.67,,,1.5,,,1.0,,,49133.0,,,49133.0,,,3.0,,
CUSSONS,3412A - BABY BAR SOAP,3412 - BABY BAR SOAP,MEDICINE & BABY CARE,1.38,1.39,0.0072,23.5,7.67,-0.6736,1.09,1.05,-0.0367,8315.0,8317.0,0.0002,9063.0,8733.0,-0.0364,43.0,22.0,-0.4884
MY BABY,3412A - BABY BAR SOAP,3412 - BABY BAR SOAP,MEDICINE & BABY CARE,1.51,1.55,0.0265,44.0,20.0,-0.5455,1.14,1.13,-0.0088,8299.0,7922.0,-0.0454,9461.0,8952.0,-0.0538,77.0,53.0,-0.3117
ZWITSAL,3412A - BABY BAR SOAP,3412 - BABY BAR SOAP,MEDICINE & BABY CARE,1.22,1.51,0.2377,47.5,31.67,-0.3333,1.12,1.1,-0.0179,6157.0,7528.0,0.2227,6896.0,8281.0,0.2008,85.0,86.0,0.0118
BIRTH BEYOND,3413A - BABY COLOGNE 100-150ML,3413 - BABY COLOGNE,MEDICINE & BABY CARE,1.0,,,0.5,,,1.0,,,37000.0,,,37000.0,,,1.0,,
CUSSONS,3413A - BABY COLOGNE 100-150ML,3413 - BABY COLOGNE,MEDICINE & BABY CARE,1.09,1.03,-0.055,23.0,9.67,-0.5796,1.1,1.07,-0.0273,29630.0,28176.0,-0.0491,32593.0,30148.0,-0.075,42.0,27.0,-0.3571
GENTLY,3413A - BABY COLOGNE 100-150ML,3413 - BABY COLOGNE,MEDICINE & BABY CARE,1.0,,,0.5,,,1.0,,,34900.0,,,34900.0,,,1.0,,
JOHNSONS,3413A - BABY COLOGNE 100-150ML,3413 - BABY COLOGNE,MEDICINE & BABY CARE,1.08,1.02,-0.0556,60.0,28.0,-0.5333,1.08,1.12,0.037,31018.0,29707.0,-0.0423,33499.0,33272.0,-0.0068,111.0,75.0,-0.3243
MY BABY,3413A - BABY COLOGNE 100-150ML,3413 - BABY COLOGNE,MEDICINE & BABY CARE,1.18,1.0,-0.1525,5.5,1.0,-0.8182,1.38,1.0,-0.2754,26591.0,22500.0,-0.1538,36696.0,22500.0,-0.3869,8.0,3.0,-0.625
ZWITSAL,3413A - BABY COLOGNE 100-150ML,3413 - BABY COLOGNE,MEDICINE & BABY CARE,2.5,,,3.0,,,1.2,,,63350.0,,,76020.0,,,5.0,,
CUSSONS,3414A - BABY TALCUM POWDER 75-200G,3414 - BABY TALCUM POWDER,MEDICINE & BABY CARE,1.05,1.06,0.0095,39.5,16.67,-0.578,1.05,1.02,-0.0286,10866.0,11588.0,0.0664,11409.0,11820.0,0.036,75.0,49.0,-0.3467
KONICARE,3414A - BABY TALCUM POWDER 75-200G,3414 - BABY TALCUM POWDER,MEDICINE & BABY CARE,2.0,,,2.0,,,1.33,,,32625.0,,,43391.0,,,3.0,,
MY BABY,3414A - BABY TALCUM POWDER 75-200G,3414 - BABY TALCUM POWDER,MEDICINE & BABY CARE,1.09,1.03,-0.055,104.0,62.33,-0.4007,1.08,1.07,-0.0093,11187.0,10720.0,-0.0417,12082.0,11470.0,-0.0507,192.0,174.0,-0.0938
PIGEON,3414A - BABY TALCUM POWDER 75-200G,3414 - BABY TALCUM POWDER,MEDICINE & BABY CARE,1.0,,,1.5,,,1.0,,,56700.0,,,56700.0,,,3.0,,
MY BABY,3414B - BABY TALCUM POWDER 300-350G,3414 - BABY TALCUM POWDER,MEDICINE & BABY CARE,1.24,1.02,-0.1774,50.5,19.0,-0.6238,1.05,1.04,-0.0095,21718.0,18568.0,-0.145,22804.0,19311.0,-0.1532,96.0,55.0,-0.4271
JOHNSONS,3415A - BABY LOTION,"3415 - BABY LOTION, OIL & CREAM",MEDICINE & BABY CARE,1.02,1.0,-0.0196,29.0,12.33,-0.5748,1.02,1.03,0.0098,25647.0,21051.0,-0.1792,26160.0,21683.0,-0.1711,57.0,36.0,-0.3684
LOLUNA,3415A - BABY LOTION,"3415 - BABY LOTION, OIL & CREAM",MEDICINE & BABY CARE,1.0,,,2.5,,,1.0,,,51460.0,,,51460.0,,,5.0,,
MOELL,3415A - BABY LOTION,"3415 - BABY LOTION, OIL & CREAM",MEDICINE & BABY CARE,1.33,,,1.5,,,1.0,,,105800.0,,,105800.0,,,3.0,,
PIGEON,3415A - BABY LOTION,"3415 - BABY LOTION, OIL & CREAM",MEDICINE & BABY CARE,1.0,1.0,0.0,0.5,1.0,1.0,1.0,1.0,0.0,26400.0,26500.0,0.0038,26400.0,26500.0,0.0038,1.0,3.0,2.0
ZWITSAL,3415A - BABY LOTION,"3415 - BABY LOTION, OIL & CREAM",MEDICINE & BABY CARE,2.8,,,2.5,,,1.25,,,115640.0,,,144550.0,,,4.0,,
CUSSONS,3415B - BABY OIL,"3415 - BABY LOTION, OIL & CREAM",MEDICINE & BABY CARE,1.02,1.0,-0.0196,32.0,14.33,-0.5522,1.0,1.0,0.0,16727.0,16228.0,-0.0298,16727.0,16228.0,-0.0298,64.0,43.0,-0.3281
JOHNSONS,3415B - BABY OIL,"3415 - BABY LOTION, OIL & CREAM",MEDICINE & BABY CARE,1.06,1.0,-0.0566,25.0,19.33,-0.2268,1.02,1.0,-0.0196,15152.0,18255.0,0.2048,15455.0,18255.0,0.1812,49.0,58.0,0.1837
MY BABY,3415B - BABY OIL,"3415 - BABY LOTION, OIL & CREAM",MEDICINE & BABY CARE,1.0,1.0,0.0,5.5,5.0,-0.0909,1.0,1.0,0.0,19909.0,19900.0,-0.0005,19909.0,19900.0,-0.0005,11.0,15.0,0.3636
CUSSONS,3415C - BABY CREAM,"3415 - BABY LOTION, OIL & CREAM",MEDICINE & BABY CARE,1.17,1.05,-0.1026,65.5,20.67,-0.6844,1.15,1.07,-0.0696,24315.0,20115.0,-0.1727,27962.0,21523.0,-0.2303,114.0,58.0,-0.4912
JOHNSONS,3415C - BABY CREAM,"3415 - BABY LOTION, OIL & CREAM",MEDICINE & BABY CARE,1.0,,,2.5,,,1.0,,,24840.0,,,24840.0,,,5.0,,
LOLUNA,3415C - BABY CREAM,"3415 - BABY LOTION, OIL & CREAM",MEDICINE & BABY CARE,1.33,,,1.5,,,1.0,,,70300.0,,,70300.0,,,3.0,,
MOELL,3415C - BABY CREAM,"3415 - BABY LOTION, OIL & CREAM",MEDICINE & BABY CARE,3.33,,,1.5,,,1.0,,,275233.0,,,275233.0,,,3.0,,
MY BABY,3415C - BABY CREAM,"3415 - BABY LOTION, OIL & CREAM",MEDICINE & BABY CARE,1.09,1.01,-0.0734,29.0,24.33,-0.161,1.04,1.06,0.0192,18598.0,18155.0,-0.0238,19342.0,19244.0,-0.0051,56.0,69.0,0.2321
NUBIKO,3415C - BABY CREAM,"3415 - BABY LOTION, OIL & CREAM",MEDICINE & BABY CARE,1.0,,,2.5,,,1.0,,,85340.0,,,85340.0,,,5.0,,
PURE BABY,3415C - BABY CREAM,"3415 - BABY LOTION, OIL & CREAM",MEDICINE & BABY CARE,1.0,,,1.0,,,1.0,,,39500.0,,,39500.0,,,2.0,,
ZWITSAL,3415C - BABY CREAM,"3415 - BABY LOTION, OIL & CREAM",MEDICINE & BABY CARE,1.08,1.02,-0.0556,41.5,18.67,-0.5501,1.04,1.0,-0.0385,23954.0,21845.0,-0.088,24912.0,21845.0,-0.1231,80.0,56.0,-0.3
BIRTH BEYOND,3415D - BABY HAIR LOTION,"3415 - BABY LOTION, OIL & CREAM",MEDICINE & BABY CARE,1.0,,,1.0,,,1.0,,,30900.0,,,30900.0,,,2.0,,
CUSSONS,3415D - BABY HAIR LOTION,"3415 - BABY LOTION, OIL & CREAM",MEDICINE & BABY CARE,1.02,1.03,0.0098,55.0,30.67,-0.4424,1.1,1.08,-0.0182,23219.0,24767.0,0.0667,25541.0,26748.0,0.0473,100.0,85.0,-0.15
LOLUNA,3415D - BABY HAIR LOTION,"3415 - BABY LOTION, OIL & CREAM",MEDICINE & BABY CARE,1.5,,,1.0,,,1.0,,,49050.0,,,49050.0,,,2.0,,
MOELL,3415D - BABY HAIR LOTION,"3415 - BABY LOTION, OIL & CREAM",MEDICINE & BABY CARE,1.0,,,0.5,,,1.0,,,70300.0,,,70300.0,,,1.0,,
MY BABY,3415D - BABY HAIR LOTION,"3415 - BABY LOTION, OIL & CREAM",MEDICINE & BABY CARE,1.04,1.08,0.0385,22.5,8.33,-0.6298,1.02,1.09,0.0686,24969.0,25836.0,0.0347,25468.0,28161.0,0.1057,44.0,23.0,-0.4773
TROPEE BEBE,3415D - BABY HAIR LOTION,"3415 - BABY LOTION, OIL & CREAM",MEDICINE & BABY CARE,1.0,,,0.5,,,1.0,,,52900.0,,,52900.0,,,1.0,,
ZWITSAL,3415D - BABY HAIR LOTION,"3415 - BABY LOTION, OIL & CREAM",MEDICINE & BABY CARE,1.09,1.0,-0.0826,47.5,19.67,-0.5859,1.06,1.04,-0.0189,34156.0,31176.0,-0.0872,36205.0,32423.0,-0.1045,90.0,57.0,-0.3667
CUSSONS,3416A - BABY LIQUID SOAP 100-300ML,3416 - BABY LIQUID SOAP,MEDICINE & BABY CARE,1.08,1.02,-0.0556,49.0,15.67,-0.6802,1.07,1.04,-0.028,32527.0,30536.0,-0.0612,34804.0,31757.0,-0.0875,92.0,45.0,-0.5109
EXPERT CARE,3416A - BABY LIQUID SOAP 100-300ML,3416 - BABY LIQUID SOAP,MEDICINE & BABY CARE,1.0,,,0.5,,,1.0,,,85900.0,,,85900.0,,,1.0,,
JOHNSONS,3416A - BABY LIQUID SOAP 100-300ML,3416 - BABY LIQUID SOAP,MEDICINE & BABY CARE,1.05,1.04,-0.0095,33.0,16.67,-0.4948,1.05,1.09,0.0381,25148.0,25846.0,0.0278,26405.0,28172.0,0.0669,63.0,46.0,-0.2698
LACTACYD,3416A - BABY LIQUID SOAP 100-300ML,3416 - BABY LIQUID SOAP,MEDICINE & BABY CARE,1.0,1.18,0.18,20.0,7.33,-0.6335,1.14,1.1,-0.0351,41502.0,46459.0,0.1194,47312.0,51105.0,0.0802,35.0,20.0,-0.4286
LOLUNA,3416A - BABY LIQUID SOAP 100-300ML,3416 - BABY LIQUID SOAP,MEDICINE & BABY CARE,1.0,,,1.0,,,1.0,,,36750.0,,,36750.0,,,2.0,,
MY BABY,3416A - BABY LIQUID SOAP 100-300ML,3416 - BABY LIQUID SOAP,MEDICINE & BABY CARE,1.14,1.01,-0.114,54.5,31.33,-0.4251,1.14,1.03,-0.0965,27171.0,26185.0,-0.0363,30975.0,26971.0,-0.1293,96.0,91.0,-0.0521
PROBABY,3416A - BABY LIQUID SOAP 100-300ML,3416 - BABY LIQUID SOAP,MEDICINE & BABY CARE,1.0,,,1.0,,,1.0,,,15600.0,,,15600.0,,,2.0,,
SLEEK,3416A - BABY LIQUID SOAP 100-300ML,3416 - BABY LIQUID SOAP,MEDICINE & BABY CARE,1.0,,,0.5,,,1.0,,,26900.0,,,26900.0,,,1.0,,
ZWITSAL,3416A - BABY LIQUID SOAP 100-300ML,3416 - BABY LIQUID SOAP,MEDICINE & BABY CARE,1.21,1.03,-0.1488,87.5,32.67,-0.6266,1.09,1.08,-0.0092,39263.0,34099.0,-0.1315,42797.0,36827.0,-0.1395,160.0,91.0,-0.4312
BABY-DEE,3416B - BABY LIQUID SOAP 400-600ML,3416 - BABY LIQUID SOAP,MEDICINE & BABY CARE,1.0,,,1.0,,,1.0,,,41900.0,,,41900.0,,,2.0,,
CETAPHIL,3416B - BABY LIQUID SOAP 400-600ML,3416 - BABY LIQUID SOAP,MEDICINE & BABY CARE,1.0,,,0.5,,,1.0,,,174900.0,,,174900.0,,,1.0,,
CUSSONS,3416B - BABY LIQUID SOAP 400-600ML,3416 - BABY LIQUID SOAP,MEDICINE & BABY CARE,1.05,1.07,0.019,29.0,19.0,-0.3448,1.05,1.06,0.0095,31447.0,33395.0,0.0619,33019.0,35399.0,0.0721,55.0,54.0,-0.0182
JOHNSONS,3416B - BABY LIQUID SOAP 400-600ML,3416 - BABY LIQUID SOAP,MEDICINE & BABY CARE,1.04,1.06,0.0192,44.5,15.67,-0.6479,1.06,1.04,-0.0189,39640.0,39732.0,0.0023,42018.0,41321.0,-0.0166,84.0,45.0,-0.4643
KODOMO,3416B - BABY LIQUID SOAP 400-600ML,3416 - BABY LIQUID SOAP,MEDICINE & BABY CARE,1.11,1.04,-0.0631,121.0,67.67,-0.4407,1.15,1.15,0.0,31448.0,29274.0,-0.0691,36165.0,33665.0,-0.0691,211.0,176.0,-0.1659
MITU,3416B - BABY LIQUID SOAP 400-600ML,3416 - BABY LIQUID SOAP,MEDICINE & BABY CARE,1.0,,,0.5,,,1.0,,,31500.0,,,31500.0,,,1.0,,
MY BABY,3416B - BABY LIQUID SOAP 400-600ML,3416 - BABY LIQUID SOAP,MEDICINE & BABY CARE,1.28,1.15,-0.1016,125.0,41.0,-0.672,1.22,1.15,-0.0574,35556.0,30963.0,-0.1292,43378.0,35607.0,-0.1791,205.0,107.0,-0.478
PURE BABY,3416B - BABY LIQUID SOAP 400-600ML,3416 - BABY LIQUID SOAP,MEDICINE & BABY CARE,1.5,,,2.0,,,1.0,,,73225.0,,,73225.0,,,4.0,,
YUNIKON,3416B - BABY LIQUID SOAP 400-600ML,3416 - BABY LIQUID SOAP,MEDICINE & BABY CARE,1.02,,,27.5,,,1.08,,,24335.0,,,26282.0,,,51.0,,
ZWITSAL,3416B - BABY LIQUID SOAP 400-600ML,3416 - BABY LIQUID SOAP,MEDICINE & BABY CARE,1.12,1.09,-0.0268,69.5,33.33,-0.5204,1.11,1.11,0.0,43895.0,43024.0,-0.0198,48723.0,47757.0,-0.0198,125.0,90.0,-0.28
CUSSONS,3417A - BABY LIQUID DET,3417 - BABY LIQUID DET & SOFTENER,MEDICINE & BABY CARE,1.0,,,1.0,,,1.0,,,42500.0,,,42500.0,,,2.0,,
MY BABY,3417A - BABY LIQUID DET,3417 - BABY LIQUID DET & SOFTENER,MEDICINE & BABY CARE,1.6,,,2.5,,,1.0,,,29600.0,,,29600.0,,,5.0,,
SLEEK,3417A - BABY LIQUID DET,3417 - BABY LIQUID DET & SOFTENER,MEDICINE & BABY CARE,1.1,1.0,-0.0909,25.0,4.67,-0.8132,1.11,1.0,-0.0991,32174.0,28214.0,-0.1231,35713.0,28214.0,-0.21,45.0,14.0,-0.6889
MY BABY,3417B - BABY FABRIC SOFTENER,3417 - BABY LIQUID DET & SOFTENER,MEDICINE & BABY CARE,2.94,,,9.0,,,1.2,,,75083.0,,,90100.0,,,15.0,,
SLEEK,3417B - BABY FABRIC SOFTENER,3417 - BABY LIQUID DET & SOFTENER,MEDICINE & BABY CARE,,1.11,,,3.0,,,1.0,,,31000.0,,,31000.0,,,9.0,
DEE - DEE,3421B - KIDS SHAMPOO 125-200ML,3421 - KIDS SHAMPOO,MEDICINE & BABY CARE,2.29,,,3.5,,,1.0,,,27200.0,,,27200.0,,,7.0,,
JOHNSONS,3421B - KIDS SHAMPOO 125-200ML,3421 - KIDS SHAMPOO,MEDICINE & BABY CARE,1.0,,,1.5,,,1.0,,,25900.0,,,25900.0,,,3.0,,
KODOMO,3421B - KIDS SHAMPOO 125-200ML,3421 - KIDS SHAMPOO,MEDICINE & BABY CARE,1.1,1.08,-0.0182,70.5,57.33,-0.1868,1.06,1.08,0.0189,19733.0,19475.0,-0.0131,20917.0,21033.0,0.0055,133.0,159.0,0.1955
MASTER,3421B - KIDS SHAMPOO 125-200ML,3421 - KIDS SHAMPOO,MEDICINE & BABY CARE,1.12,,,4.0,,,1.33,,,17212.0,,,22892.0,,,6.0,,
MY BABY,3421B - KIDS SHAMPOO 125-200ML,3421 - KIDS SHAMPOO,MEDICINE & BABY CARE,1.14,1.09,-0.0439,118.0,25.0,-0.7881,1.13,1.1,-0.0265,18467.0,16193.0,-0.1231,20868.0,17812.0,-0.1464,208.0,68.0,-0.6731
DEE - DEE,3421C - KIDS SHAMPOO 250-750ML,3421 - KIDS SHAMPOO,MEDICINE & BABY CARE,1.0,,,0.5,,,1.0,,,22900.0,,,22900.0,,,1.0,,
CUSSONS,3422A - KIDS COLOGNE,3422 - KIDS COLOGNE,MEDICINE & BABY CARE,1.06,1.03,-0.0283,25.5,12.0,-0.5294,1.06,1.03,-0.0283,21424.0,21008.0,-0.0194,22709.0,21638.0,-0.0472,48.0,35.0,-0.2708
DOREMI,3422A - KIDS COLOGNE,3422 - KIDS COLOGNE,MEDICINE & BABY CARE,1.03,1.08,0.0485,17.0,13.33,-0.2159,1.0,1.05,0.05,22032.0,22675.0,0.0292,22032.0,23809.0,0.0807,34.0,38.0,0.1176
MASTER,3422A - KIDS COLOGNE,3422 - KIDS COLOGNE,MEDICINE & BABY CARE,1.02,1.0,-0.0196,21.0,11.67,-0.4443,1.02,1.03,0.0098,19676.0,19557.0,-0.006,20070.0,20144.0,0.0037,41.0,34.0,-0.1707
MY BABY,3422A - KIDS COLOGNE,3422 - KIDS COLOGNE,MEDICINE & BABY CARE,1.15,1.05,-0.087,109.0,65.33,-0.4006,1.21,1.11,-0.0826,18318.0,16748.0,-0.0857,22165.0,18590.0,-0.1613,180.0,177.0,-0.0167
PIGEON,3422A - KIDS COLOGNE,3422 - KIDS COLOGNE,MEDICINE & BABY CARE,1.0,,,0.5,,,1.0,,,33100.0,,,33100.0,,,1.0,,
PURE KIDS,3422A - KIDS COLOGNE,3422 - KIDS COLOGNE,MEDICINE & BABY CARE,1.0,,,1.0,,,1.0,,,45400.0,,,45400.0,,,2.0,,
DOREMI,3423A - KIDS LIQUID SOAP,3423 - KIDS LIQUID SOAP,MEDICINE & BABY CARE,1.0,1.16,0.16,21.5,10.67,-0.5037,1.23,1.1,-0.1057,21814.0,24606.0,0.128,26831.0,27067.0,0.0088,35.0,29.0,-0.1714
KODOMO,3423A - KIDS LIQUID SOAP,3423 - KIDS LIQUID SOAP,MEDICINE & BABY CARE,1.15,1.05,-0.087,100.5,33.33,-0.6684,1.08,1.06,-0.0185,26016.0,23474.0,-0.0977,28097.0,24882.0,-0.1144,186.0,94.0,-0.4946
MY BABY,3423A - KIDS LIQUID SOAP,3423 - KIDS LIQUID SOAP,MEDICINE & BABY CARE,1.2,1.07,-0.1083,42.5,18.33,-0.5687,1.08,1.08,0.0,21118.0,17975.0,-0.1488,22807.0,19413.0,-0.1488,79.0,51.0,-0.3544
ZWITSAL,3423A - KIDS LIQUID SOAP,3423 - KIDS LIQUID SOAP,MEDICINE & BABY CARE,1.13,1.08,-0.0442,76.5,8.0,-0.8954,1.12,1.09,-0.0268,28702.0,29612.0,0.0317,32146.0,32277.0,0.0041,136.0,22.0,-0.8382
B&B,3424A - TOOTH PASTE KIDS 45-60G,3424 - TOOTH PASTE KIDS,MEDICINE & BABY CARE,1.0,,,1.5,,,1.5,,,6833.0,,,10250.0,,,2.0,,
COLGATE,3424A - TOOTH PASTE KIDS 45-60G,3424 - TOOTH PASTE KIDS,MEDICINE & BABY CARE,1.15,1.11,-0.0348,17.0,12.33,-0.2747,1.06,1.19,0.1226,19132.0,18768.0,-0.019,20280.0,22334.0,0.1013,32.0,31.0,-0.0312
DARLIE,3424A - TOOTH PASTE KIDS 45-60G,3424 - TOOTH PASTE KIDS,MEDICINE & BABY CARE,1.0,,,0.5,,,1.0,,,17900.0,,,17900.0,,,1.0,,
DEE - DEE,3424A - TOOTH PASTE KIDS 45-60G,3424 - TOOTH PASTE KIDS,MEDICINE & BABY CARE,1.0,,,1.0,,,1.0,,,6600.0,,,6600.0,,,2.0,,
ENZIM,3424A - TOOTH PASTE KIDS 45-60G,3424 - TOOTH PASTE KIDS,MEDICINE & BABY CARE,1.09,1.06,-0.0275,67.0,21.67,-0.6766,1.2,1.03,-0.1417,18856.0,18725.0,-0.0069,22627.0,19287.0,-0.1476,112.0,63.0,-0.4375
JORDAN,3424A - TOOTH PASTE KIDS 45-60G,3424 - TOOTH PASTE KIDS,MEDICINE & BABY CARE,2.0,,,3.5,,,1.4,,,64200.0,,,89880.0,,,5.0,,
KODOMO,3424A - TOOTH PASTE KIDS 45-60G,3424 - TOOTH PASTE KIDS,MEDICINE & BABY CARE,1.2,1.21,0.0083,248.5,118.0,-0.5252,1.12,1.12,0.0,9295.0,9403.0,0.0116,10410.0,10531.0,0.0116,444.0,317.0,-0.286
MY BABY,3424A - TOOTH PASTE KIDS 45-60G,3424 - TOOTH PASTE KIDS,MEDICINE & BABY CARE,1.44,1.48,0.0278,63.0,28.67,-0.5449,1.03,1.08,0.0485,10018.0,10226.0,0.0208,10319.0,11044.0,0.0703,122.0,80.0,-0.3443
PEPSODENT,3424A - TOOTH PASTE KIDS 45-60G,3424 - TOOTH PASTE KIDS,MEDICINE & BABY CARE,1.14,1.11,-0.0263,91.0,36.0,-0.6044,1.09,1.07,-0.0183,10058.0,10208.0,0.0149,10963.0,10923.0,-0.0036,167.0,101.0,-0.3952
PURE KIDS,3424A - TOOTH PASTE KIDS 45-60G,3424 - TOOTH PASTE KIDS,MEDICINE & BABY CARE,2.0,,,0.5,,,1.0,,,98000.0,,,98000.0,,,1.0,,
COLGATE,3425A - TOOTH BRUSH KIDS,3425 - TOOTH BRUSH KIDS,MEDICINE & BABY CARE,1.12,1.0,-0.1071,8.0,5.33,-0.3338,1.0,1.0,0.0,32113.0,28738.0,-0.1051,32113.0,28738.0,-0.1051,16.0,16.0,0.0
FORMULA,3425A - TOOTH BRUSH KIDS,3425 - TOOTH BRUSH KIDS,MEDICINE & BABY CARE,1.06,1.05,-0.0094,46.5,33.0,-0.2903,1.01,1.01,0.0,13142.0,12943.0,-0.0151,13273.0,13072.0,-0.0151,92.0,98.0,0.0652
JORDAN,3425A - TOOTH BRUSH KIDS,3425 - TOOTH BRUSH KIDS,MEDICINE & BABY CARE,1.5,,,3.0,,,1.0,,,24033.0,,,24033.0,,,6.0,,
KODOMO,3425A - TOOTH BRUSH KIDS,3425 - TOOTH BRUSH KIDS,MEDICINE & BABY CARE,1.17,1.19,0.0171,209.5,111.67,-0.467,1.06,1.06,0.0,14069.0,14368.0,0.0213,14913.0,15230.0,0.0213,396.0,317.0,-0.1995
ORAL-B,3425A - TOOTH BRUSH KIDS,3425 - TOOTH BRUSH KIDS,MEDICINE & BABY CARE,1.2,1.23,0.025,47.0,16.0,-0.6596,1.07,1.0,-0.0654,15387.0,15733.0,0.0225,16464.0,15733.0,-0.0444,88.0,48.0,-0.4545
PEPSODENT,3425A - TOOTH BRUSH KIDS,3425 - TOOTH BRUSH KIDS,MEDICINE & BABY CARE,1.22,1.16,-0.0492,37.0,16.67,-0.5495,1.01,1.02,0.0099,16588.0,16726.0,0.0083,16754.0,17061.0,0.0183,73.0,49.0,-0.3288
BELLAGIO,3426A - KIDS HAIR VITAMIN,3426 - KIDS HAIR VITAMIN,MEDICINE & BABY CARE,1.0,1.0,0.0,12.0,7.0,-0.4167,1.0,1.05,0.05,15567.0,15514.0,-0.0034,15567.0,16290.0,0.0464,24.0,20.0,-0.1667
SOFTEX,3441A - MOTHER CARE,3441 - MOTHER CARE,MEDICINE & BABY CARE,,1.0,,,0.33,,,1.0,,,64900.0,,,64900.0,,,1.0,
HUKI,"3443A - NURSING,BOTTLE,PACIFIER DOT","3443 - NURSING, BOTTLE & PACIFIER",MEDICINE & BABY CARE,1.04,1.0,-0.0385,13.0,5.0,-0.6154,1.04,1.0,-0.0385,30415.0,39787.0,0.3081,31632.0,39787.0,0.2578,25.0,15.0,-0.4
PHILIPS AVENT,"3443A - NURSING,BOTTLE,PACIFIER DOT","3443 - NURSING, BOTTLE & PACIFIER",MEDICINE & BABY CARE,1.0,1.0,0.0,2.5,3.0,0.2,1.0,1.29,0.29,72480.0,75167.0,0.0371,72480.0,96965.0,0.3378,5.0,7.0,0.4
PIGEON,"3443A - NURSING,BOTTLE,PACIFIER DOT","3443 - NURSING, BOTTLE & PACIFIER",MEDICINE & BABY CARE,1.06,1.08,0.0189,17.5,12.67,-0.276,1.09,1.09,0.0,44954.0,46661.0,0.038,49000.0,50860.0,0.038,32.0,35.0,0.0938
HUKI,"3443B - NURSING,BOTTLE,PACIFIER BTL","3443 - NURSING, BOTTLE & PACIFIER",MEDICINE & BABY CARE,1.0,1.0,0.0,4.5,4.33,-0.0378,1.0,1.0,0.0,37444.0,37400.0,-0.0012,37444.0,37400.0,-0.0012,9.0,13.0,0.4444
PHILIPS AVENT,"3443B - NURSING,BOTTLE,PACIFIER BTL","3443 - NURSING, BOTTLE & PACIFIER",MEDICINE & BABY CARE,1.12,1.04,-0.0714,13.0,9.33,-0.2823,1.08,1.04,-0.037,53546.0,52825.0,-0.0135,57830.0,54938.0,-0.05,24.0,27.0,0.125
PIGEON,"3443B - NURSING,BOTTLE,PACIFIER BTL","3443 - NURSING, BOTTLE & PACIFIER",MEDICINE & BABY CARE,1.03,1.07,0.0388,15.5,10.0,-0.3548,1.03,1.07,0.0388,54397.0,49927.0,-0.0822,56029.0,53422.0,-0.0465,30.0,28.0,-0.0667
CUSSONS,3444A - BABY EQUIPMENT,3444 - BABY EQUIPMENT,MEDICINE & BABY CARE,1.0,1.0,0.0,7.0,0.67,-0.9043,1.08,1.0,-0.0741,57379.0,29300.0,-0.4894,61969.0,29300.0,-0.5272,13.0,2.0,-0.8462
JOHNSONS,3444A - BABY EQUIPMENT,3444 - BABY EQUIPMENT,MEDICINE & BABY CARE,1.0,,,0.5,,,1.0,,,109900.0,,,109900.0,,,1.0,,
MOELL,3444A - BABY EQUIPMENT,3444 - BABY EQUIPMENT,MEDICINE & BABY CARE,1.0,,,0.5,,,1.0,,,210900.0,,,210900.0,,,1.0,,
PIGEON,3444A - BABY EQUIPMENT,3444 - BABY EQUIPMENT,MEDICINE & BABY CARE,1.0,1.0,0.0,5.5,3.0,-0.4545,1.0,1.0,0.0,42309.0,43100.0,0.0187,42309.0,43100.0,0.0187,11.0,9.0,-0.1818
ZWITSAL,3444A - BABY EQUIPMENT,3444 - BABY EQUIPMENT,MEDICINE & BABY CARE,13.82,,,5.5,,,5.5,,,389673.0,,,2143202.0,,,2.0,,
CUSSONS,3446A - BABY LIQUID CLEANSER,3446 - BABY LIQUID CLEANSER,MEDICINE & BABY CARE,1.12,1.09,-0.0268,39.0,22.33,-0.4274,1.2,1.12,-0.0667,24471.0,23007.0,-0.0598,29365.0,25768.0,-0.1225,65.0,60.0,-0.0769
MY BABY,3446A - BABY LIQUID CLEANSER,3446 - BABY LIQUID CLEANSER,MEDICINE & BABY CARE,1.19,1.33,0.1176,52.0,2.0,-0.9615,1.12,1.0,-0.1071,21819.0,20267.0,-0.0711,24437.0,20267.0,-0.1706,93.0,6.0,-0.9355
PIGEON,3446A - BABY LIQUID CLEANSER,3446 - BABY LIQUID CLEANSER,MEDICINE & BABY CARE,4.0,,,0.5,,,1.0,,,181800.0,,,181800.0,,,1.0,,
PROBABY,3446A - BABY LIQUID CLEANSER,3446 - BABY LIQUID CLEANSER,MEDICINE & BABY CARE,1.15,1.06,-0.0783,45.5,21.0,-0.5385,1.2,1.12,-0.0667,22967.0,23316.0,0.0152,27560.0,26114.0,-0.0525,76.0,56.0,-0.2632
SLEEK,3446A - BABY LIQUID CLEANSER,3446 - BABY LIQUID CLEANSER,MEDICINE & BABY CARE,1.09,1.04,-0.0459,77.0,22.67,-0.7056,1.16,1.05,-0.0948,28720.0,24479.0,-0.1477,33315.0,25703.0,-0.2285,133.0,65.0,-0.5113
BIG FOOT,2321A - POCKET CANDY,2321 - POCKET CANDY,MEJA KASIR,1.52,1.54,0.0132,110.5,49.33,-0.5536,1.28,1.17,-0.0859,6742.0,7233.0,0.0728,8630.0,8463.0,-0.0194,172.0,126.0,-0.2674
CANNON BALL,2321A - POCKET CANDY,2321 - POCKET CANDY,MEJA KASIR,1.15,1.16,0.0087,59.5,33.33,-0.4398,1.03,1.05,0.0194,6254.0,6436.0,0.0291,6442.0,6758.0,0.0491,115.0,95.0,-0.1739
FROZZ,2321A - POCKET CANDY,2321 - POCKET CANDY,MEJA KASIR,1.09,1.18,0.0826,106.0,89.33,-0.1573,1.1,1.2,0.0909,10414.0,11169.0,0.0725,11455.0,13403.0,0.1701,193.0,223.0,0.1554
FRUZZ,2321A - POCKET CANDY,2321 - POCKET CANDY,MEJA KASIR,1.19,1.36,0.1429,42.5,9.33,-0.7805,1.04,1.0,-0.0385,5573.0,5971.0,0.0714,5796.0,5971.0,0.0302,82.0,28.0,-0.6585
JLO,2321A - POCKET CANDY,2321 - POCKET CANDY,MEJA KASIR,1.09,1.11,0.0183,44.5,27.0,-0.3933,1.09,1.07,-0.0183,10831.0,11060.0,0.0211,11806.0,11834.0,0.0024,82.0,76.0,-0.0732
KOALA-LA,2321A - POCKET CANDY,2321 - POCKET CANDY,MEJA KASIR,1.49,1.37,-0.0805,111.0,76.0,-0.3153,1.14,1.16,0.0175,8604.0,7921.0,-0.0794,9809.0,9188.0,-0.0633,195.0,197.0,0.0103
KOPIKO,2321A - POCKET CANDY,2321 - POCKET CANDY,MEJA KASIR,1.07,1.09,0.0187,65.0,43.0,-0.3385,1.05,1.07,0.019,10898.0,10728.0,-0.0156,11443.0,11479.0,0.0031,124.0,121.0,-0.0242
MARI CAFE,2321A - POCKET CANDY,2321 - POCKET CANDY,MEJA KASIR,1.23,1.31,0.065,31.0,33.0,0.0645,1.09,1.11,0.0183,13381.0,14226.0,0.0631,14585.0,15791.0,0.0827,57.0,89.0,0.5614
MENTOS,2321A - POCKET CANDY,2321 - POCKET CANDY,MEJA KASIR,1.44,1.83,0.2708,655.5,336.33,-0.4869,1.17,1.15,-0.0171,7334.0,8435.0,0.1501,8581.0,9700.0,0.1304,1122.0,877.0,-0.2184
MILKITA,2321A - POCKET CANDY,2321 - POCKET CANDY,MEJA KASIR,1.16,1.31,0.1293,310.5,185.33,-0.4031,1.09,1.1,0.0092,6100.0,6868.0,0.1259,6649.0,7555.0,0.1363,569.0,504.0,-0.1142
SUGUS,2321A - POCKET CANDY,2321 - POCKET CANDY,MEJA KASIR,1.14,1.23,0.0789,107.0,57.33,-0.4642,1.13,1.12,-0.0088,7984.0,6414.0,-0.1966,9022.0,7184.0,-0.2037,190.0,153.0,-0.1947
SUPER ZUPER,2321A - POCKET CANDY,2321 - POCKET CANDY,MEJA KASIR,,1.18,,,30.0,,,1.06,,,5242.0,,,5557.0,,,85.0,
PEZ,2321B - POCKET CANDY TOY,2321 - POCKET CANDY,MEJA KASIR,1.17,1.04,-0.1111,12.0,8.0,-0.3333,1.04,1.0,-0.0385,43229.0,38421.0,-0.1112,44958.0,38421.0,-0.1454,23.0,24.0,0.0435
SWEET FUN,2321B - POCKET CANDY TOY,2321 - POCKET CANDY,MEJA KASIR,1.02,1.05,0.0294,23.0,25.0,0.087,1.02,1.01,-0.0098,32500.0,32215.0,-0.0088,33150.0,32537.0,-0.0185,45.0,74.0,0.6444
FISHERMAN'S,2321C - POCKET CANDY FRESHING THROAT,2321 - POCKET CANDY,MEJA KASIR,1.19,1.14,-0.042,218.0,141.33,-0.3517,1.14,1.19,0.0439,26260.0,25049.0,-0.0461,29936.0,29808.0,-0.0043,384.0,356.0,-0.0729
GO FRESS,2321C - POCKET CANDY FRESHING THROAT,2321 - POCKET CANDY,MEJA KASIR,1.1,1.11,0.0091,36.5,33.0,-0.0959,1.04,1.05,0.0096,15929.0,14657.0,-0.0799,16566.0,15390.0,-0.071,70.0,94.0,0.3429
HEXOS,2321C - POCKET CANDY FRESHING THROAT,2321 - POCKET CANDY,MEJA KASIR,1.31,1.23,-0.0611,92.0,71.0,-0.2283,1.11,1.11,0.0,5436.0,5296.0,-0.0258,6034.0,5879.0,-0.0257,166.0,192.0,0.1566
PAGODA,2321C - POCKET CANDY FRESHING THROAT,2321 - POCKET CANDY,MEJA KASIR,1.11,1.04,-0.0631,28.5,18.0,-0.3684,1.04,1.08,0.0385,12595.0,11504.0,-0.0866,13099.0,12424.0,-0.0515,55.0,50.0,-0.0909
RICOLA,2321C - POCKET CANDY FRESHING THROAT,2321 - POCKET CANDY,MEJA KASIR,1.12,1.23,0.0982,20.5,26.33,0.2844,1.05,1.07,0.019,26366.0,28649.0,0.0866,27684.0,30654.0,0.1073,39.0,74.0,0.8974
SIDOMUNCUL,2321C - POCKET CANDY FRESHING THROAT,2321 - POCKET CANDY,MEJA KASIR,1.71,1.78,0.0409,115.0,64.0,-0.4435,1.13,1.32,0.1681,6317.0,6480.0,0.0258,7138.0,8554.0,0.1984,203.0,145.0,-0.2857
STREPSILS,2321C - POCKET CANDY FRESHING THROAT,2321 - POCKET CANDY,MEJA KASIR,1.1,1.09,-0.0091,155.0,115.67,-0.2537,1.07,1.05,-0.0187,26203.0,26262.0,0.0023,28037.0,27575.0,-0.0165,291.0,329.0,0.1306
WOODS',2321C - POCKET CANDY FRESHING THROAT,2321 - POCKET CANDY,MEJA KASIR,1.29,1.31,0.0155,132.5,82.0,-0.3811,1.2,1.18,-0.0167,12606.0,12872.0,0.0211,15127.0,15189.0,0.0041,220.0,209.0,-0.05
CHUPA CHUPS,2321D - LOLLIPOP CANDY,2321 - POCKET CANDY,MEJA KASIR,1.26,1.66,0.3175,895.5,326.67,-0.6352,1.19,1.2,0.0084,3361.0,5280.0,0.571,4000.0,6336.0,0.584,1510.0,819.0,-0.4576
JAGOAN NEON,2321D - LOLLIPOP CANDY,2321 - POCKET CANDY,MEJA KASIR,,1.13,,,42.67,,,1.06,,,4692.0,,,4974.0,,,121.0,
JLO,2321D - LOLLIPOP CANDY,2321 - POCKET CANDY,MEJA KASIR,1.35,1.17,-0.1333,43.0,7.67,-0.8216,1.13,1.05,-0.0708,7984.0,6143.0,-0.2306,9022.0,6450.0,-0.2851,76.0,22.0,-0.7105
MILKITA,2321D - LOLLIPOP CANDY,2321 - POCKET CANDY,MEJA KASIR,1.47,1.23,-0.1633,176.0,120.67,-0.3144,1.17,1.15,-0.0171,7416.0,6471.0,-0.1274,8677.0,7442.0,-0.1423,301.0,316.0,0.0498
ALAMII,2321E - POCKET CANDY GUMMY,2321 - POCKET CANDY,MEJA KASIR,1.3,1.16,-0.1077,87.0,41.0,-0.5287,1.14,1.15,0.0088,16517.0,14820.0,-0.1027,18829.0,17043.0,-0.0949,153.0,107.0,-0.3007
ALFAMART,2321E - POCKET CANDY GUMMY,2321 - POCKET CANDY,MEJA KASIR,1.24,1.16,-0.0645,77.0,61.33,-0.2035,1.08,1.05,-0.0278,5462.0,4928.0,-0.0978,5899.0,5174.0,-0.1229,142.0,175.0,0.2324
AMOS,2321E - POCKET CANDY GUMMY,2321 - POCKET CANDY,MEJA KASIR,1.03,1.05,0.0194,30.5,28.67,-0.06,1.02,1.09,0.0686,11297.0,11509.0,0.0188,11523.0,12545.0,0.0887,60.0,79.0,0.3167
CHUPA CHUPS,2321E - POCKET CANDY GUMMY,2321 - POCKET CANDY,MEJA KASIR,1.55,1.25,-0.1935,232.0,96.0,-0.5862,1.17,1.17,0.0,6827.0,5616.0,-0.1774,7988.0,6571.0,-0.1774,396.0,247.0,-0.3763
FOX'S,2321E - POCKET CANDY GUMMY,2321 - POCKET CANDY,MEJA KASIR,1.0,1.92,0.92,1.5,117.0,77.0,1.0,1.12,0.12,6500.0,12470.0,0.9185,6500.0,13966.0,1.1486,3.0,313.0,103.3333
FRUTA GUMMY,2321E - POCKET CANDY GUMMY,2321 - POCKET CANDY,MEJA KASIR,1.42,1.22,-0.1408,88.0,80.67,-0.0833,1.17,1.21,0.0342,7056.0,6224.0,-0.1179,8256.0,7531.0,-0.0878,151.0,200.0,0.3245
JLO,2321E - POCKET CANDY GUMMY,2321 - POCKET CANDY,MEJA KASIR,,1.25,,,44.67,,,1.15,,,7410.0,,,8522.0,,,117.0,
KORORO,2321E - POCKET CANDY GUMMY,2321 - POCKET CANDY,MEJA KASIR,1.16,1.07,-0.0776,31.5,22.33,-0.2911,1.05,1.1,0.0476,17460.0,16537.0,-0.0529,18333.0,18191.0,-0.0077,60.0,61.0,0.0167
RELAXA,2321E - POCKET CANDY GUMMY,2321 - POCKET CANDY,MEJA KASIR,1.24,1.11,-0.1048,98.0,66.33,-0.3232,1.08,1.12,0.037,6827.0,6017.0,-0.1186,7373.0,6739.0,-0.086,182.0,178.0,-0.022
WONHAE,2321E - POCKET CANDY GUMMY,2321 - POCKET CANDY,MEJA KASIR,1.11,1.11,0.0,109.5,106.67,-0.0258,1.11,1.08,-0.027,11936.0,12337.0,0.0336,13249.0,13324.0,0.0057,197.0,297.0,0.5076
YUPI,2321E - POCKET CANDY GUMMY,2321 - POCKET CANDY,MEJA KASIR,1.41,1.33,-0.0567,1361.5,846.33,-0.3784,1.31,1.32,0.0076,7770.0,7192.0,-0.0744,10179.0,9493.0,-0.0674,2074.0,1926.0,-0.0714
CADBURY,2332A - BLOCK CHOCOLATE 10-29G,2332 - BLOCK CHOCOLATE,MEJA KASIR,1.16,1.2,0.0345,96.5,66.67,-0.3091,1.12,1.1,-0.0179,11805.0,12173.0,0.0312,13222.0,13390.0,0.0127,173.0,182.0,0.052
DELFI,2332A - BLOCK CHOCOLATE 10-29G,2332 - BLOCK CHOCOLATE,MEJA KASIR,,1.0,,,0.33,,,1.0,,,9700.0,,,9700.0,,,1.0,
MILO,2332A - BLOCK CHOCOLATE 10-29G,2332 - BLOCK CHOCOLATE,MEJA KASIR,1.35,1.17,-0.1333,97.0,42.0,-0.567,1.2,1.22,0.0167,6771.0,6455.0,-0.0467,8125.0,7875.0,-0.0308,161.0,103.0,-0.3602
SILVER QUEEN,2332A - BLOCK CHOCOLATE 10-29G,2332 - BLOCK CHOCOLATE,MEJA KASIR,1.41,1.27,-0.0993,436.5,209.0,-0.5212,1.12,1.12,0.0,15670.0,14336.0,-0.0851,17550.0,16056.0,-0.0851,782.0,561.0,-0.2826
BELLA,2332B - BLOCK CHOCOLATE 30-49G,2332 - BLOCK CHOCOLATE,MEJA KASIR,1.42,1.12,-0.2113,117.0,2.67,-0.9772,1.23,1.0,-0.187,13774.0,11188.0,-0.1877,16942.0,11188.0,-0.3396,190.0,8.0,-0.9579
CHOMP-CHOMP,2332B - BLOCK CHOCOLATE 30-49G,2332 - BLOCK CHOCOLATE,MEJA KASIR,1.09,1.03,-0.055,21.5,20.67,-0.0386,1.02,1.07,0.049,15137.0,14300.0,-0.0553,15440.0,15301.0,-0.009,42.0,58.0,0.381
DELFI,2332B - BLOCK CHOCOLATE 30-49G,2332 - BLOCK CHOCOLATE,MEJA KASIR,1.13,1.12,-0.0088,59.0,8.33,-0.8588,1.12,1.0,-0.1071,20352.0,19912.0,-0.0216,22794.0,19912.0,-0.1264,105.0,25.0,-0.7619
VAN HOUTEN,2332B - BLOCK CHOCOLATE 30-49G,2332 - BLOCK CHOCOLATE,MEJA KASIR,1.0,,,1.0,,,1.0,,,18100.0,,,18100.0,,,2.0,,
CADBURY,2332C - BLOCK CHOCOLATE 50-99G,2332 - BLOCK CHOCOLATE,MEJA KASIR,1.26,1.37,0.0873,580.0,375.0,-0.3534,1.2,1.18,-0.0167,25413.0,28501.0,0.1215,30496.0,33631.0,0.1028,969.0,954.0,-0.0155
DARK WONDER,2332C - BLOCK CHOCOLATE 50-99G,2332 - BLOCK CHOCOLATE,MEJA KASIR,1.64,1.29,-0.2134,55.0,10.33,-0.8122,1.13,1.0,-0.115,35985.0,27781.0,-0.228,40663.0,27781.0,-0.3168,97.0,31.0,-0.6804
DELFI,2332C - BLOCK CHOCOLATE 50-99G,2332 - BLOCK CHOCOLATE,MEJA KASIR,1.25,1.09,-0.128,16.0,15.67,-0.0206,1.45,1.15,-0.2069,18112.0,15779.0,-0.1288,26262.0,18146.0,-0.309,22.0,41.0,0.8636
SILVER QUEEN,2332C - BLOCK CHOCOLATE 50-99G,2332 - BLOCK CHOCOLATE,MEJA KASIR,1.6,1.62,0.0125,2059.0,1187.0,-0.4235,1.19,1.22,0.0252,32067.0,30920.0,-0.0358,38160.0,37722.0,-0.0115,3453.0,2921.0,-0.1541
CADBURY,2332D - BLOCK CHOCOLATE >100G,2332 - BLOCK CHOCOLATE,MEJA KASIR,1.0,,,3.5,,,1.4,,,89329.0,,,125061.0,,,5.0,,
CADBURY,2332E - BLOCK CHOCOLATE PACK,2332 - BLOCK CHOCOLATE,MEJA KASIR,1.0,,,3.0,,,1.0,,,35900.0,,,35900.0,,,6.0,,
DARK WONDER,2332E - BLOCK CHOCOLATE PACK,2332 - BLOCK CHOCOLATE,MEJA KASIR,1.0,1.0,0.0,1.0,0.33,-0.67,1.0,1.0,0.0,21900.0,22100.0,0.0091,21900.0,22100.0,0.0091,2.0,1.0,-0.5
SILVER QUEEN,2332E - BLOCK CHOCOLATE PACK,2332 - BLOCK CHOCOLATE,MEJA KASIR,1.0,,,1.0,,,1.0,,,27200.0,,,27200.0,,,2.0,,
CHUPA CHUPS,2341A - POCKET CHEWING GUM 10-40G,2341 - POCKET CHEWING GUM,MEJA KASIR,1.11,1.13,0.018,48.0,26.0,-0.4583,1.02,1.1,0.0784,5448.0,5660.0,0.0389,5557.0,6226.0,0.1204,94.0,71.0,-0.2447
HAPPYDENT,2341A - POCKET CHEWING GUM 10-40G,2341 - POCKET CHEWING GUM,MEJA KASIR,1.06,1.06,0.0,140.0,104.0,-0.2571,1.08,1.18,0.0926,7846.0,7822.0,-0.0031,8474.0,9230.0,0.0892,260.0,265.0,0.0192
CHUPA CHUPS,2341C - POCKET CHEWING GUM STICK,2341 - POCKET CHEWING GUM,MEJA KASIR,1.58,1.47,-0.0696,254.0,167.67,-0.3399,1.09,1.13,0.0367,6255.0,5868.0,-0.0619,6818.0,6631.0,-0.0274,467.0,446.0,-0.045
WRIGLEY'S,2341C - POCKET CHEWING GUM STICK,2341 - POCKET CHEWING GUM,MEJA KASIR,1.06,,,17.0,,,1.13,,,5176.0,,,5849.0,,,30.0,,
HAPPYDENT,2342A - BOTTLE CHEWING GUM,2342 - BOTTLE CHEWING GUM,MEJA KASIR,1.03,1.07,0.0388,80.0,52.0,-0.35,1.04,1.11,0.0673,12126.0,14396.0,0.1872,12611.0,15980.0,0.2671,154.0,141.0,-0.0844
LOTTE,2342A - BOTTLE CHEWING GUM,2342 - BOTTLE CHEWING GUM,MEJA KASIR,1.07,1.09,0.0187,112.0,97.0,-0.1339,1.13,1.11,-0.0177,15498.0,13511.0,-0.1282,17513.0,14997.0,-0.1437,198.0,262.0,0.3232
HAPPYDENT,2343A - BAG CHEWING GUM 50-130G,2343 - BAG CHEWING GUM,MEJA KASIR,1.01,1.1,0.0891,34.5,36.0,0.0435,1.23,1.15,-0.065,15439.0,16402.0,0.0624,18990.0,18862.0,-0.0067,56.0,94.0,0.6786
CURCUMA,3117A - KIDS VITAMINS BOTTLE,3117 - KIDS VITAMINS,MEJA KASIR,1.02,1.03,0.0098,31.5,11.67,-0.6295,1.03,1.03,0.0,39206.0,42189.0,0.0761,40382.0,43455.0,0.0761,61.0,34.0,-0.4426
IMBOOST,3117A - KIDS VITAMINS BOTTLE,3117 - KIDS VITAMINS,MEJA KASIR,1.0,1.22,0.22,14.5,13.67,-0.0572,1.16,1.11,-0.0431,31814.0,38451.0,0.2086,36904.0,42681.0,0.1565,25.0,37.0,0.48
SCOTT'S,3117A - KIDS VITAMINS BOTTLE,3117 - KIDS VITAMINS,MEJA KASIR,1.0,,,3.5,,,1.0,,,88286.0,,,88286.0,,,7.0,,
STIMUNO,3117A - KIDS VITAMINS BOTTLE,3117 - KIDS VITAMINS,MEJA KASIR,1.0,,,1.5,,,1.5,,,40500.0,,,60750.0,,,2.0,,
TJ JOYBEE,3117A - KIDS VITAMINS BOTTLE,3117 - KIDS VITAMINS,MEJA KASIR,1.04,1.0,-0.0385,40.0,23.0,-0.425,1.1,1.13,0.0273,21138.0,22633.0,0.0707,23252.0,25575.0,0.0999,73.0,61.0,-0.1644
FITKOM,3117B - KIDS VITAMINS TABLET,3117 - KIDS VITAMINS,MEJA KASIR,1.24,1.1,-0.1129,35.0,10.33,-0.7049,1.17,1.15,-0.0171,24207.0,21929.0,-0.0941,28322.0,25218.0,-0.1096,60.0,27.0,-0.55
HOLISTICARE,3117B - KIDS VITAMINS TABLET,3117 - KIDS VITAMINS,MEJA KASIR,2.0,,,0.5,,,1.0,,,85800.0,,,85800.0,,,1.0,,
IMBOOST,3117B - KIDS VITAMINS TABLET,3117 - KIDS VITAMINS,MEJA KASIR,1.42,1.07,-0.2465,33.0,5.0,-0.8485,1.27,1.15,-0.0945,53723.0,40307.0,-0.2497,68228.0,46353.0,-0.3206,52.0,13.0,-0.75
SAKATONIK,3117B - KIDS VITAMINS TABLET,3117 - KIDS VITAMINS,MEJA KASIR,1.04,1.2,0.1538,120.5,19.67,-0.8368,1.15,1.18,0.0261,28183.0,32603.0,0.1568,32410.0,38472.0,0.187,209.0,50.0,-0.7608
BLACKMORES,3117C - KIDS VITAMINS GUMMY,3117 - KIDS VITAMINS,MEJA KASIR,1.0,,,2.0,,,1.0,,,235000.0,,,235000.0,,,4.0,,
CEREBROFORT,3117C - KIDS VITAMINS GUMMY,3117 - KIDS VITAMINS,MEJA KASIR,1.28,1.07,-0.1641,88.5,30.33,-0.6573,1.19,1.17,-0.0168,21563.0,18802.0,-0.128,25660.0,21998.0,-0.1427,149.0,78.0,-0.4765
COOL-VITA,3117C - KIDS VITAMINS GUMMY,3117 - KIDS VITAMINS,MEJA KASIR,1.4,,,2.5,,,1.0,,,48920.0,,,48920.0,,,5.0,,
EXPERT BOOST,3117C - KIDS VITAMINS GUMMY,3117 - KIDS VITAMINS,MEJA KASIR,1.0,,,3.0,,,1.2,,,69417.0,,,83300.0,,,5.0,,
FITKOM,3117C - KIDS VITAMINS GUMMY,3117 - KIDS VITAMINS,MEJA KASIR,1.26,1.24,-0.0159,25.0,8.33,-0.6668,1.11,1.0,-0.0991,15044.0,14836.0,-0.0138,16699.0,14836.0,-0.1116,45.0,25.0,-0.4444
TJ JOYBEE,3117C - KIDS VITAMINS GUMMY,3117 - KIDS VITAMINS,MEJA KASIR,1.09,,,5.5,,,1.0,,,10991.0,,,10991.0,,,11.0,,
VIDORAN,3117C - KIDS VITAMINS GUMMY,3117 - KIDS VITAMINS,MEJA KASIR,1.04,1.2,0.1538,14.0,5.0,-0.6429,1.22,1.07,-0.123,20364.0,23880.0,0.1727,24844.0,25552.0,0.0285,23.0,14.0,-0.3913
YOUVIT,3117C - KIDS VITAMINS GUMMY,3117 - KIDS VITAMINS,MEJA KASIR,1.09,1.03,-0.055,28.0,10.67,-0.6189,1.19,1.19,0.0,30470.0,20216.0,-0.3365,36259.0,24057.0,-0.3365,47.0,27.0,-0.4255
AKURAT,3122A - PREGNANT TEST,3122 - PREGNANT TEST & CONTRACEPTION,MEJA KASIR,1.03,1.07,0.0388,47.0,9.33,-0.8015,1.12,1.08,-0.0357,16995.0,17775.0,0.0459,19034.0,19197.0,0.0086,84.0,26.0,-0.6905
ANDALAN,3122A - PREGNANT TEST,3122 - PREGNANT TEST & CONTRACEPTION,MEJA KASIR,1.23,1.13,-0.0813,95.0,20.67,-0.7824,1.12,1.09,-0.0268,9391.0,9068.0,-0.0344,10518.0,9884.0,-0.0603,169.0,57.0,-0.6627
SENSITIF,3122A - PREGNANT TEST,3122 - PREGNANT TEST & CONTRACEPTION,MEJA KASIR,1.02,1.05,0.0294,21.5,6.67,-0.6898,1.08,1.0,-0.0741,35191.0,35920.0,0.0207,38006.0,35920.0,-0.0549,40.0,20.0,-0.5
SURE TEZ,3122A - PREGNANT TEST,3122 - PREGNANT TEST & CONTRACEPTION,MEJA KASIR,1.0,,,3.0,,,1.0,,,25900.0,,,25900.0,,,6.0,,
DUREX,3122B - CONDOM,3122 - PREGNANT TEST & CONTRACEPTION,MEJA KASIR,1.11,1.11,0.0,97.5,29.0,-0.7026,1.16,1.14,-0.0172,30831.0,32446.0,0.0524,35764.0,36988.0,0.0342,168.0,76.0,-0.5476
FIESTA,3122B - CONDOM,3122 - PREGNANT TEST & CONTRACEPTION,MEJA KASIR,1.12,1.14,0.0179,73.0,16.33,-0.7763,1.15,1.04,-0.0957,24347.0,26137.0,0.0735,27999.0,27182.0,-0.0292,127.0,47.0,-0.6299
OKAMOTO,3122B - CONDOM,3122 - PREGNANT TEST & CONTRACEPTION,MEJA KASIR,1.22,1.05,-0.1393,44.0,6.33,-0.8561,1.22,1.12,-0.082,32872.0,47342.0,0.4402,40104.0,53023.0,0.3221,72.0,17.0,-0.7639
SUTRA,3122B - CONDOM,3122 - PREGNANT TEST & CONTRACEPTION,MEJA KASIR,1.11,1.06,-0.045,263.5,126.33,-0.5206,1.14,1.19,0.0439,24965.0,22665.0,-0.0921,28460.0,26971.0,-0.0523,462.0,318.0,-0.3117
VIVO,3122B - CONDOM,3122 - PREGNANT TEST & CONTRACEPTION,MEJA KASIR,1.02,1.05,0.0294,29.5,7.0,-0.7627,1.09,1.11,0.0183,31954.0,32481.0,0.0165,34830.0,36054.0,0.0351,54.0,19.0,-0.6481
DUREX,3122C - INTIMATE ENHANCEMENT,3122 - PREGNANT TEST & CONTRACEPTION,MEJA KASIR,1.04,1.0,-0.0385,13.0,5.33,-0.59,1.04,1.0,-0.0385,91115.0,87656.0,-0.038,94760.0,87656.0,-0.075,25.0,16.0,-0.36
FIESTA,3122C - INTIMATE ENHANCEMENT,3122 - PREGNANT TEST & CONTRACEPTION,MEJA KASIR,1.0,,,6.5,,,1.0,,,66300.0,,,66300.0,,,13.0,,
LOVERS,3122C - INTIMATE ENHANCEMENT,3122 - PREGNANT TEST & CONTRACEPTION,MEJA KASIR,1.02,1.06,0.0392,23.5,11.0,-0.5319,1.12,1.03,-0.0804,17283.0,18173.0,0.0515,19357.0,18718.0,-0.033,42.0,32.0,-0.2381
MAGIC POWER,3122C - INTIMATE ENHANCEMENT,3122 - PREGNANT TEST & CONTRACEPTION,MEJA KASIR,1.06,1.03,-0.0283,62.0,29.33,-0.5269,1.06,1.05,-0.0094,18418.0,19068.0,0.0353,19523.0,20021.0,0.0255,117.0,84.0,-0.2821
SUTRA,3122C - INTIMATE ENHANCEMENT,3122 - PREGNANT TEST & CONTRACEPTION,MEJA KASIR,1.0,1.09,0.09,36.0,7.67,-0.7869,1.06,1.0,-0.0566,26700.0,30665.0,0.1485,28302.0,30665.0,0.0835,68.0,23.0,-0.6618
VIGEL,3122C - INTIMATE ENHANCEMENT,3122 - PREGNANT TEST & CONTRACEPTION,MEJA KASIR,1.0,1.0,0.0,9.0,7.0,-0.2222,1.0,1.0,0.0,35900.0,37152.0,0.0349,35900.0,37152.0,0.0349,18.0,21.0,0.1667
VIVO,3122C - INTIMATE ENHANCEMENT,3122 - PREGNANT TEST & CONTRACEPTION,MEJA KASIR,1.0,,,0.5,,,1.0,,,65000.0,,,65000.0,,,1.0,,
ABC,4111A - ALKALINE / LITHIUM,4111 - ALKALINE,MEJA KASIR,1.16,1.16,0.0,282.5,175.33,-0.3794,1.05,1.05,0.0,41696.0,39780.0,-0.046,43781.0,41769.0,-0.046,539.0,501.0,-0.0705
ENERGIZER,4111A - ALKALINE / LITHIUM,4111 - ALKALINE,MEJA KASIR,1.06,1.09,0.0283,68.0,49.33,-0.2746,1.04,1.01,-0.0288,34318.0,33228.0,-0.0318,35691.0,33560.0,-0.0597,131.0,146.0,0.1145
ABC,4112A - ZINC CARBON BULAT,4112 - ZINC CARBON,MEJA KASIR,1.13,1.1,-0.0265,387.5,240.33,-0.3798,1.03,1.04,0.0097,21352.0,20704.0,-0.0303,21993.0,21532.0,-0.021,750.0,693.0,-0.076
EVEREADY,4112A - ZINC CARBON BULAT,4112 - ZINC CARBON,MEJA KASIR,1.11,1.1,-0.009,271.5,98.67,-0.6366,1.03,1.04,0.0097,18319.0,18357.0,0.0021,18869.0,19091.0,0.0118,527.0,284.0,-0.4611
ABC,4112B - ZINC CARBON KOTAK,4112 - ZINC CARBON,MEJA KASIR,1.25,1.24,-0.008,10.0,7.0,-0.3,1.0,1.0,0.0,25735.0,25833.0,0.0038,25735.0,25833.0,0.0038,20.0,21.0,0.05
ALFAMART,4633A - LEISURE BAG,4633 - LEISURE BAG,MEJA KASIR,1.04,1.04,0.0,2384.5,2255.0,-0.0543,1.31,1.43,0.0916,3951.0,3912.0,-0.0099,5176.0,5594.0,0.0808,3629.0,4717.0,0.2998
GAGA,1911A - INSTANT FRIED NOODLE 65-100G,1911 - INSTANT NOODLE BAG,NOODLE,2.89,1.72,-0.4048,110.5,15.33,-0.8613,1.1,1.0,-0.0909,10009.0,6198.0,-0.3808,11010.0,6198.0,-0.4371,200.0,46.0,-0.77
INDOMIE,1911A - INSTANT FRIED NOODLE 65-100G,1911 - INSTANT NOODLE BAG,NOODLE,3.36,2.79,-0.1696,1044.5,299.0,-0.7137,1.42,1.3,-0.0845,11234.0,9138.0,-0.1866,15952.0,11879.0,-0.2553,1473.0,689.0,-0.5322
RICHEESE,1911A - INSTANT FRIED NOODLE 65-100G,1911 - INSTANT NOODLE BAG,NOODLE,1.0,,,1.0,,,1.0,,,3500.0,,,3500.0,,,2.0,,
SEDAAP,1911A - INSTANT FRIED NOODLE 65-100G,1911 - INSTANT NOODLE BAG,NOODLE,2.32,2.08,-0.1034,566.0,189.33,-0.6655,1.25,1.21,-0.032,7589.0,6768.0,-0.1082,9486.0,8189.0,-0.1367,908.0,470.0,-0.4824
BURUNG LAYANG,1911B - INSTANT BOILED NOODLE 50-99G,1911 - INSTANT NOODLE BAG,NOODLE,1.0,,,0.5,,,1.0,,,5900.0,,,5900.0,,,1.0,,
GAGA,1911B - INSTANT BOILED NOODLE 50-99G,1911 - INSTANT NOODLE BAG,NOODLE,4.11,1.9,-0.5377,62.0,14.0,-0.7742,1.08,1.08,0.0,11611.0,6945.0,-0.4019,12540.0,7501.0,-0.4018,115.0,39.0,-0.6609
INDOMIE,1911B - INSTANT BOILED NOODLE 50-99G,1911 - INSTANT NOODLE BAG,NOODLE,3.7,2.75,-0.2568,980.5,305.67,-0.6883,1.38,1.34,-0.029,12103.0,8854.0,-0.2684,16702.0,11864.0,-0.2897,1424.0,685.0,-0.519
SEDAAP,1911B - INSTANT BOILED NOODLE 50-99G,1911 - INSTANT NOODLE BAG,NOODLE,2.59,2.38,-0.0811,481.5,158.33,-0.6712,1.21,1.19,-0.0165,8191.0,7642.0,-0.067,9911.0,9094.0,-0.0824,795.0,398.0,-0.4994
ARIRANG,1911D - PREMIUM INSTANT BOILED NOODLE,1911 - INSTANT NOODLE BAG,NOODLE,1.5,,,1.0,,,1.0,,,22850.0,,,22850.0,,,2.0,,
GEKIKARA,1911D - PREMIUM INSTANT BOILED NOODLE,1911 - INSTANT NOODLE BAG,NOODLE,1.47,1.38,-0.0612,30.0,16.67,-0.4443,1.18,1.09,-0.0763,11923.0,11634.0,-0.0242,14069.0,12681.0,-0.0987,51.0,46.0,-0.098
INDOMIE,1911D - PREMIUM INSTANT BOILED NOODLE,1911 - INSTANT NOODLE BAG,NOODLE,1.59,1.67,0.0503,122.5,50.0,-0.5918,1.21,1.19,-0.0165,9725.0,10356.0,0.0649,11767.0,12324.0,0.0473,203.0,126.0,-0.3793
LEMONILO,1911D - PREMIUM INSTANT BOILED NOODLE,1911 - INSTANT NOODLE BAG,NOODLE,1.2,,,12.5,,,1.14,,,8308.0,,,9471.0,,,22.0,,
MUJIGAE,1911D - PREMIUM INSTANT BOILED NOODLE,1911 - INSTANT NOODLE BAG,NOODLE,1.0,1.1,0.1,11.0,3.33,-0.6973,1.0,1.0,0.0,19795.0,21820.0,0.1023,19795.0,21820.0,0.1023,22.0,10.0,-0.5455
NISSIN,1911D - PREMIUM INSTANT BOILED NOODLE,1911 - INSTANT NOODLE BAG,NOODLE,1.25,1.53,0.224,6.0,6.33,0.055,1.0,1.0,0.0,10175.0,16789.0,0.65,10175.0,16789.0,0.65,12.0,19.0,0.5833
NONG SHIM,1911D - PREMIUM INSTANT BOILED NOODLE,1911 - INSTANT NOODLE BAG,NOODLE,1.35,1.21,-0.1037,31.5,9.33,-0.7038,1.24,1.12,-0.0968,21551.0,19939.0,-0.0748,26723.0,22332.0,-0.1643,51.0,25.0,-0.5098
WONHAE,1911D - PREMIUM INSTANT BOILED NOODLE,1911 - INSTANT NOODLE BAG,NOODLE,1.2,1.15,-0.0417,5.0,4.33,-0.134,1.0,1.08,0.08,16740.0,16046.0,-0.0415,16740.0,17330.0,0.0352,10.0,12.0,0.2
INDOMIE,1911E - INSTANT NOODLE BANDED,1911 - INSTANT NOODLE BAG,NOODLE,,1.12,,,26.0,,,1.1,,,18090.0,,,19899.0,,,71.0,
MIGELAS,1911E - INSTANT NOODLE BANDED,1911 - INSTANT NOODLE BAG,NOODLE,1.07,,,20.5,,,1.02,,,12476.0,,,12726.0,,,40.0,,
SEDAAP,1911E - INSTANT NOODLE BANDED,1911 - INSTANT NOODLE BAG,NOODLE,1.32,1.84,0.3939,349.0,414.0,0.1862,1.32,1.49,0.1288,21424.0,28778.0,0.3433,28280.0,42879.0,0.5162,528.0,834.0,0.5795
INDOMIE,1911F - INSTANT FRIED NOODLE >100G,1911 - INSTANT NOODLE BAG,NOODLE,2.73,1.99,-0.2711,356.0,93.67,-0.7369,1.27,1.21,-0.0472,11738.0,8659.0,-0.2623,14907.0,10477.0,-0.2972,559.0,233.0,-0.5832
SARIMI,1911F - INSTANT FRIED NOODLE >100G,1911 - INSTANT NOODLE BAG,NOODLE,2.05,1.37,-0.3317,27.5,10.0,-0.6364,1.25,1.03,-0.176,8909.0,5923.0,-0.3352,11136.0,6101.0,-0.4521,44.0,29.0,-0.3409
SUKSES,1911F - INSTANT FRIED NOODLE >100G,1911 - INSTANT NOODLE BAG,NOODLE,2.4,1.72,-0.2833,81.0,47.67,-0.4115,1.13,1.16,0.0265,10392.0,7484.0,-0.2798,11743.0,8681.0,-0.2608,143.0,123.0,-0.1399
GEKIKARA,1911G - PREMIUM INSTANT FRIED NOODLE,1911 - INSTANT NOODLE BAG,NOODLE,1.35,1.46,0.0815,59.5,30.67,-0.4845,1.1,1.12,0.0182,11104.0,12149.0,0.0941,12214.0,13607.0,0.114,108.0,82.0,-0.2407
INDOMIE,1911G - PREMIUM INSTANT FRIED NOODLE,1911 - INSTANT NOODLE BAG,NOODLE,1.35,1.25,-0.0741,28.5,10.67,-0.6256,1.06,1.0,-0.0566,8114.0,7525.0,-0.0726,8601.0,7525.0,-0.1251,54.0,32.0,-0.4074
KOBE,1911G - PREMIUM INSTANT FRIED NOODLE,1911 - INSTANT NOODLE BAG,NOODLE,1.19,1.0,-0.1597,8.0,1.67,-0.7912,1.0,1.0,0.0,6944.0,5880.0,-0.1532,6944.0,5880.0,-0.1532,16.0,5.0,-0.6875
LEMONILO,1911G - PREMIUM INSTANT FRIED NOODLE,1911 - INSTANT NOODLE BAG,NOODLE,1.6,1.38,-0.1375,48.0,30.67,-0.361,1.16,1.28,0.1034,11161.0,9629.0,-0.1373,12947.0,12325.0,-0.048,83.0,72.0,-0.1325
MUJIGAE,1911G - PREMIUM INSTANT FRIED NOODLE,1911 - INSTANT NOODLE BAG,NOODLE,1.2,1.22,0.0167,2.5,10.67,3.268,1.25,1.03,-0.176,25840.0,12619.0,-0.5116,32300.0,12998.0,-0.5976,4.0,31.0,6.75
PALDO,1911G - PREMIUM INSTANT FRIED NOODLE,1911 - INSTANT NOODLE BAG,NOODLE,,1.0,,,0.67,,,1.0,,,23900.0,,,23900.0,,,2.0,
SAMYANG,1911G - PREMIUM INSTANT FRIED NOODLE,1911 - INSTANT NOODLE BAG,NOODLE,1.33,1.31,-0.015,81.0,36.67,-0.5473,1.1,1.13,0.0273,33305.0,32475.0,-0.0249,36636.0,36697.0,0.0017,147.0,97.0,-0.3401
TASTY,1911G - PREMIUM INSTANT FRIED NOODLE,1911 - INSTANT NOODLE BAG,NOODLE,1.49,1.52,0.0201,37.0,21.67,-0.4143,1.28,1.35,0.0547,9138.0,9517.0,0.0415,11697.0,12848.0,0.0984,58.0,48.0,-0.1724
POP MIE,1912A - INSTANT FRIED NOODLE CUP,1912 - INSTANT NOODLE CUP,NOODLE,1.61,1.27,-0.2112,98.0,35.67,-0.636,1.16,1.1,-0.0517,10258.0,7068.0,-0.311,11899.0,7775.0,-0.3466,169.0,97.0,-0.426
SEDAAP,1912A - INSTANT FRIED NOODLE CUP,1912 - INSTANT NOODLE CUP,NOODLE,1.5,1.59,0.06,60.5,29.33,-0.5152,1.15,1.14,-0.0087,8852.0,9291.0,0.0496,10180.0,10592.0,0.0405,105.0,77.0,-0.2667
GAGA,1912B - INSTANT BOILED NOODLE CUP 35-75G,1912 - INSTANT NOODLE CUP,NOODLE,1.51,1.3,-0.1391,32.5,7.67,-0.764,1.12,1.1,-0.0179,8895.0,8665.0,-0.0259,9962.0,9532.0,-0.0432,58.0,21.0,-0.6379
POP MIE,1912B - INSTANT BOILED NOODLE CUP 35-75G,1912 - INSTANT NOODLE CUP,NOODLE,2.03,1.74,-0.1429,273.5,93.67,-0.6575,1.22,1.14,-0.0656,12229.0,9785.0,-0.1999,14919.0,11155.0,-0.2523,447.0,246.0,-0.4497
SEDAAP,1912B - INSTANT BOILED NOODLE CUP 35-75G,1912 - INSTANT NOODLE CUP,NOODLE,1.51,1.26,-0.1656,53.0,27.33,-0.4843,1.23,1.17,-0.0488,8403.0,7021.0,-0.1645,10336.0,8215.0,-0.2052,86.0,70.0,-0.186
POP MIE,1912C - INSTANT BOILED NOODLE CUP 77-100G,1912 - INSTANT NOODLE CUP,NOODLE,,1.21,,,18.67,,,1.1,,,7171.0,,,7888.0,,,51.0,
SEDAAP,1912C - INSTANT BOILED NOODLE CUP 77-100G,1912 - INSTANT NOODLE CUP,NOODLE,1.56,1.53,-0.0192,86.0,68.33,-0.2055,1.14,1.13,-0.0088,8610.0,8517.0,-0.0108,9815.0,9624.0,-0.0195,151.0,182.0,0.2053
ALFA,1912D - PREMIUM INSTANT NOODLE CUP,1912 - INSTANT NOODLE CUP,NOODLE,1.29,1.21,-0.062,20.5,9.67,-0.5283,1.14,1.0,-0.1228,18678.0,12452.0,-0.3333,21293.0,12452.0,-0.4152,36.0,29.0,-0.1944
ARIRANG,1913A - INSTANT RICE NOODLE,1913 - INSTANT RICE NOODLE,NOODLE,1.5,,,1.0,,,1.0,,,15450.0,,,15450.0,,,2.0,,
BIHUNKU,1913A - INSTANT RICE NOODLE,1913 - INSTANT RICE NOODLE,NOODLE,2.37,2.98,0.2574,120.5,59.33,-0.5076,1.32,1.2,-0.0909,9723.0,11299.0,0.1621,12834.0,13559.0,0.0565,183.0,148.0,-0.1913
SUPER BIHUN,1913A - INSTANT RICE NOODLE,1913 - INSTANT RICE NOODLE,NOODLE,1.81,1.22,-0.326,10.5,3.0,-0.7143,1.24,1.0,-0.1935,11100.0,8156.0,-0.2652,13764.0,8156.0,-0.4074,17.0,9.0,-0.4706
3 AYAM,1914A - EGG NOODLE,1914 - PREPARED NOODLE,NOODLE,1.45,1.75,0.2069,50.0,6.67,-0.8666,1.14,1.0,-0.1228,8554.0,10005.0,0.1696,9752.0,10005.0,0.0259,88.0,20.0,-0.7727
BURUNG LAYANG,1914A - EGG NOODLE,1914 - PREPARED NOODLE,NOODLE,1.71,1.23,-0.2807,12.0,7.33,-0.3892,1.04,1.47,0.4135,11488.0,7741.0,-0.3262,11948.0,11379.0,-0.0476,23.0,15.0,-0.3478
NARAYA,1914B - RICE NOODLE,1914 - PREPARED NOODLE,NOODLE,1.0,,,0.5,,,1.0,,,17500.0,,,17500.0,,,1.0,,
TANAM JAGUNG,1914B - RICE NOODLE,1914 - PREPARED NOODLE,NOODLE,1.12,1.33,0.1875,16.5,4.0,-0.7576,1.14,1.09,-0.0439,13167.0,15600.0,0.1848,15010.0,17004.0,0.1328,29.0,11.0,-0.6207
CRYSTAL,1923A - INSTANT PORRIDGE,1923 - INSTANT PORRIDGE,NOODLE,1.0,,,0.5,,,1.0,,,52500.0,,,52500.0,,,1.0,,
KIMBO,1923A - INSTANT PORRIDGE,1923 - INSTANT PORRIDGE,NOODLE,1.3,1.5,0.1538,5.0,2.0,-0.6,1.0,1.2,0.2,13910.0,16050.0,0.1538,13910.0,19260.0,0.3846,10.0,5.0,-0.5
SUPER BUBUR,1923A - INSTANT PORRIDGE,1923 - INSTANT PORRIDGE,NOODLE,2.84,2.01,-0.2923,53.5,26.33,-0.5079,1.11,1.13,0.018,11610.0,8232.0,-0.291,12887.0,9302.0,-0.2782,96.0,70.0,-0.2708
YUUKA,1923A - INSTANT PORRIDGE,1923 - INSTANT PORRIDGE,NOODLE,3.0,,,0.5,,,1.0,,,55500.0,,,55500.0,,,1.0,,
BARBIE,4314A - STICKER & ALBUM,4314 - STICKER & ALBUM,STICKER,1.0,1.07,0.07,1.0,4.67,3.67,1.0,1.17,0.17,19950.0,21421.0,0.0737,19950.0,25063.0,0.2563,2.0,12.0,5.0
CARS,4314A - STICKER & ALBUM,4314 - STICKER & ALBUM,STICKER,,1.0,,,0.33,,,1.0,,,15700.0,,,15700.0,,,1.0,
DISNEY,4314A - STICKER & ALBUM,4314 - STICKER & ALBUM,STICKER,1.24,1.02,-0.1774,10.5,13.33,0.2695,1.0,1.14,0.14,13210.0,11148.0,-0.1561,13210.0,12709.0,-0.0379,21.0,35.0,0.6667
DISNEY STICKER,4314A - STICKER & ALBUM,4314 - STICKER & ALBUM,STICKER,1.0,1.19,0.19,3.5,5.33,0.5229,1.0,1.0,0.0,20786.0,22269.0,0.0713,20786.0,22269.0,0.0713,7.0,16.0,1.2857
FROZEN,4314A - STICKER & ALBUM,4314 - STICKER & ALBUM,STICKER,1.0,1.0,0.0,0.5,0.33,-0.34,1.0,1.0,0.0,19900.0,19900.0,0.0,19900.0,19900.0,0.0,1.0,1.0,0.0
PUZZLE,4314A - STICKER & ALBUM,4314 - STICKER & ALBUM,STICKER,1.0,1.08,0.08,2.5,8.67,2.468,1.0,1.3,0.3,16500.0,17769.0,0.0769,16500.0,23100.0,0.4,5.0,20.0,3.0
SANRIO,4314A - STICKER & ALBUM,4314 - STICKER & ALBUM,STICKER,1.14,1.0,-0.1228,3.5,4.67,0.3343,1.0,1.0,0.0,22743.0,19900.0,-0.125,22743.0,19900.0,-0.125,7.0,14.0,1.0
UNICORN,4314A - STICKER & ALBUM,4314 - STICKER & ALBUM,STICKER,1.0,1.0,0.0,1.5,2.33,0.5533,1.0,1.0,0.0,19900.0,19900.0,0.0,19900.0,19900.0,0.0,3.0,7.0,1.3333
ALFAMART,3311A - FACIAL TISSUE PACK 200-500S,3311 - FACIAL TISSUE,TISSUE,1.07,1.09,0.0187,823.5,198.67,-0.7587,1.11,1.05,-0.0541,17100.0,16535.0,-0.033,18981.0,17362.0,-0.0853,1479.0,570.0,-0.6146
MONTISS,3311A - FACIAL TISSUE PACK 200-500S,3311 - FACIAL TISSUE,TISSUE,1.22,,,260.0,,,1.3,,,19578.0,,,25451.0,,,401.0,,
MULTI,3311A - FACIAL TISSUE PACK 200-500S,3311 - FACIAL TISSUE,TISSUE,1.04,1.09,0.0481,68.0,68.33,0.0049,1.07,1.01,-0.0561,18519.0,12849.0,-0.3062,19815.0,12977.0,-0.3451,127.0,203.0,0.5984
NICE,3311A - FACIAL TISSUE PACK 200-500S,3311 - FACIAL TISSUE,TISSUE,1.12,1.07,-0.0446,218.0,136.0,-0.3761,1.12,1.09,-0.0268,22892.0,21399.0,-0.0652,25639.0,23325.0,-0.0903,389.0,375.0,-0.036
PASEO,3311A - FACIAL TISSUE PACK 200-500S,3311 - FACIAL TISSUE,TISSUE,1.17,1.11,-0.0513,270.5,101.67,-0.6241,1.26,1.16,-0.0794,23870.0,22604.0,-0.053,30076.0,26221.0,-0.1282,430.0,264.0,-0.386
TESSA,3311A - FACIAL TISSUE PACK 200-500S,3311 - FACIAL TISSUE,TISSUE,1.16,1.13,-0.0259,110.5,79.33,-0.2821,1.13,1.08,-0.0442,27343.0,22852.0,-0.1642,30898.0,24680.0,-0.2012,195.0,221.0,0.1333
ALFAMART,3311B - FACIAL TISSUE PACK >500S,3311 - FACIAL TISSUE,TISSUE,1.08,1.09,0.0093,1477.5,404.33,-0.7263,1.22,1.16,-0.0492,27100.0,27015.0,-0.0031,33062.0,31337.0,-0.0522,2413.0,1045.0,-0.5669
MONTISS,3311B - FACIAL TISSUE PACK >500S,3311 - FACIAL TISSUE,TISSUE,1.76,,,335.0,,,1.2,,,66890.0,,,80268.0,,,559.0,,
MULTI,3311B - FACIAL TISSUE PACK >500S,3311 - FACIAL TISSUE,TISSUE,1.09,1.05,-0.0367,63.5,34.67,-0.454,1.13,1.13,0.0,48753.0,41769.0,-0.1433,55091.0,47199.0,-0.1433,112.0,92.0,-0.1786
NICE,3311B - FACIAL TISSUE PACK >500S,3311 - FACIAL TISSUE,TISSUE,1.19,1.18,-0.0084,80.0,28.0,-0.65,1.31,1.18,-0.0992,54752.0,54285.0,-0.0085,71725.0,64056.0,-0.1069,122.0,71.0,-0.418
TESSA,3311B - FACIAL TISSUE PACK >500S,3311 - FACIAL TISSUE,TISSUE,1.0,,,3.5,,,1.17,,,36200.0,,,42354.0,,,6.0,,
ALFA,3311D - FACIAL TISSUE TRAVEL,3311 - FACIAL TISSUE,TISSUE,,1.53,,,68.67,,,1.03,,,12436.0,,,12809.0,,,200.0,
ALFAMART,3311D - FACIAL TISSUE TRAVEL,3311 - FACIAL TISSUE,TISSUE,1.49,1.45,-0.0268,566.5,299.67,-0.471,1.06,1.07,0.0094,8796.0,8873.0,0.0088,9324.0,9494.0,0.0182,1066.0,840.0,-0.212
FAVOUR,3311D - FACIAL TISSUE TRAVEL,3311 - FACIAL TISSUE,TISSUE,2.78,,,4.5,,,1.12,,,21667.0,,,24267.0,,,8.0,,
PASEO,3311D - FACIAL TISSUE TRAVEL,3311 - FACIAL TISSUE,TISSUE,1.12,1.13,0.0089,302.0,143.0,-0.5265,1.08,1.08,0.0,7831.0,8201.0,0.0472,8457.0,8857.0,0.0473,560.0,397.0,-0.2911
WATERU,3311D - FACIAL TISSUE TRAVEL,3311 - FACIAL TISSUE,TISSUE,1.4,,,2.5,,,1.25,,,12780.0,,,15975.0,,,4.0,,
ALFAMART,3312A - TOILET TISSUE,3312 - HOUSE HOLD TISSUE,TISSUE,1.34,1.07,-0.2015,80.5,23.0,-0.7143,1.3,1.41,0.0846,26637.0,20226.0,-0.2407,34628.0,28519.0,-0.1764,124.0,49.0,-0.6048
NICE,3312A - TOILET TISSUE,3312 - HOUSE HOLD TISSUE,TISSUE,1.0,,,3.0,,,1.0,,,36900.0,,,36900.0,,,6.0,,
PASEO,3312A - TOILET TISSUE,3312 - HOUSE HOLD TISSUE,TISSUE,2.0,,,16.5,,,1.38,,,104158.0,,,143738.0,,,24.0,,
TESSA,3312A - TOILET TISSUE,3312 - HOUSE HOLD TISSUE,TISSUE,1.5,,,3.0,,,1.2,,,80850.0,,,97020.0,,,5.0,,
WATERU,3312A - TOILET TISSUE,3312 - HOUSE HOLD TISSUE,TISSUE,1.17,,,3.0,,,2.0,,,58217.0,,,116434.0,,,3.0,,
PASEO,3312B - NAPKIN,3312 - HOUSE HOLD TISSUE,TISSUE,1.06,1.12,0.0566,63.5,23.0,-0.6378,1.1,1.19,0.0818,16542.0,17648.0,0.0669,18196.0,21001.0,0.1542,115.0,58.0,-0.4957
ALFAMART,3312C - TOWEL TISSUE,3312 - HOUSE HOLD TISSUE,TISSUE,1.02,1.12,0.098,114.0,21.67,-0.8099,1.18,1.18,0.0,19885.0,20995.0,0.0558,23464.0,24774.0,0.0558,194.0,55.0,-0.7165
NICE,3312C - TOWEL TISSUE,3312 - HOUSE HOLD TISSUE,TISSUE,,1.25,,,1.33,,,1.0,,,29325.0,,,29325.0,,,4.0,
PASEO,3312C - TOWEL TISSUE,3312 - HOUSE HOLD TISSUE,TISSUE,1.28,,,23.5,,,1.04,,,40372.0,,,41987.0,,,45.0,,
TESSA,3312C - TOWEL TISSUE,3312 - HOUSE HOLD TISSUE,TISSUE,1.0,,,8.5,,,1.06,,,32135.0,,,34063.0,,,16.0,,
WATERU,3312C - TOWEL TISSUE,3312 - HOUSE HOLD TISSUE,TISSUE,1.0,,,0.5,,,1.0,,,39900.0,,,39900.0,,,1.0,,
DETTOL,3313B - ANTISEPTIC WET TISSUE,3313 - WET TISSUE,TISSUE,1.04,1.12,0.0769,24.0,13.67,-0.4304,1.02,1.0,-0.0196,16738.0,19180.0,0.1459,17073.0,19180.0,0.1234,47.0,41.0,-0.1277
JF,3313B - ANTISEPTIC WET TISSUE,3313 - WET TISSUE,TISSUE,1.0,,,2.0,,,1.0,,,9500.0,,,9500.0,,,4.0,,
NUVO,3313B - ANTISEPTIC WET TISSUE,3313 - WET TISSUE,TISSUE,1.19,1.12,-0.0588,185.0,131.33,-0.2901,1.27,1.13,-0.1102,23958.0,19234.0,-0.1972,30427.0,21734.0,-0.2857,292.0,349.0,0.1952
PASEO,3313B - ANTISEPTIC WET TISSUE,3313 - WET TISSUE,TISSUE,1.06,1.07,0.0094,143.0,53.33,-0.6271,1.08,1.03,-0.0463,11626.0,11712.0,0.0074,12556.0,12063.0,-0.0393,265.0,155.0,-0.4151
SANITER,3313B - ANTISEPTIC WET TISSUE,3313 - WET TISSUE,TISSUE,1.16,1.15,-0.0086,82.0,27.33,-0.6667,1.09,1.05,-0.0367,11352.0,11771.0,0.0369,12374.0,12360.0,-0.0011,151.0,78.0,-0.4834
UNITEI,3313B - ANTISEPTIC WET TISSUE,3313 - WET TISSUE,TISSUE,1.16,1.13,-0.0259,96.0,31.67,-0.6701,1.14,1.03,-0.0965,27759.0,26871.0,-0.032,31645.0,27677.0,-0.1254,168.0,92.0,-0.4524
ANTIS,3123B - HAND SANITIZER,3123 - ANTISEPTIC,TOOTH CARE,1.08,1.15,0.0648,68.0,25.0,-0.6324,1.08,1.03,-0.0463,16498.0,17625.0,0.0683,17818.0,18154.0,0.0189,126.0,73.0,-0.4206
INSTANCE,3123B - HAND SANITIZER,3123 - ANTISEPTIC,TOOTH CARE,1.08,1.05,-0.0278,76.0,24.33,-0.6799,1.12,1.07,-0.0446,15092.0,14863.0,-0.0152,16903.0,15903.0,-0.0592,136.0,68.0,-0.5
NUVO,3123B - HAND SANITIZER,3123 - ANTISEPTIC,TOOTH CARE,1.09,1.16,0.0642,45.0,16.67,-0.6296,1.1,1.14,0.0364,9726.0,10598.0,0.0897,10699.0,12082.0,0.1293,82.0,44.0,-0.4634
COLGATE,3271A - TOOTH BRUSH REG,3271 - TOOTH BRUSH,TOOTH CARE,1.0,,,0.5,,,1.0,,,51000.0,,,51000.0,,,1.0,,
DARLIE,3271A - TOOTH BRUSH REG,3271 - TOOTH BRUSH,TOOTH CARE,1.0,,,1.0,,,1.0,,,17750.0,,,17750.0,,,2.0,,
FORMULA,3271A - TOOTH BRUSH REG,3271 - TOOTH BRUSH,TOOTH CARE,1.09,1.11,0.0183,127.0,114.67,-0.0971,1.02,1.07,0.049,10977.0,11585.0,0.0554,11197.0,12396.0,0.1071,248.0,321.0,0.2944
ORAL-B,3271A - TOOTH BRUSH REG,3271 - TOOTH BRUSH,TOOTH CARE,1.08,1.03,-0.0463,157.5,90.0,-0.4286,1.03,1.03,0.0,12892.0,14864.0,0.153,13279.0,15310.0,0.1529,305.0,261.0,-0.1443
PEPSODENT,3271A - TOOTH BRUSH REG,3271 - TOOTH BRUSH,TOOTH CARE,1.08,1.04,-0.037,169.5,93.0,-0.4513,1.03,1.05,0.0194,14219.0,14257.0,0.0027,14646.0,14970.0,0.0221,328.0,265.0,-0.1921
CIPTADENT,3271B - MULTIPACK TOOTH BRUSH,3271 - TOOTH BRUSH,TOOTH CARE,1.07,1.03,-0.0374,524.0,255.0,-0.5134,1.04,1.06,0.0192,11907.0,11996.0,0.0075,12383.0,12716.0,0.0269,1010.0,722.0,-0.2851
CLOSE UP,3271B - MULTIPACK TOOTH BRUSH,3271 - TOOTH BRUSH,TOOTH CARE,1.01,1.05,0.0396,42.0,27.33,-0.3493,1.01,1.0,-0.0099,27632.0,28610.0,0.0354,27908.0,28610.0,0.0252,83.0,82.0,-0.012
COLGATE,3271B - MULTIPACK TOOTH BRUSH,3271 - TOOTH BRUSH,TOOTH CARE,1.05,1.08,0.0286,20.5,23.67,0.1546,1.0,1.08,0.08,55061.0,56937.0,0.0341,55061.0,61492.0,0.1168,41.0,66.0,0.6098
FORMULA,3271B - MULTIPACK TOOTH BRUSH,3271 - TOOTH BRUSH,TOOTH CARE,1.04,1.06,0.0192,633.0,466.0,-0.2638,1.06,1.07,0.0094,15360.0,15744.0,0.025,16282.0,16846.0,0.0346,1195.0,1307.0,0.0937
ORAL-B,3271B - MULTIPACK TOOTH BRUSH,3271 - TOOTH BRUSH,TOOTH CARE,1.03,1.01,-0.0194,176.0,74.0,-0.5795,1.06,1.03,-0.0283,26076.0,28027.0,0.0748,27641.0,28868.0,0.0444,333.0,216.0,-0.3514
PEPSODENT,3271B - MULTIPACK TOOTH BRUSH,3271 - TOOTH BRUSH,TOOTH CARE,1.03,1.02,-0.0097,229.0,93.33,-0.5924,1.05,1.03,-0.019,19766.0,24737.0,0.2515,20754.0,25479.0,0.2277,437.0,272.0,-0.3776
SENSODYNE,3271B - MULTIPACK TOOTH BRUSH,3271 - TOOTH BRUSH,TOOTH CARE,1.03,1.08,0.0485,93.5,51.0,-0.4545,1.04,1.03,-0.0096,32490.0,34834.0,0.0721,33790.0,35879.0,0.0618,179.0,148.0,-0.1732
SYSTEMA,3271B - MULTIPACK TOOTH BRUSH,3271 - TOOTH BRUSH,TOOTH CARE,1.05,1.06,0.0095,440.5,191.67,-0.5649,1.03,1.05,0.0194,19223.0,20698.0,0.0767,19800.0,21733.0,0.0976,859.0,550.0,-0.3597
CLOSE UP,3272A - TOOTH PASTE 60-120G,3272 - TOOTH PASTE,TOOTH CARE,1.11,1.08,-0.027,425.0,229.33,-0.4604,1.09,1.11,0.0183,17630.0,18363.0,0.0416,19217.0,20383.0,0.0607,779.0,619.0,-0.2054
DARLIE,3272A - TOOTH PASTE 60-120G,3272 - TOOTH PASTE,TOOTH CARE,1.11,,,4.5,,,1.12,,,22267.0,,,24939.0,,,8.0,,
PEPSODENT,3272A - TOOTH PASTE 60-120G,3272 - TOOTH PASTE,TOOTH CARE,1.08,1.09,0.0093,301.5,170.0,-0.4362,1.06,1.06,0.0,8271.0,8660.0,0.047,8767.0,9180.0,0.0471,569.0,479.0,-0.1582
SENSODYNE,3272A - TOOTH PASTE 60-120G,3272 - TOOTH PASTE,TOOTH CARE,1.0,,,1.5,,,1.0,,,50500.0,,,50500.0,,,3.0,,
CIPTADENT,3272B - TOOTH PASTE 130-250G,3272 - TOOTH PASTE,TOOTH CARE,1.21,1.23,0.0165,1346.0,706.33,-0.4752,1.16,1.19,0.0259,17308.0,17481.0,0.01,20077.0,20802.0,0.0361,2328.0,1780.0,-0.2354
CLOSE UP,3272B - TOOTH PASTE 130-250G,3272 - TOOTH PASTE,TOOTH CARE,1.32,1.09,-0.1742,593.0,240.33,-0.5947,1.13,1.15,0.0177,31552.0,27598.0,-0.1253,35654.0,31738.0,-0.1098,1046.0,627.0,-0.4006
COLGATE,3272B - TOOTH PASTE 130-250G,3272 - TOOTH PASTE,TOOTH CARE,1.5,,,1.0,,,1.0,,,66000.0,,,66000.0,,,2.0,,
DARLIE,3272B - TOOTH PASTE 130-250G,3272 - TOOTH PASTE,TOOTH CARE,3.86,,,3.5,,,1.17,,,142943.0,,,167243.0,,,6.0,,
FORMULA,3272B - TOOTH PASTE 130-250G,3272 - TOOTH PASTE,TOOTH CARE,1.14,1.15,0.0088,184.0,112.67,-0.3877,1.12,1.13,0.0089,16796.0,15867.0,-0.0553,18812.0,17930.0,-0.0469,328.0,300.0,-0.0854
PEPSODENT,3272B - TOOTH PASTE 130-250G,3272 - TOOTH PASTE,TOOTH CARE,1.35,1.58,0.1704,2126.0,1094.0,-0.4854,1.13,1.2,0.0619,25902.0,30077.0,0.1612,29269.0,36092.0,0.2331,3760.0,2733.0,-0.2731
SASHA,3272B - TOOTH PASTE 130-250G,3272 - TOOTH PASTE,TOOTH CARE,1.05,1.05,0.0,76.0,49.0,-0.3553,1.13,1.2,0.0619,19332.0,19686.0,0.0183,21845.0,23623.0,0.0814,134.0,122.0,-0.0896
SENSODYNE,3272B - TOOTH PASTE 130-250G,3272 - TOOTH PASTE,TOOTH CARE,2.38,,,6.5,,,1.0,,,112331.0,,,112331.0,,,13.0,,
COLGATE,3272C - ADVANCE CARE TOOTH PASTE,3272 - TOOTH PASTE,TOOTH CARE,1.02,1.04,0.0196,103.0,42.67,-0.5857,1.07,1.13,0.0561,50430.0,49082.0,-0.0267,53960.0,55463.0,0.0279,193.0,113.0,-0.4145
DARLIE,3272C - ADVANCE CARE TOOTH PASTE,3272 - TOOTH PASTE,TOOTH CARE,1.48,,,14.5,,,1.12,,,41334.0,,,46294.0,,,26.0,,
ENZIM,3272C - ADVANCE CARE TOOTH PASTE,3272 - TOOTH PASTE,TOOTH CARE,1.08,1.09,0.0093,71.5,31.0,-0.5664,1.14,1.18,0.0351,33548.0,33314.0,-0.007,38245.0,39311.0,0.0279,125.0,79.0,-0.368
ORAL-B,3272C - ADVANCE CARE TOOTH PASTE,3272 - TOOTH PASTE,TOOTH CARE,1.12,,,4.0,,,1.0,,,31375.0,,,31375.0,,,8.0,,
PEPSODENT,3272C - ADVANCE CARE TOOTH PASTE,3272 - TOOTH PASTE,TOOTH CARE,1.0,1.03,0.03,7.5,12.33,0.644,1.0,1.19,0.19,33620.0,36273.0,0.0789,33620.0,43165.0,0.2839,15.0,31.0,1.0667
PEPSODENT SENSITIVE,3272C - ADVANCE CARE TOOTH PASTE,3272 - TOOTH PASTE,TOOTH CARE,1.16,1.17,0.0086,83.5,47.0,-0.4371,1.06,1.12,0.0566,49372.0,35844.0,-0.274,52334.0,40145.0,-0.2329,158.0,126.0,-0.2025
POLIDENT,3272C - ADVANCE CARE TOOTH PASTE,3272 - TOOTH PASTE,TOOTH CARE,1.0,,,4.0,,,1.33,,,43425.0,,,57755.0,,,6.0,,
SENSODYNE,3272C - ADVANCE CARE TOOTH PASTE,3272 - TOOTH PASTE,TOOTH CARE,1.22,1.17,-0.041,383.0,255.33,-0.3333,1.14,1.21,0.0614,42341.0,35474.0,-0.1622,48269.0,42924.0,-0.1107,671.0,631.0,-0.0596
SYSTEMA,3272C - ADVANCE CARE TOOTH PASTE,3272 - TOOTH PASTE,TOOTH CARE,1.14,1.11,-0.0263,492.0,217.67,-0.5576,1.12,1.13,0.0089,18338.0,17882.0,-0.0249,20539.0,20207.0,-0.0162,879.0,576.0,-0.3447
ZACT,3272C - ADVANCE CARE TOOTH PASTE,3272 - TOOTH PASTE,TOOTH CARE,1.14,,,14.5,,,1.07,,,23776.0,,,25440.0,,,27.0,,
ENKASARI,3273A - MOUTHWASH 80-120ML,3273 - MOUTHWASH,TOOTH CARE,1.0,,,7.0,,,1.08,,,23457.0,,,25334.0,,,13.0,,
LISTERINE,3273A - MOUTHWASH 80-120ML,3273 - MOUTHWASH,TOOTH CARE,1.03,1.05,0.0194,106.0,49.67,-0.5314,1.02,1.03,0.0098,12209.0,12544.0,0.0274,12453.0,12920.0,0.0375,207.0,144.0,-0.3043
TOTAL CARE,3273A - MOUTHWASH 80-120ML,3273 - MOUTHWASH,TOOTH CARE,1.02,1.03,0.0098,50.0,38.67,-0.2266,1.03,1.07,0.0388,9569.0,9977.0,0.0426,9856.0,10675.0,0.0831,97.0,108.0,0.1134
BETADINE,3273B - MOUTHWASH 130-300ML,3273 - MOUTHWASH,TOOTH CARE,1.0,1.11,0.11,12.0,12.67,0.0558,1.04,1.15,0.1058,46800.0,51755.0,0.1059,48672.0,59518.0,0.2228,23.0,33.0,0.4348
LISTERINE,3273B - MOUTHWASH 130-300ML,3273 - MOUTHWASH,TOOTH CARE,1.07,1.1,0.028,244.5,138.67,-0.4328,1.11,1.12,0.009,29417.0,30276.0,0.0292,32653.0,33909.0,0.0385,442.0,370.0,-0.1629
SECRET CLEAN,3273B - MOUTHWASH 130-300ML,3273 - MOUTHWASH,TOOTH CARE,1.2,,,2.5,,,1.0,,,37400.0,,,37400.0,,,5.0,,
TOTAL CARE,3273B - MOUTHWASH 130-300ML,3273 - MOUTHWASH,TOOTH CARE,1.12,1.12,0.0,145.0,71.33,-0.5081,1.16,1.13,-0.0259,21650.0,22130.0,0.0222,25114.0,25007.0,-0.0043,251.0,189.0,-0.247
COLGATE,3273C - MOUTHWASH 350-500ML,3273 - MOUTHWASH,TOOTH CARE,1.93,,,7.5,,,3.0,,,113667.0,,,341001.0,,,5.0,,
LISTERINE,3273C - MOUTHWASH 350-500ML,3273 - MOUTHWASH,TOOTH CARE,1.26,1.06,-0.1587,23.5,11.67,-0.5034,1.12,1.0,-0.1071,52983.0,47729.0,-0.0992,59341.0,47729.0,-0.1957,42.0,35.0,-0.1667
TOTAL CARE,3273C - MOUTHWASH 350-500ML,3273 - MOUTHWASH,TOOTH CARE,1.0,,,3.0,,,1.0,,,27900.0,,,27900.0,,,6.0,,
ALFAMART,3275A - TOOTH CARE PACK,3275 - TOOTH CARE PACK,TOOTH CARE,1.13,1.09,-0.0354,69.0,45.67,-0.3381,1.08,1.05,-0.0278,8970.0,8755.0,-0.024,9688.0,9193.0,-0.0511,128.0,130.0,0.0156
CHARMI,3275A - TOOTH CARE PACK,3275 - TOOTH CARE PACK,TOOTH CARE,1.0,,,1.0,,,1.0,,,20900.0,,,20900.0,,,2.0,,
CLOSE UP,3275A - TOOTH CARE PACK,3275 - TOOTH CARE PACK,TOOTH CARE,1.0,1.05,0.05,1.0,22.0,21.0,1.0,1.02,0.02,23200.0,24253.0,0.0454,23200.0,24738.0,0.0663,2.0,65.0,31.5
FORMULA,3275A - TOOTH CARE PACK,3275 - TOOTH CARE PACK,TOOTH CARE,1.1,1.05,-0.0455,132.0,59.0,-0.553,1.02,1.01,-0.0098,19750.0,19125.0,-0.0316,20145.0,19316.0,-0.0412,260.0,175.0,-0.3269
ORAL-B,3275A - TOOTH CARE PACK,3275 - TOOTH CARE PACK,TOOTH CARE,1.0,,,0.5,,,1.0,,,45000.0,,,45000.0,,,1.0,,
PEPSODENT,3275A - TOOTH CARE PACK,3275 - TOOTH CARE PACK,TOOTH CARE,1.08,1.04,-0.037,79.0,29.67,-0.6244,1.02,1.01,-0.0098,25257.0,25019.0,-0.0094,25762.0,25269.0,-0.0191,155.0,88.0,-0.4323
POLIDENT,3275A - TOOTH CARE PACK,3275 - TOOTH CARE PACK,TOOTH CARE,1.0,,,0.5,,,1.0,,,49000.0,,,49000.0,,,1.0,,
EXSO,4313A - GAMES & ACCESSORIES,4313 - GAMES & ACCESSORIES,TOY'S,2.0,1.0,-0.5,1.0,0.33,-0.67,1.0,1.0,0.0,26800.0,13400.0,-0.5,26800.0,13400.0,-0.5,2.0,1.0,-0.5
FULLHOUSE,4313A - GAMES & ACCESSORIES,4313 - GAMES & ACCESSORIES,TOY'S,1.52,1.13,-0.2566,10.5,5.0,-0.5238,1.0,1.0,0.0,19657.0,14580.0,-0.2583,19657.0,14580.0,-0.2583,21.0,15.0,-0.2857
GAR'DA KENCANA,4313A - GAMES & ACCESSORIES,4313 - GAMES & ACCESSORIES,TOY'S,1.25,1.0,-0.2,2.0,1.0,-0.5,1.0,1.0,0.0,12575.0,10233.0,-0.1862,12575.0,10233.0,-0.1862,4.0,3.0,-0.25
VICKY,4313A - GAMES & ACCESSORIES,4313 - GAMES & ACCESSORIES,TOY'S,1.0,1.5,0.5,1.5,1.33,-0.1133,1.0,1.0,0.0,5300.0,7875.0,0.4858,5300.0,7875.0,0.4858,3.0,4.0,0.3333
APOLO,4611A - CARS TOYS,4611 - TOYS,TOY'S,1.05,1.0,-0.0476,11.0,3.0,-0.7273,1.05,1.0,-0.0476,55841.0,70656.0,0.2653,58633.0,70656.0,0.2051,21.0,9.0,-0.5714
CATERPILLAR,4611A - CARS TOYS,4611 - TOYS,TOY'S,1.0,1.33,0.33,1.5,1.0,-0.3333,1.0,1.0,0.0,32900.0,43867.0,0.3333,32900.0,43867.0,0.3333,3.0,3.0,0.0
EMCO,4611A - CARS TOYS,4611 - TOYS,TOY'S,1.0,,,1.0,,,1.0,,,29500.0,,,29500.0,,,2.0,,
EMWAY,4611A - CARS TOYS,4611 - TOYS,TOY'S,1.0,1.12,0.12,3.5,5.33,0.5229,1.17,1.0,-0.1453,59900.0,67425.0,0.1256,70083.0,67425.0,-0.0379,6.0,16.0,1.6667
HOT WHEELS,4611A - CARS TOYS,4611 - TOYS,TOY'S,1.32,1.28,-0.0303,108.0,97.33,-0.0988,1.13,1.12,-0.0088,71306.0,69764.0,-0.0216,80576.0,78136.0,-0.0303,191.0,260.0,0.3613
IQANGEL,4611A - CARS TOYS,4611 - TOYS,TOY'S,1.0,,,0.5,,,1.0,,,31000.0,,,31000.0,,,1.0,,
MAJORETTE,4611A - CARS TOYS,4611 - TOYS,TOY'S,1.0,1.0,0.0,0.5,0.33,-0.34,1.0,1.0,0.0,74900.0,52500.0,-0.2991,74900.0,52500.0,-0.2991,1.0,1.0,0.0
MATCHBOX,4611A - CARS TOYS,4611 - TOYS,TOY'S,1.07,1.06,-0.0093,13.5,16.33,0.2096,1.08,1.02,-0.0556,48826.0,56478.0,0.1567,52732.0,57608.0,0.0925,25.0,48.0,0.92
MONSTER JAM,4611A - CARS TOYS,4611 - TOYS,TOY'S,1.0,1.0,0.0,4.0,4.33,0.0825,1.0,1.0,0.0,36900.0,40823.0,0.1063,36900.0,40823.0,0.1063,8.0,13.0,0.625
THOMAS,4611A - CARS TOYS,4611 - TOYS,TOY'S,1.0,1.07,0.07,3.0,5.0,0.6667,1.0,1.07,0.07,39900.0,42580.0,0.0672,39900.0,45561.0,0.1419,6.0,14.0,1.3333
VR TOYS,4611A - CARS TOYS,4611 - TOYS,TOY'S,1.0,1.0,0.0,1.0,2.67,1.67,1.0,1.0,0.0,39900.0,32400.0,-0.188,39900.0,32400.0,-0.188,2.0,8.0,3.0
BLOKEES,4611B - BRICKS TOYS,4611 - TOYS,TOY'S,1.35,1.31,-0.0296,35.5,30.33,-0.1456,1.37,1.17,-0.146,40435.0,39105.0,-0.0329,55396.0,45753.0,-0.1741,52.0,78.0,0.5
EMCO,4611B - BRICKS TOYS,4611 - TOYS,TOY'S,1.0,1.0,0.0,1.0,1.33,0.33,1.0,1.0,0.0,30400.0,49900.0,0.6414,30400.0,49900.0,0.6414,2.0,4.0,1.0
MMS,4611B - BRICKS TOYS,4611 - TOYS,TOY'S,1.0,,,0.5,,,1.0,,,36500.0,,,36500.0,,,1.0,,
APOLO,4611C - DOLL/FIGURE TOYS,4611 - TOYS,TOY'S,1.33,,,1.5,,,1.0,,,39867.0,,,39867.0,,,3.0,,
BARBIE,4611C - DOLL/FIGURE TOYS,4611 - TOYS,TOY'S,1.0,1.0,0.0,1.5,1.0,-0.3333,1.0,1.0,0.0,59900.0,59900.0,0.0,59900.0,59900.0,0.0,3.0,3.0,0.0
BATMAN,4611C - DOLL/FIGURE TOYS,4611 - TOYS,TOY'S,1.0,1.0,0.0,2.5,0.33,-0.868,1.25,1.0,-0.2,51900.0,69900.0,0.3468,64875.0,69900.0,0.0775,4.0,1.0,-0.75
COOL THINGS,4611C - DOLL/FIGURE TOYS,4611 - TOYS,TOY'S,,1.25,,,4.0,,,1.09,,,37375.0,,,40739.0,,,11.0,
D-NO,4611C - DOLL/FIGURE TOYS,4611 - TOYS,TOY'S,1.0,1.14,0.14,3.0,2.33,-0.2233,1.0,1.0,0.0,34900.0,34171.0,-0.0209,34900.0,34171.0,-0.0209,6.0,7.0,0.1667
DISNEY,4611C - DOLL/FIGURE TOYS,4611 - TOYS,TOY'S,1.12,1.0,-0.1071,13.0,1.33,-0.8977,1.0,1.0,0.0,65427.0,64900.0,-0.0081,65427.0,64900.0,-0.0081,26.0,4.0,-0.8462
EMCO,4611C - DOLL/FIGURE TOYS,4611 - TOYS,TOY'S,1.13,1.14,0.0088,49.0,12.0,-0.7551,1.13,1.06,-0.0619,52385.0,63258.0,0.2076,59195.0,67053.0,0.1327,87.0,34.0,-0.6092
GABBY'S,4611C - DOLL/FIGURE TOYS,4611 - TOYS,TOY'S,,1.0,,,2.33,,,1.0,,,24900.0,,,24900.0,,,7.0,
JURASSIC WORLD,4611C - DOLL/FIGURE TOYS,4611 - TOYS,TOY'S,1.27,,,5.5,,,1.0,,,68364.0,,,68364.0,,,11.0,,
MY LITTLE PONY,4611C - DOLL/FIGURE TOYS,4611 - TOYS,TOY'S,,1.0,,,3.33,,,1.0,,,59900.0,,,59900.0,,,10.0,
POKEMON,4611C - DOLL/FIGURE TOYS,4611 - TOYS,TOY'S,1.0,1.0,0.0,0.5,0.67,0.34,1.0,1.0,0.0,64900.0,64900.0,0.0,64900.0,64900.0,0.0,1.0,2.0,1.0
POLLY,4611C - DOLL/FIGURE TOYS,4611 - TOYS,TOY'S,1.0,1.2,0.2,1.5,1.67,0.1133,1.0,1.25,0.25,49900.0,59880.0,0.2,49900.0,74850.0,0.5,3.0,4.0,0.3333
QMAN,4611C - DOLL/FIGURE TOYS,4611 - TOYS,TOY'S,1.0,1.0,0.0,1.5,0.33,-0.78,1.0,1.0,0.0,32900.0,32900.0,0.0,32900.0,32900.0,0.0,3.0,1.0,-0.6667
RHINO,4611C - DOLL/FIGURE TOYS,4611 - TOYS,TOY'S,1.1,1.03,-0.0636,14.5,12.33,-0.1497,1.07,1.03,-0.0374,37424.0,41022.0,0.0961,40044.0,42253.0,0.0552,27.0,36.0,0.3333
TROLLS,4611C - DOLL/FIGURE TOYS,4611 - TOYS,TOY'S,1.17,,,3.0,,,1.0,,,64750.0,,,64750.0,,,6.0,,
VR TOYS,4611C - DOLL/FIGURE TOYS,4611 - TOYS,TOY'S,1.0,1.0,0.0,0.5,0.67,0.34,1.0,1.0,0.0,22500.0,29900.0,0.3289,22500.0,29900.0,0.3289,1.0,2.0,1.0
ALFA,4611D - ACTIVITY TOYS,4611 - TOYS,TOY'S,1.08,1.12,0.037,12.0,20.0,0.6667,1.0,1.03,0.03,29058.0,32322.0,0.1123,29058.0,33292.0,0.1457,24.0,58.0,1.4167
APOLO,4611D - ACTIVITY TOYS,4611 - TOYS,TOY'S,1.03,1.12,0.0874,33.0,36.67,0.1112,1.03,1.09,0.0583,31000.0,29770.0,-0.0397,31930.0,32449.0,0.0163,64.0,101.0,0.5781
BARBIE,4611D - ACTIVITY TOYS,4611 - TOYS,TOY'S,,1.25,,,1.33,,,1.0,,,49925.0,,,49925.0,,,4.0,
BERINGIN,4611D - ACTIVITY TOYS,4611 - TOYS,TOY'S,2.0,,,0.5,,,1.0,,,98600.0,,,98600.0,,,1.0,,
BYDESIGN,4611D - ACTIVITY TOYS,4611 - TOYS,TOY'S,1.08,1.07,-0.0093,6.5,23.33,2.5892,1.0,1.08,0.08,32492.0,44577.0,0.3719,32492.0,48143.0,0.4817,13.0,65.0,4.0
COOLANT,4611D - ACTIVITY TOYS,4611 - TOYS,TOY'S,1.33,1.0,-0.2481,1.5,0.67,-0.5533,1.0,1.0,0.0,26000.0,20900.0,-0.1962,26000.0,20900.0,-0.1962,3.0,2.0,-0.3333
D-NO,4611D - ACTIVITY TOYS,4611 - TOYS,TOY'S,1.0,1.06,0.06,15.0,10.67,-0.2887,1.03,1.0,-0.0291,25060.0,26456.0,0.0557,25812.0,26456.0,0.0249,29.0,32.0,0.1034
DENO,4611D - ACTIVITY TOYS,4611 - TOYS,TOY'S,1.08,1.09,0.0093,18.0,7.67,-0.5739,1.03,1.0,-0.0291,27786.0,28609.0,0.0296,28620.0,28609.0,-0.0004,35.0,23.0,-0.3429
DISNEY,4611D - ACTIVITY TOYS,4611 - TOYS,TOY'S,1.06,1.02,-0.0377,17.0,14.67,-0.1371,1.0,1.02,0.02,28491.0,27745.0,-0.0262,28491.0,28300.0,-0.0067,34.0,43.0,0.2647
EMCO,4611D - ACTIVITY TOYS,4611 - TOYS,TOY'S,1.12,1.03,-0.0804,77.5,31.0,-0.6,1.08,1.04,-0.037,40724.0,43471.0,0.0675,43982.0,45210.0,0.0279,144.0,89.0,-0.3819
FROZEN,4611D - ACTIVITY TOYS,4611 - TOYS,TOY'S,1.0,1.0,0.0,4.5,1.0,-0.7778,1.0,1.0,0.0,24022.0,24367.0,0.0144,24022.0,24367.0,0.0144,9.0,3.0,-0.6667
GOGO BUS,4611D - ACTIVITY TOYS,4611 - TOYS,TOY'S,1.0,,,2.5,,,1.0,,,33660.0,,,33660.0,,,5.0,,
HELLO KITTY,4611D - ACTIVITY TOYS,4611 - TOYS,TOY'S,1.0,1.0,0.0,4.0,2.33,-0.4175,1.0,1.0,0.0,39900.0,39900.0,0.0,39900.0,39900.0,0.0,8.0,7.0,-0.125
HOT WHEELS,4611D - ACTIVITY TOYS,4611 - TOYS,TOY'S,1.06,1.0,-0.0566,9.0,5.33,-0.4078,1.12,1.0,-0.1071,72172.0,69900.0,-0.0315,80833.0,69900.0,-0.1353,16.0,16.0,0.0
IQANGEL,4611D - ACTIVITY TOYS,4611 - TOYS,TOY'S,1.0,,,1.0,,,1.0,,,31000.0,,,31000.0,,,2.0,,
MAGIC,4611D - ACTIVITY TOYS,4611 - TOYS,TOY'S,1.0,,,0.5,,,1.0,,,29900.0,,,29900.0,,,1.0,,
MAGIC PRINCESS,4611D - ACTIVITY TOYS,4611 - TOYS,TOY'S,1.0,1.0,0.0,7.0,2.67,-0.6186,1.08,1.0,-0.0741,34943.0,34900.0,-0.0012,37738.0,34900.0,-0.0752,13.0,8.0,-0.3846
MARVEL,4611D - ACTIVITY TOYS,4611 - TOYS,TOY'S,1.0,1.0,0.0,5.5,3.0,-0.4545,1.0,1.0,0.0,21700.0,27256.0,0.256,21700.0,27256.0,0.256,11.0,9.0,-0.1818
MARVELS,4611D - ACTIVITY TOYS,4611 - TOYS,TOY'S,1.0,,,1.5,,,1.0,,,13100.0,,,13100.0,,,3.0,,
PLAYDOH,4611D - ACTIVITY TOYS,4611 - TOYS,TOY'S,1.0,1.0,0.0,5.5,2.0,-0.6364,1.0,1.0,0.0,30636.0,21717.0,-0.2911,30636.0,21717.0,-0.2911,11.0,6.0,-0.4545
RHINO,4611D - ACTIVITY TOYS,4611 - TOYS,TOY'S,1.1,1.13,0.0273,94.5,60.0,-0.3651,1.12,1.08,-0.0357,42532.0,46627.0,0.0963,47636.0,50357.0,0.0571,168.0,167.0,-0.006
SANRIO,4611D - ACTIVITY TOYS,4611 - TOYS,TOY'S,1.38,1.0,-0.2754,4.0,2.33,-0.4175,1.0,1.0,0.0,52988.0,31329.0,-0.4088,52988.0,31329.0,-0.4088,8.0,7.0,-0.125
TECH DECK,4611D - ACTIVITY TOYS,4611 - TOYS,TOY'S,1.18,1.06,-0.1017,5.5,6.0,0.0909,1.0,1.0,0.0,70791.0,63250.0,-0.1065,70791.0,63250.0,-0.1065,11.0,18.0,0.6364
TSUM TSUM,4611D - ACTIVITY TOYS,4611 - TOYS,TOY'S,1.0,,,0.5,,,1.0,,,26400.0,,,26400.0,,,1.0,,
UNICORN,4611D - ACTIVITY TOYS,4611 - TOYS,TOY'S,1.0,1.07,0.07,5.0,4.67,-0.066,1.0,1.08,0.08,35010.0,37779.0,0.0791,35010.0,40801.0,0.1654,10.0,13.0,0.3
UNO,4611D - ACTIVITY TOYS,4611 - TOYS,TOY'S,1.11,1.14,0.027,13.5,21.33,0.58,1.08,1.03,-0.0463,29730.0,31309.0,0.0531,32108.0,32248.0,0.0044,25.0,62.0,1.48
VR TOYS,4611D - ACTIVITY TOYS,4611 - TOYS,TOY'S,1.06,1.05,-0.0094,32.5,32.0,-0.0154,1.03,1.04,0.0097,27937.0,28957.0,0.0365,28775.0,30115.0,0.0466,63.0,92.0,0.4603
ZURU,4611D - ACTIVITY TOYS,4611 - TOYS,TOY'S,1.0,,,3.0,,,1.0,,,36900.0,,,36900.0,,,6.0,,
ALFAMIDI,4611F - OTHERS TOYS,4611 - TOYS,TOY'S,,1.18,,,7.33,,,1.16,,,53064.0,,,61554.0,,,19.0,
APOLO,4611F - OTHERS TOYS,4611 - TOYS,TOY'S,1.0,1.18,0.18,7.5,7.33,-0.0227,1.0,1.22,0.22,50387.0,48018.0,-0.047,50387.0,58582.0,0.1626,15.0,18.0,0.2
BARBIE,4611F - OTHERS TOYS,4611 - TOYS,TOY'S,,1.03,,,10.0,,,1.07,,,56423.0,,,60373.0,,,28.0,
BYDESIGN,4611F - OTHERS TOYS,4611 - TOYS,TOY'S,1.33,1.0,-0.2481,1.5,0.67,-0.5533,1.0,1.0,0.0,39733.0,24500.0,-0.3834,39733.0,24500.0,-0.3834,3.0,2.0,-0.3333
DISNEY,4611F - OTHERS TOYS,4611 - TOYS,TOY'S,1.11,1.0,-0.0991,4.5,1.0,-0.7778,1.0,1.0,0.0,33911.0,33233.0,-0.02,33911.0,33233.0,-0.02,9.0,3.0,-0.6667
EMCO,4611F - OTHERS TOYS,4611 - TOYS,TOY'S,1.09,1.18,0.0826,16.5,12.67,-0.2321,1.27,1.06,-0.1654,43903.0,52642.0,0.1991,55757.0,55801.0,0.0008,26.0,36.0,0.3846
FUGGLER,4611F - OTHERS TOYS,4611 - TOYS,TOY'S,,1.19,,,22.67,,,1.1,,,62528.0,,,68781.0,,,62.0,
MARVEL,4611F - OTHERS TOYS,4611 - TOYS,TOY'S,,1.0,,,0.33,,,1.0,,,19900.0,,,19900.0,,,1.0,
MARVELS,4611F - OTHERS TOYS,4611 - TOYS,TOY'S,1.0,,,0.5,,,1.0,,,12300.0,,,12300.0,,,1.0,,
RHINO,4611F - OTHERS TOYS,4611 - TOYS,TOY'S,1.04,1.0,-0.0385,12.0,4.0,-0.6667,1.14,1.0,-0.1228,35312.0,39900.0,0.1299,40256.0,39900.0,-0.0088,21.0,12.0,-0.4286
SANRIO,4611F - OTHERS TOYS,4611 - TOYS,TOY'S,1.37,1.25,-0.0876,19.0,1.33,-0.93,1.36,1.33,-0.0221,9442.0,8500.0,-0.0998,12841.0,11305.0,-0.1196,28.0,3.0,-0.8929
VR TOYS,4611F - OTHERS TOYS,4611 - TOYS,TOY'S,,1.0,,,6.33,,,1.06,,,15426.0,,,16352.0,,,18.0,
ZURU,4611F - OTHERS TOYS,4611 - TOYS,TOY'S,1.07,1.07,0.0,7.5,4.67,-0.3773,1.0,1.17,0.17,63893.0,64221.0,0.0051,63893.0,75139.0,0.176,15.0,12.0,-0.2
NAN,NAN,NAN,UNKNOWN,,1.38,,,589.67,,,1.16,,,12365.0,,,14343.0,,,1522.0,
FROZEN,5916A - BEAUTY ACCESSORIES IMPORT,5916 - BEAUTY ACCESSORIES IMPORT,WS CARACTER,1.0,,,1.0,,,1.0,,,16400.0,,,16400.0,,,2.0,,
