SUBCATEGORY,CATEGORY,SECTION,AVG_QTY_STRUK_MONTH_BEFORE,AVG_QTY_STRUK_MONTH_AFTER,AVG_QTY_STRUK_MONTH_GROWTH,AVG_STRUK_MONTH_BEFORE,AVG_STRUK_MONTH_AFTER,AVG_STRUK_MONTH_GROWTH,PURCHASE_FREQUENCY_BEFORE,PURCHASE_FREQUENCY_AFTER,PURCHASE_FREQUENCY_GROWTH,SPT_BEFORE,SPT_AFTER,SPT_GROWTH,SPB_BEFORE,SPB_AFTER,SPB_GROWTH,BUYER_COUNT_BEFORE,BUYER_COUNT_AFTER,BUYER_COUNT_GROWTH
2221A - CAN BISCUIT,2221 - CAN BISCUIT,BISC & CONFECTIONARY,1.1,1.66,0.5091,132.0,228.33,0.7298,1.09,1.1,0.0092,67150.0,74889.0,0.1152,73194.0,82378.0,0.1255,242.0,625.0,1.5826
2222A - COOKIES BISCUIT 15-30G,2222 - COOKIES BISCUIT,BISC & CONFECTIONARY,,1.2,,,83.67,,,1.14,,,7278.0,,,8297.0,,,220.0,
2222B - COOKIES BISCUIT 40-60G,2222 - COOKIES BISCUIT,BISC & CONFECTIONARY,1.49,1.41,-0.0537,1698.5,932.67,-0.4509,1.21,1.2,-0.0083,15184.0,15425.0,0.0159,18373.0,18510.0,0.0075,2811.0,2336.0,-0.169
2222C - COOKIES BISCUIT 61-100G,2222 - COOKIES BISCUIT,BISC & CONFECTIONARY,1.29,1.2,-0.0698,2170.5,1108.33,-0.4894,1.24,1.21,-0.0242,13509.0,12616.0,-0.0661,16751.0,15265.0,-0.0887,3494.0,2744.0,-0.2147
2222D - COOKIES BISCUIT 110-200G,2222 - COOKIES BISCUIT,BISC & CONFECTIONARY,1.16,1.14,-0.0172,1130.5,466.33,-0.5875,1.21,1.16,-0.0413,13486.0,14107.0,0.046,16318.0,16364.0,0.0028,1874.0,1202.0,-0.3586
2222E - COOKIES BISCUIT 250-300G,2222 - COOKIES BISCUIT,BISC & CONFECTIONARY,1.11,1.1,-0.009,704.0,281.67,-0.5999,1.2,1.13,-0.0583,14874.0,14671.0,-0.0136,17849.0,16578.0,-0.0712,1175.0,745.0,-0.366
2222F - HEALTHY COOKIES BISCUIT,2222 - COOKIES BISCUIT,BISC & CONFECTIONARY,2.06,1.93,-0.0631,946.5,330.0,-0.6513,1.22,1.22,0.0,16065.0,16518.0,0.0282,19599.0,20152.0,0.0282,1553.0,810.0,-0.4784
2223A - CRACKER BISCUIT 10-30G,2223 - CRACKER BISCUIT,BISC & CONFECTIONARY,1.53,1.37,-0.1046,117.0,76.33,-0.3476,1.11,1.12,0.009,5768.0,5162.0,-0.1051,6402.0,5781.0,-0.097,211.0,205.0,-0.0284
2223B - CRACKER BISCUIT 35-99G,2223 - CRACKER BISCUIT,BISC & CONFECTIONARY,1.25,1.16,-0.072,1555.5,600.0,-0.6143,1.22,1.2,-0.0164,10795.0,10060.0,-0.0681,13170.0,12072.0,-0.0834,2560.0,1499.0,-0.4145
2223C - CRACKER BISCUIT 100-180G,2223 - CRACKER BISCUIT,BISC & CONFECTIONARY,1.24,1.22,-0.0161,1530.0,700.0,-0.5425,1.24,1.19,-0.0403,10917.0,10745.0,-0.0158,13537.0,12787.0,-0.0554,2474.0,1762.0,-0.2878
2223D - CRACKER BISCUIT 200-260G,2223 - CRACKER BISCUIT,BISC & CONFECTIONARY,1.15,1.12,-0.0261,983.5,388.67,-0.6048,1.22,1.18,-0.0328,13382.0,13544.0,0.0121,16326.0,15982.0,-0.0211,1615.0,987.0,-0.3889
2223E - CRACKER BISCUIT 300-400G,2223 - CRACKER BISCUIT,BISC & CONFECTIONARY,1.16,1.19,0.0259,200.0,144.33,-0.2783,1.23,1.21,-0.0163,20485.0,20503.0,0.0009,25197.0,24809.0,-0.0154,324.0,359.0,0.108
2224A - MARIE BISCUIT 30-85G,2224 - MARIE BISCUIT,BISC & CONFECTIONARY,,1.08,,,16.0,,,1.02,,,13733.0,,,14008.0,,,47.0,
2224B - MARIE BISCUIT 100-190G,2224 - MARIE BISCUIT,BISC & CONFECTIONARY,1.18,1.14,-0.0339,939.0,448.0,-0.5229,1.18,1.22,0.0339,13068.0,12863.0,-0.0157,15420.0,15693.0,0.0177,1596.0,1101.0,-0.3102
2224C - MARIE BISCUIT 200-250G,2224 - MARIE BISCUIT,BISC & CONFECTIONARY,1.16,1.14,-0.0172,243.5,100.0,-0.5893,1.15,1.15,0.0,30147.0,29901.0,-0.0082,34669.0,34386.0,-0.0082,422.0,260.0,-0.3839
2225A - PIE BISCUIT 32-110G,2225 - PIE BISCUIT,BISC & CONFECTIONARY,1.07,1.11,0.0374,101.0,36.0,-0.6436,1.1,1.09,-0.0091,14396.0,15575.0,0.0819,15836.0,16977.0,0.0721,184.0,99.0,-0.462
2225B - PIE BISCUIT 150-200G,2225 - PIE BISCUIT,BISC & CONFECTIONARY,1.04,1.05,0.0096,82.5,26.33,-0.6808,1.08,1.07,-0.0093,12148.0,13032.0,0.0728,13120.0,13944.0,0.0628,153.0,74.0,-0.5163
2226A - SANDWICH BISCUIT 10-49G,2226 - SANDWICH BISCUIT,BISC & CONFECTIONARY,1.19,1.08,-0.0924,104.0,68.67,-0.3397,1.13,1.14,0.0088,10238.0,9743.0,-0.0483,11569.0,11107.0,-0.0399,184.0,181.0,-0.0163
2226B - SANDWICH BISCUIT 50-99G,2226 - SANDWICH BISCUIT,BISC & CONFECTIONARY,1.26,1.28,0.0159,1009.5,536.33,-0.4687,1.17,1.2,0.0256,11573.0,12187.0,0.0531,13540.0,14624.0,0.0801,1724.0,1343.0,-0.221
2226C - SANDWICH BISCUIT 100-150G,2226 - SANDWICH BISCUIT,BISC & CONFECTIONARY,1.25,1.22,-0.024,2815.5,1390.0,-0.5063,1.26,1.24,-0.0159,13322.0,13381.0,0.0044,16786.0,16592.0,-0.0116,4454.0,3351.0,-0.2476
2226D - SANDWICH BISCUIT 160-229G,2226 - SANDWICH BISCUIT,BISC & CONFECTIONARY,1.17,1.14,-0.0256,882.0,294.67,-0.6659,1.17,1.12,-0.0427,18784.0,18087.0,-0.0371,21977.0,20257.0,-0.0783,1503.0,787.0,-0.4764
2226E - SANDWICH BISCUIT 230-500G,2226 - SANDWICH BISCUIT,BISC & CONFECTIONARY,1.8,1.05,-0.4167,111.5,6.33,-0.9432,1.21,1.06,-0.124,51121.0,25416.0,-0.5028,61856.0,26941.0,-0.5645,185.0,18.0,-0.9027
2227A - WAFER BISCUIT PACK,2227 - WAFER BISCUIT,BISC & CONFECTIONARY,1.2,1.11,-0.075,201.5,61.0,-0.6973,1.16,1.08,-0.069,11353.0,10701.0,-0.0574,13169.0,11557.0,-0.1224,347.0,169.0,-0.513
2227B - WAFER BISCUIT 10-40G,2227 - WAFER BISCUIT,BISC & CONFECTIONARY,1.47,1.28,-0.1293,74.0,22.33,-0.6982,1.08,1.16,0.0741,15051.0,14021.0,-0.0684,16255.0,16264.0,0.0006,137.0,58.0,-0.5766
2227C - WAFER BISCUIT 45-95G,2227 - WAFER BISCUIT,BISC & CONFECTIONARY,1.34,1.27,-0.0522,252.0,114.0,-0.5476,1.07,1.04,-0.028,10347.0,10171.0,-0.017,11071.0,10578.0,-0.0445,472.0,328.0,-0.3051
2227D - WAFER BISCUIT 100-145G,2227 - WAFER BISCUIT,BISC & CONFECTIONARY,1.39,1.66,0.1942,2972.0,1478.0,-0.5027,1.32,1.25,-0.053,14275.0,17061.0,0.1952,18843.0,21326.0,0.1318,4513.0,3557.0,-0.2118
2227E - WAFER BISCUIT 150-260G,2227 - WAFER BISCUIT,BISC & CONFECTIONARY,1.72,,,12.5,,,1.19,,,25052.0,,,29812.0,,,21.0,,
2227F - WAFER BISCUIT 300-350G,2227 - WAFER BISCUIT,BISC & CONFECTIONARY,1.03,1.12,0.0874,56.0,28.67,-0.488,1.11,1.1,-0.009,27987.0,31864.0,0.1385,31066.0,35050.0,0.1282,101.0,78.0,-0.2277
2228B - STICK BISCUIT 18-35G,2228 - STICK BISCUIT,BISC & CONFECTIONARY,1.39,1.25,-0.1007,959.5,509.67,-0.4688,1.19,1.13,-0.0504,13548.0,12814.0,-0.0542,16122.0,14480.0,-0.1018,1617.0,1348.0,-0.1664
2228C - STICK BISCUIT 36-50G,2228 - STICK BISCUIT,BISC & CONFECTIONARY,1.68,1.3,-0.2262,1668.5,901.33,-0.4598,1.19,1.21,0.0168,15346.0,12257.0,-0.2013,18262.0,14831.0,-0.1879,2799.0,2234.0,-0.2019
2228D - STICK BISCUIT 51-100G,2228 - STICK BISCUIT,BISC & CONFECTIONARY,1.16,1.36,0.1724,510.5,247.0,-0.5162,1.13,1.12,-0.0088,11584.0,14451.0,0.2475,13090.0,16185.0,0.2364,905.0,664.0,-0.2663
2228E - STICK BISCUIT 110-350G,2228 - STICK BISCUIT,BISC & CONFECTIONARY,1.11,1.07,-0.036,201.0,56.33,-0.7198,1.16,1.17,0.0086,21560.0,24994.0,0.1593,25010.0,29243.0,0.1693,347.0,145.0,-0.5821
2228I - STICK BISCUIT CUP,2228 - STICK BISCUIT,BISC & CONFECTIONARY,1.42,1.37,-0.0352,682.5,532.33,-0.22,1.22,1.27,0.041,9088.0,8572.0,-0.0568,11087.0,10886.0,-0.0181,1116.0,1261.0,0.1299
2228J - STICK BISCUIT PACK,2228 - STICK BISCUIT,BISC & CONFECTIONARY,1.0,1.22,0.22,3.5,59.0,15.8571,1.0,1.03,0.03,19000.0,30476.0,0.604,19000.0,31390.0,0.6521,7.0,172.0,23.5714
2229A - SOFT CAKE <90G,2229 - SOFT CAKE,BISC & CONFECTIONARY,1.18,1.08,-0.0847,168.5,47.33,-0.7191,1.12,1.08,-0.0357,11091.0,10557.0,-0.0481,12422.0,11402.0,-0.0821,302.0,131.0,-0.5662
2229B - SOFT CAKE >90G,2229 - SOFT CAKE,BISC & CONFECTIONARY,1.12,1.16,0.0357,285.0,154.67,-0.4573,1.18,1.1,-0.0678,22418.0,22720.0,0.0135,26453.0,24992.0,-0.0552,482.0,420.0,-0.1286
2301A - JELLY BAG,2301 - JELLY & PUDDING,BISC & CONFECTIONARY,1.21,1.11,-0.0826,409.5,228.67,-0.4416,1.28,1.2,-0.0625,12430.0,11051.0,-0.1109,15910.0,13261.0,-0.1665,640.0,571.0,-0.1078
2301B - JELLY PACK,2301 - JELLY & PUDDING,BISC & CONFECTIONARY,1.39,1.08,-0.223,80.5,51.33,-0.3624,1.29,1.21,-0.062,6530.0,6418.0,-0.0172,8424.0,7766.0,-0.0781,125.0,127.0,0.016
2312A - CHINESE PRESERVED FRUIT,2312 - CHINESE PRESERVED FRUIT,BISC & CONFECTIONARY,1.0,,,0.5,,,1.0,,,34900.0,,,34900.0,,,1.0,,
2322A - CAN CANDY,2322 - CAN & BOTTLE CANDY,BISC & CONFECTIONARY,1.18,1.2,0.0169,57.0,26.33,-0.5381,1.04,1.05,0.0096,17521.0,19070.0,0.0884,18222.0,20024.0,0.0989,110.0,75.0,-0.3182
2323A - BAG CANDY,2323 - BAG CANDY,BISC & CONFECTIONARY,1.26,1.22,-0.0317,1316.5,825.67,-0.3728,1.18,1.2,0.0169,12401.0,12386.0,-0.0012,14633.0,14863.0,0.0157,2226.0,2063.0,-0.0732
2323B - BAG CANDY GUMMY,2323 - BAG CANDY,BISC & CONFECTIONARY,1.14,1.13,-0.0088,653.5,530.0,-0.189,1.17,1.2,0.0256,18006.0,16584.0,-0.079,21067.0,19901.0,-0.0553,1116.0,1324.0,0.1864
2324A - MARSHMALLOW,2324 - MARSHMALLOW,BISC & CONFECTIONARY,1.14,1.11,-0.0263,324.0,310.67,-0.0411,1.15,1.16,0.0087,12039.0,11413.0,-0.052,13845.0,13239.0,-0.0438,565.0,806.0,0.4265
2331A - ENROBED CHOCOLATE 9-19G,2331 - ENROBED CHOCOLATE,BISC & CONFECTIONARY,1.28,1.36,0.0625,44.0,141.33,2.212,1.1,1.09,-0.0091,8118.0,7559.0,-0.0689,8930.0,8239.0,-0.0774,80.0,388.0,3.85
2331B - ENROBED CHOCOLATE 20-45G,2331 - ENROBED CHOCOLATE,BISC & CONFECTIONARY,1.59,1.34,-0.1572,1784.5,1001.0,-0.4391,1.28,1.31,0.0234,20031.0,17902.0,-0.1063,25640.0,23452.0,-0.0853,2786.0,2292.0,-0.1773
2331C - ENROBED CHOCOLATE >50G,2331 - ENROBED CHOCOLATE,BISC & CONFECTIONARY,1.24,1.24,0.0,963.0,383.0,-0.6023,1.24,1.18,-0.0484,17420.0,17059.0,-0.0207,21601.0,20130.0,-0.0681,1559.0,970.0,-0.3778
2331D - ENROBED CHOCOLATE PASTA,2331 - ENROBED CHOCOLATE,BISC & CONFECTIONARY,1.19,1.47,0.2353,200.0,146.0,-0.27,1.14,1.13,-0.0088,8783.0,13555.0,0.5433,10013.0,15317.0,0.5297,352.0,387.0,0.0994
2331E - ENROBED CHOCOLATE PACKED,2331 - ENROBED CHOCOLATE,BISC & CONFECTIONARY,1.0,,,1.0,,,1.0,,,83900.0,,,83900.0,,,2.0,,
2333A - DRAGEES CHOCOLATE 10-29G,2333 - DRAGEES CHOCOLATE,BISC & CONFECTIONARY,1.29,1.16,-0.1008,387.0,212.67,-0.4505,1.15,1.14,-0.0087,13261.0,13677.0,0.0314,15250.0,15592.0,0.0224,672.0,560.0,-0.1667
2333B - DRAGEES CHOCOLATE 30-49G,2333 - DRAGEES CHOCOLATE,BISC & CONFECTIONARY,1.4,1.19,-0.15,743.0,624.33,-0.1597,1.19,1.24,0.042,14474.0,13984.0,-0.0339,17224.0,17340.0,0.0067,1250.0,1513.0,0.2104
2333C - DRAGEES CHOCOLATE 50-160G,2333 - DRAGEES CHOCOLATE,BISC & CONFECTIONARY,,1.08,,,104.67,,,1.08,,,15648.0,,,16900.0,,,291.0,
1211A - INSTANT TEA,1211 - INSTANT TEA,BREAKFAST,1.38,1.04,-0.2464,126.5,42.0,-0.668,1.23,1.3,0.0569,21470.0,14917.0,-0.3052,26408.0,19392.0,-0.2657,205.0,97.0,-0.5268
1212A - BAG TEA,1212 - BAG TEA,BREAKFAST,1.36,1.21,-0.1103,1064.5,553.33,-0.4802,1.17,1.2,0.0256,13558.0,12464.0,-0.0807,15863.0,14957.0,-0.0571,1816.0,1388.0,-0.2357
1213A - LEAF TEA 80-100G,1213 - LEAF TEA,BREAKFAST,1.34,1.37,0.0224,202.0,146.33,-0.2756,1.54,1.6,0.039,13852.0,14091.0,0.0173,21332.0,22546.0,0.0569,263.0,275.0,0.0456
1213B - LEAF TEA 40-60G,1213 - LEAF TEA,BREAKFAST,1.57,1.31,-0.1656,69.0,31.0,-0.5507,1.13,1.08,-0.0442,6714.0,5490.0,-0.1823,7587.0,5929.0,-0.2185,122.0,86.0,-0.2951
1221A - 2 IN 1 INSTANT COFFEE MIX 5-8'S,1221 - INSTANT COFFEE MIX,BREAKFAST,1.0,,,0.5,,,1.0,,,23000.0,,,23000.0,,,1.0,,
1221B - 2 IN 1 INSTANT COFFEE MIX 10'S,1221 - INSTANT COFFEE MIX,BREAKFAST,1.18,1.12,-0.0508,147.5,70.0,-0.5254,1.17,1.28,0.094,16805.0,15828.0,-0.0581,19662.0,20260.0,0.0304,252.0,164.0,-0.3492
1221C - 3 IN 1 INSTANT COFFEE MIX 5-8S,1221 - INSTANT COFFEE MIX,BREAKFAST,1.19,1.13,-0.0504,329.0,112.33,-0.6586,1.26,1.27,0.0079,13987.0,12974.0,-0.0724,17624.0,16477.0,-0.0651,524.0,266.0,-0.4924
1221D - 3 IN 1 INSTANT COFFEE MIX 9-10S,1221 - INSTANT COFFEE MIX,BREAKFAST,1.27,1.22,-0.0394,2035.5,830.33,-0.5921,1.44,1.39,-0.0347,22324.0,19909.0,-0.1082,32147.0,27674.0,-0.1391,2825.0,1792.0,-0.3657
1221F - 3 IN 1 INSTANT COFFEE MIX BAG,1221 - INSTANT COFFEE MIX,BREAKFAST,1.14,1.12,-0.0175,179.5,51.67,-0.7121,1.28,1.15,-0.1016,19727.0,17170.0,-0.1296,25251.0,19746.0,-0.218,281.0,135.0,-0.5196
1222B - 2 IN 1 COFFEE MIX 9-10S,1222 - COFFEE MIX,BREAKFAST,1.87,1.38,-0.262,964.0,406.33,-0.5785,1.42,1.35,-0.0493,23051.0,20209.0,-0.1233,32732.0,27282.0,-0.1665,1356.0,903.0,-0.3341
1222C - 3 IN 1 COFFEE MIX 5-8S,1222 - COFFEE MIX,BREAKFAST,1.0,,,1.0,,,1.0,,,19600.0,,,19600.0,,,2.0,,
1222D - 3 IN 1 COFFEE MIX 9-10S,1222 - COFFEE MIX,BREAKFAST,1.18,1.23,0.0424,437.5,238.0,-0.456,1.26,1.33,0.0556,18912.0,19126.0,0.0113,23829.0,25438.0,0.0675,695.0,536.0,-0.2288
1223B - PURE COFFEE 101-250G,1222 - COFFEE MIX,BREAKFAST,1.0,,,1.5,,,1.0,,,35333.0,,,35333.0,,,3.0,,
1223A - PURE COFFEE 50-100G,1223 - PURE COFFEE,BREAKFAST,1.23,1.19,-0.0325,1437.5,604.67,-0.5794,1.39,1.33,-0.0432,18421.0,17358.0,-0.0577,25605.0,23086.0,-0.0984,2065.0,1360.0,-0.3414
1223B - PURE COFFEE 101-250G,1223 - PURE COFFEE,BREAKFAST,1.38,1.18,-0.1449,1095.0,527.67,-0.5181,1.4,1.31,-0.0643,28554.0,24565.0,-0.1397,39976.0,32180.0,-0.195,1564.0,1207.0,-0.2283
1223C - PURE COFFEE 251-450G,1223 - PURE COFFEE,BREAKFAST,1.24,1.13,-0.0887,340.5,166.0,-0.5125,1.41,1.25,-0.1135,56959.0,50442.0,-0.1144,80312.0,63052.0,-0.2149,484.0,399.0,-0.1756
1224A - POWDER CREAMER & CHOCOLATE DRINK,1224 - POWDER CREAMER & CHOCOLATE DRINK,BREAKFAST,1.27,1.2,-0.0551,464.0,178.67,-0.6149,1.26,1.23,-0.0238,18072.0,16620.0,-0.0803,22771.0,20443.0,-0.1022,735.0,435.0,-0.4082
1321A - CEREAL CUP,1321 - CEREAL,BREAKFAST,1.58,1.77,0.1203,587.0,383.33,-0.347,1.27,1.26,-0.0079,15128.0,17164.0,0.1346,19213.0,21627.0,0.1256,923.0,913.0,-0.0108
1321B - CEREAL BAG,1321 - CEREAL,BREAKFAST,1.22,1.32,0.082,920.0,366.0,-0.6022,1.2,1.21,0.0083,17785.0,19483.0,0.0955,21342.0,23574.0,0.1046,1533.0,909.0,-0.407
1321C - CEREAL SACHET,1321 - CEREAL,BREAKFAST,1.18,1.11,-0.0593,380.5,100.33,-0.7363,1.12,1.17,0.0446,30602.0,29912.0,-0.0225,34274.0,34997.0,0.0211,679.0,257.0,-0.6215
1321D - CEREAL BOX,1321 - CEREAL,BREAKFAST,1.16,1.13,-0.0259,725.0,142.0,-0.8041,1.24,1.19,-0.0403,35312.0,31158.0,-0.1176,43787.0,37078.0,-0.1532,1173.0,359.0,-0.6939
1411A - DIETATIC BEVERAGE BOX,1411 - DIETATIC BEVERAGE,BREAKFAST,1.05,1.04,-0.0095,106.5,53.67,-0.4961,1.11,1.1,-0.009,22281.0,22830.0,0.0246,24732.0,25113.0,0.0154,192.0,146.0,-0.2396
1411B - DIETATIC BEVERAGE BOTTLE,1411 - DIETATIC BEVERAGE,BREAKFAST,1.67,,,1.5,,,1.0,,,58167.0,,,58167.0,,,3.0,,
1412A - DIETATIC SUGAR,1412 - DIETATIC SUGAR,BREAKFAST,1.1,1.04,-0.0545,152.5,81.0,-0.4689,1.17,1.25,0.0684,54194.0,50313.0,-0.0716,63407.0,62891.0,-0.0081,261.0,195.0,-0.2529
2021A - SWEETENED CONDENSED MILK PACK,2021 - SWEETENED CONDENSED MILK,BREAKFAST,1.22,1.15,-0.0574,387.5,190.33,-0.5088,1.23,1.15,-0.065,9777.0,10140.0,0.0371,12026.0,11661.0,-0.0304,631.0,496.0,-0.2139
2021B - SWEETENED CONDENSED MILK POUCH,2021 - SWEETENED CONDENSED MILK,BREAKFAST,1.7,1.89,0.1118,3616.0,2042.33,-0.4352,1.43,1.56,0.0909,29448.0,33593.0,0.1408,42111.0,52405.0,0.2444,5052.0,3919.0,-0.2243
2021C - SWEETENED CONDENSED MILK CAN,2021 - SWEETENED CONDENSED MILK,BREAKFAST,1.73,1.51,-0.1272,378.5,192.33,-0.4919,1.53,1.53,0.0,27147.0,25106.0,-0.0752,41535.0,38412.0,-0.0752,496.0,378.0,-0.2379
2021D - SWEETENED CONDENSED CREAMER CAN,2021 - SWEETENED CONDENSED MILK,BREAKFAST,1.66,1.82,0.0964,366.5,301.33,-0.1778,1.52,1.61,0.0592,20337.0,23157.0,0.1387,30912.0,37283.0,0.2061,481.0,563.0,0.1705
2021E - SWEETENED CONDENSED CREAMER PACK,2021 - SWEETENED CONDENSED MILK,BREAKFAST,1.2,1.22,0.0167,145.5,209.33,0.4387,1.19,1.21,0.0168,10201.0,10294.0,0.0091,12139.0,12456.0,0.0261,244.0,521.0,1.1352
1111A - ENERGY DRINK LIQUID BOTTLE  100-250ML,1111 - ENERGY DRINK,CHILLER,1.33,1.23,-0.0752,129.5,95.0,-0.2664,1.1,1.21,0.1,8867.0,8367.0,-0.0564,9754.0,10124.0,0.0379,235.0,236.0,0.0043
1111B - ENERGY DRINK LIQUID CAN 200-350ML,1111 - ENERGY DRINK,CHILLER,1.64,1.36,-0.1707,84.5,31.67,-0.6252,1.36,1.12,-0.1765,15683.0,13811.0,-0.1194,21329.0,15468.0,-0.2748,124.0,85.0,-0.3145
1112A - CARBONATED DRINK CAN 200-250ML,1112 - CARBONATED DRINK,CHILLER,1.61,1.28,-0.205,117.5,31.33,-0.7334,1.23,1.11,-0.0976,11237.0,8882.0,-0.2096,13822.0,9859.0,-0.2867,191.0,85.0,-0.555
1112B - CARBONATED DRINK CAN 300-330ML,1112 - CARBONATED DRINK,CHILLER,1.44,,,9.0,,,1.29,,,9800.0,,,12642.0,,,14.0,,
1112C - CARBONATED DRINK PET 250-450 ML,1112 - CARBONATED DRINK,CHILLER,1.2,1.65,0.375,3622.5,395.33,-0.8909,1.82,1.24,-0.3187,6646.0,7902.0,0.189,12096.0,9798.0,-0.19,3971.0,955.0,-0.7595
1112D - CARBONATED DRINK PET 425-500ML,1112 - CARBONATED DRINK,CHILLER,1.11,1.23,0.1081,95.0,75.33,-0.2071,1.14,1.22,0.0702,10713.0,11372.0,0.0615,12213.0,13874.0,0.136,166.0,185.0,0.1145
1112E - CARBONATED DRINK PET 1000-1800ML,1112 - CARBONATED DRINK,CHILLER,1.16,1.79,0.5431,2051.0,247.0,-0.8796,1.63,1.23,-0.2454,15586.0,19133.0,0.2276,25405.0,23534.0,-0.0736,2518.0,602.0,-0.7609
1113B - MINERAL WATER PET 330-400ML,1113 - MINERAL WATER,CHILLER,10.42,4.89,-0.5307,386.0,214.33,-0.4447,1.23,1.14,-0.0732,31234.0,13042.0,-0.5824,38418.0,14868.0,-0.613,627.0,564.0,-0.1005
1113C - MINERAL WATER PET 500-750ML,1113 - MINERAL WATER,CHILLER,2.78,2.22,-0.2014,3340.0,2137.67,-0.36,1.51,1.52,0.0066,9227.0,7617.0,-0.1745,13933.0,11578.0,-0.169,4437.0,4229.0,-0.0469
1113D - MINERAL WATER PET 1-1.5L,1113 - MINERAL WATER,CHILLER,2.37,1.6,-0.3249,1970.0,863.67,-0.5616,1.66,1.54,-0.0723,14803.0,9894.0,-0.3316,24573.0,15237.0,-0.3799,2376.0,1680.0,-0.2929
1113I - FUNCTIONAL DRINK,1113 - MINERAL WATER,CHILLER,3.22,1.78,-0.4472,478.0,319.0,-0.3326,1.36,1.3,-0.0441,17962.0,10172.0,-0.4337,24428.0,13224.0,-0.4587,704.0,735.0,0.044
1114A - ISOTONIC DRINK PET 100-250ML,1114 - ISOTONIC DRINK,CHILLER,1.45,1.3,-0.1034,217.5,87.0,-0.6,1.19,1.13,-0.0504,12283.0,11372.0,-0.0742,14617.0,12850.0,-0.1209,366.0,230.0,-0.3716
1114B - ISOTONIC DRINK PET 300-380ML,1114 - ISOTONIC DRINK,CHILLER,1.62,1.32,-0.1852,380.5,213.67,-0.4384,1.22,1.14,-0.0656,10113.0,9320.0,-0.0784,12338.0,10625.0,-0.1388,623.0,563.0,-0.0963
1114C - ISOTONIC DRINK PET 450-500ML,1114 - ISOTONIC DRINK,CHILLER,1.39,1.36,-0.0216,1078.0,422.33,-0.6082,1.23,1.25,0.0163,14135.0,12684.0,-0.1027,17386.0,15855.0,-0.0881,1746.0,1015.0,-0.4187
1114D - ISOTONIC DRINK CAN 330ML,1114 - ISOTONIC DRINK,CHILLER,1.58,1.67,0.057,26.0,14.33,-0.4488,1.06,1.1,0.0377,11017.0,11572.0,0.0504,11678.0,12729.0,0.09,49.0,39.0,-0.2041
1114E - ISOTONIC DRINK PET 900ML-1.5L,1114 - ISOTONIC DRINK,CHILLER,1.11,1.05,-0.0541,124.0,54.67,-0.5591,1.13,1.15,0.0177,20620.0,15960.0,-0.226,23301.0,18354.0,-0.2123,220.0,142.0,-0.3545
1114F - ISOTONIC DRINK PET 2L,1114 - ISOTONIC DRINK,CHILLER,1.14,1.04,-0.0877,55.5,25.33,-0.5436,1.06,1.07,0.0094,27414.0,24925.0,-0.0908,29059.0,26670.0,-0.0822,105.0,71.0,-0.3238
1115A - REMEDIES DRINK CAN,1115 - REMEDIES DRINK,CHILLER,1.57,1.63,0.0382,822.5,566.67,-0.311,1.26,1.26,0.0,12507.0,13433.0,0.074,15759.0,16926.0,0.0741,1309.0,1348.0,0.0298
1115C - REMEDIES DRINK PET 150-350ML,1115 - REMEDIES DRINK,CHILLER,1.56,1.54,-0.0128,524.5,260.0,-0.5043,1.2,1.19,-0.0083,12762.0,12777.0,0.0012,15314.0,15205.0,-0.0071,877.0,656.0,-0.252
1115D - REMEDIES DRINK PET 500-600ML,1115 - REMEDIES DRINK,CHILLER,1.69,1.35,-0.2012,324.5,129.67,-0.6004,1.17,1.11,-0.0513,14760.0,12472.0,-0.155,17269.0,13844.0,-0.1983,553.0,349.0,-0.3689
1116A - VITAMIN DRINK 100-150ML,1116 - VITAMIN DRINK,CHILLER,1.65,1.9,0.1515,1011.5,444.67,-0.5604,1.27,1.26,-0.0079,13051.0,15047.0,0.1529,16575.0,18959.0,0.1438,1599.0,1058.0,-0.3383
1116B - VITAMIN DRINK 300-500ML,1116 - VITAMIN DRINK,CHILLER,2.05,1.65,-0.1951,103.0,99.0,-0.0388,1.18,1.24,0.0508,15590.0,12579.0,-0.1931,18396.0,15598.0,-0.1521,174.0,239.0,0.3736
1117A - YOGHURT BEVERAGE,1117 - YOGHURT BEVERAGE,CHILLER,1.63,1.38,-0.1534,384.5,174.33,-0.5466,1.22,1.21,-0.0082,13146.0,10508.0,-0.2007,16038.0,12715.0,-0.2072,631.0,431.0,-0.317
1118A - CARBONATED MALT,1118 - CARBONATED MALT,CHILLER,13.03,6.0,-0.5395,224.5,65.33,-0.709,1.65,1.25,-0.2424,118771.0,55521.0,-0.5325,195972.0,69401.0,-0.6459,272.0,157.0,-0.4228
1118B - CARBONATED MALT PACK,1118 - CARBONATED MALT,CHILLER,1.51,1.3,-0.1391,17.5,7.67,-0.5617,1.17,1.28,0.094,12131.0,10552.0,-0.1302,14193.0,13507.0,-0.0483,30.0,18.0,-0.4
1121C - GRASS JELLY,1121 - DESSERT,CHILLER,1.24,1.58,0.2742,239.0,64.33,-0.7308,1.17,1.25,0.0684,10582.0,15202.0,0.4366,12381.0,19002.0,0.5348,408.0,155.0,-0.6201
1151B - JUICE TETRAPACK 125-150ML,1151 - RTD JUICE,CHILLER,2.35,1.13,-0.5191,15.5,5.0,-0.6774,1.11,1.15,0.036,10584.0,4713.0,-0.5547,11748.0,5420.0,-0.5386,28.0,13.0,-0.5357
1151C - JUICE TETRAPACK 200ML,1151 - RTD JUICE,CHILLER,1.44,1.59,0.1042,42.5,7.33,-0.8275,1.21,1.05,-0.1322,12416.0,13564.0,0.0925,15023.0,14242.0,-0.052,70.0,21.0,-0.7
1151D - JUICE TETRAPACK 240-250ML,1151 - RTD JUICE,CHILLER,1.78,1.72,-0.0337,290.0,208.67,-0.2804,1.18,1.22,0.0339,13537.0,13935.0,0.0294,15974.0,17001.0,0.0643,490.0,514.0,0.049
1151E - JUICE TETRAPACK 750-1200ML,1151 - RTD JUICE,CHILLER,1.05,1.23,0.1714,642.0,21.33,-0.9668,1.37,1.08,-0.2117,16033.0,27194.0,0.6961,21965.0,29370.0,0.3371,934.0,59.0,-0.9368
1151F - JUICE PET 200-450ML,1151 - RTD JUICE,CHILLER,1.17,1.3,0.1111,3167.0,328.0,-0.8964,1.74,1.21,-0.3046,7612.0,13106.0,0.7218,13245.0,15858.0,0.1973,3642.0,812.0,-0.777
1151H - JUICE CAN 230-350ML,1151 - RTD JUICE,CHILLER,1.5,1.47,-0.02,67.0,67.67,0.01,1.14,1.15,0.0088,17464.0,17343.0,-0.0069,19909.0,19944.0,0.0018,118.0,176.0,0.4915
1154A - RTD TEA TETRAPACK 200-240ML,1154 - RTD TEA,CHILLER,3.04,2.4,-0.2105,190.0,113.0,-0.4053,1.2,1.25,0.0417,28673.0,8468.0,-0.7047,34408.0,10585.0,-0.6924,316.0,272.0,-0.1392
1154B - RTD TEA TETRAPACK 250-500ML,1154 - RTD TEA,CHILLER,2.96,3.98,0.3446,371.5,213.33,-0.4258,1.19,1.35,0.1345,11314.0,14077.0,0.2442,13464.0,19004.0,0.4115,622.0,475.0,-0.2363
1154D - RTD TEA PET 250-420ML,1154 - RTD TEA,CHILLER,1.68,3.11,0.8512,2651.5,503.33,-0.8102,1.55,1.37,-0.1161,6334.0,11888.0,0.8769,9818.0,16287.0,0.6589,3425.0,1103.0,-0.678
1154E - RTD TEA PET 450-500ML,1154 - RTD TEA,CHILLER,1.6,1.41,-0.1188,585.5,306.33,-0.4768,1.2,1.21,0.0083,11286.0,10283.0,-0.0889,13543.0,12442.0,-0.0813,979.0,760.0,-0.2237
1154G - RTD TEA CAN,1154 - RTD TEA,CHILLER,1.25,2.06,0.648,16.0,17.67,0.1044,1.28,1.2,-0.0625,13412.0,22425.0,0.672,17167.0,26910.0,0.5675,25.0,44.0,0.76
1154I - RTD TEA CARTON,1154 - RTD TEA,CHILLER,2.25,,,52.5,,,1.81,,,208495.0,,,377376.0,,,58.0,,
1154J - RTD TEA PET >=1000ML,1154 - RTD TEA,CHILLER,1.25,1.11,-0.112,139.0,42.0,-0.6978,1.24,1.18,-0.0484,19751.0,15465.0,-0.217,24491.0,18249.0,-0.2549,225.0,107.0,-0.5244
1154K - RTD MILK TEA PET,1154 - RTD TEA,CHILLER,1.69,1.25,-0.2604,295.5,110.33,-0.6266,1.17,1.08,-0.0769,14640.0,11091.0,-0.2424,17129.0,11978.0,-0.3007,504.0,307.0,-0.3909
1154L - RTD TEA LESS SUGAR,1154 - RTD TEA,CHILLER,2.3,1.43,-0.3783,262.0,103.67,-0.6043,1.34,1.19,-0.1119,9541.0,6729.0,-0.2947,12785.0,8008.0,-0.3736,391.0,262.0,-0.3299
1156A - RTD COFFEE TETRAPACK,1156 - RTD COFFEE,CHILLER,1.36,1.43,0.0515,201.0,64.67,-0.6783,1.3,1.21,-0.0692,10337.0,10415.0,0.0075,13438.0,12602.0,-0.0622,309.0,160.0,-0.4822
"1156B - RTD COFFEE CAN, BOTTLE, PET",1156 - RTD COFFEE,CHILLER,1.66,1.46,-0.1205,1939.5,1285.0,-0.3375,1.55,1.47,-0.0516,11562.0,10292.0,-0.1098,17921.0,15129.0,-0.1558,2499.0,2614.0,0.046
1231C - TRADITIONAL DRINK TETRAPACK,1231 - TRADITIONAL DRINK,CHILLER,1.14,1.0,-0.1228,3.5,1.0,-0.7143,1.0,1.0,0.0,10500.0,10600.0,0.0095,10500.0,10600.0,0.0095,7.0,3.0,-0.5714
2022A - SPECIALTY LIQUID MILK,2022 - SPECIALTY LIQUID MILK,CHILLER,2.54,1.8,-0.2913,100.0,107.0,0.07,1.3,1.26,-0.0308,24785.0,19340.0,-0.2197,32220.0,24368.0,-0.2437,154.0,254.0,0.6494
2023A - TETRAPAK LIQUID MILK 100-130ML,2023 - TETRAPACK LIQUID MILK,CHILLER,2.88,3.07,0.066,1960.0,1031.67,-0.4736,1.57,1.51,-0.0382,11984.0,11829.0,-0.0129,18815.0,17862.0,-0.0507,2499.0,2050.0,-0.1797
2023B - TETRAPAK LIQUID MILK 160-200ML,2023 - TETRAPACK LIQUID MILK,CHILLER,1.69,1.6,-0.0533,1408.5,866.0,-0.3852,1.31,1.35,0.0305,11137.0,10423.0,-0.0641,14589.0,14071.0,-0.0355,2157.0,1928.0,-0.1062
2023C - TETRAPAK LIQUID MILK 220-250ML,2023 - TETRAPACK LIQUID MILK,CHILLER,1.81,1.61,-0.1105,2802.0,1345.67,-0.5197,1.43,1.41,-0.014,13539.0,11987.0,-0.1146,19361.0,16902.0,-0.127,3918.0,2854.0,-0.2716
2023F - TETRAPAK LIQUID MILK CARTON,2023 - TETRAPACK LIQUID MILK,CHILLER,1.48,,,326.5,,,1.81,,,183024.0,,,331273.0,,,361.0,,
2024A - CAN LIQUID MILK,2024 - BOTTLE - CAN LIQUID MILK,CHILLER,2.62,2.76,0.0534,1578.5,901.67,-0.4288,1.38,1.46,0.058,33346.0,29912.0,-0.103,46017.0,43672.0,-0.051,2288.0,1858.0,-0.1879
2024C - BOTTLE LIQUID MILK 160-310ML,2024 - BOTTLE - CAN LIQUID MILK,CHILLER,1.51,2.31,0.5298,591.0,544.33,-0.079,1.25,1.27,0.016,10181.0,12850.0,0.2622,12726.0,16320.0,0.2824,945.0,1288.0,0.363
2025A - PLANT BASED MILK 190-350ML,2025 - PLANT BASED LIQUID MILK,CHILLER,1.58,1.46,-0.0759,714.5,411.67,-0.4238,1.41,1.31,-0.0709,13755.0,12670.0,-0.0789,19395.0,16598.0,-0.1442,1015.0,943.0,-0.0709
2025B - PLANT BASED MILK 1L,2025 - PLANT BASED LIQUID MILK,CHILLER,1.86,1.14,-0.3871,10.5,24.67,1.3495,1.05,1.23,0.1714,62786.0,35841.0,-0.4292,65925.0,44084.0,-0.3313,20.0,60.0,2.0
6211B - FRESH MILK TETRAPACK 125-200ML,6211 - FRESH MILK,CHILLER,,1.5,,,3.33,,,1.0,,,18750.0,,,18750.0,,,10.0,
6212A - YOGHURT PACK,6212 - YOGHURT,CHILLER,1.34,1.31,-0.0224,976.0,323.0,-0.6691,1.39,1.42,0.0216,14415.0,14663.0,0.0172,20037.0,20821.0,0.0391,1405.0,684.0,-0.5132
6212B - YOGHURT LIQUID 70-80G,6212 - YOGHURT,CHILLER,3.51,2.19,-0.3761,832.5,316.67,-0.6196,1.37,1.32,-0.0365,12019.0,7468.0,-0.3787,16466.0,9858.0,-0.4013,1219.0,721.0,-0.4085
6212C - YOGHURT LIQUID 100-330ML,6212 - YOGHURT,CHILLER,1.57,1.47,-0.0637,1187.0,760.67,-0.3592,1.33,1.33,0.0,14641.0,13643.0,-0.0682,19473.0,18145.0,-0.0682,1785.0,1714.0,-0.0398
6218A - PUDDING CUP 85-150ML,6218 - PUDDING,CHILLER,1.68,,,37.0,,,1.14,,,11112.0,,,12668.0,,,65.0,,
6218C - SOFT PUDDING,6218 - PUDDING,CHILLER,1.54,1.57,0.0195,156.0,198.0,0.2692,1.12,1.22,0.0893,11687.0,11802.0,0.0098,13089.0,14398.0,0.1,278.0,486.0,0.7482
6226A - CHILLED MEAT BALLS,6226 - CHILLED MEAT BALLS,CHILLER,1.46,1.38,-0.0548,664.0,284.67,-0.5713,1.28,1.28,0.0,12890.0,12433.0,-0.0355,16499.0,15914.0,-0.0355,1039.0,667.0,-0.358
6227A - CHILLED SAUSAGES,6227 - CHILLED SAUSAGES,CHILLER,1.75,1.68,-0.04,2859.5,1495.0,-0.4772,1.44,1.43,-0.0069,15792.0,14970.0,-0.0521,22740.0,21407.0,-0.0586,3972.0,3135.0,-0.2107
6234A - FROZEN SEAFOOD,6234 - FROZEN SEAFOOD,CHILLER,1.17,1.33,0.1368,39.0,20.0,-0.4872,1.18,1.2,0.0169,32276.0,33528.0,0.0388,38086.0,40234.0,0.0564,66.0,50.0,-0.2424
6521G - LOKAL FRUIT BANANA,6521 - LOCAL FRUIT,CHILLER,1.3,4.0,2.0769,5.0,0.33,-0.934,1.0,1.0,0.0,7800.0,24000.0,2.0769,7800.0,24000.0,2.0769,10.0,1.0,-0.9
6524A - SEASONAL FRUIT,6524 - SEASONAL FRUIT,CHILLER,1.0,1.1,0.1,0.5,16.67,32.34,1.0,1.04,0.04,41900.0,35270.0,-0.1582,41900.0,36681.0,-0.1246,1.0,48.0,47.0
3511A - FLOOR CLEANER CARBOLIC,3511 - FLOOR CLEANER,HOUSE HOLD,1.39,1.31,-0.0576,1799.5,793.67,-0.5589,1.24,1.25,0.0081,24028.0,21670.0,-0.0981,29795.0,27088.0,-0.0909,2909.0,1899.0,-0.3472
3511B - FLOOR CLEANER FRAGRANCE,3511 - FLOOR CLEANER,HOUSE HOLD,1.57,1.41,-0.1019,2331.0,854.0,-0.6336,1.28,1.3,0.0156,21549.0,17978.0,-0.1657,27583.0,23371.0,-0.1527,3630.0,1972.0,-0.4567
3512A - GLASS CLEANER,3512 - GLASS CLEANER,HOUSE HOLD,1.48,1.44,-0.027,295.5,131.33,-0.5556,1.15,1.21,0.0522,9766.0,8870.0,-0.0917,11231.0,10733.0,-0.0443,512.0,326.0,-0.3633
3513A - TOILET CLEANER 100-350ML,3513 - TOILET CLEANER,HOUSE HOLD,1.48,1.36,-0.0811,194.0,7.33,-0.9622,1.15,1.29,0.1217,10662.0,18550.0,0.7398,12261.0,23930.0,0.9517,338.0,17.0,-0.9497
3513B - TOILET CLEANER 350-600ML,3513 - TOILET CLEANER,HOUSE HOLD,1.25,1.12,-0.104,506.5,210.0,-0.5854,1.11,1.08,-0.027,24745.0,19804.0,-0.1997,27467.0,21388.0,-0.2213,912.0,582.0,-0.3618
3513C - TOILET CLEANER 700-1000ML,3513 - TOILET CLEANER,HOUSE HOLD,1.26,1.21,-0.0397,1000.5,352.0,-0.6482,1.16,1.15,-0.0086,24595.0,23382.0,-0.0493,28530.0,26889.0,-0.0575,1730.0,915.0,-0.4711
3513D - TOILET CLEANER >1000ML,3513 - TOILET CLEANER,HOUSE HOLD,1.08,,,19.0,,,1.15,,,76137.0,,,87558.0,,,33.0,,
3514A - KITCHEN CLEANER,3514 - KITCHEN CLEANER,HOUSE HOLD,1.08,1.02,-0.0556,55.5,18.67,-0.6636,1.02,1.08,0.0588,22808.0,20889.0,-0.0841,23264.0,22560.0,-0.0303,109.0,52.0,-0.5229
3514B - OTHER KITCHEN CLEANER,3514 - KITCHEN CLEANER,HOUSE HOLD,1.31,,,14.5,,,1.12,,,32386.0,,,36272.0,,,26.0,,
3516A - DISHWASHING CLEANER 100-250ML,3516 - DISHWASHING CLEANER,HOUSE HOLD,2.11,,,53.5,,,1.19,,,9187.0,,,10933.0,,,90.0,,
3516B - DISHWASHING CLEANER 300-550ML,3516 - DISHWASHING CLEANER,HOUSE HOLD,1.55,1.37,-0.1161,401.0,259.67,-0.3524,1.14,1.13,-0.0088,13879.0,12236.0,-0.1184,15822.0,13827.0,-0.1261,706.0,687.0,-0.0269
3516C - DISHWASHING CLEANER 600-800ML,3516 - DISHWASHING CLEANER,HOUSE HOLD,1.93,1.93,0.0,9469.0,4522.67,-0.5224,1.47,1.54,0.0476,20304.0,20467.0,0.008,29847.0,31519.0,0.056,12863.0,8819.0,-0.3144
3516D - DISHWASHING CLEANER >1000ML,3516 - DISHWASHING CLEANER,HOUSE HOLD,1.35,1.41,0.0444,2122.5,907.67,-0.5724,1.28,1.33,0.0391,22725.0,21633.0,-0.0481,29088.0,28772.0,-0.0109,3325.0,2052.0,-0.3829
3611A - AEROSOL INSECTICIDES 600-700ML,3611 - AEROSOL INSECTICIDES,HOUSE HOLD,1.28,1.12,-0.125,1429.5,638.33,-0.5535,1.22,1.22,0.0,51837.0,44484.0,-0.1418,63241.0,54270.0,-0.1419,2350.0,1569.0,-0.3323
3611B - AEROSOL INSECTICIDES 200-400ML,3611 - AEROSOL INSECTICIDES,HOUSE HOLD,1.07,1.04,-0.028,793.0,402.0,-0.4931,1.13,1.14,0.0088,27767.0,27317.0,-0.0162,31377.0,31141.0,-0.0075,1401.0,1059.0,-0.2441
3611C - AEROSOL INSECTICIDES 10-100ML,3611 - AEROSOL INSECTICIDES,HOUSE HOLD,1.15,1.18,0.0261,210.0,117.33,-0.4413,1.17,1.25,0.0684,29574.0,29622.0,0.0016,34602.0,37028.0,0.0701,360.0,282.0,-0.2167
3612A - COIL INSECTICIDES,3612 - COIL INSECTICIDES,HOUSE HOLD,1.51,1.47,-0.0265,413.0,255.33,-0.3818,1.42,1.42,0.0,8233.0,8256.0,0.0028,11691.0,11724.0,0.0028,582.0,541.0,-0.0704
3613B - LIQUID INSECTICIDES 400-900ML,3613 - LIQUID INSECTICIDES,HOUSE HOLD,1.0,,,2.0,,,1.0,,,40225.0,,,40225.0,,,4.0,,
3614B - LOTION INSECTICIDES 50-100G,3614 - LOTION INSECTICIDES,HOUSE HOLD,1.2,1.14,-0.05,434.5,139.0,-0.6801,1.13,1.12,-0.0088,16527.0,15774.0,-0.0456,18676.0,17667.0,-0.054,767.0,372.0,-0.515
3615A - ELECTRIC INSECTICIDES LIQUID,3615 - ELECTRIC INSECTICIDES,HOUSE HOLD,1.26,1.22,-0.0317,1204.0,608.67,-0.4945,1.33,1.32,-0.0075,25875.0,23130.0,-0.1061,34414.0,30532.0,-0.1128,1808.0,1383.0,-0.2351
3615B - ELECTRIC INSECTICIDES MAT,3615 - ELECTRIC INSECTICIDES,HOUSE HOLD,1.11,1.14,0.027,199.5,118.0,-0.4085,1.14,1.16,0.0175,14508.0,15285.0,0.0536,16539.0,17731.0,0.0721,350.0,305.0,-0.1286
3616A - INSECTICIDES OTHERS,3616 - OTHERS INSECTICIDES,HOUSE HOLD,1.37,1.35,-0.0146,319.0,186.33,-0.4159,1.16,1.18,0.0172,25858.0,24982.0,-0.0339,29995.0,29479.0,-0.0172,551.0,475.0,-0.1379
3621A - TOILET NAPHTHALENE,3621 - TOILET NAPHTHALENE,HOUSE HOLD,1.23,1.2,-0.0244,510.5,229.67,-0.5501,1.13,1.13,0.0,30382.0,29989.0,-0.0129,34332.0,33888.0,-0.0129,907.0,609.0,-0.3286
3622A - CABINET NAPHTHALENE 150-300G,3622 - CABINET NAPHTHALENE,HOUSE HOLD,1.15,1.13,-0.0174,282.0,123.33,-0.5627,1.09,1.07,-0.0183,26278.0,27606.0,0.0505,28643.0,29538.0,0.0312,519.0,347.0,-0.3314
3622B - CABINET NAPHTHALENE 10-50G,3622 - CABINET NAPHTHALENE,HOUSE HOLD,1.21,1.18,-0.0248,63.0,18.67,-0.7037,1.09,1.08,-0.0092,32306.0,34686.0,0.0737,35214.0,37461.0,0.0638,116.0,52.0,-0.5517
3623A - AEROSOL AIR FRESHENER 150-275,3623 - AEROSOL AIR FRESHENER,HOUSE HOLD,1.19,1.12,-0.0588,465.5,162.33,-0.6513,1.14,1.14,0.0,44410.0,43420.0,-0.0223,50627.0,49499.0,-0.0223,818.0,426.0,-0.4792
3623B - AEROSOL AIR FRESHENER 300-400,3623 - AEROSOL AIR FRESHENER,HOUSE HOLD,1.17,1.14,-0.0256,204.0,102.33,-0.4984,1.1,1.08,-0.0182,34381.0,33947.0,-0.0126,37819.0,36663.0,-0.0306,370.0,283.0,-0.2351
3624A - GEL AIR FRESHENER 5-70G,3624 - GEL AIR FRESHENER,HOUSE HOLD,1.48,1.36,-0.0811,1437.5,535.33,-0.6276,1.2,1.15,-0.0417,18374.0,17359.0,-0.0552,22049.0,19963.0,-0.0946,2398.0,1393.0,-0.4191
3624B - GEL AIR FRESHENER 200-300G,3624 - GEL AIR FRESHENER,HOUSE HOLD,1.73,,,7.5,,,1.15,,,60340.0,,,69391.0,,,13.0,,
3711B - POWDER DETERGENT 100-600G,3711 - POWDER DETERGENT,HOUSE HOLD,2.01,1.74,-0.1343,777.0,343.0,-0.5586,1.33,1.38,0.0376,20038.0,17544.0,-0.1245,26651.0,24211.0,-0.0916,1170.0,746.0,-0.3624
3711C - POWDER DETERGENT 601-990G,3711 - POWDER DETERGENT,HOUSE HOLD,1.5,1.34,-0.1067,1798.0,837.67,-0.5341,1.33,1.36,0.0226,28757.0,24701.0,-0.141,38247.0,33593.0,-0.1217,2710.0,1850.0,-0.3173
3711D - POWDER DETERGENT 1-2 KG,3711 - POWDER DETERGENT,HOUSE HOLD,1.38,1.25,-0.0942,3133.5,1613.0,-0.4852,1.39,1.49,0.0719,43362.0,36730.0,-0.1529,60273.0,54728.0,-0.092,4524.0,3249.0,-0.2818
3712B - CREAM DETERGENT 500-900G,3712 - CREAM DETERGENT,HOUSE HOLD,1.54,1.54,0.0,563.0,230.67,-0.5903,1.24,1.32,0.0645,10527.0,9011.0,-0.144,13053.0,11895.0,-0.0887,908.0,523.0,-0.424
3714A - LIQUID DETERGENT BOTTLE,3714 - LIQUID DETERGENT,HOUSE HOLD,1.8,1.84,0.0222,3818.0,1939.0,-0.4921,1.44,1.52,0.0556,35615.0,36414.0,0.0224,51286.0,55349.0,0.0792,5311.0,3835.0,-0.2779
3714B - LIQUID DETERGENT 400-900ML,3714 - LIQUID DETERGENT,HOUSE HOLD,1.92,1.86,-0.0312,4661.0,2034.67,-0.5635,1.48,1.56,0.0541,29857.0,27970.0,-0.0632,44188.0,43633.0,-0.0126,6313.0,3901.0,-0.3821
3714C - LIQUID DETERGENT >1000ML,3714 - LIQUID DETERGENT,HOUSE HOLD,1.49,1.22,-0.1812,990.0,239.0,-0.7586,1.35,1.3,-0.037,75242.0,43991.0,-0.4153,101577.0,57188.0,-0.437,1462.0,553.0,-0.6218
3715A - MATIC POWDER DETERGENT,3715 - MATIC POWDER DETERGENT,HOUSE HOLD,1.3,,,10.0,,,1.05,,,92970.0,,,97618.0,,,19.0,,
3716A - MATIC LIQUID DETERGENT,3716 - MATIC LIQUID DETERGENT,HOUSE HOLD,1.65,1.44,-0.1273,195.5,23.33,-0.8807,1.37,1.75,0.2774,67507.0,42700.0,-0.3675,92485.0,74725.0,-0.192,286.0,40.0,-0.8601
3721A - BLEACH,3721 - BLEACH,HOUSE HOLD,1.19,1.15,-0.0336,846.5,300.67,-0.6448,1.23,1.17,-0.0488,31374.0,26602.0,-0.1521,38590.0,31124.0,-0.1935,1377.0,772.0,-0.4394
3722B - CONCENTRATE SOFTENER 250-500ML,3722 - CONCENTRATE FABRIC CONDITIONER,HOUSE HOLD,1.53,1.13,-0.2614,160.5,28.33,-0.8235,1.3,1.1,-0.1538,40435.0,29574.0,-0.2686,52566.0,32531.0,-0.3811,246.0,77.0,-0.687
3722C - CONCENTRATE SOFTENER 600-800ML,3722 - CONCENTRATE FABRIC CONDITIONER,HOUSE HOLD,1.65,1.48,-0.103,2935.5,1095.67,-0.6268,1.49,1.52,0.0201,35819.0,28462.0,-0.2054,53370.0,43262.0,-0.1894,3946.0,2157.0,-0.4534
3722D - CONCENTRATE SOFTENER 900ML-2L,3722 - CONCENTRATE FABRIC CONDITIONER,HOUSE HOLD,1.83,1.17,-0.3607,222.5,70.67,-0.6824,1.4,1.39,-0.0071,77774.0,47867.0,-0.3845,108884.0,66535.0,-0.3889,318.0,153.0,-0.5189
3723D - DILUTE SOFTENER REF 1-2L,3723 - DILUTE FABRIC CONDITIONER,HOUSE HOLD,1.74,,,44.0,,,1.29,,,45795.0,,,59076.0,,,68.0,,
3723E - DILUTE FRAGRANCE 800-900ML,3723 - DILUTE FABRIC CONDITIONER,HOUSE HOLD,1.95,1.64,-0.159,4301.0,1554.67,-0.6385,1.53,1.57,0.0261,23790.0,20314.0,-0.1461,36399.0,31893.0,-0.1238,5621.0,2980.0,-0.4698
3724C - IRONING REF 200-500ML,3724 - IRONING,HOUSE HOLD,2.64,2.53,-0.0417,3267.5,1553.67,-0.5245,1.34,1.37,0.0224,14984.0,14127.0,-0.0572,20079.0,19354.0,-0.0361,4874.0,3392.0,-0.3041
3724D - IRONING BTL 300-500ML,3724 - IRONING,HOUSE HOLD,1.01,1.0,-0.0099,109.0,55.33,-0.4924,1.01,1.0,-0.0099,16624.0,16408.0,-0.013,16790.0,16408.0,-0.0228,216.0,166.0,-0.2315
4251A - CLEANING EQUIPMENT HOME,4251 - CLEANING EQUIPMENT,HOUSE HOLD,1.32,1.19,-0.0985,226.0,57.33,-0.7463,1.17,1.08,-0.0769,18092.0,18153.0,0.0034,21168.0,19605.0,-0.0738,387.0,159.0,-0.5891
4251C - CLEANING EQUIPMENT KITCHEN,4251 - CLEANING EQUIPMENT,HOUSE HOLD,1.17,1.14,-0.0256,886.5,285.33,-0.6781,1.09,1.08,-0.0092,11507.0,10583.0,-0.0803,12543.0,11430.0,-0.0887,1627.0,795.0,-0.5114
3111A - ANALGESIC BOTTLE,3111 - ANALGESIC,MEDICINE & BABY CARE,1.03,1.03,0.0,16.0,34.33,1.1456,1.0,1.07,0.07,28272.0,27824.0,-0.0158,28272.0,29772.0,0.0531,32.0,96.0,2.0
3111B - ANALGESIC STRIP,3111 - ANALGESIC,MEDICINE & BABY CARE,1.23,1.32,0.0732,47.5,157.33,2.3122,1.08,1.2,0.1111,5022.0,7840.0,0.5611,5424.0,9408.0,0.7345,88.0,392.0,3.4545
3112B - ANALGESIC & COLD REMEDIES STRIP,3112 - ANALGESIC & COLD REMEDIES,MEDICINE & BABY CARE,1.25,1.23,-0.016,30.5,101.67,2.3334,1.03,1.07,0.0388,5531.0,7690.0,0.3903,5697.0,8228.0,0.4443,59.0,285.0,3.8305
3113A - ANTACIDS BOTTLE,3113 - ANTACIDS,MEDICINE & BABY CARE,1.67,1.35,-0.1916,4.5,18.33,3.0733,1.0,1.04,0.04,14278.0,16215.0,0.1357,14278.0,16864.0,0.1811,9.0,53.0,4.8889
3113B - ANTACIDS STRIP,3113 - ANTACIDS,MEDICINE & BABY CARE,1.9,1.49,-0.2158,115.0,71.67,-0.3768,1.1,1.13,0.0273,10015.0,10785.0,0.0769,11016.0,12187.0,0.1063,210.0,191.0,-0.0905
3114B - KIDS COUGH BTL,3114 - KIDS COUGH MEDICINE,MEDICINE & BABY CARE,1.25,1.0,-0.2,2.0,13.0,5.5,1.33,1.15,-0.1353,113250.0,21056.0,-0.8141,150622.0,24214.0,-0.8392,3.0,34.0,10.3333
3115A - ADULT COUGH SYRUP 50-90ML,3115 - ADULT COUGH MEDICINE,MEDICINE & BABY CARE,1.05,1.06,0.0095,195.5,78.67,-0.5976,1.16,1.1,-0.0517,24169.0,25339.0,0.0484,28036.0,27873.0,-0.0058,336.0,214.0,-0.3631
3115B - ADULT COUGH SYRUP 100-150ML,3115 - ADULT COUGH MEDICINE,MEDICINE & BABY CARE,1.0,1.02,0.02,19.5,27.67,0.419,1.05,1.05,0.0,32305.0,29713.0,-0.0802,33920.0,31199.0,-0.0802,37.0,79.0,1.1351
3115C - ADULT COUGH STRIP,3115 - ADULT COUGH MEDICINE,MEDICINE & BABY CARE,1.46,1.19,-0.1849,6.5,10.33,0.5892,1.18,1.19,0.0085,4385.0,3652.0,-0.1672,5174.0,4346.0,-0.16,11.0,26.0,1.3636
3115D - ADULT COUGH SAC,3115 - ADULT COUGH MEDICINE,MEDICINE & BABY CARE,2.55,1.6,-0.3725,76.5,30.33,-0.6035,1.13,1.1,-0.0265,8844.0,6898.0,-0.22,9994.0,7588.0,-0.2407,135.0,83.0,-0.3852
3116A - DIARRHEA,3116 - DIARRHEA & CONSTIPATION,MEDICINE & BABY CARE,1.1,1.03,-0.0636,53.5,22.67,-0.5763,1.13,1.03,-0.0885,17656.0,14550.0,-0.1759,19951.0,14986.0,-0.2489,95.0,66.0,-0.3053
3116B - CONSTIPATION,3116 - DIARRHEA & CONSTIPATION,MEDICINE & BABY CARE,1.82,1.77,-0.0275,74.0,29.33,-0.6036,1.24,1.21,-0.0242,30173.0,16188.0,-0.4635,37415.0,19587.0,-0.4765,119.0,73.0,-0.3866
3118A - ADULT SUPLEMENT STRONG,3118 - ADULT VITAMINS/SUPLEMENT,MEDICINE & BABY CARE,1.32,1.27,-0.0379,9.5,3.67,-0.6137,1.12,1.0,-0.1071,12289.0,12064.0,-0.0183,13764.0,12064.0,-0.1235,17.0,11.0,-0.3529
3118B - ADULT VITAMINS CALCIUM,3118 - ADULT VITAMINS/SUPLEMENT,MEDICINE & BABY CARE,1.11,1.19,0.0721,61.5,31.0,-0.4959,1.18,1.21,0.0254,48161.0,35606.0,-0.2607,56830.0,43083.0,-0.2419,104.0,77.0,-0.2596
3118C - ADULT VITAMINS SKIN,3118 - ADULT VITAMINS/SUPLEMENT,MEDICINE & BABY CARE,1.11,1.0,-0.0991,18.5,2.0,-0.8919,1.37,1.0,-0.2701,35651.0,27633.0,-0.2249,48842.0,27633.0,-0.4342,27.0,6.0,-0.7778
3118D - ADULT VITAMINS VIT-C,3118 - ADULT VITAMINS/SUPLEMENT,MEDICINE & BABY CARE,1.66,1.56,-0.0602,367.5,141.33,-0.6154,1.18,1.16,-0.0169,18992.0,16021.0,-0.1564,22411.0,18584.0,-0.1708,624.0,365.0,-0.4151
3118E - ADULT SUPLEMENT ENERGY,3118 - ADULT VITAMINS/SUPLEMENT,MEDICINE & BABY CARE,1.19,1.1,-0.0756,72.0,40.33,-0.4399,1.2,1.15,-0.0417,20407.0,15798.0,-0.2259,24488.0,18168.0,-0.2581,120.0,105.0,-0.125
3118F - ADULT HEALTHY SUPLEMENT,3118 - ADULT VITAMINS/SUPLEMENT,MEDICINE & BABY CARE,1.07,1.08,0.0093,72.0,43.33,-0.3982,1.11,1.07,-0.036,24656.0,24002.0,-0.0265,27368.0,25682.0,-0.0616,130.0,121.0,-0.0692
3119A - ATHELMINTICS,3119 - ATHELMINTICS,MEDICINE & BABY CARE,1.0,1.3,0.3,1.5,3.33,1.22,1.0,1.0,0.0,22633.0,31290.0,0.3825,22633.0,31290.0,0.3825,3.0,10.0,2.3333
3121A - MEDICATED PLASTER,3121 - PLESTER,MEDICINE & BABY CARE,1.16,1.11,-0.0431,94.0,32.33,-0.6561,1.06,1.03,-0.0283,14549.0,14310.0,-0.0164,15422.0,14739.0,-0.0443,178.0,94.0,-0.4719
3121B - FEVER PLESTER,3121 - PLESTER,MEDICINE & BABY CARE,2.42,1.88,-0.2231,266.5,98.33,-0.631,1.1,1.14,0.0364,26523.0,21053.0,-0.2062,29175.0,24000.0,-0.1774,485.0,258.0,-0.468
3121C - KOYO PLESTER,3121 - PLESTER,MEDICINE & BABY CARE,1.32,1.24,-0.0606,348.5,137.0,-0.6069,1.17,1.18,0.0085,16410.0,16527.0,0.0071,19200.0,19502.0,0.0157,595.0,347.0,-0.4168
3123A - FIRST AID KIT ANTISEPTIC,3123 - ANTISEPTIC,MEDICINE & BABY CARE,1.25,1.0,-0.2,34.5,10.0,-0.7101,1.15,1.0,-0.1304,36614.0,31403.0,-0.1423,42106.0,31403.0,-0.2542,60.0,30.0,-0.5
3123C - LOTION ANTISEPTIC,3123 - ANTISEPTIC,MEDICINE & BABY CARE,1.0,1.03,0.03,3.0,10.67,2.5567,1.0,1.03,0.03,21967.0,23100.0,0.0516,21967.0,23793.0,0.0831,6.0,31.0,4.1667
3124A - EYE DROPS,3124 - EYE DROPS,MEDICINE & BABY CARE,,1.04,,,22.67,,,1.03,,,20099.0,,,20702.0,,,66.0,
"3125A - SALVE,BALM & CREAM","3125 - SALVE, BALM, CREAM & LIQ MEDICINE",MEDICINE & BABY CARE,1.12,1.07,-0.0446,195.5,117.0,-0.4015,1.1,1.1,0.0,29571.0,24582.0,-0.1687,32528.0,27040.0,-0.1687,356.0,320.0,-0.1011
3127A - FUNGICIDES,3127 - FUNGICIDES,MEDICINE & BABY CARE,1.08,1.07,-0.0093,24.5,14.67,-0.4012,1.04,1.0,-0.0385,17853.0,18241.0,0.0217,18567.0,18241.0,-0.0176,47.0,44.0,-0.0638
3131A - TRADITIONAL & CHINESE 10-40ML,3131 - TRADITIONAL & CHINESE,MEDICINE & BABY CARE,1.79,1.78,-0.0056,584.0,305.0,-0.4777,1.19,1.21,0.0168,19369.0,18302.0,-0.0551,23049.0,22145.0,-0.0392,985.0,755.0,-0.2335
3131B - TRADITIONAL & CHINESE 50-120ML,3131 - TRADITIONAL & CHINESE,MEDICINE & BABY CARE,1.06,1.11,0.0472,32.0,9.33,-0.7084,1.36,1.0,-0.2647,27172.0,29275.0,0.0774,36954.0,29275.0,-0.2078,47.0,28.0,-0.4043
3131C - TRADITIONAL & CHINESE KAPLET,3131 - TRADITIONAL & CHINESE,MEDICINE & BABY CARE,1.71,1.57,-0.0819,19.0,4.67,-0.7542,1.12,1.17,0.0446,8884.0,8114.0,-0.0867,9950.0,9493.0,-0.0459,34.0,12.0,-0.6471
3131D - TRADITIONAL & CHINESE MASSAGE,3131 - TRADITIONAL & CHINESE,MEDICINE & BABY CARE,1.02,1.07,0.049,28.0,18.33,-0.3454,1.0,1.04,0.04,21939.0,22747.0,0.0368,21939.0,23657.0,0.0783,56.0,53.0,-0.0536
3131E - TRADITIONAL & CHINESE MINYAK ANGIN,3131 - TRADITIONAL & CHINESE,MEDICINE & BABY CARE,1.09,1.07,-0.0183,462.0,190.67,-0.5873,1.13,1.11,-0.0177,19931.0,19318.0,-0.0308,22522.0,21443.0,-0.0479,818.0,516.0,-0.3692
3132A - TELON OIL 30-90ML,3132 - TELON OIL,MEDICINE & BABY CARE,1.26,1.11,-0.119,515.5,239.67,-0.5351,1.17,1.17,0.0,26651.0,24599.0,-0.077,31182.0,28781.0,-0.077,878.0,615.0,-0.2995
3132B - TELON OIL 100-150ML,3132 - TELON OIL,MEDICINE & BABY CARE,1.14,1.08,-0.0526,293.5,87.67,-0.7013,1.13,1.15,0.0177,45188.0,43554.0,-0.0362,51062.0,50087.0,-0.0191,519.0,228.0,-0.5607
3133B - CAJUPUTI OIL 10-60ML,3133 - CAJUPUTI OIL,MEDICINE & BABY CARE,1.09,1.16,0.0642,450.0,185.67,-0.5874,1.12,1.15,0.0268,21706.0,24390.0,0.1237,24311.0,28048.0,0.1537,805.0,486.0,-0.3963
3133C - CAJUPUTI OIL 100-150ML,3133 - CAJUPUTI OIL,MEDICINE & BABY CARE,1.07,1.13,0.0561,48.5,20.67,-0.5738,1.08,1.17,0.0833,59701.0,64052.0,0.0729,64477.0,74941.0,0.1623,90.0,53.0,-0.4111
3141A - HONEY BOTTLE 100-400ML,3141 - HONEY,MEDICINE & BABY CARE,1.04,1.02,-0.0192,144.5,54.0,-0.6263,1.11,1.09,-0.018,31984.0,30820.0,-0.0364,35502.0,33594.0,-0.0537,260.0,149.0,-0.4269
3141B - HONEY BOTTLE 650ML,3141 - HONEY,MEDICINE & BABY CARE,1.0,1.0,0.0,7.5,4.33,-0.4227,1.0,1.08,0.08,73993.0,77900.0,0.0528,73993.0,84132.0,0.137,15.0,12.0,-0.2
3141C - HONEY BOX,3141 - HONEY,MEDICINE & BABY CARE,1.07,1.0,-0.0654,27.5,11.33,-0.588,1.02,1.21,0.1863,13816.0,13074.0,-0.0537,14092.0,15820.0,0.1226,54.0,28.0,-0.4815
3258B - TALCUM POWDER 60-100G,3258 - TALCUM POWDER,MEDICINE & BABY CARE,1.02,1.0,-0.0196,25.5,9.67,-0.6208,1.06,1.04,-0.0189,21745.0,22393.0,0.0298,23050.0,23289.0,0.0104,48.0,28.0,-0.4167
3313A - WET TISSUE,3313 - WET TISSUE,MEDICINE & BABY CARE,1.28,1.22,-0.0469,1565.5,575.33,-0.6325,1.36,1.3,-0.0441,19174.0,17578.0,-0.0832,26077.0,22851.0,-0.1237,2307.0,1323.0,-0.4265
3333A - BABY COTTON REF,3333 - BABY COTTON,MEDICINE & BABY CARE,1.16,1.15,-0.0086,365.0,188.33,-0.484,1.05,1.08,0.0286,7663.0,7442.0,-0.0288,8046.0,8037.0,-0.0011,696.0,523.0,-0.2486
3333B - BABY COTTON BUD POT,3333 - BABY COTTON,MEDICINE & BABY CARE,1.02,1.0,-0.0196,49.5,29.33,-0.4075,1.0,1.01,0.01,10410.0,10078.0,-0.0319,10410.0,10179.0,-0.0222,99.0,87.0,-0.1212
3334A - REGULER COTTON BUD REF,3334 - REGULER COTTON BUD,MEDICINE & BABY CARE,1.19,1.16,-0.0252,295.5,154.33,-0.4777,1.04,1.07,0.0288,7569.0,7408.0,-0.0213,7872.0,7927.0,0.007,570.0,433.0,-0.2404
3334B - REGULER COTTON BUD POT,3334 - REGULER COTTON BUD,MEDICINE & BABY CARE,1.02,1.06,0.0392,64.5,31.67,-0.509,1.04,1.01,-0.0288,14107.0,14649.0,0.0384,14671.0,14795.0,0.0085,124.0,94.0,-0.2419
3411A - BABY SHAMPOO 50-100ML,3411 - BABY SHAMPOO,MEDICINE & BABY CARE,1.01,1.11,0.099,78.0,35.67,-0.5427,1.11,1.09,-0.018,16113.0,16474.0,0.0224,17885.0,17957.0,0.004,141.0,98.0,-0.305
3411B - BABY SHAMPOO 125-200ML,3411 - BABY SHAMPOO,MEDICINE & BABY CARE,1.0,,,0.5,,,1.0,,,75800.0,,,75800.0,,,1.0,,
3411C - BABY SHAMPOO 250-750ML,3411 - BABY SHAMPOO,MEDICINE & BABY CARE,9.2,,,5.0,,,2.5,,,304820.0,,,762050.0,,,4.0,,
3412A - BABY BAR SOAP,3412 - BABY BAR SOAP,MEDICINE & BABY CARE,1.52,1.57,0.0329,127.0,73.33,-0.4226,1.18,1.16,-0.0169,8179.0,8217.0,0.0046,9651.0,9532.0,-0.0123,215.0,190.0,-0.1163
3413A - BABY COLOGNE 100-150ML,3413 - BABY COLOGNE,MEDICINE & BABY CARE,1.84,1.05,-0.4293,100.0,46.0,-0.54,1.16,1.14,-0.0172,49534.0,29841.0,-0.3976,57459.0,34019.0,-0.4079,172.0,121.0,-0.2965
3414A - BABY TALCUM POWDER 75-200G,3414 - BABY TALCUM POWDER,MEDICINE & BABY CARE,1.11,1.02,-0.0811,166.0,71.33,-0.5703,1.05,1.06,0.0095,11747.0,10626.0,-0.0954,12334.0,11264.0,-0.0868,316.0,202.0,-0.3608
3414B - BABY TALCUM POWDER 300-350G,3414 - BABY TALCUM POWDER,MEDICINE & BABY CARE,1.13,1.05,-0.0708,44.5,22.0,-0.5056,1.02,1.02,0.0,19949.0,18441.0,-0.0756,20348.0,18810.0,-0.0756,87.0,65.0,-0.2529
3415A - BABY LOTION,"3415 - BABY LOTION, OIL & CREAM",MEDICINE & BABY CARE,2.01,1.02,-0.4925,47.5,14.67,-0.6912,1.2,1.02,-0.15,73958.0,23389.0,-0.6838,88750.0,23857.0,-0.7312,79.0,43.0,-0.4557
3415B - BABY OIL,"3415 - BABY LOTION, OIL & CREAM",MEDICINE & BABY CARE,1.33,1.04,-0.218,100.5,39.67,-0.6053,1.08,1.03,-0.0463,24075.0,19366.0,-0.1956,26001.0,19947.0,-0.2328,186.0,115.0,-0.3817
3415C - BABY CREAM,"3415 - BABY LOTION, OIL & CREAM",MEDICINE & BABY CARE,1.1,1.08,-0.0182,182.5,73.0,-0.6,1.13,1.2,0.0619,25471.0,21320.0,-0.163,28782.0,25584.0,-0.1111,323.0,183.0,-0.4334
3415D - BABY HAIR LOTION,"3415 - BABY LOTION, OIL & CREAM",MEDICINE & BABY CARE,1.07,1.05,-0.0187,172.0,79.67,-0.5368,1.13,1.14,0.0088,28472.0,29414.0,0.0331,32173.0,33532.0,0.0422,304.0,210.0,-0.3092
3416A - BABY LIQUID SOAP 100-300ML,3416 - BABY LIQUID SOAP,MEDICINE & BABY CARE,1.22,1.04,-0.1475,249.5,105.0,-0.5792,1.14,1.07,-0.0614,38412.0,31735.0,-0.1738,43790.0,33956.0,-0.2246,439.0,294.0,-0.3303
3416B - BABY LIQUID SOAP 400-600ML,3416 - BABY LIQUID SOAP,MEDICINE & BABY CARE,1.12,1.08,-0.0357,495.0,178.0,-0.6404,1.21,1.19,-0.0165,35385.0,33239.0,-0.0606,42816.0,39554.0,-0.0762,821.0,449.0,-0.4531
3417A - BABY LIQUID DET,3417 - BABY LIQUID DET & SOFTENER,MEDICINE & BABY CARE,1.25,1.05,-0.16,48.5,6.33,-0.8695,1.31,1.19,-0.0916,39863.0,29689.0,-0.2552,52221.0,35330.0,-0.3235,74.0,16.0,-0.7838
3417B - BABY FABRIC SOFTENER,3417 - BABY LIQUID DET & SOFTENER,MEDICINE & BABY CARE,1.88,1.0,-0.4681,8.5,2.33,-0.7259,1.21,1.0,-0.1736,61871.0,27929.0,-0.5486,74864.0,27929.0,-0.6269,14.0,7.0,-0.5
3421B - KIDS SHAMPOO 125-200ML,3421 - KIDS SHAMPOO,MEDICINE & BABY CARE,1.13,1.06,-0.0619,208.5,97.0,-0.5348,1.1,1.1,0.0,18996.0,17962.0,-0.0544,20896.0,19758.0,-0.0545,379.0,264.0,-0.3034
3421C - KIDS SHAMPOO 250-750ML,3421 - KIDS SHAMPOO,MEDICINE & BABY CARE,1.5,,,1.0,,,1.0,,,34350.0,,,34350.0,,,2.0,,
3422A - KIDS COLOGNE,3422 - KIDS COLOGNE,MEDICINE & BABY CARE,1.06,1.06,0.0,172.5,90.33,-0.4763,1.1,1.07,-0.0273,18520.0,18482.0,-0.0021,20372.0,19776.0,-0.0293,314.0,253.0,-0.1943
3423A - KIDS LIQUID SOAP,3423 - KIDS LIQUID SOAP,MEDICINE & BABY CARE,1.52,1.07,-0.2961,246.5,85.67,-0.6525,1.18,1.14,-0.0339,33481.0,23362.0,-0.3022,39508.0,26633.0,-0.3259,419.0,226.0,-0.4606
3424A - TOOTH PASTE KIDS 45-60G,3424 - TOOTH PASTE KIDS,MEDICINE & BABY CARE,1.21,1.15,-0.0496,509.0,214.0,-0.5796,1.12,1.17,0.0446,11459.0,10840.0,-0.054,12834.0,12683.0,-0.0118,906.0,548.0,-0.3951
3425A - TOOTH BRUSH KIDS,3425 - TOOTH BRUSH KIDS,MEDICINE & BABY CARE,1.18,1.16,-0.0169,356.5,191.67,-0.4624,1.08,1.08,0.0,14977.0,14775.0,-0.0135,16175.0,15957.0,-0.0135,660.0,530.0,-0.197
3426A - KIDS HAIR VITAMIN,3426 - KIDS HAIR VITAMIN,MEDICINE & BABY CARE,1.0,1.09,0.09,18.0,7.33,-0.5928,1.03,1.22,0.1845,15578.0,16936.0,0.0872,16045.0,20662.0,0.2878,35.0,18.0,-0.4857
"3443A - NURSING,BOTTLE,PACIFIER DOT","3443 - NURSING, BOTTLE & PACIFIER",MEDICINE & BABY CARE,1.02,1.05,0.0294,47.5,26.0,-0.4526,1.07,1.1,0.028,46906.0,49105.0,0.0469,50189.0,54016.0,0.0763,89.0,71.0,-0.2022
"3443B - NURSING,BOTTLE,PACIFIER BTL","3443 - NURSING, BOTTLE & PACIFIER",MEDICINE & BABY CARE,1.12,1.1,-0.0179,50.5,38.0,-0.2475,1.03,1.08,0.0485,52461.0,50619.0,-0.0351,54035.0,54669.0,0.0117,98.0,106.0,0.0816
3444A - BABY EQUIPMENT,3444 - BABY EQUIPMENT,MEDICINE & BABY CARE,2.42,1.0,-0.5868,16.5,3.33,-0.7982,1.1,1.0,-0.0909,95091.0,43070.0,-0.5471,104600.0,43070.0,-0.5882,30.0,10.0,-0.6667
3446A - BABY LIQUID CLEANSER,3446 - BABY LIQUID CLEANSER,MEDICINE & BABY CARE,1.13,1.08,-0.0442,279.0,79.67,-0.7144,1.34,1.19,-0.1119,25200.0,24145.0,-0.0419,33768.0,28733.0,-0.1491,415.0,201.0,-0.5157
2011A - FAMILY MILK 200-400G,2011 - FAMILY MILK,MILK & DIAPERS,1.03,1.04,0.0097,171.5,88.67,-0.483,1.2,1.25,0.0417,44240.0,47554.0,0.0749,53088.0,59442.0,0.1197,286.0,212.0,-0.2587
2011B - FAMILY MILK  600-800G,2011 - FAMILY MILK,MILK & DIAPERS,1.11,1.23,0.1081,192.0,85.33,-0.5556,1.46,1.31,-0.1027,107349.0,121476.0,0.1316,156730.0,159134.0,0.0153,263.0,196.0,-0.2548
2011C - FAMILY MILK  PACK,2011 - FAMILY MILK,MILK & DIAPERS,1.22,,,31.5,,,1.43,,,136703.0,,,195485.0,,,44.0,,
2012A - TEENS MILK  200-400G,2012 - TEENS MILK,MILK & DIAPERS,1.13,1.12,-0.0088,186.5,77.67,-0.5835,1.41,1.35,-0.0426,55466.0,54732.0,-0.0132,78207.0,73888.0,-0.0552,265.0,172.0,-0.3509
2012B - TEENS MILK  500-800G,2012 - TEENS MILK,MILK & DIAPERS,1.08,1.07,-0.0093,99.0,42.33,-0.5724,1.26,1.34,0.0635,88653.0,88357.0,-0.0033,111703.0,118398.0,0.0599,157.0,95.0,-0.3949
2012C - TEENS MILK  850-1000G,2012 - TEENS MILK,MILK & DIAPERS,1.11,,,22.5,,,1.32,,,137807.0,,,181905.0,,,34.0,,
2012D - TEENS MILK PACK,2012 - TEENS MILK,MILK & DIAPERS,1.19,1.14,-0.042,113.5,16.67,-0.8531,1.28,1.11,-0.1328,47134.0,70272.0,0.4909,60332.0,78002.0,0.2929,178.0,45.0,-0.7472
2013A - HI-CAL MILK  150-350G,2013 - HI-CALCIUM MILK,MILK & DIAPERS,1.06,1.15,0.0849,107.0,63.0,-0.4112,1.27,1.23,-0.0315,45487.0,55147.0,0.2124,57768.0,67831.0,0.1742,169.0,154.0,-0.0888
2013B - HI-CAL MILK  400-650G,2013 - HI-CALCIUM MILK,MILK & DIAPERS,1.13,1.07,-0.0531,127.5,50.67,-0.6026,1.18,1.33,0.1271,127792.0,125651.0,-0.0168,150795.0,167116.0,0.1082,217.0,114.0,-0.4747
2013C - HI-CAL MILK 700-1000G,2013 - HI-CALCIUM MILK,MILK & DIAPERS,1.06,1.06,0.0,42.0,26.67,-0.365,1.17,1.25,0.0684,195530.0,186224.0,-0.0476,228770.0,232780.0,0.0175,72.0,64.0,-0.1111
2014A - TONIC MILK,2014 - TONIC MILK,MILK & DIAPERS,1.07,1.11,0.0374,66.0,30.33,-0.5405,1.18,1.14,-0.0339,64631.0,59152.0,-0.0848,76265.0,67433.0,-0.1158,112.0,80.0,-0.2857
2014B - TONIC MILK PACK,2014 - TONIC MILK,MILK & DIAPERS,1.08,,,18.5,,,1.12,,,32681.0,,,36603.0,,,33.0,,
2015A - DIETATIC MILK,2015 - DIETATIC MILK,MILK & DIAPERS,1.36,1.89,0.3897,12.5,3.0,-0.76,1.14,1.12,-0.0175,137760.0,171511.0,0.245,157046.0,192092.0,0.2232,22.0,8.0,-0.6364
2016A - DIABETIC MILK,2016 - DIABETIC MILK,MILK & DIAPERS,1.15,1.18,0.0261,48.0,16.67,-0.6527,1.43,1.09,-0.2378,139929.0,122868.0,-0.1219,200098.0,133926.0,-0.3307,67.0,46.0,-0.3134
2111A - INFANT MILK MAINSTREAM BOX 150-200G,2111 - INFANT MILK MAINSTREAM,MILK & DIAPERS,1.32,1.25,-0.053,60.5,42.0,-0.3058,1.49,1.58,0.0604,20021.0,18613.0,-0.0703,29831.0,29409.0,-0.0141,81.0,80.0,-0.0123
2111B - INFANT MILK MAINSTREAM BOX 400-600G,2111 - INFANT MILK MAINSTREAM,MILK & DIAPERS,1.17,1.04,-0.1111,65.0,26.0,-0.6,1.76,1.37,-0.2216,60023.0,49771.0,-0.1708,105640.0,68186.0,-0.3545,74.0,57.0,-0.2297
2111C - INFANT MILK MAINSTREAM BOX 750-1000G,2111 - INFANT MILK MAINSTREAM,MILK & DIAPERS,1.07,1.14,0.0654,34.5,24.0,-0.3043,1.47,1.26,-0.1429,101158.0,104768.0,0.0357,148702.0,132008.0,-0.1123,47.0,57.0,0.2128
2111D - INFANT SPECIALITY MILK MAINSTREAM,2111 - INFANT MILK MAINSTREAM,MILK & DIAPERS,1.18,1.04,-0.1186,16.5,8.33,-0.4952,2.06,1.79,-0.1311,37379.0,32512.0,-0.1302,77001.0,58196.0,-0.2442,16.0,14.0,-0.125
2112A - INFANT MILK PREMIUM BOX 150-200G,2112 - INFANT MILK PREMIUM,MILK & DIAPERS,1.32,1.04,-0.2121,74.5,23.33,-0.6868,1.8,1.3,-0.2778,48570.0,36116.0,-0.2564,87426.0,46951.0,-0.463,83.0,54.0,-0.3494
2112B - INFANT MILK PREMIUM BOX 350-750G,2112 - INFANT MILK PREMIUM,MILK & DIAPERS,1.09,1.2,0.1009,98.0,45.67,-0.534,1.8,1.61,-0.1056,110038.0,112698.0,0.0242,198068.0,181444.0,-0.0839,109.0,85.0,-0.2202
2112C - INFANT MILK PREMIUM CAN,2112 - INFANT MILK PREMIUM,MILK & DIAPERS,1.05,1.31,0.2476,41.0,9.67,-0.7641,1.61,1.16,-0.2795,155615.0,195307.0,0.2551,250540.0,226556.0,-0.0957,51.0,25.0,-0.5098
2113A - INFANT MILK SUPER PREMUM BOX 400G,2113 - INFANT MILK SUPER PREMIUM,MILK & DIAPERS,1.28,1.55,0.2109,18.0,6.67,-0.6294,1.71,2.0,0.1696,164428.0,200905.0,0.2218,281172.0,401810.0,0.4291,21.0,10.0,-0.5238
2113B - INFANT MILK SUPER PREMIUM CAN 400G,2113 - INFANT MILK SUPER PREMIUM,MILK & DIAPERS,1.03,1.0,-0.0291,16.0,4.33,-0.7294,1.33,1.44,0.0827,181716.0,175592.0,-0.0337,241682.0,252852.0,0.0462,24.0,9.0,-0.625
2114A - FOLLOW ON MILK MAINSTREAM BOX 150-200G,2114 - FOLLOW ON MILK MAINSTREAM,MILK & DIAPERS,1.19,1.1,-0.0756,70.5,56.0,-0.2057,1.53,1.85,0.2092,22025.0,17252.0,-0.2167,33698.0,31916.0,-0.0529,92.0,91.0,-0.0109
2114B - FOLLOW ON MILK MAINSTREAM BOX 350-600G,2114 - FOLLOW ON MILK MAINSTREAM,MILK & DIAPERS,1.23,1.06,-0.1382,132.5,54.67,-0.5874,1.89,1.93,0.0212,66318.0,53862.0,-0.1878,125341.0,103954.0,-0.1706,140.0,85.0,-0.3929
2114C - FOLLOW ON MILK MAINSTREAM BOX 700-1000G,2114 - FOLLOW ON MILK MAINSTREAM,MILK & DIAPERS,1.07,1.23,0.1495,67.0,37.0,-0.4478,1.84,1.73,-0.0598,101198.0,112942.0,0.116,186204.0,195390.0,0.0493,73.0,64.0,-0.1233
2114D - FOLLOW ON SPECIALITY MILK MAINSTREAM,2114 - FOLLOW ON MILK MAINSTREAM,MILK & DIAPERS,1.16,1.42,0.2241,16.0,13.33,-0.1669,1.52,3.64,1.3947,72934.0,85695.0,0.175,110860.0,311930.0,1.8137,21.0,11.0,-0.4762
2115A - FOLLOW ON MILK PREMIUM BOX 150-200G,2115 - FOLLOW ON MILK PREMIUM,MILK & DIAPERS,1.23,1.29,0.0488,90.0,19.67,-0.7814,1.88,1.34,-0.2872,49708.0,52508.0,0.0563,93451.0,70361.0,-0.2471,96.0,44.0,-0.5417
2115B - FOLLOW ON MILK PREMIUM BOX 300-1000G,2115 - FOLLOW ON MILK PREMIUM,MILK & DIAPERS,1.12,1.12,0.0,105.0,38.67,-0.6317,2.06,1.63,-0.2087,114725.0,97153.0,-0.1532,236334.0,158359.0,-0.3299,102.0,71.0,-0.3039
2115C - FOLLOW ON MILK PREMIUM CAN 800-900G,2115 - FOLLOW ON MILK PREMIUM,MILK & DIAPERS,1.11,1.06,-0.045,58.5,11.67,-0.8005,1.83,1.35,-0.2623,164892.0,157197.0,-0.0467,301752.0,212216.0,-0.2967,64.0,26.0,-0.5938
2116A - FOLLOW ON MILK SUPER PREMIUM BOX 350-600G,2116 - FOLLOW ON MILK SUPER PREMIUM,MILK & DIAPERS,1.0,1.12,0.12,18.5,16.33,-0.1173,1.68,1.96,0.1667,126476.0,142116.0,0.1237,212480.0,278547.0,0.3109,22.0,25.0,0.1364
2116B - FOLLOW ON MILK SUPER PREMIUM CAN 400G,2116 - FOLLOW ON MILK SUPER PREMIUM,MILK & DIAPERS,1.04,1.06,0.0192,14.0,6.0,-0.5714,1.27,1.38,0.0866,194304.0,180011.0,-0.0736,246766.0,248415.0,0.0067,22.0,13.0,-0.4091
2117A - GROWING UP MILK MAINSTREAM BOX 120-200G,2117 - GROWING UP MILK MAINSTREAM,MILK & DIAPERS,1.32,1.07,-0.1894,351.5,220.67,-0.3722,1.96,2.26,0.1531,20309.0,16551.0,-0.185,39806.0,37405.0,-0.0603,359.0,293.0,-0.1838
2117B - GROWING UP MILK MAINSTREAM BOX 350-600G,2117 - GROWING UP MILK MAINSTREAM,MILK & DIAPERS,1.14,1.08,-0.0526,823.0,396.67,-0.518,1.77,1.65,-0.0678,51903.0,48616.0,-0.0633,91868.0,80216.0,-0.1268,932.0,722.0,-0.2253
2117C - GROWING UP MILK MAINSTREAM BOX 700-1000G,2117 - GROWING UP MILK MAINSTREAM,MILK & DIAPERS,1.3,1.27,-0.0231,1891.5,701.67,-0.629,2.07,1.93,-0.0676,101711.0,100558.0,-0.0113,210542.0,194077.0,-0.0782,1824.0,1089.0,-0.403
2117D - GROWING UP SPECIALITY MILK MAINSTREAM,2117 - GROWING UP MILK MAINSTREAM,MILK & DIAPERS,1.33,1.26,-0.0526,131.5,32.0,-0.7567,2.07,1.68,-0.1884,120781.0,107669.0,-0.1086,250017.0,180884.0,-0.2765,127.0,57.0,-0.5512
2117E - GROWING UP MILK MAINSTREAM >1000G,2117 - GROWING UP MILK MAINSTREAM,MILK & DIAPERS,1.0,,,3.0,,,1.0,,,250767.0,,,250767.0,,,6.0,,
2118A - GROWING UP MILK PREMIUM BOX 150-200G,2118 - GROWING UP MILK PREMIUM,MILK & DIAPERS,1.14,1.14,0.0,262.5,67.67,-0.7422,2.03,1.93,-0.0493,45168.0,42576.0,-0.0574,91691.0,82172.0,-0.1038,259.0,105.0,-0.5946
2118B - GROWING UP MILK PREMIUM BOX 300-600G,2118 - GROWING UP MILK PREMIUM,MILK & DIAPERS,1.1,1.13,0.0273,349.0,112.0,-0.6791,1.86,1.53,-0.1774,81974.0,84887.0,0.0355,152472.0,129877.0,-0.1482,375.0,220.0,-0.4133
2118C - GROWING UP MILK PREMIUM BOX 700-1000G,2118 - GROWING UP MILK PREMIUM,MILK & DIAPERS,1.27,1.17,-0.0787,503.0,164.0,-0.674,1.83,1.76,-0.0383,202667.0,192151.0,-0.0519,370881.0,338186.0,-0.0882,551.0,280.0,-0.4918
2118D - GROWING UP MILK PREMIUM CAN 700-900G,2118 - GROWING UP MILK PREMIUM,MILK & DIAPERS,1.32,1.1,-0.1667,212.5,57.33,-0.7302,1.9,1.67,-0.1211,188546.0,156096.0,-0.1721,358237.0,260680.0,-0.2723,224.0,103.0,-0.5402
2118F - GROWING UP SPECIALITY MILK PREMIUM,2118 - GROWING UP MILK PREMIUM,MILK & DIAPERS,1.25,1.3,0.04,84.5,23.33,-0.7239,1.97,1.46,-0.2589,180218.0,187431.0,0.04,355029.0,273649.0,-0.2292,86.0,48.0,-0.4419
2118G - GROWING UP MILK PREMIUM >1000G,2118 - GROWING UP MILK PREMIUM,MILK & DIAPERS,1.17,,,23.0,,,1.39,,,378924.0,,,526704.0,,,33.0,,
2119A - GROWING UP MILK SUPER PREMIUM BOX 200-700G,2119 - GROWING UP MILK SUPER PREMIUM,MILK & DIAPERS,1.15,1.28,0.113,233.0,67.0,-0.7124,1.93,1.79,-0.0725,131561.0,133555.0,0.0152,253913.0,239063.0,-0.0585,241.0,112.0,-0.5353
2119B - GROWING UP MILK SUPER PREMIUM CAN 400G,2119 - GROWING UP MILK SUPER PREMIUM,MILK & DIAPERS,1.08,1.07,-0.0093,65.0,14.67,-0.7743,1.43,1.29,-0.0979,186931.0,195680.0,0.0468,267311.0,252427.0,-0.0557,91.0,34.0,-0.6264
2119C - GROWING UP MILK SUPER PREMIUM CAN 700-1000G,2119 - GROWING UP MILK SUPER PREMIUM,MILK & DIAPERS,1.1,1.06,-0.0364,138.5,36.33,-0.7377,1.87,1.79,-0.0428,336084.0,331548.0,-0.0135,628477.0,593471.0,-0.0557,148.0,61.0,-0.5878
2119D - GROWING UP MILK SUPER PREMIUM >1000G,2119 - GROWING UP MILK SUPER PREMIUM,MILK & DIAPERS,1.32,,,14.0,,,1.87,,,528025.0,,,987407.0,,,15.0,,
2121A - BABY CEREAL BOX 100G,2121 - BABY CEREAL,MILK & DIAPERS,1.43,1.11,-0.2238,147.0,49.33,-0.6644,1.43,1.21,-0.1538,28293.0,22366.0,-0.2095,40459.0,27063.0,-0.3311,205.0,122.0,-0.4049
2121B - BABY CEREAL BOX 120G,2121 - BABY CEREAL,MILK & DIAPERS,1.56,1.31,-0.1603,409.5,130.33,-0.6817,1.54,1.42,-0.0779,24341.0,22204.0,-0.0878,37485.0,31530.0,-0.1589,532.0,275.0,-0.4831
2121C - BABY CEREAL BAG,2121 - BABY CEREAL,MILK & DIAPERS,1.72,1.48,-0.1395,203.0,105.33,-0.4811,1.41,1.39,-0.0142,15616.0,12736.0,-0.1844,22019.0,17703.0,-0.196,287.0,228.0,-0.2056
2122A - BABY BISCUIT,2122 - BABY BISCUIT & SNACK,MILK & DIAPERS,1.18,1.16,-0.0169,296.5,103.0,-0.6526,1.34,1.21,-0.097,18051.0,17956.0,-0.0053,24188.0,21727.0,-0.1017,442.0,256.0,-0.4208
2122B - BABY SNACK,2122 - BABY BISCUIT & SNACK,MILK & DIAPERS,1.98,1.77,-0.1061,1768.0,703.67,-0.602,1.64,1.5,-0.0854,20255.0,17602.0,-0.131,33218.0,26403.0,-0.2052,2160.0,1403.0,-0.3505
2131A - PREGNANT MILK 150-250G,2131 - PREGNANT MILK,MILK & DIAPERS,1.04,1.17,0.125,58.0,19.33,-0.6667,1.23,1.14,-0.0732,47983.0,58645.0,0.2222,59019.0,66855.0,0.1328,94.0,51.0,-0.4574
2131B - PREGNANT MILK 300-400G,2131 - PREGNANT MILK,MILK & DIAPERS,1.09,1.05,-0.0367,49.0,21.33,-0.5647,1.32,1.39,0.053,88427.0,93267.0,0.0547,116724.0,129641.0,0.1107,74.0,46.0,-0.3784
3431A - REGULAR DIAPERS SIZE-S,3431 - REGULAR DIAPERS,MILK & DIAPERS,1.13,1.09,-0.0354,161.0,57.33,-0.6439,1.43,1.18,-0.1748,69349.0,64975.0,-0.0631,99169.0,76670.0,-0.2269,225.0,146.0,-0.3511
3431B - REGULAR DIAPERS SIZE-M,3431 - REGULAR DIAPERS,MILK & DIAPERS,1.2,1.0,-0.1667,5.0,0.33,-0.934,1.43,1.0,-0.3007,54960.0,45800.0,-0.1667,78593.0,45800.0,-0.4173,7.0,1.0,-0.8571
3432A - PANTS DIAPERS SIZE-S 18-22S,3432 - PANTS DIAPERS,MILK & DIAPERS,1.07,1.17,0.0935,23.0,4.0,-0.8261,1.24,1.2,-0.0323,76376.0,82583.0,0.0813,94706.0,99100.0,0.0464,37.0,10.0,-0.7297
3432B - PANTS DIAPERS SIZE-S 24-38S,3432 - PANTS DIAPERS,MILK & DIAPERS,1.13,1.12,-0.0088,158.5,60.67,-0.6172,1.47,1.5,0.0204,69391.0,65664.0,-0.0537,102005.0,98496.0,-0.0344,215.0,121.0,-0.4372
3432C - PANTS DIAPERS SIZE-M 18-22S,3432 - PANTS DIAPERS,MILK & DIAPERS,1.05,1.0,-0.0476,9.5,10.0,0.0526,1.12,1.15,0.0268,48121.0,44000.0,-0.0856,53896.0,50600.0,-0.0612,17.0,26.0,0.5294
3432D - PANTS DIAPERS SIZE-M 24-38S,3432 - PANTS DIAPERS,MILK & DIAPERS,1.14,1.08,-0.0526,660.0,211.33,-0.6798,1.73,1.54,-0.1098,70109.0,64452.0,-0.0807,121289.0,99256.0,-0.1817,763.0,413.0,-0.4587
3432E - PANTS DIAPERS SIZE-L 18-22S,3432 - PANTS DIAPERS,MILK & DIAPERS,1.05,1.04,-0.0095,55.0,16.67,-0.6969,1.41,1.16,-0.1773,52636.0,51828.0,-0.0154,74217.0,60120.0,-0.1899,78.0,43.0,-0.4487
3432F - PANTS DIAPERS SIZE-L 24-32S,3432 - PANTS DIAPERS,MILK & DIAPERS,1.16,1.09,-0.0603,1060.0,272.67,-0.7428,1.83,1.59,-0.1311,71019.0,66509.0,-0.0635,129965.0,105749.0,-0.1863,1160.0,513.0,-0.5578
3432G - PANTS DIAPERS SIZE-XL 16-22S,3432 - PANTS DIAPERS,MILK & DIAPERS,1.29,1.06,-0.1783,101.0,36.33,-0.6403,1.58,1.45,-0.0823,82280.0,65043.0,-0.2095,130002.0,94312.0,-0.2745,128.0,75.0,-0.4141
3432H - PANTS DIAPERS SIZE-XL 24-32S,3432 - PANTS DIAPERS,MILK & DIAPERS,1.18,1.14,-0.0339,1041.0,224.0,-0.7848,1.89,1.55,-0.1799,75527.0,72195.0,-0.0441,142746.0,111902.0,-0.2161,1103.0,433.0,-0.6074
3432I - PANTS DIAPERS SIZE-XXL 18-22S,3432 - PANTS DIAPERS,MILK & DIAPERS,1.1,1.06,-0.0364,196.0,49.67,-0.7466,1.77,1.33,-0.2486,65859.0,63779.0,-0.0316,116570.0,84826.0,-0.2723,222.0,112.0,-0.4955
3432J - PANTS DIAPERS SIZE-XXL 24-30S,3432 - PANTS DIAPERS,MILK & DIAPERS,1.13,1.07,-0.0531,291.0,75.0,-0.7423,1.93,1.51,-0.2176,78663.0,72938.0,-0.0728,151820.0,110136.0,-0.2746,301.0,149.0,-0.505
3432K - PANTS DIAPERS 5-10S,3432 - PANTS DIAPERS,MILK & DIAPERS,1.01,1.03,0.0198,181.5,77.33,-0.5739,1.54,1.31,-0.1494,18199.0,18617.0,0.023,28026.0,24388.0,-0.1298,236.0,177.0,-0.25
3432L - PANTS DIAPERS 36-70S,3432 - PANTS DIAPERS,MILK & DIAPERS,1.19,1.11,-0.0672,108.0,32.33,-0.7006,1.34,1.41,0.0522,109425.0,93242.0,-0.1479,146630.0,131471.0,-0.1034,161.0,69.0,-0.5714
3432M - PANTS DIAPERS CARTON,3432 - PANTS DIAPERS,MILK & DIAPERS,1.1,,,10.5,,,1.17,,,217495.0,,,254469.0,,,18.0,,
3515A - SHOES CLEANER PASTE,3515 - SHOES CLEANER,MISC & STATIONARY,1.0,1.04,0.04,15.5,17.0,0.0968,1.0,1.02,0.02,28932.0,33767.0,0.1671,28932.0,34442.0,0.1904,31.0,50.0,0.6129
3515B - SHOES CLEANER LIQUID,3515 - SHOES CLEANER,MISC & STATIONARY,1.0,1.0,0.0,9.0,6.67,-0.2589,1.0,1.0,0.0,48317.0,53515.0,0.1076,48317.0,53515.0,0.1076,18.0,20.0,0.1111
4121A - BULBS,4121 - BULBS,MISC & STATIONARY,1.17,1.21,0.0342,170.5,70.0,-0.5894,1.09,1.04,-0.0459,38640.0,40250.0,0.0417,42118.0,41860.0,-0.0061,314.0,201.0,-0.3599
4123A - TORCHES & EMERGENCY,4123 - TORCHES & EMERGENCY LAMP,MISC & STATIONARY,1.22,1.0,-0.1803,4.5,3.0,-0.3333,1.0,1.0,0.0,64211.0,57522.0,-0.1042,64211.0,57522.0,-0.1042,9.0,9.0,0.0
4131A - ELECTRICAL & INSTALLATION SUPPORT,4131 - ELECTRICAL & INSTALLATION SUPPORT,MISC & STATIONARY,1.03,1.02,-0.0097,31.0,17.33,-0.441,1.0,1.04,0.04,39513.0,39306.0,-0.0052,39513.0,40878.0,0.0345,62.0,50.0,-0.1935
4142A - HAND TOOLS,4142 - HAND TOOLS,MISC & STATIONARY,1.0,,,3.5,,,1.0,,,8500.0,,,8500.0,,,7.0,,
4161A - BUILDING HARDWARE,4161 - BUILDING HARDWARE,MISC & STATIONARY,1.05,1.0,-0.0476,19.5,6.67,-0.6579,1.0,1.0,0.0,36528.0,35210.0,-0.0361,36528.0,35210.0,-0.0361,39.0,20.0,-0.4872
4162A - GLUE ADHESIVE,4162 - ADHESIVE TAPE & GLUE,MISC & STATIONARY,1.06,1.05,-0.0094,88.5,39.0,-0.5593,1.02,1.02,0.0,13168.0,12563.0,-0.0459,13431.0,12814.0,-0.0459,174.0,115.0,-0.3391
4224A - PARTY ACCESSORIES ASSORT,4224 - PARTY ACCESSORIES,MISC & STATIONARY,1.1,1.07,-0.0273,138.5,49.67,-0.6414,1.09,1.07,-0.0183,13509.0,13529.0,0.0015,14725.0,14476.0,-0.0169,255.0,139.0,-0.4549
4224B - PARTY ACCESSORIES,4224 - PARTY ACCESSORIES,MISC & STATIONARY,1.23,1.22,-0.0081,55.0,27.0,-0.5091,1.05,1.04,-0.0095,10219.0,11327.0,0.1084,10730.0,11780.0,0.0979,105.0,78.0,-0.2571
4241A - KITCHEN ARRANGEMENT,4241 - KITCHEN ARRANGEMENT,MISC & STATIONARY,1.1,1.03,-0.0636,103.0,40.67,-0.6051,1.04,1.04,0.0,15161.0,11027.0,-0.2727,15767.0,11468.0,-0.2727,199.0,117.0,-0.4121
4244A - GAS STOVE ARRANGEMENT,4244 - GAS STOVE ARRANGEMENT,MISC & STATIONARY,1.13,1.21,0.0708,294.0,125.0,-0.5748,1.18,1.11,-0.0593,97868.0,58099.0,-0.4064,115484.0,64490.0,-0.4416,497.0,338.0,-0.3199
4252A - CLEANING ACCESSORIES,4252 - CLEANING ACCESSORIES,MISC & STATIONARY,1.18,,,11.0,,,1.1,,,30823.0,,,33905.0,,,20.0,,
4311A - CAT FOODS WET,4311 - PET FOODS & ACCESSORIES,MISC & STATIONARY,2.65,3.29,0.2415,673.5,539.0,-0.1997,1.68,1.92,0.1429,21632.0,26203.0,0.2113,36342.0,50310.0,0.3843,800.0,842.0,0.0525
4311B - DOG FOODS,4311 - PET FOODS & ACCESSORIES,MISC & STATIONARY,4.63,,,9.5,,,1.58,,,109937.0,,,173700.0,,,12.0,,
4311C - PET ACCESSORIES,4311 - PET FOODS & ACCESSORIES,MISC & STATIONARY,1.0,1.0,0.0,18.0,9.67,-0.4628,1.38,2.23,0.6159,41639.0,38800.0,-0.0682,57462.0,86524.0,0.5058,26.0,13.0,-0.5
4311E - CAT FOODS DRY,4311 - PET FOODS & ACCESSORIES,MISC & STATIONARY,1.23,1.16,-0.0569,554.5,275.67,-0.5028,1.56,1.53,-0.0192,29394.0,25522.0,-0.1317,45855.0,39049.0,-0.1484,709.0,540.0,-0.2384
4311F - CAT FOODS SNACK,4311 - PET FOODS & ACCESSORIES,MISC & STATIONARY,1.68,1.35,-0.1964,95.0,51.0,-0.4632,1.31,1.34,0.0229,30746.0,32641.0,0.0616,40277.0,43739.0,0.086,145.0,114.0,-0.2138
4511B - OFFICE SUPPLY,4511 - OFFICE SUPPLY,MISC & STATIONARY,1.2,1.17,-0.025,161.5,91.33,-0.4345,1.05,1.05,0.0,16325.0,17314.0,0.0606,17141.0,18180.0,0.0606,307.0,260.0,-0.1531
4512A - PAPER PRODUCT OFFICE,4512 - PAPER PRODUCT,MISC & STATIONARY,1.15,1.0,-0.1304,30.0,9.33,-0.689,1.02,1.0,-0.0196,17093.0,17414.0,0.0188,17435.0,17414.0,-0.0012,59.0,28.0,-0.5254
4512B - PAPER PRODUCT,4512 - PAPER PRODUCT,MISC & STATIONARY,1.0,,,6.5,,,1.08,,,26538.0,,,28661.0,,,12.0,,
4513A - STATIONARY ACCESSORIES,4513 - STATIONARY,MISC & STATIONARY,1.33,1.27,-0.0451,71.0,39.67,-0.4413,1.02,1.04,0.0196,17644.0,19446.0,0.1021,17997.0,20224.0,0.1237,139.0,114.0,-0.1799
4513B - STATIONARY BALLPOINT,4513 - STATIONARY,MISC & STATIONARY,1.09,1.14,0.0459,91.5,74.33,-0.1877,1.03,1.06,0.0291,15069.0,18304.0,0.2147,15521.0,19402.0,0.25,177.0,210.0,0.1864
4514A - WRITING BOOK,4514 - WRITING BOOK,MISC & STATIONARY,1.07,1.04,-0.028,14.0,9.33,-0.3336,1.12,1.04,-0.0714,10332.0,10239.0,-0.009,11572.0,10649.0,-0.0798,25.0,27.0,0.08
4515A - COLOURING BOOK,4515 - COLOURING BOOK,MISC & STATIONARY,1.0,1.06,0.06,3.0,6.0,1.0,1.0,1.0,0.0,22850.0,25211.0,0.1033,22850.0,25211.0,0.1033,6.0,18.0,2.0
4516A - DRAWING BOOK,4516 - DRAWING BOOK,MISC & STATIONARY,1.17,1.2,0.0256,6.0,3.33,-0.445,1.09,1.0,-0.0826,10400.0,11080.0,0.0654,11336.0,11080.0,-0.0226,11.0,10.0,-0.0909
4521A - MAIL MATERIAL,4521 - MAIL MATERIAL,MISC & STATIONARY,2.9,3.01,0.0379,247.0,159.33,-0.3549,1.17,1.15,-0.0171,33547.0,34668.0,0.0334,39250.0,39868.0,0.0157,424.0,414.0,-0.0236
4521B - MAIL MATERIAL AMPLOP,4521 - MAIL MATERIAL,MISC & STATIONARY,1.07,1.23,0.1495,37.5,34.33,-0.0845,1.0,1.01,0.01,5941.0,7886.0,0.3274,5941.0,7965.0,0.3407,75.0,102.0,0.36
4721A - CLEANING KIT SPON,4721 - CLEANING KIT,MISC & STATIONARY,1.24,1.0,-0.1935,14.5,6.0,-0.5862,1.0,1.0,0.0,20255.0,14500.0,-0.2841,20255.0,14500.0,-0.2841,29.0,18.0,-0.3793
4721C - CLEANING KIT CAIR,4721 - CLEANING KIT,MISC & STATIONARY,1.31,1.29,-0.0153,80.0,46.0,-0.425,1.06,1.09,0.0283,23373.0,23154.0,-0.0094,24775.0,25238.0,0.0187,151.0,127.0,-0.1589
4731A - LUBRICANT - UPKEEP,4731 - LUBRICANT & UPKEEP,MISC & STATIONARY,1.8,1.0,-0.4444,5.0,5.33,0.066,1.0,1.0,0.0,107840.0,36900.0,-0.6578,107840.0,36900.0,-0.6578,10.0,16.0,0.6
4751A - MOTORCYCLE ACCESSORIES,4751 - MOTORCYCLE ACCESSORIES,MISC & STATIONARY,1.0,,,0.5,,,1.0,,,39000.0,,,39000.0,,,1.0,,
4751B - RAIN COAT,4751 - MOTORCYCLE ACCESSORIES,MISC & STATIONARY,1.25,1.28,0.024,191.5,246.0,0.2846,1.09,1.06,-0.0275,29232.0,33207.0,0.136,31863.0,35199.0,0.1047,351.0,693.0,0.9744
4753A - NON SURGICAL MASK,4753 - MASK,MISC & STATIONARY,1.16,1.16,0.0,196.5,141.67,-0.279,1.17,1.1,-0.0598,13151.0,14221.0,0.0814,15387.0,15643.0,0.0166,336.0,385.0,0.1458
4753B - SURGICAL MASK,4753 - MASK,MISC & STATIONARY,1.15,1.14,-0.0087,409.5,250.0,-0.3895,1.16,1.14,-0.0172,19269.0,20157.0,0.0461,22352.0,22979.0,0.0281,706.0,659.0,-0.0666
4753C - REUSABLE MASK,4753 - MASK,MISC & STATIONARY,1.0,1.0,0.0,2.5,2.0,-0.2,1.0,1.0,0.0,9340.0,12667.0,0.3562,9340.0,12667.0,0.3562,5.0,6.0,0.2
4753D - KIDS MASK,4753 - MASK,MISC & STATIONARY,1.22,1.18,-0.0328,27.0,21.67,-0.1974,1.08,1.05,-0.0278,18620.0,19005.0,0.0207,20110.0,19955.0,-0.0077,50.0,62.0,0.24
4753F - BOX MASK,4753 - MASK,MISC & STATIONARY,1.0,1.0,0.0,17.5,5.67,-0.676,1.13,1.0,-0.115,41511.0,35906.0,-0.135,46907.0,35906.0,-0.2345,31.0,17.0,-0.4516
5442A - WOMEN SANDALS,5442 - LADIES SANDALS,MISC & STATIONARY,1.0,1.11,0.11,7.0,6.0,-0.1429,1.0,1.0,0.0,30343.0,33339.0,0.0987,30343.0,33339.0,0.0987,14.0,18.0,0.2857
5443A - MEN SANDALS,5443 - MEN SANDALS,MISC & STATIONARY,1.03,1.06,0.0291,31.0,28.0,-0.0968,1.0,1.01,0.01,32871.0,31436.0,-0.0437,32871.0,31750.0,-0.0341,62.0,83.0,0.3387
5821A - UMBRELLA,5821 - UMBRELLA,MISC & STATIONARY,1.0,1.0,0.0,4.0,5.33,0.3325,1.0,1.0,0.0,64525.0,64650.0,0.0019,64525.0,64650.0,0.0019,8.0,16.0,1.0
1911A - INSTANT FRIED NOODLE 65-100G,1911 - INSTANT NOODLE BAG,NOODLE,3.31,3.05,-0.0785,7507.5,2421.67,-0.6774,1.49,1.44,-0.0336,11020.0,9973.0,-0.095,16420.0,14361.0,-0.1254,10072.0,5033.0,-0.5003
1911B - INSTANT BOILED NOODLE 50-99G,1911 - INSTANT NOODLE BAG,NOODLE,3.76,3.27,-0.1303,7326.0,2753.0,-0.6242,1.51,1.51,0.0,12196.0,10498.0,-0.1392,18416.0,15852.0,-0.1392,9684.0,5452.0,-0.437
1911D - PREMIUM INSTANT BOILED NOODLE,1911 - INSTANT NOODLE BAG,NOODLE,1.42,1.53,0.0775,1279.5,465.0,-0.6366,1.23,1.22,-0.0081,15256.0,14918.0,-0.0222,18765.0,18200.0,-0.0301,2083.0,1144.0,-0.4508
1911E - INSTANT NOODLE BANDED,1911 - INSTANT NOODLE BAG,NOODLE,1.31,1.79,0.3664,1274.0,956.33,-0.2493,1.29,1.38,0.0698,21026.0,28321.0,0.347,27124.0,39083.0,0.4409,1979.0,2074.0,0.048
1911F - INSTANT FRIED NOODLE >100G,1911 - INSTANT NOODLE BAG,NOODLE,2.57,2.04,-0.2062,2271.5,954.0,-0.58,1.32,1.31,-0.0076,11106.0,8817.0,-0.2061,14660.0,11550.0,-0.2121,3445.0,2183.0,-0.3663
1911G - PREMIUM INSTANT FRIED NOODLE,1911 - INSTANT NOODLE BAG,NOODLE,1.5,1.51,0.0067,1610.5,599.67,-0.6276,1.23,1.21,-0.0163,20613.0,19895.0,-0.0348,25354.0,24073.0,-0.0505,2623.0,1488.0,-0.4327
1912A - INSTANT FRIED NOODLE CUP,1912 - INSTANT NOODLE CUP,NOODLE,1.68,1.54,-0.0833,728.5,264.0,-0.6376,1.19,1.14,-0.042,10339.0,8832.0,-0.1458,12303.0,10068.0,-0.1817,1224.0,697.0,-0.4306
1912B - INSTANT BOILED NOODLE CUP 35-75G,1912 - INSTANT NOODLE CUP,NOODLE,1.93,1.7,-0.1192,1701.0,619.0,-0.6361,1.28,1.25,-0.0234,12047.0,9588.0,-0.2041,15420.0,11985.0,-0.2228,2651.0,1484.0,-0.4402
1912C - INSTANT BOILED NOODLE CUP 77-100G,1912 - INSTANT NOODLE CUP,NOODLE,1.7,1.54,-0.0941,385.5,307.33,-0.2028,1.18,1.2,0.0169,9423.0,8597.0,-0.0877,11119.0,10316.0,-0.0722,654.0,768.0,0.1743
1912D - PREMIUM INSTANT NOODLE CUP,1912 - INSTANT NOODLE CUP,NOODLE,1.2,1.29,0.075,140.5,73.33,-0.4781,1.07,1.11,0.0374,16240.0,16349.0,0.0067,17377.0,18147.0,0.0443,263.0,198.0,-0.2471
1913A - INSTANT RICE NOODLE,1913 - INSTANT RICE NOODLE,NOODLE,2.38,3.05,0.2815,779.5,364.67,-0.5322,1.27,1.22,-0.0394,10166.0,12140.0,0.1942,12911.0,14811.0,0.1472,1232.0,897.0,-0.2719
1914A - EGG NOODLE,1914 - PREPARED NOODLE,NOODLE,1.58,1.76,0.1139,253.0,87.33,-0.6548,1.12,1.18,0.0536,9492.0,10452.0,0.1011,10631.0,12333.0,0.1601,450.0,222.0,-0.5067
1914B - RICE NOODLE,1914 - PREPARED NOODLE,NOODLE,1.13,1.11,-0.0177,95.5,24.67,-0.7417,1.15,1.0,-0.1304,13268.0,12965.0,-0.0228,15258.0,12965.0,-0.1503,166.0,74.0,-0.5542
1923A - INSTANT PORRIDGE,1923 - INSTANT PORRIDGE,NOODLE,2.55,2.32,-0.0902,293.0,101.0,-0.6553,1.22,1.18,-0.0328,11144.0,10487.0,-0.059,13596.0,12375.0,-0.0898,479.0,256.0,-0.4656
3211B - SHAMPOO 70-100ML,3211 - SHAMPOO,PERSONAL CARE,1.06,1.03,-0.0283,144.5,114.67,-0.2064,1.06,1.07,0.0094,22640.0,23276.0,0.0281,23998.0,24905.0,0.0378,273.0,323.0,0.1832
3211C - SHAMPOO 130-250ML,3211 - SHAMPOO,PERSONAL CARE,1.24,1.26,0.0161,2344.0,1302.0,-0.4445,1.26,1.32,0.0476,37077.0,37907.0,0.0224,46717.0,50037.0,0.0711,3719.0,2960.0,-0.2041
3211D - SHAMPOO 270-450ML,3211 - SHAMPOO,PERSONAL CARE,1.11,1.12,0.009,514.0,338.33,-0.3418,1.15,1.25,0.087,57671.0,61738.0,0.0705,66322.0,77172.0,0.1636,896.0,814.0,-0.0915
3211E - SHAMPOO 450-700ML,3211 - SHAMPOO,PERSONAL CARE,1.23,,,48.5,,,1.11,,,118319.0,,,131334.0,,,87.0,,
3213A - CONDITIONER LEAVE ON 30-70ML,3213 - CONDITIONER,PERSONAL CARE,1.31,1.0,-0.2366,34.0,8.67,-0.745,1.1,1.18,0.0727,23951.0,18300.0,-0.2359,26346.0,21594.0,-0.1804,62.0,22.0,-0.6452
3213B - CONDITIONER 70-100ML,3213 - CONDITIONER,PERSONAL CARE,1.03,1.01,-0.0194,117.5,49.0,-0.583,1.1,1.12,0.0182,20493.0,22206.0,0.0836,22542.0,24871.0,0.1033,214.0,131.0,-0.3879
3213C - CONDITIONER 135-250ML,3213 - CONDITIONER,PERSONAL CARE,1.08,1.05,-0.0278,244.5,132.67,-0.4574,1.11,1.16,0.045,34781.0,35798.0,0.0292,38607.0,41526.0,0.0756,439.0,344.0,-0.2164
3213D - CONDITIONER 260-500ML,3213 - CONDITIONER,PERSONAL CARE,1.3,,,5.0,,,1.11,,,91970.0,,,102087.0,,,9.0,,
3214A - HAIR TONIC,3214 - HAIR TONIC,PERSONAL CARE,1.07,1.02,-0.0467,34.0,17.67,-0.4803,1.03,1.06,0.0291,41613.0,38957.0,-0.0638,42861.0,41294.0,-0.0366,66.0,50.0,-0.2424
3215A - HAIR STYLING CREAM,3215 - HAIR STYLING,PERSONAL CARE,1.0,1.02,0.02,114.0,108.33,-0.0497,1.08,1.12,0.037,33139.0,33644.0,0.0152,35790.0,37681.0,0.0528,211.0,291.0,0.3791
3215B - HAIR STYLING WAX,3215 - HAIR STYLING,PERSONAL CARE,1.03,1.0,-0.0291,16.0,10.33,-0.3544,1.28,1.0,-0.2188,69425.0,36852.0,-0.4692,88864.0,36852.0,-0.5853,25.0,31.0,0.24
3215C - HAIR STYLING GEL,3215 - HAIR STYLING,PERSONAL CARE,1.04,1.02,-0.0192,51.0,41.0,-0.1961,1.04,1.06,0.0192,17311.0,16737.0,-0.0332,18003.0,17741.0,-0.0146,98.0,116.0,0.1837
3215D - HAIR STYLING SPRAY,3215 - HAIR STYLING,PERSONAL CARE,1.12,1.0,-0.1071,4.0,4.0,0.0,1.0,1.09,0.09,49188.0,36500.0,-0.2579,49188.0,39785.0,-0.1912,8.0,11.0,0.375
3216A - HAIR COLOUR POWDER,3216 - HAIR COLOUR,PERSONAL CARE,1.0,1.0,0.0,10.0,5.67,-0.433,1.11,1.06,-0.045,23765.0,23765.0,0.0,26379.0,25191.0,-0.045,18.0,16.0,-0.1111
3216B - HAIR COLOUR PASTA,3216 - HAIR COLOUR,PERSONAL CARE,1.72,1.48,-0.1395,297.0,213.33,-0.2817,1.17,1.23,0.0513,34401.0,29292.0,-0.1485,40249.0,36029.0,-0.1048,506.0,519.0,0.0257
3216C - HAIR COLOUR SHAMPOO,3216 - HAIR COLOUR,PERSONAL CARE,1.29,1.2,-0.0698,161.5,113.0,-0.3003,1.13,1.22,0.0796,19198.0,18985.0,-0.0111,21694.0,23162.0,0.0677,287.0,277.0,-0.0348
3217A - HAIR MASK,3217 - HAIR MASK,PERSONAL CARE,1.3,1.35,0.0385,237.0,121.33,-0.4881,1.28,1.17,-0.0859,13318.0,14197.0,0.066,17047.0,16610.0,-0.0256,369.0,312.0,-0.1545
3218A - HAIR VITAMIN BLISTER,3218 - HAIR VITAMIN,PERSONAL CARE,1.14,1.12,-0.0175,215.5,99.67,-0.5375,1.15,1.1,-0.0435,16177.0,16562.0,0.0238,18604.0,18218.0,-0.0207,375.0,273.0,-0.272
3218B - HAIR VITAMIN BOTTLE,3218 - HAIR VITAMIN,PERSONAL CARE,1.02,1.04,0.0196,122.5,99.67,-0.1864,1.04,1.11,0.0673,35022.0,34436.0,-0.0167,36423.0,38224.0,0.0494,235.0,270.0,0.1489
3221A - BEAUTY BAR SOAP,3221 - BAR SOAP,PERSONAL CARE,1.97,1.75,-0.1117,390.5,212.67,-0.4554,1.2,1.17,-0.025,7733.0,7638.0,-0.0123,9280.0,8936.0,-0.0371,649.0,544.0,-0.1618
3221B - HEALTHY BAR SOAP,3221 - BAR SOAP,PERSONAL CARE,1.37,1.37,0.0,228.5,122.33,-0.4646,1.15,1.11,-0.0348,15575.0,16532.0,0.0614,17911.0,18351.0,0.0246,396.0,331.0,-0.1641
3221D - BEAUTY BAR SOAP BANDED,3221 - BAR SOAP,PERSONAL CARE,1.16,1.1,-0.0517,398.5,233.0,-0.4153,1.16,1.27,0.0948,18252.0,17127.0,-0.0616,21172.0,21751.0,0.0273,687.0,551.0,-0.198
3221E - HEALTHY BAR SOAP BANDED,3221 - BAR SOAP,PERSONAL CARE,1.13,1.14,0.0088,693.5,485.0,-0.3006,1.17,1.23,0.0513,22169.0,22698.0,0.0239,25938.0,27919.0,0.0764,1181.0,1183.0,0.0017
3222B - BEAUTY LIQUID SOAP BTL 100-250ML,3222 - BEAUTY LIQUID SOAP,PERSONAL CARE,1.03,1.05,0.0194,137.0,82.0,-0.4015,1.04,1.05,0.0096,20568.0,19898.0,-0.0326,21391.0,20893.0,-0.0233,263.0,234.0,-0.1103
3222D - BEAUTY LIQUID SOAP 300-600ML,3222 - BEAUTY LIQUID SOAP,PERSONAL CARE,1.33,1.36,0.0226,1940.5,1108.0,-0.429,1.28,1.33,0.0391,31788.0,31053.0,-0.0231,40689.0,41300.0,0.015,3027.0,2504.0,-0.1728
3222E - BEAUTY LIQUID SOAP 700 - 1000ML,3222 - BEAUTY LIQUID SOAP,PERSONAL CARE,1.29,1.13,-0.124,161.0,199.0,0.236,1.08,1.21,0.1204,57064.0,50027.0,-0.1233,61629.0,60533.0,-0.0178,297.0,492.0,0.6566
3222F - BEAUTY LIQUID SOAP PUMP,3222 - BEAUTY LIQUID SOAP,PERSONAL CARE,1.1,1.2,0.0909,19.5,11.67,-0.4015,1.0,1.0,0.0,68131.0,73486.0,0.0786,68131.0,73486.0,0.0786,39.0,35.0,-0.1026
3223B - HEALTHY LIQUID SOAP BTL 100-250ML,3223 - HEALTHY LIQUID SOAP,PERSONAL CARE,1.06,1.03,-0.0283,91.5,50.0,-0.4536,1.03,1.01,-0.0194,17332.0,16815.0,-0.0298,17852.0,16983.0,-0.0487,178.0,148.0,-0.1685
3223C - HEALTHY LIQUID SOAP REF 200-250ML,3223 - HEALTHY LIQUID SOAP,PERSONAL CARE,1.0,,,0.5,,,1.0,,,34000.0,,,34000.0,,,1.0,,
3223D - HEALTHY LIQUID SOAP 300-600ML,3223 - HEALTHY LIQUID SOAP,PERSONAL CARE,1.41,1.46,0.0355,1801.5,803.0,-0.5543,1.3,1.32,0.0154,33161.0,32250.0,-0.0275,43109.0,42570.0,-0.0125,2770.0,1828.0,-0.3401
3223E - ANTISEPTIC LIQUID,3223 - HEALTHY LIQUID SOAP,PERSONAL CARE,1.03,1.0,-0.0291,36.0,19.0,-0.4722,1.04,1.04,0.0,42218.0,40807.0,-0.0334,43907.0,42439.0,-0.0334,69.0,55.0,-0.2029
3223F - HEALTHY LIQUID SOAP PUMP,3223 - HEALTHY LIQUID SOAP,PERSONAL CARE,1.0,1.03,0.03,11.0,12.0,0.0909,1.0,1.03,0.03,59545.0,56806.0,-0.046,59545.0,58510.0,-0.0174,22.0,35.0,0.5909
3223G - HEALTHY LIQUID SOAP 700 - 1000ML,3223 - HEALTHY LIQUID SOAP,PERSONAL CARE,1.14,1.15,0.0088,422.5,274.0,-0.3515,1.21,1.24,0.0248,49475.0,50318.0,0.017,59865.0,62394.0,0.0422,699.0,665.0,-0.0486
3224A - FEMININ HYGIENE SOAP,3224 - FEMININ HYGIENE,PERSONAL CARE,1.04,1.04,0.0,152.5,120.33,-0.211,1.08,1.1,0.0185,21045.0,21166.0,0.0057,22729.0,23283.0,0.0244,283.0,328.0,0.159
3225A - HAND SOAP BOTTLE,3225 - HAND SOAP,PERSONAL CARE,1.14,1.15,0.0088,28.5,20.67,-0.2747,1.04,1.02,-0.0192,23468.0,22990.0,-0.0204,24407.0,23450.0,-0.0392,55.0,61.0,0.1091
3225B - HAND SOAP REFFIL,3225 - HAND SOAP,PERSONAL CARE,1.4,1.25,-0.1071,232.5,97.0,-0.5828,1.2,1.2,0.0,19107.0,13134.0,-0.3126,22928.0,15761.0,-0.3126,388.0,242.0,-0.3763
3226A - MEN SOAP BOTTLE,3226 - MEN SOAP,PERSONAL CARE,2.0,,,0.5,,,1.0,,,51800.0,,,51800.0,,,1.0,,
3231A - WOMEN DEO ROLL ON,3231 - WOMEN DEO,PERSONAL CARE,1.18,1.14,-0.0339,1105.5,662.67,-0.4006,1.13,1.2,0.0619,24335.0,23441.0,-0.0367,27499.0,28129.0,0.0229,1951.0,1657.0,-0.1507
3231B - WOMEN DEO STICK,3231 - WOMEN DEO,PERSONAL CARE,1.05,1.0,-0.0476,10.5,1.67,-0.841,1.05,1.0,-0.0476,21143.0,29500.0,0.3953,22200.0,29500.0,0.3288,20.0,5.0,-0.75
3232A - WOMEN PARFUME & EDT,3232 - WOMEN PARFUME & EDT,PERSONAL CARE,1.04,1.06,0.0192,532.0,490.67,-0.0777,1.12,1.24,0.1071,44358.0,46050.0,0.0381,49681.0,57102.0,0.1494,950.0,1183.0,0.2453
3233A - WOMEN BODY SPRAY,3233 - WOMEN BODY SPRAY,PERSONAL CARE,1.07,1.09,0.0187,111.0,71.67,-0.3543,1.12,1.17,0.0446,25841.0,26423.0,0.0225,28942.0,30915.0,0.0682,199.0,184.0,-0.0754
3234A - WOMEN COLOGNE 50-100ML,3234 - WOMEN COLOGNE,PERSONAL CARE,1.13,1.13,0.0,253.0,230.0,-0.0909,1.13,1.15,0.0177,17097.0,17960.0,0.0505,19320.0,20654.0,0.069,449.0,598.0,0.3318
3234B - WOMEN COLOGNE 120-200ML,3234 - WOMEN COLOGNE,PERSONAL CARE,1.02,1.0,-0.0196,40.5,13.67,-0.6625,1.03,1.02,-0.0097,28669.0,28707.0,0.0013,29529.0,29281.0,-0.0084,79.0,40.0,-0.4937
3235A - MEN DEO ROLL ON,3235 - MEN DEO ROLL ON,PERSONAL CARE,1.17,1.11,-0.0513,681.5,406.33,-0.4038,1.11,1.16,0.045,24676.0,23317.0,-0.0551,27390.0,27048.0,-0.0125,1231.0,1051.0,-0.1462
3237A - MEN BODY SPRAY,3237 - MEN BODY SPRAY,PERSONAL CARE,1.05,1.05,0.0,101.5,72.0,-0.2906,1.13,1.14,0.0088,29243.0,29479.0,0.0081,33045.0,33606.0,0.017,179.0,189.0,0.0559
3238A - MEN COLOGNE 50-100ML,3238 - MEN COLOGNE,PERSONAL CARE,1.08,1.11,0.0278,31.5,30.0,-0.0476,1.09,1.14,0.0459,18587.0,19858.0,0.0684,20260.0,22638.0,0.1174,58.0,79.0,0.3621
3239A - MEN PARFUME & EDT,3239 - MEN PARFUME & EDT,PERSONAL CARE,1.05,1.07,0.019,254.5,234.33,-0.0793,1.14,1.17,0.0263,39949.0,42687.0,0.0685,45542.0,49944.0,0.0967,445.0,599.0,0.3461
3240A - FACE SUNSCREEN,3240 - SUNSCREEN,PERSONAL CARE,1.09,1.06,-0.0275,393.5,243.33,-0.3816,1.11,1.19,0.0721,45401.0,47972.0,0.0566,50395.0,57087.0,0.1328,709.0,611.0,-0.1382
3241A - FACIAL WASH SOAP WOMEN 20-60G,3241 - FACIAL WASH SOAP,PERSONAL CARE,1.03,1.03,0.0,305.0,225.33,-0.2612,1.11,1.17,0.0541,28311.0,28952.0,0.0226,31425.0,33874.0,0.0779,550.0,577.0,0.0491
3241B - FACIAL WASH SOAP WOMEN 70-125G,3241 - FACIAL WASH SOAP,PERSONAL CARE,1.26,1.24,-0.0159,1197.5,779.67,-0.3489,1.18,1.28,0.0847,46034.0,46856.0,0.0179,54320.0,59976.0,0.1041,2028.0,1824.0,-0.1006
3241C - FACIAL WASH SOAP WOMEN 150-250G,3241 - FACIAL WASH SOAP,PERSONAL CARE,1.0,1.04,0.04,20.0,23.67,0.1835,1.0,1.08,0.08,69567.0,64382.0,-0.0745,69567.0,69533.0,-0.0005,40.0,66.0,0.65
3241D - FACIAL CLEANSER PAPER,3241 - FACIAL WASH SOAP,PERSONAL CARE,1.02,1.03,0.0098,26.0,11.0,-0.5769,1.04,1.1,0.0577,21637.0,25073.0,0.1588,22502.0,27580.0,0.2257,50.0,30.0,-0.4
3241E - FACIAL BAR SOAP,3241 - FACIAL WASH SOAP,PERSONAL CARE,1.14,1.13,-0.0088,246.0,140.33,-0.4296,1.25,1.24,-0.008,23621.0,24960.0,0.0567,29526.0,30950.0,0.0482,393.0,340.0,-0.1349
3242A - FACIAL CLEANSER MILK,3242 - FACIAL CLEANSER MILK,PERSONAL CARE,1.03,1.01,-0.0194,81.5,45.0,-0.4479,1.04,1.05,0.0096,17906.0,17150.0,-0.0422,18622.0,18008.0,-0.033,157.0,128.0,-0.1847
3243A - FACIAL CLEANSER TONIC,3243 - FACIAL CLEANSER TONIC,PERSONAL CARE,1.07,1.03,-0.0374,138.5,93.67,-0.3237,1.06,1.09,0.0283,22811.0,19728.0,-0.1352,24180.0,21504.0,-0.1107,262.0,257.0,-0.0191
3244B - MICELLAR WATER,3244 - CLEANSER,PERSONAL CARE,1.04,1.06,0.0192,345.0,236.67,-0.314,1.09,1.18,0.0826,39661.0,44449.0,0.1207,43230.0,52450.0,0.2133,631.0,603.0,-0.0444
3245A - MOISTURIZER 10-25G,3245 - MOISTURIZER,PERSONAL CARE,1.17,1.16,-0.0085,127.5,49.33,-0.6131,1.11,1.07,-0.036,40255.0,42938.0,0.0667,44683.0,45944.0,0.0282,229.0,138.0,-0.3974
3245B - MOISTURIZER 30-60G,3245 - MOISTURIZER,PERSONAL CARE,1.06,1.09,0.0283,249.0,161.67,-0.3507,1.12,1.17,0.0446,48785.0,51762.0,0.061,54639.0,60562.0,0.1084,446.0,413.0,-0.074
3245C - MOISTURIZER 75-100G,3245 - MOISTURIZER,PERSONAL CARE,1.0,1.0,0.0,9.5,0.67,-0.9295,1.0,1.0,0.0,36842.0,39500.0,0.0721,36842.0,39500.0,0.0721,19.0,2.0,-0.8947
3246A - PEEL MASK,3246 - FACE MASK,PERSONAL CARE,1.02,1.04,0.0196,54.5,16.67,-0.6941,1.02,1.11,0.0882,38928.0,45272.0,0.163,39707.0,50252.0,0.2656,107.0,45.0,-0.5794
3246B - SHEET MASK,3246 - FACE MASK,PERSONAL CARE,4.33,,,1.5,,,1.0,,,25667.0,,,25667.0,,,3.0,,
3247A - ANTI ACNE,3247 - ANTI ACNE,PERSONAL CARE,1.0,1.06,0.06,6.5,5.33,-0.18,1.0,1.23,0.23,40123.0,40906.0,0.0195,40123.0,50314.0,0.254,13.0,13.0,0.0
3247B - ANTI ACNE PLESTER,3247 - ANTI ACNE,PERSONAL CARE,1.3,1.12,-0.1385,107.5,56.0,-0.4791,1.25,1.19,-0.048,26290.0,23149.0,-0.1195,32862.0,27547.0,-0.1617,172.0,141.0,-0.1802
3248A - MEN FACIAL WASH SOAP 40-90G,3248 - MEN FACIAL FOAM SOAP,PERSONAL CARE,1.18,1.02,-0.1356,32.5,16.67,-0.4871,1.05,1.0,-0.0476,34511.0,31620.0,-0.0838,36237.0,31620.0,-0.1274,62.0,50.0,-0.1935
3248B - MEN FACIAL WASH SOAP 100-150G,3248 - MEN FACIAL FOAM SOAP,PERSONAL CARE,1.06,1.06,0.0,507.5,384.67,-0.242,1.2,1.27,0.0583,44680.0,44220.0,-0.0103,53616.0,56159.0,0.0474,849.0,912.0,0.0742
3249A - SERUM ESSENCE,3249 - SERUM ESSENCE,PERSONAL CARE,1.1,1.08,-0.0182,89.5,74.67,-0.1657,1.14,1.18,0.0351,37596.0,38463.0,0.0231,42859.0,45386.0,0.059,157.0,190.0,0.2102
3251A - BODY LOTION 100-150ML,3251 - BODY LOTION,PERSONAL CARE,1.0,1.0,0.0,21.5,22.0,0.0233,1.05,1.05,0.0,26007.0,21644.0,-0.1678,27307.0,22726.0,-0.1678,41.0,63.0,0.5366
3251B - BODY LOTION 180-250ML,3251 - BODY LOTION,PERSONAL CARE,1.14,1.12,-0.0175,603.0,389.67,-0.3538,1.12,1.16,0.0357,25731.0,25549.0,-0.0071,28819.0,29637.0,0.0284,1080.0,1012.0,-0.063
3251C - BODY LOTION 300-600ML,3251 - BODY LOTION,PERSONAL CARE,1.26,1.05,-0.1667,247.0,132.33,-0.4643,1.07,1.07,0.0,23734.0,19675.0,-0.171,25395.0,21052.0,-0.171,462.0,370.0,-0.1991
3251E - BODY MASSAGE,3251 - BODY LOTION,PERSONAL CARE,1.03,1.07,0.0388,97.5,75.33,-0.2274,1.04,1.05,0.0096,26206.0,27103.0,0.0342,27254.0,28458.0,0.0442,188.0,215.0,0.1436
3251F - BODY TREATMENT,3251 - BODY LOTION,PERSONAL CARE,1.05,1.06,0.0095,30.5,20.67,-0.3223,1.0,1.02,0.02,50759.0,47876.0,-0.0568,50759.0,48834.0,-0.0379,61.0,61.0,0.0
3252A - BODY SERUM 100-150ML,3252 - BODY SERUM,PERSONAL CARE,1.04,1.13,0.0865,34.5,13.0,-0.6232,1.05,1.08,0.0286,35507.0,40723.0,0.1469,37282.0,43981.0,0.1797,66.0,36.0,-0.4545
3252B - BODY SERUM 180-250ML,3252 - BODY SERUM,PERSONAL CARE,1.09,1.13,0.0367,247.0,245.33,-0.0068,1.1,1.16,0.0545,46773.0,46590.0,-0.0039,51450.0,54044.0,0.0504,451.0,634.0,0.4058
3252C - BODY SERUM 300-600ML,3252 - BODY SERUM,PERSONAL CARE,1.0,,,0.5,,,1.0,,,65500.0,,,65500.0,,,1.0,,
3253A - BODY SCRUB,3253 - BODY SCRUB,PERSONAL CARE,1.06,1.06,0.0,254.5,141.33,-0.4447,1.14,1.08,-0.0526,21002.0,22215.0,0.0578,23942.0,23992.0,0.0021,445.0,393.0,-0.1169
3257A - SUNBLOCK,3257 - SUNBLOCK,PERSONAL CARE,1.0,,,0.5,,,1.0,,,53900.0,,,53900.0,,,1.0,,
3261A - FOUNDATION,3261 - FOUNDATION,PERSONAL CARE,1.0,1.05,0.05,18.5,7.33,-0.6038,1.03,1.1,0.068,49559.0,46650.0,-0.0587,51046.0,51315.0,0.0053,36.0,20.0,-0.4444
3262A - COMPACT POWDER,3262 - COMPACT POWDER,PERSONAL CARE,1.13,1.0,-0.115,37.5,11.0,-0.7067,1.07,1.06,-0.0093,33013.0,16282.0,-0.5068,35324.0,17259.0,-0.5114,70.0,31.0,-0.5571
3262B - REFFIL COMPACT POWDER,3262 - COMPACT POWDER,PERSONAL CARE,1.03,1.07,0.0388,19.0,10.0,-0.4737,1.03,1.0,-0.0291,37221.0,39757.0,0.0681,38338.0,39757.0,0.037,37.0,30.0,-0.1892
3262C - LOOSE POWDER,3262 - COMPACT POWDER,PERSONAL CARE,1.15,1.0,-0.1304,20.0,1.0,-0.95,1.0,1.0,0.0,36512.0,33900.0,-0.0715,36512.0,33900.0,-0.0715,40.0,3.0,-0.925
3264A - EYE,3264 - EYE,PERSONAL CARE,1.05,1.1,0.0476,30.5,13.0,-0.5738,1.07,1.05,-0.0187,63949.0,57905.0,-0.0945,68425.0,60800.0,-0.1114,57.0,37.0,-0.3509
3265A - LIPS,3265 - LIPS,PERSONAL CARE,1.08,1.04,-0.037,32.5,8.67,-0.7332,1.0,1.0,0.0,49897.0,55673.0,0.1158,49897.0,55673.0,0.1158,65.0,26.0,-0.6
3265B - LIP BALM,3265 - LIPS,PERSONAL CARE,1.04,1.01,-0.0288,81.5,59.0,-0.2761,1.03,1.09,0.0583,35144.0,38836.0,0.1051,36198.0,42331.0,0.1694,158.0,163.0,0.0316
3266A - NAIL,3266 - NAIL,PERSONAL CARE,3.0,,,0.5,,,1.0,,,91500.0,,,91500.0,,,1.0,,
3281A - RAZOR,3281 - RAZOR,PERSONAL CARE,1.0,1.0,0.0,16.0,9.0,-0.4375,1.0,1.0,0.0,28741.0,29622.0,0.0307,28741.0,29622.0,0.0307,32.0,27.0,-0.1562
3282A - DISPOSABLE RAZOR,3282 - DISPOSABLE RAZOR,PERSONAL CARE,1.05,1.04,-0.0095,382.0,252.0,-0.3403,1.06,1.09,0.0283,19269.0,19462.0,0.01,20425.0,21214.0,0.0386,718.0,694.0,-0.0334
3283A - REFILL RAZOR,3283 - REFILL RAZOR,PERSONAL CARE,1.06,1.04,-0.0189,26.5,26.67,0.0064,1.04,1.03,-0.0096,26779.0,27579.0,0.0299,27850.0,28406.0,0.02,51.0,78.0,0.5294
3284A - SHAVING CARE,3284 - SHAVING CARE,PERSONAL CARE,1.0,1.0,0.0,3.5,3.33,-0.0486,1.17,1.0,-0.1453,46971.0,53930.0,0.1482,54956.0,53930.0,-0.0187,6.0,10.0,0.6667
3331A - BEAUTY COTTON,3331 - BEAUTY COTTON,PERSONAL CARE,1.05,1.04,-0.0095,863.0,507.0,-0.4125,1.1,1.14,0.0364,12512.0,12308.0,-0.0163,13763.0,14031.0,0.0195,1568.0,1335.0,-0.1486
4271A - BATHROOM ACCESSORIES,4271 - BATHROOM ACCESSORIES,PERSONAL CARE,1.02,1.08,0.0588,43.5,28.33,-0.3487,1.01,1.06,0.0495,16982.0,18528.0,0.091,17152.0,19640.0,0.1451,86.0,80.0,-0.0698
3321A - SANITARY NAPKINS WINGS 5-9S,3321 - SANITARY NAPKINS WINGS,SANITARY ADULT,2.0,,,1.0,,,1.0,,,78000.0,,,78000.0,,,2.0,,
3321B - SANITARY NAPKINS WINGS 10-19S,3321 - SANITARY NAPKINS WINGS,SANITARY ADULT,1.1,1.07,-0.0273,1285.0,517.67,-0.5971,1.14,1.16,0.0175,24105.0,23270.0,-0.0346,27480.0,26993.0,-0.0177,2264.0,1344.0,-0.4064
3321C - SANITARY NAPKINS WINGS 20-30S,3321 - SANITARY NAPKINS WINGS,SANITARY ADULT,1.08,1.06,-0.0185,1546.0,665.67,-0.5694,1.11,1.16,0.045,23620.0,23795.0,0.0074,26218.0,27602.0,0.0528,2784.0,1726.0,-0.38
3322B - SANITARY NAPKINS NON WINGS 10-19S,3322 - SANITARY NAPKINS NON WINGS,SANITARY ADULT,1.09,1.04,-0.0459,372.0,128.67,-0.6541,1.12,1.12,0.0,18186.0,18941.0,0.0415,20368.0,21214.0,0.0415,666.0,345.0,-0.482
3322C - SANITARY NAPKINS NON WINGS 20-30S,3322 - SANITARY NAPKINS NON WINGS,SANITARY ADULT,1.07,1.05,-0.0187,468.0,227.33,-0.5143,1.11,1.16,0.045,21186.0,21018.0,-0.0079,23516.0,24381.0,0.0368,840.0,586.0,-0.3024
3323A - PANTYLINERS,3323 - PANTYLINERS,SANITARY ADULT,1.13,1.09,-0.0354,1327.0,592.33,-0.5536,1.2,1.22,0.0167,18064.0,17419.0,-0.0357,21677.0,21251.0,-0.0197,2208.0,1452.0,-0.3424
3324A - ADULT DIAPERS TAPED,3324 - ADULT DIAPERS,SANITARY ADULT,1.49,1.39,-0.0671,399.0,179.33,-0.5506,2.03,1.79,-0.1182,73033.0,67671.0,-0.0734,148257.0,121131.0,-0.183,394.0,301.0,-0.236
3324B - ADULT DIAPERS PANTS,3324 - ADULT DIAPERS,SANITARY ADULT,1.4,1.4,0.0,473.0,263.0,-0.444,1.87,1.73,-0.0749,103068.0,102032.0,-0.0101,192737.0,176515.0,-0.0842,505.0,455.0,-0.099
3325A - SANITARY NAPKINS NIGHT WINGS 5-9S,3325 - SANITARY NAPKINS NIGHT,SANITARY ADULT,1.46,1.33,-0.089,1262.5,477.0,-0.6222,1.2,1.21,0.0083,30027.0,26287.0,-0.1246,36032.0,31807.0,-0.1173,2097.0,1180.0,-0.4373
3325B - SANITARY NAPKINS NIGHT WINGS 10-20S,3325 - SANITARY NAPKINS NIGHT,SANITARY ADULT,1.2,1.12,-0.0667,3920.0,1612.67,-0.5886,1.18,1.24,0.0508,25167.0,24873.0,-0.0117,29697.0,30843.0,0.0386,6636.0,3892.0,-0.4135
4261A - CLOTHING ACCESSORIES,4261 - CLOTHING ACCESSORIES,SANITARY ADULT,1.29,1.5,0.1628,3.5,0.67,-0.8086,1.0,1.0,0.0,28729.0,27850.0,-0.0306,28729.0,27850.0,-0.0306,7.0,2.0,-0.7143
5512A - LADIES PANTIES,5512 - LADIES PANTY,SANITARY ADULT,1.14,1.1,-0.0351,61.5,26.0,-0.5772,1.08,1.08,0.0,39366.0,40414.0,0.0266,42515.0,43647.0,0.0266,114.0,72.0,-0.3684
5516A - MENS T-SHIRT UNDERWEAR,5516 - MEN UNDERWEAR,SANITARY ADULT,1.28,1.27,-0.0078,14.5,10.0,-0.3103,1.04,1.0,-0.0385,48700.0,51727.0,0.0622,50648.0,51727.0,0.0213,28.0,30.0,0.0714
5516B - MENS SINGLET UNDERWEAR,5516 - MEN UNDERWEAR,SANITARY ADULT,1.18,1.48,0.2542,5.5,7.67,0.3945,1.0,1.0,0.0,39691.0,52104.0,0.3127,39691.0,52104.0,0.3127,11.0,23.0,1.0909
5516C - MENS PANTS UNDERWEAR,5516 - MEN UNDERWEAR,SANITARY ADULT,1.16,1.23,0.0603,38.5,26.33,-0.3161,1.0,1.04,0.04,57618.0,63730.0,0.1061,57618.0,66279.0,0.1503,77.0,76.0,-0.013
5721B - TOWEL,5721 - TOWEL,SANITARY ADULT,1.13,1.11,-0.0177,30.5,21.0,-0.3115,1.02,1.05,0.0294,44807.0,48038.0,0.0721,45703.0,50440.0,0.1036,60.0,60.0,0.0
2211A - PEANUTS 10-49G,2211 - PEANUTS,SNACK,1.23,,,62.5,,,1.18,,,12963.0,,,15296.0,,,106.0,,
2211B - PEANUTS 50-95G,2211 - PEANUTS,SNACK,1.15,1.12,-0.0261,329.0,269.33,-0.1814,1.15,1.15,0.0,14658.0,14771.0,0.0077,16857.0,16987.0,0.0077,572.0,704.0,0.2308
2211C - PEANUTS 100-190G,2211 - PEANUTS,SNACK,1.22,1.2,-0.0164,1327.0,812.33,-0.3878,1.22,1.2,-0.0164,15994.0,15871.0,-0.0077,19513.0,19045.0,-0.024,2168.0,2039.0,-0.0595
2211D - PEANUTS 200-250G,2211 - PEANUTS,SNACK,1.1,1.05,-0.0455,71.0,50.33,-0.2911,1.13,1.09,-0.0354,24415.0,22926.0,-0.061,27589.0,24989.0,-0.0942,126.0,139.0,0.1032
2211E - PEANUTS 350-500G,2211 - PEANUTS,SNACK,1.09,1.19,0.0917,64.5,50.33,-0.2197,1.13,1.12,-0.0088,42502.0,46742.0,0.0998,48027.0,52351.0,0.09,114.0,135.0,0.1842
2212A - POTATOES 10-50G,2212 - POTATOES,SNACK,1.62,1.49,-0.0802,846.0,186.33,-0.7798,1.16,1.08,-0.069,11959.0,11109.0,-0.0711,13872.0,11998.0,-0.1351,1460.0,517.0,-0.6459
2212B - POTATOES 54-85G,2212 - POTATOES,SNACK,1.33,1.31,-0.015,3397.0,1665.33,-0.5098,1.27,1.27,0.0,15820.0,15728.0,-0.0058,20091.0,19975.0,-0.0058,5332.0,3924.0,-0.2641
2212C - POTATOES 100-200G,2212 - POTATOES,SNACK,1.16,1.15,-0.0086,1422.5,853.33,-0.4001,1.2,1.18,-0.0167,19375.0,19352.0,-0.0012,23250.0,22835.0,-0.0178,2367.0,2167.0,-0.0845
2212D - POTATOES CAN,2212 - POTATOES,SNACK,1.35,1.22,-0.0963,1305.5,599.67,-0.5407,1.21,1.24,0.0248,29879.0,25155.0,-0.1581,36154.0,31192.0,-0.1372,2149.0,1449.0,-0.3257
2213B - EXTRUDED & PELLET 20-49G,2213 - EXTRUDED & PELLET,SNACK,1.48,1.74,0.1757,1895.0,681.33,-0.6405,1.21,1.2,-0.0083,6107.0,8823.0,0.4447,7389.0,10588.0,0.4329,3129.0,1707.0,-0.4545
2213C - EXTRUDED & PELLET 50-95G,2213 - EXTRUDED & PELLET,SNACK,1.61,1.34,-0.1677,7297.5,4037.33,-0.4468,1.4,1.4,0.0,13268.0,11319.0,-0.1469,18575.0,15847.0,-0.1469,10429.0,8643.0,-0.1713
2213D - EXTRUDED & PELLET >100G,2213 - EXTRUDED & PELLET,SNACK,1.22,1.15,-0.0574,2664.5,1505.67,-0.4349,1.24,1.23,-0.0081,17196.0,16920.0,-0.0161,21323.0,20812.0,-0.024,4293.0,3678.0,-0.1433
2214A - TRADITIONAL CHIPS,2214 - TRADITIONAL SNACK,SNACK,1.08,1.05,-0.0278,110.5,97.0,-0.1222,1.2,1.11,-0.075,17299.0,16189.0,-0.0642,20759.0,17970.0,-0.1344,184.0,262.0,0.4239
2214B - TRADITIONAL CAKE,2214 - TRADITIONAL SNACK,SNACK,1.14,1.12,-0.0175,134.5,67.33,-0.4994,1.13,1.07,-0.0531,18570.0,21599.0,0.1631,20984.0,23111.0,0.1014,239.0,188.0,-0.2134
2214C - TRADITIONAL CRACKERS,2214 - TRADITIONAL SNACK,SNACK,1.14,1.11,-0.0263,415.5,227.33,-0.4529,1.2,1.2,0.0,12943.0,11915.0,-0.0794,15532.0,14298.0,-0.0794,695.0,567.0,-0.1842
2214D - TRADITIONAL CRISPY SNACK,2214 - TRADITIONAL SNACK,SNACK,1.16,1.14,-0.0172,1001.0,534.67,-0.4659,1.23,1.23,0.0,16767.0,16309.0,-0.0273,20623.0,20060.0,-0.0273,1633.0,1301.0,-0.2033
2214E - TRADITIONAL FRUIT & VEGE SNACK,2214 - TRADITIONAL SNACK,SNACK,1.07,1.1,0.028,142.5,80.33,-0.4363,1.14,1.12,-0.0175,17633.0,17157.0,-0.027,20102.0,19216.0,-0.0441,250.0,216.0,-0.136
2214F - TRADITIONAL NUTS,2214 - TRADITIONAL SNACK,SNACK,1.15,1.18,0.0261,483.5,318.67,-0.3409,1.21,1.21,0.0,19220.0,19625.0,0.0211,23256.0,23746.0,0.0211,801.0,787.0,-0.0175
2214G - TRADITIONAL STICK,2214 - TRADITIONAL SNACK,SNACK,1.23,1.21,-0.0163,97.5,73.33,-0.2479,1.22,1.18,-0.0328,15158.0,15655.0,0.0328,18493.0,18473.0,-0.0011,160.0,187.0,0.1688
2214H - TRADITIONAL SWEET TOFFEE,2214 - TRADITIONAL SNACK,SNACK,1.0,,,0.5,,,1.0,,,16200.0,,,16200.0,,,1.0,,
2215A - CASSAVA 40-80G,2215 - CASSAVA,SNACK,1.27,1.22,-0.0394,1118.0,657.33,-0.412,1.19,1.2,0.0084,10606.0,10987.0,0.0359,12621.0,13184.0,0.0446,1886.0,1637.0,-0.132
2215B - CASSAVA 100-190G,2215 - CASSAVA,SNACK,1.19,1.11,-0.0672,1019.5,397.0,-0.6106,1.22,1.14,-0.0656,18212.0,17653.0,-0.0307,22219.0,20124.0,-0.0943,1670.0,1044.0,-0.3749
2216A - SEAWEED 3-10G,2216 - SEAWEED,SNACK,1.41,1.6,0.1348,1622.5,1070.33,-0.3403,1.3,1.36,0.0462,16424.0,17680.0,0.0765,21351.0,24045.0,0.1262,2501.0,2368.0,-0.0532
2216B - SEAWEED 11-40G,2216 - SEAWEED,SNACK,1.1,1.07,-0.0273,48.0,20.0,-0.5833,1.08,1.09,0.0093,28903.0,23672.0,-0.181,31215.0,25802.0,-0.1734,89.0,55.0,-0.382
2217A - CORN 35-95G,2217 - CORN,SNACK,1.21,1.18,-0.0248,829.5,545.0,-0.343,1.15,1.17,0.0174,11168.0,11248.0,0.0072,12843.0,13160.0,0.0247,1445.0,1394.0,-0.0353
2217B - CORN 100-200G,2217 - CORN,SNACK,1.69,1.15,-0.3195,2386.0,1416.33,-0.4064,1.21,1.22,0.0083,20742.0,14898.0,-0.2817,25098.0,18176.0,-0.2758,3959.0,3496.0,-0.1169
6228A - PROCESSED MEAT PACK,6228 - PROCESSED MEAT,SNACK,1.53,1.42,-0.0719,504.0,148.67,-0.705,1.2,1.12,-0.0667,14684.0,12980.0,-0.116,17621.0,14538.0,-0.175,842.0,399.0,-0.5261
1511A - RICE BAG 1-3KG,1511 - RICE,STAPLE NEED,1.06,1.0,-0.0566,118.5,10.0,-0.9156,1.35,1.07,-0.2074,41684.0,51800.0,0.2427,56273.0,55426.0,-0.0151,175.0,28.0,-0.84
1511B - RICE BAG 5KG,1511 - RICE,STAPLE NEED,1.3,1.17,-0.1,1120.0,199.33,-0.822,1.79,1.54,-0.1397,98118.0,86734.0,-0.116,175631.0,133570.0,-0.2395,1252.0,389.0,-0.6893
1512C - SUGAR BAG 1KG,1512 - SUGAR,STAPLE NEED,2.05,3.05,0.4878,993.5,505.33,-0.4914,1.71,1.8,0.0526,35916.0,53389.0,0.4865,61416.0,96100.0,0.5647,1163.0,842.0,-0.276
1512E - OTHERS SUGAR,1512 - SUGAR,STAPLE NEED,1.02,1.17,0.1471,22.0,7.67,-0.6514,1.1,1.15,0.0455,18227.0,23330.0,0.28,20050.0,26829.0,0.3381,40.0,20.0,-0.5
1513A - FLOUR,1513 - FLOUR,STAPLE NEED,1.15,1.12,-0.0261,126.5,35.67,-0.718,1.19,1.11,-0.0672,17492.0,16980.0,-0.0293,20815.0,18848.0,-0.0945,213.0,96.0,-0.5493
1513B - OTHER FLOUR,1513 - FLOUR,STAPLE NEED,1.21,1.31,0.0826,128.0,40.33,-0.6849,1.17,1.07,-0.0855,12240.0,11730.0,-0.0417,14321.0,12551.0,-0.1236,218.0,113.0,-0.4817
1521B - PALM COOKING OIL POUCH 900-1000ML,1521 - PALM COOKING OIL,STAPLE NEED,1.11,1.34,0.2072,114.0,88.33,-0.2252,1.16,1.42,0.2241,23000.0,27329.0,0.1882,26680.0,38807.0,0.4545,196.0,186.0,-0.051
1521C - PALM COOKING OIL POUCH 1800-2000ML,1521 - PALM COOKING OIL,STAPLE NEED,1.67,1.52,-0.0898,1528.0,1030.33,-0.3257,1.73,1.97,0.1387,69854.0,63355.0,-0.093,120847.0,124809.0,0.0328,1762.0,1567.0,-0.1107
1521F - PALM COOKING OIL BOTTLE 800-1000ML,1521 - PALM COOKING OIL,STAPLE NEED,1.12,1.14,0.0179,215.0,48.67,-0.7736,1.29,1.11,-0.1395,23540.0,24402.0,0.0366,30367.0,27086.0,-0.108,333.0,131.0,-0.6066
1521G - PALM COOKING OIL BOTTLE 2L,1521 - PALM COOKING OIL,STAPLE NEED,1.49,1.28,-0.1409,357.0,264.0,-0.2605,1.36,1.4,0.0294,62290.0,50331.0,-0.192,84714.0,70463.0,-0.1682,524.0,566.0,0.0802
1522A - OTHERS COOKING OIL,1522 - OTHER COOKING OIL,STAPLE NEED,1.06,1.09,0.0283,17.0,3.67,-0.7841,1.17,1.1,-0.0598,80247.0,65345.0,-0.1857,93889.0,71880.0,-0.2344,29.0,10.0,-0.6552
1523A - MARGARINE & BUTTER CUP 250-350G,1523 - MARGARINE & BUTTER,STAPLE NEED,1.07,1.08,0.0093,64.0,34.67,-0.4583,1.08,1.08,0.0,14217.0,13348.0,-0.0611,15354.0,14416.0,-0.0611,118.0,96.0,-0.1864
1523B - MARGARINE & BUTTER BAG 200G,1523 - MARGARINE & BUTTER,STAPLE NEED,1.37,1.37,0.0,302.0,103.0,-0.6589,1.22,1.14,-0.0656,12401.0,11769.0,-0.051,15129.0,13417.0,-0.1132,496.0,270.0,-0.4556
1531A - SEED & BEAN SACHET 40-90G,1531 - SEED & BEAN,STAPLE NEED,1.36,1.55,0.1397,7.0,3.67,-0.4757,1.08,1.22,0.1296,13550.0,15591.0,0.1506,14634.0,19021.0,0.2998,13.0,9.0,-0.3077
1531B - SEED & BEAN BAG 100-250G,1531 - SEED & BEAN,STAPLE NEED,1.07,1.17,0.0935,14.5,2.0,-0.8621,1.21,1.2,-0.0083,12010.0,12850.0,0.0699,14532.0,15420.0,0.0611,24.0,5.0,-0.7917
1531C - SEED & BEAN BAG 400-1000G,1531 - SEED & BEAN,STAPLE NEED,2.0,,,1.5,,,1.5,,,51467.0,,,77200.0,,,2.0,,
1532A - SUNDRIED CRACKER,1532 - SUNDRIED CRACKER,STAPLE NEED,1.12,1.0,-0.1071,8.0,0.67,-0.9162,1.14,1.0,-0.1228,9800.0,8800.0,-0.102,11172.0,8800.0,-0.2123,14.0,2.0,-0.8571
1611A - JELLY POWDER 7-35G,1611 - POWDER JELLY,STAPLE NEED,2.01,1.75,-0.1294,86.5,36.33,-0.58,1.12,1.08,-0.0357,12851.0,11775.0,-0.0837,14393.0,12717.0,-0.1164,154.0,101.0,-0.3442
1612A - PROCESSED PUDDING,1612 - PROCESSED PUDDING,STAPLE NEED,1.48,1.5,0.0135,129.0,53.0,-0.5891,1.19,1.18,-0.0084,18383.0,19738.0,0.0737,21876.0,23291.0,0.0647,217.0,135.0,-0.3779
1621A - ESSENCE 20-90G,1621 - ESSENCE,STAPLE NEED,1.05,1.08,0.0286,21.0,8.33,-0.6033,1.08,1.09,0.0093,10400.0,11288.0,0.0854,11232.0,12304.0,0.0954,39.0,23.0,-0.4103
1622A - COLOURING & FLAVOURING 90G,1622 - COLOURING & FLAVOURING,STAPLE NEED,1.21,1.0,-0.1736,14.5,3.0,-0.7931,1.21,1.0,-0.1736,25662.0,25811.0,0.0058,31051.0,25811.0,-0.1688,24.0,9.0,-0.625
1623A - BAKING POWDER,1623 - BAKING POWDER,STAPLE NEED,1.25,1.27,0.016,40.5,18.67,-0.539,1.11,1.1,-0.009,8723.0,8338.0,-0.0441,9683.0,9172.0,-0.0528,73.0,51.0,-0.3014
1624A - INSTANT CAKE,1624 - INSTANT PROCESS FOOD,STAPLE NEED,1.08,1.06,-0.0185,19.0,5.33,-0.7195,1.15,1.0,-0.1304,18603.0,17450.0,-0.062,21393.0,17450.0,-0.1843,33.0,16.0,-0.5152
1625A - COCONUT MILK LIQUID 65-100ML,1625 - COCONUT MILK,STAPLE NEED,2.33,1.94,-0.1674,285.5,109.67,-0.6159,1.3,1.34,0.0308,13270.0,10636.0,-0.1985,17251.0,14252.0,-0.1738,439.0,246.0,-0.4396
1625B - COCONUT MILK LIQUID 180-200ML,1625 - COCONUT MILK,STAPLE NEED,1.33,1.62,0.218,30.0,5.33,-0.8223,1.11,1.14,0.027,26347.0,32400.0,0.2297,29245.0,36936.0,0.263,54.0,14.0,-0.7407
1625C - COCONUT MILK POWDER 20-25G,1625 - COCONUT MILK,STAPLE NEED,1.23,1.83,0.4878,44.0,24.0,-0.4545,1.09,1.16,0.0642,15824.0,15510.0,-0.0198,17248.0,17992.0,0.0431,81.0,62.0,-0.2346
1711A - MSG ( MONO SODIUM GLUTAMATE ) 50-150G,1711 - MSG ( MONO SODIUM GLUTAMATE ),STAPLE NEED,1.16,1.09,-0.0603,70.5,31.0,-0.5603,1.14,1.13,-0.0088,6668.0,5976.0,-0.1038,7602.0,6753.0,-0.1117,124.0,82.0,-0.3387
1711B - MSG ( MONO SODIUM GLUTAMATE ) 250-500G,1711 - MSG ( MONO SODIUM GLUTAMATE ),STAPLE NEED,1.07,1.05,-0.0187,21.0,6.33,-0.6986,1.17,1.06,-0.094,17050.0,16668.0,-0.0224,19948.0,17668.0,-0.1143,36.0,18.0,-0.5
1712A - SALT,1712 - SALT,STAPLE NEED,1.14,1.15,0.0088,114.5,22.0,-0.8079,1.08,1.12,0.037,11230.0,11391.0,0.0143,12128.0,12758.0,0.0519,212.0,59.0,-0.7217
1713A - SPICES,1713 - SPICES,STAPLE NEED,1.22,1.14,-0.0656,43.5,7.0,-0.8391,1.1,1.0,-0.0909,10690.0,16971.0,0.5876,11759.0,16971.0,0.4432,79.0,21.0,-0.7342
1714A - STOCK SOUP SACHET,1714 - STOCK SOUP,STAPLE NEED,1.28,1.18,-0.0781,151.5,27.33,-0.8196,1.27,1.15,-0.0945,8320.0,8294.0,-0.0031,10566.0,9538.0,-0.0973,238.0,71.0,-0.7017
1714B - STOCK SOUP 100-250G,1714 - STOCK SOUP,STAPLE NEED,1.29,1.27,-0.0155,193.5,47.67,-0.7536,1.24,1.19,-0.0403,13859.0,12824.0,-0.0747,17185.0,15261.0,-0.112,313.0,120.0,-0.6166
1715A - FRIED MEAL MAKER,1715 - MEAL MAKER,STAPLE NEED,1.84,1.68,-0.087,82.5,27.0,-0.6727,1.17,1.09,-0.0684,5463.0,8321.0,0.5232,6392.0,9070.0,0.419,141.0,74.0,-0.4752
1715B - SOUP MEAL MAKER POWDER,1715 - MEAL MAKER,STAPLE NEED,1.73,1.18,-0.3179,29.5,3.67,-0.8756,1.05,1.0,-0.0476,6227.0,4182.0,-0.3284,6538.0,4182.0,-0.3604,56.0,11.0,-0.8036
1715C - SOUP MEAL MAKER PASTE,1715 - MEAL MAKER,STAPLE NEED,1.41,1.49,0.0567,100.5,29.33,-0.7082,1.1,1.11,0.0091,12671.0,11967.0,-0.0556,13938.0,13283.0,-0.047,183.0,79.0,-0.5683
1715D - FRIED RICE MEAL MAKER POWDER,1715 - MEAL MAKER,STAPLE NEED,1.73,1.61,-0.0694,71.5,20.33,-0.7157,1.11,1.09,-0.018,5339.0,4449.0,-0.1667,5926.0,4849.0,-0.1817,129.0,56.0,-0.5659
1715E - FRIED RICE MEAL MAKER PASTE,1715 - MEAL MAKER,STAPLE NEED,1.56,1.8,0.1538,13.5,1.67,-0.8763,1.08,1.0,-0.0741,9630.0,13500.0,0.4019,10400.0,13500.0,0.2981,25.0,5.0,-0.8
1716A - FLOUR SEASONING,1716 - FLOUR SEASONING,STAPLE NEED,1.32,1.23,-0.0682,119.0,54.0,-0.5462,1.2,1.19,-0.0083,9916.0,9123.0,-0.08,11899.0,10856.0,-0.0877,199.0,136.0,-0.3166
1716B - SPECIFIC FLOUR SEASONING,1716 - FLOUR SEASONING,STAPLE NEED,1.41,1.43,0.0142,173.5,65.33,-0.6235,1.19,1.24,0.042,10788.0,10561.0,-0.021,12838.0,13096.0,0.0201,292.0,158.0,-0.4589
1717A - SHRIMP PASTE,"1717 - SHRIMP PASTE, PEANUT SAUCE AND OTHER",STAPLE NEED,1.0,1.0,0.0,14.0,5.0,-0.6429,1.0,1.0,0.0,8814.0,9187.0,0.0423,8814.0,9187.0,0.0423,28.0,15.0,-0.4643
1717B - PEANUT SAUCE,"1717 - SHRIMP PASTE, PEANUT SAUCE AND OTHER",STAPLE NEED,1.04,1.3,0.25,11.5,3.33,-0.7104,1.15,1.0,-0.1304,10065.0,12920.0,0.2837,11575.0,12920.0,0.1162,20.0,10.0,-0.5
1717C - OTHER SEASONING (TOPING),"1717 - SHRIMP PASTE, PEANUT SAUCE AND OTHER",STAPLE NEED,1.33,1.0,-0.2481,4.5,0.67,-0.8511,1.29,1.0,-0.2248,31800.0,25500.0,-0.1981,41022.0,25500.0,-0.3784,7.0,2.0,-0.7143
1721A - CHILLI PET 120-200ML,1721 - CHILLI,STAPLE NEED,1.38,1.14,-0.1739,172.5,84.33,-0.5111,1.09,1.12,0.0275,12026.0,9388.0,-0.2194,13108.0,10515.0,-0.1978,317.0,225.0,-0.2902
1721B - CHILLI PET & BOTTLE 235-275ML,1721 - CHILLI,STAPLE NEED,1.1,1.04,-0.0545,181.5,92.0,-0.4931,1.12,1.16,0.0357,16817.0,15986.0,-0.0494,18835.0,18544.0,-0.0154,325.0,237.0,-0.2708
1721D - CHILLI PACK,1721 - CHILLI,STAPLE NEED,1.22,1.3,0.0656,34.5,20.33,-0.4107,1.13,1.22,0.0796,14596.0,10254.0,-0.2975,16493.0,12510.0,-0.2415,61.0,50.0,-0.1803
1721E - TRADITIONAL CHILLI,1721 - CHILLI,STAPLE NEED,1.09,1.05,-0.0367,53.5,19.0,-0.6449,1.06,1.02,-0.0377,18694.0,18537.0,-0.0084,19816.0,18908.0,-0.0458,101.0,56.0,-0.4455
1721F - POWDER CHILLI,1721 - CHILLI,STAPLE NEED,1.07,1.19,0.1121,57.5,37.33,-0.3508,1.02,1.08,0.0588,14618.0,16332.0,0.1173,14910.0,17639.0,0.183,113.0,104.0,-0.0796
1721H - CHILLI PET & BOTTLE 300-400ML,1721 - CHILLI,STAPLE NEED,1.03,1.02,-0.0097,105.0,41.0,-0.6095,1.08,1.11,0.0278,19218.0,18589.0,-0.0327,20755.0,20634.0,-0.0058,195.0,111.0,-0.4308
1722A - TOMATO PET 130-140ML,1722 - TOMATO,STAPLE NEED,1.11,,,4.5,,,1.0,,,9889.0,,,9889.0,,,9.0,,
1722B - TOMATO BOTTLE 275-340ML,1722 - TOMATO,STAPLE NEED,1.07,1.01,-0.0561,69.5,29.33,-0.578,1.07,1.07,0.0,13829.0,13064.0,-0.0553,14797.0,13978.0,-0.0553,130.0,82.0,-0.3692
1722C - TOMATO SACHET,1722 - TOMATO,STAPLE NEED,1.21,1.07,-0.1157,19.5,9.0,-0.5385,1.22,1.04,-0.1475,8828.0,7063.0,-0.1999,10770.0,7346.0,-0.3179,32.0,26.0,-0.1875
1722D - STEAK & PASTA SAUCE,1722 - TOMATO,STAPLE NEED,1.11,1.12,0.009,87.0,30.0,-0.6552,1.09,1.06,-0.0275,17459.0,16493.0,-0.0553,19030.0,17483.0,-0.0813,160.0,85.0,-0.4688
1723A - SOY SAUCE PET 130-250ML,1723 - SOY SAUCE,STAPLE NEED,1.17,1.08,-0.0769,146.5,64.67,-0.5586,1.08,1.08,0.0,11712.0,10351.0,-0.1162,12649.0,11179.0,-0.1162,272.0,180.0,-0.3382
1723B - SOY SAUCE BOTTLE 275-340ML,1723 - SOY SAUCE,STAPLE NEED,1.14,1.07,-0.0614,120.0,47.67,-0.6028,1.12,1.11,-0.0089,20172.0,19575.0,-0.0296,22593.0,21728.0,-0.0383,214.0,129.0,-0.3972
1723C - SOY SAUCE 500-600ML,1723 - SOY SAUCE,STAPLE NEED,2.62,2.97,0.1336,445.5,176.67,-0.6034,1.43,1.42,-0.007,67778.0,76192.0,0.1241,96923.0,108193.0,0.1163,624.0,374.0,-0.4006
1724A - LIQUID SAUCE SACHET,1724 - LIQUID SAUCE & VINEGAR,STAPLE NEED,1.06,1.29,0.217,9.0,2.33,-0.7411,1.0,1.0,0.0,3572.0,4371.0,0.2237,3572.0,4371.0,0.2237,18.0,7.0,-0.6111
1724B - LIQUID SAUCE BOTTLE,1724 - LIQUID SAUCE & VINEGAR,STAPLE NEED,1.11,1.07,-0.036,175.5,79.0,-0.5499,1.11,1.1,-0.009,19662.0,17266.0,-0.1219,21825.0,18993.0,-0.1298,316.0,216.0,-0.3165
1724C - VINEGAR,1724 - LIQUID SAUCE & VINEGAR,STAPLE NEED,1.03,1.25,0.2136,19.5,6.67,-0.6579,1.11,1.18,0.0631,5377.0,6515.0,0.2116,5968.0,7688.0,0.2882,35.0,17.0,-0.5143
1725B - DRESSING SACHET 50-150G,1725 - DRESSING,STAPLE NEED,1.71,1.34,-0.2164,94.5,28.33,-0.7002,1.11,1.06,-0.045,12851.0,9919.0,-0.2282,14265.0,10514.0,-0.263,171.0,80.0,-0.5322
1725C - DRESSING BOTTLE,1725 - DRESSING,STAPLE NEED,1.16,1.07,-0.0776,19.0,5.0,-0.7368,1.0,1.0,0.0,40129.0,38533.0,-0.0398,40129.0,38533.0,-0.0398,38.0,15.0,-0.6053
1811A - CANNED MEAT 180-200G,1811 - CANNED MEAT,STAPLE NEED,1.02,1.1,0.0784,21.0,3.33,-0.8414,1.17,1.11,-0.0513,23460.0,26370.0,0.124,27448.0,29271.0,0.0664,36.0,9.0,-0.75
1811B - CANNED MEAT 325-400G,1811 - CANNED MEAT,STAPLE NEED,1.0,1.0,0.0,3.5,0.33,-0.9057,1.0,1.0,0.0,39357.0,41900.0,0.0646,39357.0,41900.0,0.0646,7.0,1.0,-0.8571
1811C - CANNED MEAT SAC,1811 - CANNED MEAT,STAPLE NEED,1.26,1.33,0.0556,34.0,10.0,-0.7059,1.55,2.14,0.3806,11393.0,12267.0,0.0767,17659.0,26251.0,0.4866,44.0,14.0,-0.6818
1812A - CANNED SEAFOOD SARDINES 100-200G,1812 - CANNED SEAFOOD,STAPLE NEED,1.43,1.42,-0.007,154.5,52.67,-0.6591,1.17,1.14,-0.0256,17101.0,16911.0,-0.0111,20008.0,19279.0,-0.0364,265.0,139.0,-0.4755
1812B - CANNED SEAFOOD SARDINES 300-500G,1812 - CANNED SEAFOOD,STAPLE NEED,1.13,1.09,-0.0354,35.5,14.33,-0.5963,1.13,1.1,-0.0265,32972.0,31993.0,-0.0297,37258.0,35192.0,-0.0555,63.0,39.0,-0.381
1812D - CANNED SEAFOOD MACKEREL 300-500G,1812 - CANNED SEAFOOD,STAPLE NEED,1.0,1.0,0.0,10.0,3.67,-0.633,1.0,1.0,0.0,28390.0,31164.0,0.0977,28390.0,31164.0,0.0977,20.0,11.0,-0.45
1812E - CANNED SEAFOOD TUNA 100-200G,1812 - CANNED SEAFOOD,STAPLE NEED,1.45,1.5,0.0345,5.5,1.33,-0.7582,1.38,1.0,-0.2754,38373.0,40150.0,0.0463,52955.0,40150.0,-0.2418,8.0,4.0,-0.5
1814A - CANNED FRUIT,1814 - CANNED FRUIT,STAPLE NEED,1.0,,,0.5,,,1.0,,,22500.0,,,22500.0,,,1.0,,
1821A - DRIED MEAT 50-125G,1821 - DRIED MEAT,STAPLE NEED,1.22,1.18,-0.0328,23.0,9.33,-0.5943,1.24,1.08,-0.129,19909.0,19114.0,-0.0399,24687.0,20643.0,-0.1638,37.0,26.0,-0.2973
1915A - PASTA,1915 - PASTA,STAPLE NEED,1.21,1.18,-0.0248,55.5,18.67,-0.6636,1.08,1.14,0.0556,12856.0,11748.0,-0.0862,13884.0,13393.0,-0.0354,103.0,49.0,-0.5243
1915B - INSTANT PASTA,1915 - PASTA,STAPLE NEED,3.03,3.15,0.0396,423.5,376.33,-0.1114,1.2,1.28,0.0667,12840.0,12861.0,0.0016,15408.0,16462.0,0.0684,708.0,880.0,0.2429
1921A - INSTANT SOUP,1921 - INSTANT SOUP,STAPLE NEED,1.19,1.25,0.0504,15.5,4.0,-0.7419,1.0,1.5,0.5,12381.0,13250.0,0.0702,12381.0,19875.0,0.6053,31.0,8.0,-0.7419
1922A - INSTANT RICE,1922 - INSTANT RICE,STAPLE NEED,1.0,,,1.5,,,1.0,,,134167.0,,,134167.0,,,3.0,,
